佳能,佳能,佳能（Canon ），是日本的一家全球领先的生产影像与信息产品的综合集团，从1937年成立以来，经过多年不懈的努力，佳能已将自己的业务全球化并扩展到各个领域。佳能的产品系列共分布于三大领域：个人产品、办公设备和工业设备，主要产品包括照相机及镜头、数码相机、打印机、复印机、传真机、扫描仪、广播设备、医疗器材及半导体生产设备等。佳能总部位于日本东京，并在美洲、欧洲、亚洲及日本设有4大区域性销售总部，在世界各地拥有子公司200家，雇员超过10万人。2016年3月9日，日本东芝公司于今日召开董事会并最终决定将旗下东芝医疗系统公司出售给佳能公司，佳能公司提出的收购报价为7000亿日元(约合人民币405亿元)。
Canon,卡农,卡农Canon——复调音乐的一种原意为“规律”。一个声部的曲调自始至终追逐着另一声部直到最后的一个小节最后的一个和弦融合在一起，给人以一个神圣的意境。卡农是一种音乐谱曲技法，复调音乐。卡农的所有声部虽然都模仿一个声部，但不同高度的声部依一定间隔进入，造成一种此起彼伏，连绵不断的效果，轮唱也是一种卡农。在卡农中，最先出现的旋律是导句，以后模仿的是答句。根据各声部高度不同的音程差，可分为同度卡农，五度卡农，四度卡农等；根据间隔的时间长短，可分为一小节卡农，两小节卡农等；此外还有伴奏卡农，转位卡农，逆行卡农，反行卡农等各种手法。
索尼,索尼,索尼（日语：ソニー株式会社，英语：SonyCorporation），是日本一家全球知名的大型综合性跨国企业集团。总部设于日本东京都港区港南1-7-1。索尼是世界视听、电子游戏、通讯产品和信息技术等领域的先导者，是世界最早便携式数码产品的开创者，是世界最大的电子产品制造商之一、世界电子游戏业三大巨头之一、美国好莱坞六大电影公司之一。其旗下品牌有Xperia，Walkman，Sonymusic，哥伦比亚电影公司，PlayStation等曾有vaio旗下品牌，但在2014年2月6日，索尼剥离VAIO业务，Vaio品牌将由JapanIndustrialPartnersInc接手运营。 2018年4月1日起，现任副社长兼首席财务官吉田宪一郎升任社长，现任社长兼首席执行官平井一夫出任不具企业代表权的董事长。 
SONY,索尼,索尼（日语：ソニー株式会社，英语：SonyCorporation），是日本一家全球知名的大型综合性跨国企业集团。总部设于日本东京都港区港南1-7-1。索尼是世界视听、电子游戏、通讯产品和信息技术等领域的先导者，是世界最早便携式数码产品的开创者，是世界最大的电子产品制造商之一、世界电子游戏业三大巨头之一、美国好莱坞六大电影公司之一。其旗下品牌有Xperia，Walkman，Sonymusic，哥伦比亚电影公司，PlayStation等曾有vaio旗下品牌，但在2014年2月6日，索尼剥离VAIO业务，Vaio品牌将由JapanIndustrialPartnersInc接手运营。 2018年4月1日起，现任副社长兼首席财务官吉田宪一郎升任社长，现任社长兼首席执行官平井一夫出任不具企业代表权的董事长。 
尼康,尼康,尼康（Nikon），是日本的一家著名相机制造商，成立于1917年，当时名为日本光学工业株式会社。1988年该公司依托其照相机品牌，更名为尼康株式会社。“尼康（Nikon）”的名称，从1946年开始使用，是“日本光学”日文读音（NipponKogaku）的罗马字母缩写，并且融合了德文中蔡司照相机ZeissIkon中kon的写法。尼康其众多的相机产品中，最主要的有尼克尔（Nikkor）相机镜头、尼康水下照相机（Nikonos）、尼康F系列的135胶卷单反相机、还有尼康D系列的数码单反相机，消费性数码相机Coolpix系列。尼康也是分步重复半导体生产设备（分档器）的制造商。公司还生产护目镜，眼科检查设备，双筒望远镜，显微镜，勘测器材。2017年10月30日，尼康中国正式对外宣布，该公司将停止位于无锡市的子公司尼康光学仪器(中国)有限公司的经营活动。与此同时，负责生产尼康数码相机以及数码相机配件的工厂也将停产。 
Nikon,尼康,尼康（Nikon），是日本的一家著名相机制造商，成立于1917年，当时名为日本光学工业株式会社。1988年该公司依托其照相机品牌，更名为尼康株式会社。“尼康（Nikon）”的名称，从1946年开始使用，是“日本光学”日文读音（NipponKogaku）的罗马字母缩写，并且融合了德文中蔡司照相机ZeissIkon中kon的写法。尼康其众多的相机产品中，最主要的有尼克尔（Nikkor）相机镜头、尼康水下照相机（Nikonos）、尼康F系列的135胶卷单反相机、还有尼康D系列的数码单反相机，消费性数码相机Coolpix系列。尼康也是分步重复半导体生产设备（分档器）的制造商。公司还生产护目镜，眼科检查设备，双筒望远镜，显微镜，勘测器材。2017年10月30日，尼康中国正式对外宣布，该公司将停止位于无锡市的子公司尼康光学仪器(中国)有限公司的经营活动。与此同时，负责生产尼康数码相机以及数码相机配件的工厂也将停产。 
富士,富士,富士市是静冈县东部的城市，特例市。人口数居于静冈县内第三位。也是富士都市圈（约40万人）的行政、商业、工业中心。日本制纸（旧大昭和制纸）、王子制纸等很多造纸工厂都设立于此。
FUJIFILM,fujifilm,富士胶片株式会社（以下简称：富士胶片）自1934年创建以来，不断以坚定的步伐向前迈进，发展至今已成为世界上规模最大的综合性影像、信息、文件处理类产品及服务的制造和供应商之一。
松下,松下,松下（Panasonic），是日本的一个跨国性公司，在全世界设有230多家公司，员工总数超过290493人。其中在中国有54，000多人。2001年全年的销售总额为610多亿美元，为世界制造业500强的第26名。Panasonic的中文为“松下”（早期叫National，1986年开始逐步更改为Panasonic，2008年10月1日起全部统一为Panasonic）由日本松下电器产业株式会社自1918年松下幸之助创业，发展品牌产品涉及家电、数码视听电子、办公产品、航空等诸多领域而享誉全球；该企业品牌跃入《世界品牌500强》排行榜。松下于2012年10月31日宣布2012财年(2012年4月～2013年3月）的合并最终损益（按照美国会计标准）预期从盈利500亿日元下调为亏损7650亿日元。
Panasonic,松下,松下（Panasonic），是日本的一个跨国性公司，在全世界设有230多家公司，员工总数超过290493人。其中在中国有54，000多人。2001年全年的销售总额为610多亿美元，为世界制造业500强的第26名。Panasonic的中文为“松下”（早期叫National，1986年开始逐步更改为Panasonic，2008年10月1日起全部统一为Panasonic）由日本松下电器产业株式会社自1918年松下幸之助创业，发展品牌产品涉及家电、数码视听电子、办公产品、航空等诸多领域而享誉全球；该企业品牌跃入《世界品牌500强》排行榜。松下于2012年10月31日宣布2012财年(2012年4月～2013年3月）的合并最终损益（按照美国会计标准）预期从盈利500亿日元下调为亏损7650亿日元。
GoPro,GoPro,GoPro是美国运动相机厂商。GoPro的相机现已被冲浪、滑雪、极限自行车及跳伞等极限运动团体广泛运用，因而“GoPro”也几乎成为“极限运动专用相机”的代名词。GoPro的创始人兼发明者是NickWoodman。
适马,适马,适马（Sigma）股份有限公司（日本）是于1961年创建的的生产135相机交换镜头的专业厂家。适马公司的杰出的创办人，优秀的光学技术专家、精通生产与销售的企业管理总裁--MichihiroYamaki先生深知在逆境中如何求生存。适马公司成立伊始，就以高科技为目标，博采众家之长但又不步他人后尘的创新精神为宗旨，以物超所值的产品赢得了市场上的信誉。适马的企业理念是一切技术、知识、经验和智慧的总和。
SIGMA,sigma,台湾新晋偶像男团，华语乐坛新生代力量由曾成功打造动力火车、S.H.E、飞轮海等风靡亚洲音乐组合的宝岛台湾实力唱片厂华研国际于2010年年底重磅推出一组新生代唱跳双全优质男子团体，成员由周定纬、李杰宇和林维哲组成。团体于2010年11月正式出道，12月8日首次以团体形式出席公众活动。12月27日的下午，华研推出的男子组合SIGMA在北京举行首张同名专辑首发仪式。
神牛,神牛,撼地神牛(EarthShaker）简称ES。撼地神牛是基于魔兽争霸3：冰封王座的多人实时对战自定义地图DotA（DefenseoftheAncients）里近卫军团的一名力量英雄，位于旭日酒馆。优点：1.能够在极短时间内造成巨大伤害；2.除了Rhasta（暗影萨满）和Lion（恶魔巫师）外最好的支援型英雄和控制类英雄；3.随着游戏的推进，将变得更加强大。缺点：1.很低的初始攻击速度；2.很低的魔法值（造成使用连招的不便）；3.相比于其他力量英雄，力量成长较低；4.需要大量的练习才能熟练掌握其使用技巧。
徕卡,徕卡,Leica（译：徕卡）是由一家同名的德国公司生产的照相机的品牌，由莱茨（Leitz）和照相机（camera）的前音节组成。公司的原名为恩斯特·徕茨公司。目前拆分为三家公司：徕卡相机股份公司、徕卡地理系统股份公司和徕卡微系统有限公司，分别生产照相机、地质勘测设备和显微镜。“徕卡”品牌由徕卡微系统股份公司持有，并授权另两家公司使用。徕卡相机最初问世于1913年，是世界上最早35mm的照相机。
Leica,leica,Leica，世界著名仪器生产商，专著于棱镜、精密仪器领域的研究与生产，在诸多涉及棱镜的领域都有无可比拟的地位，比如人们所熟知的传统相机与高性质的相机镜头，另外leica专注于测量型精密仪器如全站仪、水准仪、GPS的研发与生产，以及工业设备的制作与生产。
腾龙,腾龙,TAMRON腾龙，世界三大CCTV镜头品牌之一。腾龙CCTV镜头以非球面技术而著称，以成像质量好、体积小巧、通光量大而享誉天下。
Tamron,Tamron,腾龙镜头的设计历来首先着重镜头成像的质量。必须首先达到光学上的相应要求，才能将镜头推向市场。腾龙的镜头强调小巧与实用，现在腾龙已经占据了大倍率变焦镜头的领先地位。这种镜头携带方便，成像质量与普通镜头完全一样。
小蚁,小蚁,小蚁（Antshares）是基于区块链技术，将实体世界的资产和权益进行数字化，通过点对点网络进行登记发行、转让交易、清算交割等金融业务的去中心化网络协议。小蚁为开源系统，遵循MIT开源协议。 
卡西欧,卡西欧,卡西欧（CASIO，カシオ计算器株式会社）是日本一家生产电子仪器、电子计算器公司旗下的品牌。该品牌于1946年4月由樫尾忠雄创立，他是一名精通装配的工程师。品牌的名字来自樫尾的日语读音Kashio。 卡西欧TR系列的初衷也是为女性打造TOP的美颜拍摄感受，最新的光影美颜功能即便在暗处拍摄也能展现自然肌肤状态。 2018年5月9日，卡西欧公司宣布，将退出小型数码相机市场。 
CASIO,Casio,CASIO中文名称卡西欧，卡西欧品牌源于日本，创立于1957年，创业之始是为计算机制造商的卡西欧计算机股份有限公司，现已发展拥有计算器、电子表、电子乐器、液晶电视等产品。这些产品帮助世界各地的人们获取信息、卡西欧的经营理念是“贡献、创造”。
奥林巴斯,奥林巴斯,奥林巴斯（OlympusCorporation），创立于1919年。1920年在日本成功地将显微镜商品化，在癌症防治领域起着极其重要作用的内窥镜，1950年由奥林巴斯在世界上首次开发。迄今为止，奥林巴斯株式会社已成为日本乃至世界精密、光学技术的代表企业之一，事业领域包括医疗、影像、生命科学产业三大业务领域。2018年5月7日，奥林巴斯（深圳）工业有限公司正式宣布停产停工。 
OLYMPUS,奥林巴斯,奥林巴斯（OlympusCorporation），创立于1919年。1920年在日本成功地将显微镜商品化，在癌症防治领域起着极其重要作用的内窥镜，1950年由奥林巴斯在世界上首次开发。迄今为止，奥林巴斯株式会社已成为日本乃至世界精密、光学技术的代表企业之一，事业领域包括医疗、影像、生命科学产业三大业务领域。2018年5月7日，奥林巴斯（深圳）工业有限公司正式宣布停产停工。 
宾得,宾得,宾得（PENTAX）是一家世界著名的光学品牌，产品覆盖天文望远镜、医用内视镜、眼镜等范围。宾得的品牌文化可以追溯到1919年成立于日本东京的旭光学合资公司。旭光学公司是日本著名的光学大厂，创造过摄影行业的诸多世界第一和日本第一。作为旭光学的单反相机品牌，宾得曾经称雄一时，并一度作为世界闻名的宾得株式会社（2002年，旭光学公司正式更名为宾得株式会社）而存在。2007年，宾得株式会社的全部事业被日本另一个光学大厂HOYA株式会社以股票收购的方式吸收合并，宾得作为一个独立公司不复存在。2011年，日本著名办公设备生产商理光（RICOH）集团宣布收购HOYA株式会社的摄影事业部。宾得品牌于是一分为二，除医用光学部分仍属于HOYA株式会社，其占主体地位的影像事业划归2011年成立的理光集团全资子公司——理光映像株式会社（2013年更名）所有。
PENTAX,宾得,宾得（PENTAX）是一家世界著名的光学品牌，产品覆盖天文望远镜、医用内视镜、眼镜等范围。宾得的品牌文化可以追溯到1919年成立于日本东京的旭光学合资公司。旭光学公司是日本著名的光学大厂，创造过摄影行业的诸多世界第一和日本第一。作为旭光学的单反相机品牌，宾得曾经称雄一时，并一度作为世界闻名的宾得株式会社（2002年，旭光学公司正式更名为宾得株式会社）而存在。2007年，宾得株式会社的全部事业被日本另一个光学大厂HOYA株式会社以股票收购的方式吸收合并，宾得作为一个独立公司不复存在。2011年，日本著名办公设备生产商理光（RICOH）集团宣布收购HOYA株式会社的摄影事业部。宾得品牌于是一分为二，除医用光学部分仍属于HOYA株式会社，其占主体地位的影像事业划归2011年成立的理光集团全资子公司——理光映像株式会社（2013年更名）所有。
理光,理光,理光（Ricoh），是日本著名的办公设备及光学机器制造商，世界五百强企业。市村清在1936年成立理化学研究所，研究所主要研究理研阳画感光纸，1963年正式易名为理光，并在同年成立香港分公司。现在理光的主要产品包括影印机、传真机、打印机等文仪器材，文档解决方案，以及轻便型数码相机。
Ricoh,理光,理光（Ricoh），是日本著名的办公设备及光学机器制造商，世界五百强企业。市村清在1936年成立理化学研究所，研究所主要研究理研阳画感光纸，1963年正式易名为理光，并在同年成立香港分公司。现在理光的主要产品包括影印机、传真机、打印机等文仪器材，文档解决方案，以及轻便型数码相机。
CY,CY,CY有很多不同的意思。如CY进位标志位（在进行算术运算时，可以被硬件置位或清零，以表示运算结果中高位是否有进位或借位的状态。在布尔处理机中，CY被认为是位累加器）、(ContainerYard)集装箱（货柜）堆场、赛我(cyworld)迷你个人主页、药品Cyclophosphamide、网络游戏《问道》任务代替语。在论坛等常用作“穿越”的简写、共产主义青年团缩写、抽烟的缩写、餐饮的简写、创业的简写、环己基的缩写。在香港，CY则多作对第四任香港行政长官梁振英（LeungChunYing）名字的简称。
金贝,金贝,
大疆,大疆,大疆是一款无人机的品牌，创立于2006年，由香港科技大学的在读研究生汪滔创立。大疆占据了全球民用小型无人机约七成的市场份额，主要市场集中在欧美国家。 
DJI,深圳市大疆创新科技有限公司,深圳市大疆创新科技有限公司（DJI-Innovations，简称DJI），2006年由香港科技大学毕业生汪滔等人创立，是全球领先的无人飞行器控制系统及无人机解决方案的研发和生产商，客户遍布全球100多个国家。通过持续的创新，大疆致力于为无人机工业、行业用户以及专业航拍应用提供性能最强、体验最佳的革命性智能飞控产品和解决方案。 2015年2月，美国权威商业杂志《快公司》评选出2015年十大消费类电子产品创新型公司，大疆创新科技有限公司是唯一一家中国本土企业，在谷歌、特斯拉之后位列第三 。2015年12月，推出一款智能农业喷洒防治无人机——大疆MG-1农业植保机，正式进入农业无人机领域。 截至2016年，大疆创新在全球已提交专利申请超过1500件，获得专利授权400多件，涉及领域包括无人机各部分结构设计、电路系统、飞行稳定、无线通信及控制系统等。 2017年6月，入选《麻省理工科技评论》2017年度全球50大最聪明公司”榜单。 2017年6月30日，深圳市大疆创新科技有限公司荣获中国商标金奖的商标创新奖。2017年11月8日，大疆无人机入选时代影响力·中国商业案例TOP30。 
欧达,欧达,深圳市博亚时代科技有限公司前身成立于2002年，是一家在IT科技领域集开发，加工，销售为一体的整合公司。在行业多年以来经营中，拥有业界优秀的专业工程技术开发团队，掌握数码行业资讯的优势平台，从最上端至终端，拥有最具灵活性，最佳成本优势的垂直整合力；拥有专业快速的售后服务，保障合作伙伴的无忧商务。
爱图仕,爱图仕,爱图仕是深圳市影歌科技有限公司推出的专业影像器材品牌。
Aputure,Aputure,"Aputure"(爱图仕)是深圳市影歌科技有限公司旗下的摄影产品品牌。影歌科技是一家集研发、制造和销售为一体的快速成长的专业摄影附件公司。
永诺,永诺,《永诺》是由非花编写的一本小说。
宝丽莱,宝丽莱,宝丽莱（Polaroid，台湾称拍立得）公司于1937年由艾德温·兰德和乔治·威尔怀特所创立。早期以生产太阳镜和发明其他光学技术为主，二战以后才转向照相设备。2001年，宝丽来宣告破产。2005年，公司被明尼苏达州企业派特斯全球集团买下。2008年2月，宝丽来宣布停止制造底片，转往发展数码相机业务，同年6月，宝丽来大中华代理权被宝丽来亚太收回。2010年元旦，宝丽来香港办事处于香港太古城道港岛东中心石利洛现址复业。
Insta360,Insta360,Insta360(深圳岚锋创视网络科技有限公司）成立于2014年，由刘靖康及其团队创办，专注于全景影像技术的研发，以360全景相机（VR相机）lnsta360为核心产品；已形成针对专业影像生产者、政府，企业和普通消费者的多条产品线和完善的解决方案，Insta360倡导"Lifeisshort，playmore"的生活态度，希望通过Insta360全景相机帮助人们更好地记录下各种各样精彩的人生经历。lnsta360是世界领先的全景相机品牌，先后受国际顶级投资机构IDG资本、启明创投的青睐，2016年4月又获由迅雷领投启明创投跟投的数亿元B轮融资，作为全球首个量产的企业级全景相机Insta3604Kbeta一经面世即获得国内外众多消费者的追捧。目前，产品除中国外，还销往包括美国、瑞士、俄罗斯、乌克兰等国家和地区在内的世界各地，受到国内外科技媒体的关注和报道。 2017年4月，Insta360创始人&CEO刘靖康被评选为“福布斯（亚洲）30岁以下杰出人物”。2016年12月，Insta360荣获“2016中国年度创新成长企业100强” 2016年11月，Insta360Nano获得素有“电子奥林匹克”之称的2017CES创新大奖。2016年1月，Insta360首款企业级全景相机Insta3604K荣获2016德国iF设计奖。 Insta360是全球首个企业级360°全景相机;可拍摄4K级全景视频和全景照片。 
SJCAM,SJCAM,SJCAM是深圳市弘丰世纪科技有限公司在运动相机领域的完全自主品牌。
ZEISS,zeiss,蔡司透镜，卡尔蔡司CarlZeissJena，德国镜头专门企业，且是制造照片和胶片镜头的世界级企业之一。
爱国者,MIM-104防空导弹,MIM-104防空导弹（英文：MIM-104Patriot，中文：爱国者防空导弹）是美国雷神公司制造的全天候多用途中程防空导弹系统。爱国者防空导弹是美国研制的第三代中远程、中高空地空导弹系统，是美国陆军为适应未来复杂的作战环境和不断变化发展的空中突击力量所造成的威胁而提出研制的，1984年开始装备部队并服役。它取代了MIM-14防空导弹，成为美军主要中高空防空武器。2008年后逐步被战区高空区域防御系统取代部分功能。MIM-104防空导弹截止目前有三型：PAC-1、PAC-2、PAC-3。爱国者导弹曾在1991年海湾战争中发挥了重要作用，并在战后被广为人知，成为美国的代表性武器之一。
aigo,aigo,华旗资讯旗下的子品牌爱国者的英文商标。
JVC,日本胜利公司,日本胜利公司（日本ビクター株式会社，VictorCompanyofJapanLimited），公司英文简称为JVC；在中国大陆、台湾也可适用正式译名杰伟世；香港曾译作星牌，但于1990年代开始已经甚少人用这个译名。JVC是一间日本消费性与专业电子企业，总部设在日本横滨，成立于1927年。该公司最为人熟悉就是展示日本第一台电视机及发明了VHS系统。
亮丽,亮丽,亮丽（liànglí），明亮美丽。重点在“亮”字，明亮、光亮。示例：亮丽风景线；明日，我将从这儿起飞，塑造光辉亮丽的未来；她们那一头乌黑亮丽的长发远近皆知。近义词：美丽、靓丽用法：作定语；明亮美丽。另有西安亮丽仪器仪表有限责任公司和亮丽眼镜公司。
SPLENDID,Splendid,Splendid，动画《HappyTreeFriends》中的角色。Splendid是个超人，有各种超能力，但正是超能力外加他的无知，总是会把他要拯救的人弄死。 
锐鹰,锐鹰,《锐鹰》是皇甫二飞创作的网络小说，发表于17K小说网。
KODAK,kodak,伊士曼柯达公司在影像拍摄、分享、输出和显示领域一直处于世界领先地位，一百多年来帮助无数的人们留住美好回忆、交流重要信息以及享受娱乐时光。
米家,米家,2016年3月29日，小米在北京发布全新的生态链品牌，mijia，中文名为"米家"。新品牌日后专门承载小米供应链产品，而之前的小米品牌用于专门承载小米自有产品。
MIJIA,mijia,mijia，晋江文学网签约作者专栏独白：Thelandofchimeric喜欢动漫、小说、游戏，宅的囧物……耽美、言情、女尊我都爱，百合略逊……总之，杂食性动物！晋江2012-9-28期明星作者 
铁头,铁头,铁头：原名刘帅，80后作家，辽宁辽阳人，毕业于沈阳工业大学。2005年，散文《故乡》获得第四届“新作文杯”全国高中生放胆作文大赛一等奖。2008年，《萌芽》杂志发表小说处女作《沿沿河边的蚂蚱》。2009年，凭借小说《肉》获得首届青春文学大奖赛短篇金奖。2009年，小说《猪头小店》获得“99”杯第一届新小说家大赛“组委会特别奖”。已在《上海文学》《萌芽》《文艺风赏》《佛山文艺》等杂志上发表中短篇小说数十万字。出版有长篇小说《黑志异青年》《阳光汹涌：东北少年杀人事件》等。
checky,Checky,Checky 是一种流行语的中文名称，后来这种流行语被沿用到了日本富士胶片株式会社生产的一次成像相机上。俗称“拍立得”。一次成像相机的鼻祖是宝丽来公司，由一个美国物理学家发明的技术。目前宝丽来公司已经停产了，目前市面上主要是富士公司生产的趣奇系列相机。
哈苏,哈苏,哈苏（Hasselblad）长达77年（至2018年）的相机历史，深耕于中画幅相机。打造了庞大完整的中画幅相机系统，沉淀了多年在相机领域的技术，从胶片到1亿像素，变的是看得见的外观，不变的是对影像的追求。 
HASSELBLAD,哈苏相机,哈苏(Hasselblad)相机是与沃尔沃汽车一起，被称为瑞典哥德堡市的骄傲。哈苏相机总裁彭可富在接受中国记者访问时称：“在历史上，哈苏以记录了人类的基本哲学精神、人类的情感和人类本身的为人所铭记。”哈苏相机配套镜头由德国卡尔·蔡司（Carl.Zeiss）生产。Hasselblad与Carl.Zeiss两个标志的组合就代表着完美的的画质、精确的曝光、顺畅地操作以及无比的耐用性。哈苏是资深专业摄影师的宠儿，特别在风光、静物、肖像、广告及特殊用途摄影中。
莱卡,莱卡,Logo寓意为：我爱水。LAICA秉承意大利先进工艺为人们提供最好的饮用水。1974年，LAICA成立于意大利，产品线由滤水壶、体脂秤、体重计、料理秤、婴儿秤、塑身美容与医疗用品等品项组成；LAICA为欧洲第一之电子秤品牌；并于1995开始研发的家用滤水壶产品，意大利LAICA拥有36年制造经验，曾为多个其他欧洲品牌代工，LAICA是意大利最大同时也是欧洲市场成长率最快的品牌。意大利LAICA可称为全方位的健康精品领导品牌。意大利LAICAS.p.A.成立于1974年，莱卡品牌产品得到了全球知名的权威认证机构，如：欧洲LGA食品级认证、欧洲LGA卫生标准认证、欧洲LGA品质标准认证、德国TUV食品级认证等的认证，在竞争激烈的净水壶品牌中拔得头筹，成为国际净水壶品牌的标志性企业。 
青牛,青牛,全名："板角青牛"，太上老君之坐骑。青牛：乃是上古瑞兽"兕"，除了名貌像"牛"，其他跟"牛"没有一点关系，。相传，兕：状如牛，苍黑，板角。逢天下盛，而现世出。意思就是说：兕这种生物长的很像水牛，但皮毛是青黑色，头顶额心正中长有一根冲天牛角（板角：额心长有一根独角）。只有天下即将兴盛，才会出来现世。
三星,三星,三星集团是韩国最大的跨国企业集团，同时也是上市企业全球500强，三星集团包括众多的国际下属企业，旗下子公司有：三星电子、三星物产、三星航空、三星人寿保险等，业务涉及电子、金融、机械、化学等众多领域。三星集团成立于1938年，由李秉喆创办。三星集团是家族企业，李氏家族世袭，旗下各个三星产业均为家族产业，并由家族中的其他成员管理，集团领导人已传至李氏第三代，李健熙为现任集团会长，其子李在镕任三星电子副会长。2016年5月25日，华为公司在美国和中国提起对三星公司的知识产权诉讼，包括加州北区法院和深圳中级人民法院。7月21日，三星在北京知识产权法院起诉华为技术有限公司专利侵权，停止生产、销售mate8等机型，索赔8050万 。9月6日，据道琼斯消息，在已出货或到达消费者手中的约250万部Note7手机中，有70%电池为由子公司：三星SDI（SAMSUNGSDICO.LTD.）供应，剩下的部分则采用了中国新能源科技有限公司（ATL）的电池 。10月，三星集团排2016年全球100大最有价值品牌第7名。 10月，三星电子在召回GalaxyNote7手机后又宣布停止销售该手机，几乎宣布了这款旗舰手机的“死刑”，此举或令三星损失170亿美元 。12月9日，三星准备在美国升级软件，永久禁用GalaxyNote7手机。 2016年11月4日晚间消息，三星电子美国公司宣布，将主动召回280万台特定型号的顶部开盖洗衣机。 
SAMSUNG,三星集团,三星集团是韩国最大的企业集团，包括85个下属公司及若干其他法人机构，在近70个国家和地区建立了近300个法人及办事处，员工总数20余万人，业务涉及电子、金融、机械、化学等众多领域。
米狗,米狗,米狗MEEEGOU是国内智能设备开发商柏悦数码于2014年10月19日发布的品牌。米狗品牌定位于视频智能设备摄像，产品包括运动相机、行车记录仪、航拍仪等，具有画质高清、无线分享、手机控制读取的特点。
印迹,印迹,印迹engram在西蒙（R．Semon）所提倡的有关记忆痕迹的假说（铭记论）中，把假定的、在细胞内形成的记忆的痕迹（印象）称为印迹。“印迹”也是一种表观遗传学机制（epigeneticmechanism），是指在不改变基因编码的情况下，细胞内某分子发生的、会影响基因活性水平的改变。在基因层面上，它等于使基因带上了一个额外的分子，而使其被标记。最后通过一系列复杂的生化反应使该基因沉默，不表达。这也称为印记。
MI,熔融指数,熔融指数是一种表示塑胶材料加工时的流动性的数值。它是美国量测标准协会(ASTM)根据美国杜邦公司惯用的鉴定塑料特性的方法制定而成，其测试方法是先让塑料粒在一定时间（10分钟）内、一定温度及压力（各种材料标准不同）下，融化成塑料流体，然后通过一直径为2.095mm圆管所流出的克（g）数。其值越大，表示该塑胶材料的加工流动性越佳，反之则越差。
南冠,南冠,南冠的读音是nánguān，是俘虏的代称。楚国在南方，因此称楚冠为南冠。本指被俘的楚国囚犯。后泛称囚犯或战俘。亦作“南冠囚”，“南冠君子”，“南冠客”，“南冠”。图为唐骆宾王的《在狱咏蝉》，“西陆蝉声唱，南冠客思深”，这首诗就用到了南冠这个词语。一般文人也以此指代自己怀有节操的囚徒生活。
思锐,比亚迪思锐,比亚迪旗下代号为6B的全新车型将正式命名为思锐，并于2012广州车展亮相。
zeiss,zeiss,蔡司透镜，卡尔蔡司CarlZeissJena，德国镜头专门企业，且是制造照片和胶片镜头的世界级企业之一。
萤石,萤石,萤石（Fluorite）又称氟石、氟石粉、萤石粉。是一种矿物，等轴晶系，其主要成分是氟化钙（CaF2）。含杂质较多，Ca常被Y和Ce等稀土元素替代，此外还含有少量的Fe2O3，SiO2和微量的Cl，O3，He等。自然界中的萤石常显鲜艳的颜色，部分可发出荧光。莫氏硬度4，低于钢，易划伤、质脆、甘、涩，无毒。熔点：1270-1350℃。密度：3.18g/cm³，折射率：1.434。
嘉蕊,嘉蕊,嘉蕊（JARAY） 是广州嘉蕊贸易有限公司 在国家商标总局注册的商标名称。
华胜,华胜,华胜是指古代妇女的一种花形首饰。为华丽的首饰，华丽的头饰。出处是《释名·释首饰》：“华胜：华，象草木之华也；胜，言人形容正等，一人著之则胜，蔽发前为饰也。”
利帅,利帅,利帅，男，中华人民共和国公民，出生于1987年9月30日。
德普,约翰尼·德普,约翰尼·德普（JohnnyDepp），1963年6月9日出生于美国肯塔基州，美国影视演员。 1984年，约翰尼·德普在恐怖片《猛鬼街》中首次饰演角色，之后凭借1987年的电视剧集《龙虎少年队》迅速成名。1990年在蒂姆·波顿执导的《剪刀手爱德华》中扮演男主角，并凭借此片首次获得金球奖提名。1994至1995年，德普凭借《邦尼和琼》和《艾德·伍德》两次获得金球奖提名。1997年，他自编自导自演了《英雄少年历险记》一片，影片获得第50届戛纳电影节金棕榈奖的提名。1999年，德普获颁第24届法国荣誉凯撒奖。 2003年，德普在迪士尼电影《加勒比海盗》中饰演“杰克船长”，并凭该角首次获得奥斯卡金像奖最佳男主角提名。2004年，德普与凯特·温斯莱特合作的《寻找梦幻岛》使他再次入围奥斯卡金像奖最佳男主角提名。2005年，德普分别与蒂姆·波顿合作了《查理和巧克力工厂》和动画电影《僵尸新娘》。2007年，约翰尼·德普主演电影《理发师陶德》使他第三次获得奥斯卡金像奖最佳男主角提名。2010年，约翰尼·德普与导演蒂姆·波顿合作3D真人动画电影《爱丽丝梦游仙境》。2011年，德普在工业光魔制作的动画电影《兰戈》中再次献声。 2012年，德普入选《纽约时报》旗下Vulture网站评出的好莱坞最具价值明星TOP100，排名第三。2015年，约翰尼·德普收入3000万美元，居福布斯全球演员富豪榜排名第12位。 2016年，约翰尼·德普以4，800万美元（约3.7亿港元）排《福布斯》全球十大最高收入男星第五。 
DEEP,Deep,DEEP是日本的4人组合，R&B的合唱团体。由放浪兄弟（即EXILE)主唱ATSUSHI一手打造的四人组合“Color”今年夏天决定改名为“Deep”。改名后的第一张单曲《EndlessRoad》已经在09年10月7日发行了。Color度过了成立之初只有ATSUSHI一人的阶段，06年任命放浪家族中的TAKA为队长，并加入了从选秀活动“EXILEVocalBarrleAudition2006～AsinanDreamColor”选拔出来的选手YUICHIRO、KEISEI、RYO三人。现在团体总共四人活动，至今为止，Color拥有三张专辑，今年二月发行的专辑《WhiteLoversoncanvas》还曾经登上公信榜的第四位。
微信相框,微信相框,微信相框是一款可以和微信、手机相册同步的电子数码相框。功能方面，通过微信扫码绑定相框之后，可以通过一个名为“微信相框”的公众号来管理自己的相册，用户可将照片、描述发送给公众号，然后会自动上传到微信相框里。微信相框Plus是微信相框的新一代产品，升级后的产品新增了双向视频通话功能。相框上扫码登录一个微信账号，在通讯录中直接发起视频通话即可，真正实现“面对面”关怀问候。
LOMOGRAPHY,lomography,Lomography是一个有关光学胶卷相机的社区，同时也是LomographischeAG公司的商标（该公司提供与摄影相关的产品与服务）。
莱彩,莱彩,莱彩为亮影科技有限公司旗下的品牌，成立于1995年，致力营造中国闪存式专业全高清数码DV最具核心竟争力品牌，旗下RICH莱彩被誉为国内最具价值的数码影像品牌，如今亮影科技有限公司已经进驻天猫。
Rich,Rich,Rich，是一个英语单词，形容词，是指有钱的，富有的意思。复数为riches，比较级为richer，最高级：为richest。
天意,天意,《天意》是由优酷视频、磨铁娱乐与青春你好联合出品，梁振华制片，丁仰国执导，苏蓬编剧，欧豪、海铃领衔主演，李雨轩、孙珍妮等联合演出，乔振宇、张丹峰特别出演，唐嫣特别客串，根据钱莉芳同名历史科幻小说《天意》 改编的东方科幻网剧 。该剧讲述了中国历史上秦末汉初时代遭遇的科幻时空，秦始皇、刘邦、韩信、张良、项羽等历史人物也加入了科幻想象进行重新塑造的故事 。该剧于2018年5月10日在优酷播出 。
图丽,图丽,日本株式社图丽是一家具有60年光学镜头设计、生产背景的专业厂商，现已率其全系高品质闭路电视镜头产品正式登陆中国。
洋铭,洋铭,洋铭是洋铭控股集团有限公司开发的生活实用类软件。
锐玛,锐玛,锐玛/EIRMAI是慈溪市童瑞摄影器材有限公司旗下的品牌之一。
有福,有福,《有福》是2005年06月13日播出的一部新加坡电视剧，讲述了傻人有傻福的故事。该剧由金牌故事人洪荣狄撰写，李名顺、林湘萍、郭淑娴、林明伦、潘淑钦、林晓佩、萧乙铭、郭蕙雯等联合演出。
乐凯,乐凯,乐凯是中国的一种胶卷老品牌，是胶卷行业的唯一可以与世界品牌柯达和富士并存，并且一直在中国胶卷市场上鏖战了多年的“三国演义”。2003年柯达和乐凯合资。
佳明,佳明,佳明，美国著名导航电子产品品牌。Garmin成立于1989年，长久以来致力于GPS产品之设计研发，秉持着简明、坚定的信念：提供创新与便利的产品，以提升客户的生活质量，才造就了今日全球卫星定位导航系统的领导品牌Garmin。
GARMIN,GARMIN,台湾国际航电股份有限公司(en:GARMINCorporation)，于1990年成立，坐落中国台湾省台北县汐止市。为创办于1989年的GarminLtd.(NASDAQ：GRMN)最大的子公司与主要生产力，公司法人在开曼群岛组成，由GaryBurrell与高民环(MinKao)等人创办，致力发展全球定位系统（简称GPS）与其他消费性产品。GarminLtd.的另一子公司GarminInternationalInc.作为事业总部，设立在美国堪萨斯州欧雷瑟市(OlatheKansas)，位处堪萨斯市都会近郊。
曼富图,曼富图,总部设在意大利北部BassanodelGrappa，为专业摄影，电影，戏剧，生活娱乐和视频市场设计，制造各种相机和照明设备。产品线系列包括相机三脚架和云台，照明支架和配件。曼富图的产品由自己的商贸公司销售，曼富图商贸分布在中国，法国，德国，香港，意大利，日本，英国，和美国，加上独立经销商遍及世界65个国家！国际分销网络无可比拟的实力和该公司与经销商的团队的努力是成功的关键因素。该集团拥有的商贸公司提供直接进入市场，发展趋势和要求，这在保持公司在发展和创新的前沿的关键。不断投资于最新技术并不断对产品范围，生产需求和消费趋势进行评估，这已成为一个曼富图的传统。这项政策在各个阶段保持着最高的质量标准，随后制定了其他标准。曼富图产品由曼富图支持公司和曼富图摄影包公司生产，并由漫富图商贸（上海）有限公司在中国经销。
沃尔玛,沃尔玛百货有限公司,沃尔玛百货有限公司，即沃尔玛公司（WalMartInc.）（NYSE：WMT），是一家美国的世界性连锁企业，以营业额计算为全球最大的公司，其控股人为沃尔顿家族。总部位于美国阿肯色州的本顿维尔。沃尔玛主要涉足零售业，是世界上雇员最多的企业，连续4年在美国《财富》杂志世界500强企业中居首位。沃尔玛公司有8500家门店，分布于全球15个国家。沃尔玛在美国50个州和波多黎各运营。沃尔玛主要有沃尔玛购物广场、山姆会员店、沃尔玛商店、沃尔玛社区店等四种营业方式。2013年11月25日，任命国际业务部主管董明伦（DougMcMillon）接任杜克（MikeDuke）为沃尔玛总裁兼首席执行官，该任命从2014年2月1日起正式生效。 2014年12月11日，海外媒体称沃尔玛将关闭约30%的中国门店。沃尔玛12月2日对中国区管理层以重组进行了裁员。 2014年12月沃尔玛非常重视对其公司不当行为的指控。 2016年6月29日，沃尔玛表示将向美国所有消费者开放两日达免费送货服务，这是沃尔玛在这一服务上的再一次拓展。 北京时间2016年7月20日晚与全球同步发布了最新的《财富》世界500强排行榜 。2017年6月7日发布的2017年《财富》美国500强排行榜，沃尔玛连续第五年蝉联榜首。2017年7月20日发布的《财富》世界500强排行榜，沃尔玛连续四年排名第一位。 
DRIFT,drift,漂移(driftdrifting)是赛车术语，指让车头的指向与车身实际运动方向之间产生较大的夹角，使车身侧滑过弯的系列操作。其目的是为了克制过弯时的转向不足，提高过弯速度，同时也增加了赛车运动的观赏性。
变色龙,变色龙,避役（学名：Chamaeleonidae)(英语：chameleon）俗称变色龙，蜥蜴亚目(Sauria)避役科(Chamaeleontidae)爬行类，产于东半球，主要树栖。特征为体色能变化。每2～3趾并合为二组对趾、端生牙，舌细长可伸展。鬣蜥科(Iguanidae)的安乐蜥(anole)产于西半球，亦称为假避役。真避役有两属︰Brookesia属(19种)，避役属(Chamaeleo70种)。其中约有一半的种仅分布在马达加斯加，其他大部分分布在撒哈拉以南的非洲。2种分布在亚洲西部；1种在印度南方和斯里兰卡；另一种(普通避役〔Chamaeleochamaeleon〕)分布在近东向西穿过北非达西班牙南部一带。马达加斯加东北部哈拉岛的热带雨林里的变色龙从鼻尖到尾部总长29毫米，成年后的躯干长度仅有指甲盖大小，可能是迄今为止世界上最小的变色龙。 
cen,CEN,cen是欧洲标准委员会的缩写，是法语的缩写。cen由33个国家组成，制定的欧洲标准通常有三种官方语言的版本，英语，法语，德语。
雄迈,雄迈,雄迈，读音xióngmài，汉语词语，指雄壮豪迈；宏伟远大。
XM,XM,美国XM卫星广播公司提供针对汽车等移动接收和固定接收的高品质卫星数字广播节目。1992年注册成立，XM卫星广播有6万用户遍布全国各地。拥有最大，最广泛的美国广播电台，他们的总部设在华盛顿特区，并利用3颗卫星。拥有21通道单独用于交通和天气更新，30新闻频道，体育和娱乐，以及超过200万首歌曲，播放XM的招待，通知和教导的听众。XM公司还提供69个独立的网络音乐。
斯莫格,斯莫格,斯莫格，游戏《洛克王国》NPC，洛克王国十大徽章获得者之一。
微光,微光,《微光》是由周洁颖作词，钱雷作曲，华晨宇演唱的一首歌曲，收录于专辑《卡西莫多的礼物》。2014年10月9日在微音乐首发 。2015年1月10日，被用于电视剧《何以笙箫默》的插曲。
FRONT ROW,Front Row,FrontRow是一款适用于Mac操作系统的软件。
Foream,foream,Foream风云客是福云明网络科技有限公司旗下运动摄像机品牌，成立于2013年，是一家通过硬件终端和应用程序向广大用户提供视频直播、上传、分享的内容存储和服务的新型高科技公司。2015年4月20日，中国运动相机品牌Foream风云客宣布，将收购并逐步控股欧洲知名运动相机公司DriftInnovation（漂移），双方将联手开发全球运动相机市场，建立“全球运动相机互联网生态圈”。
旅行家,旅行家,旅行家是指以各地旅行为职业，通过旅行获得劳动报酬与旅费的旅行者，职业旅行者的行为大多是完成自己的梦想或者为宣扬某种生活态度，而不是单纯的进行旅游休闲活动。通过旅行发现自我，认识世界，感受世间百态，对自然充满热爱，在旅行中思考自己的生活和理想的意义的人，通过旅行进而提高自我，怡情养性，增广见闻有职业和非职业之分。
ikan,ikan,IKan，电视新伴侣就是在线网络播放器，它是以互联网方式向用户提供影视、动漫、游戏、综艺、体育等宽频娱乐内容服务的综合性多媒体宽带娱乐节目。
Kase,KASE,英文缩写，有多重含义。概括是形成概念的一种思维过程和方法。即从思想中把某些具有一些相同属性的事物中抽取出来的本质属性，推广到具有这些属性的一切事物，从而形成关于这类事物的普遍概念。
IDV,IDV,IDV(IntegatedDigitalCommunicationandVideo)即综合数字通信和视频方式。IDV方式的基本原理与SDV方式的原理近似，它是在ATM技术还未成熟推广前，所采用的一种过渡方式。
富士通,富士通,Fujitsu（富士通）是世界领先的日本信息通信技术（ICT）企业，提供全方位的技术产品、解决方案和服务。在全球拥有约159000名员工，客户遍布世界100多个国家。富士通凭借在ICT领域的丰富经验和实力，致力于与客户携手共创美好的未来社会。富士通集团（东京证券交易所上市代码：6702）截至2015年3月31日财政年度的合并收益为4.8兆日元（400亿美元）。 
威固,威固,威固（V-KOOL），是隶属于美国伊士曼化工旗下的窗膜品牌 ，上海海晏威固国际贸易有限公司是威固隔热膜中国区域的独家总代理，公司自成立以来即专注于威固隔热膜市场运营与推广 。
VF,visual foxpro,VisualFoxPro简称VFP，是Microsoft公司推出的数据库开发软件，用它来开发数据库，既简单又方便。VisualFoxPro源于美国FoxSoftware公司推出的数据库产品FoxBase，在DOS上运行，与xBase系列相容。FoxPro原来是FoxBase的加强版，最高版本曾出过2.6。之后，FoxSoftware被微软收购，加以发展，使其可以在Windows上运行，并且更名为VisualFoxPro。目前最新版为VisualFoxPro9.0，而在学校教学和教育部门考证中还依然延用经典版的VisualFoxPro6.0。在桌面型数据库应用中，处理速度极快，是日常工作中的得力助手。
其他,其他,其他，三种用法：1、别的，其余，不分人与物。语出《国语·晋语四》：“民生安乐，谁知其他？”古汉语流行通假，形近和音同的字常通假，他、佗、它同音或形近，因为通假而不区分人称代词与物主代词。2、其余的人（此他为人称代词），只作为（其余者里面的）人称代词而区别于物主代词“其它”，这种区别是现代汉语里的现象。3、其余的男子（此他为男称代词），区别于“其她”，这种用法也有，但很少。谈物时，用“其他”是继承古代用法，用“其它”是现代汉语环境里的合逻辑用法，都可以。因为，古汉语不区分其他与其它，现代汉语里他作为人称代词而它作为物主代词了。
KenKo,kenko,日本肯高集团是一家严格按ISO9001和ISO14001标准专业生产光学相关产品的生产销售公司。公司产品覆盖了光学镜头、滤光片、望远镜、云台、防护罩、三脚架和数码产品等各种专业领域。肯高集团以努力通过自己的事业为社会做出更大贡献为最大快乐。公司期待所有员工通过自己良好发挥的工作创造出丰富自己人生和提高自身价值的能够回报公司、回报社会的和谐集团。“质量第一，用户至上”是肯高集团的传统理念。
Kodak,kodak,伊士曼柯达公司在影像拍摄、分享、输出和显示领域一直处于世界领先地位，一百多年来帮助无数的人们留住美好回忆、交流重要信息以及享受娱乐时光。
故事里,故事里,《故事里》是八九七四创作的网络小说，发表于起点网。
HTC,宏达国际电子股份有限公司,宏达国际电子股份有限公司成立于1997年5月15日，简称宏达电，亦称HTC，是一家位于台湾的手机与平板电脑制造商。是全球最大的WindowsMobile智能手机生产厂商，全球最大的智能手机代工和生产厂商。由被誉为台湾的“经营之神”的王永庆之女王雪红任董事长，董事暨宏达基金会董事长卓火土，与总经理兼执行长周永明所创立。宏达电子公司口号为“quietlybrilliant”、“HTCInnovation”。在2011年发展迅猛，成为全球知名手机生产厂商。全球第一款安卓手机HTCG1由HTC在2008年9月推出。 HTC系列手机搭载安卓（Android）系统和WindowsPhone系统。HTC 也正在全新的VR虚拟现实领域进行开拓发展，并在2015年3月的MWC2015上发布了与Valve联合开发的VR虚拟现实头盔产品HTCVive。HTC于日前公布了其2016财年财报，数据显示，总营收为781.6亿元新台币（约合169亿元人民币），相比于2015年的1216.8亿元新台币收入下降了35.77%。 
倍视亲,倍视亲,倍视亲是高端电子相框领域的新锐品牌。2012年推出“超薄，超清，超大画面”的全新系列产品，在线提供个性化的开机祝福与纪念落款定制服务，让这份婚礼喜庆的传情佳礼更时尚，更窝心。
初页,初页,初页是一种“类PPT”的移动端设备（如手机、pad）展示与传播的HTML5页面。目前关于初页这类移动端H5页面的叫法很多，也会称为“翻翻看”、手机微杂志、手机上的PPT/Keynote、广告页、场景应用或海报\画报（动态海报、指尖海报、掌中海报、动画海报、微画报、微海报）。最为的交互形式为滑动翻页（通常是上划），因为滑动的操作非常简单，在手机上也非常方便，每个页面的都不太多，但同时能保证让受众更多的参与其中，故有时会适当加入点击、滑动、长按等操作 。
魔爪,魔爪,魔爪，拼音mózhǎo，比喻邪恶的力量，邪恶的势力，魔鬼的手掌，人们常说被控制在魔爪之下，示意为被邪恶之人或势力剥夺自由。出处谌容《人到中年》十三：“好像死神正在那里游荡，随时可以伸出魔爪夺走自己的亲人。”
诺基亚,诺基亚,诺基亚公司（NokiaCorporation）是一家总部位于芬兰埃斯波，主要从事移动通信设备生产和相关服务的跨国公司。诺基亚成立于1865年，以伐木、造纸为主业，逐步向胶鞋、轮胎、电缆等领域扩展。后发展成为一家手机制造商，以通信基础业务和先进技术研发及授权为主。2011年2月11日，诺基亚与微软达成全球战略同盟并深度合作共同研发WindowsPhone操作系统。 面对新操作系统的智能手机的崛起，诺基亚全球手机销量第一的地位在2012年第一季度被三星超越，结束了长达14年的市场霸主地位。 2013年9月3日，微软宣布以约54.4亿欧元价格收购诺基亚设备与服务部门，并获得相关专利和品牌的授权。诺基亚未来将努力发展Here地图服务、解决方案与网络（NSN）和领先科技三大支柱业务。 2014年4月25日，诺基亚宣布完成与微软公司的手机业务交易，将设备与服务业务出售给微软后，正式退出手机市场； 同日，诺基亚任命拉吉夫·苏里（RajeevSuri）担任诺基亚总裁兼CEO。 2014年11月18日，诺基亚正式发布第一款Android平板电脑， 之后诺基亚将致力于移动网络基础设施软件和服务、测绘导航和智能定位、先进技术研发及授权。2015年11月18日，诺基亚正式启动166亿美元收购阿尔卡特-朗讯。 2016年5月18日，授权Nokia品牌予HMD公司及鸿海集团旗下富智康进行生产制造。 
NOKIA,诺基亚,诺基亚公司（NokiaCorporation）是一家总部位于芬兰埃斯波，主要从事移动通信设备生产和相关服务的跨国公司。诺基亚成立于1865年，以伐木、造纸为主业，逐步向胶鞋、轮胎、电缆等领域扩展。后发展成为一家手机制造商，以通信基础业务和先进技术研发及授权为主。2011年2月11日，诺基亚与微软达成全球战略同盟并深度合作共同研发WindowsPhone操作系统。 面对新操作系统的智能手机的崛起，诺基亚全球手机销量第一的地位在2012年第一季度被三星超越，结束了长达14年的市场霸主地位。 2013年9月3日，微软宣布以约54.4亿欧元价格收购诺基亚设备与服务部门，并获得相关专利和品牌的授权。诺基亚未来将努力发展Here地图服务、解决方案与网络（NSN）和领先科技三大支柱业务。 2014年4月25日，诺基亚宣布完成与微软公司的手机业务交易，将设备与服务业务出售给微软后，正式退出手机市场； 同日，诺基亚任命拉吉夫·苏里（RajeevSuri）担任诺基亚总裁兼CEO。 2014年11月18日，诺基亚正式发布第一款Android平板电脑， 之后诺基亚将致力于移动网络基础设施软件和服务、测绘导航和智能定位、先进技术研发及授权。2015年11月18日，诺基亚正式启动166亿美元收购阿尔卡特-朗讯。 2016年5月18日，授权Nokia品牌予HMD公司及鸿海集团旗下富智康进行生产制造。 
酷道,酷道,酷道是我国音响行业最具影响力的品牌之一，“miroad/酷道”商标为深圳市泰博数码有限公司注册并持有，深圳市泰博数码有限公司（“泰博数码”）是一家以技术和创新领先的数码音视频产品专业供应商，主要致力于多媒体户外音响，电子书，平板电脑，移动电源等音视频数码产品的设计、开发、生产和销售。酷道系列产品以其卓越的品质、个性化的外观设计、多样化的产品功能成为央视网黄金展位合作伙伴，彰显行业领头羊风范，打造“酷行其道乐响人生”的品牌新理念，带给用户更为卓越、可靠的产品体验。
格子兮,格子兮,格子兮，原名陈文君，1995年7月16日出生于安徽省宣城市，中国内地流行音乐女歌手。 2012年发布单曲《秋殇别恋》而正式出道乐坛。2014年1月签约深圳大龙文化传播有限公司并发行单曲《蹁跹》。2015年推出歌曲《天涯残月》随后又推出歌曲《新蝶恋花》。2016年1月25日格子兮与宋孟君合作发行单曲《离别》。 
百诺,百诺,百诺公司创建于1996年，早期与日本合作，后通过自身技术创新与努力，逐渐在国内外抑尘设备行业赢得一席之地。
纽曼,纽曼,纽曼，英文名Newsmy和Newmine即中文纽曼，内涵“新科技、新自我”。北京纽曼公司创立于1996年，是一家集研发、制造、销售、服务为一体的北京中关村高新技术企业。公司创建以来，坚持并发扬以“两个目标、四剑八和、十字精神”为核心纽曼的企业文化，使公司得到持续、健康、和谐的发展，迅速成长为中国数码行业的旗舰企业 。
Newman,纽曼,纽曼，英文名Newsmy和Newmine即中文纽曼，内涵“新科技、新自我”。北京纽曼公司创立于1996年，是一家集研发、制造、销售、服务为一体的北京中关村高新技术企业。公司创建以来，坚持并发扬以“两个目标、四剑八和、十字精神”为核心纽曼的企业文化，使公司得到持续、健康、和谐的发展，迅速成长为中国数码行业的旗舰企业 。
Newsmy,NEWSMY,纽曼公司原英文名newman现已更改成英文名NEWSMY即中文名纽曼，内涵“新科技、新生活、新自我”该公司创立于1996年，是一家集研发、制造、销售、服务为一体的北京中关村高新技术企业。公司创建以来，坚持并发扬以“两个目标、四剑八和、十字精神”为核心的纽曼企业文化，使公司得到持续、健康、和谐的发展，迅速成长为中国数码行业的旗舰企业。作为北京市高新技术企业，公司运营的外部环境及享受的政策良好，近年来发展势头迅猛，产品涉及通讯、数码和节能等领域。
罗兰,罗兰,罗兰（HelenaLawLan），1934年11月13日出生于香港，原名卢燕英，香港女演员。曾获得2000年香港电影金像奖最佳女主角和香港电影评论学会最佳女主角。于1950年涉足影坛，曾参与过百部电影的演出，长期以来都在电影中担任了绿叶一职，在长达半个多世纪的演艺生涯中，罗兰以其精湛到出神入化的演技，演活了一干龙婆、女鬼、盲女等奇异形象，被誉为香港的常青甘草演员。尤其是在70年代的鬼片风潮里，她演的女鬼形象实在令人过目难忘。是香港著名的实力派演员，代表作品有《神雕侠侣》、《阴阳路系列》、《爆裂刑警》等。2016年参演电视剧《一屋老友记》。
Roland,ROLAND,Roland是电子乐器的制造及销售商，产品范围涵盖了键盘、合成器、吉它相关产品、电子打击乐产品、数字录音设备、音箱及音频处理设备等。经过25年的不断研发，Roland在下面这些领域均树立的数字音乐技术的标准。看看你喜爱的音乐人，他们或许正在使用着Roland产品。 
FB,FB,FB是多功能的音频播放器foobar2000及FaceBook的缩写英文单词，车友会的称呼，同时也指网络游戏副本，其中铁细菌缩写也是FB。同时FB也叫一血“FirstBlood”的英文缩写。
乐图,乐图,乐图是一个免费的手机地图软件，支持GPS语音导航（V3以后的版本语音导航功能已收费），位置搜索、电子地图浏览、地图查询、公交查询、GPS位置追踪等服务
NEST,nest,全国电子竞技大赛（NationalElectronicSportsTournament，简称NEST）是国家体育总局体育信息中心主办，由上海华奥电竞信息科技有限公司、浙报传媒集团股份有限公司、厦门建发集团有限公司承办，面向全国4500万电子竞技爱好者的赛事。赛事将分为线下赛和线上赛两个阶段，每年7月延续至11月，赛事规模和赛事时长均创历史新高。
柯立,柯立,柯立，副主任医师，硕士。从事胸外科工作10余年，擅长食管癌、肺癌及纵膈肿瘤的手术治疗，尤其对于累及纵膈大血管的中央型肺癌及巨大纵膈肿瘤手术有独到之处。能够应用胸腔镜技术完成多种胸部外科手术。发表论文数篇。
HYMN,Hymn,Hymn，是一首英文歌，LindaLewis演唱。
品色,品色,《品色》是连载都市情感小说。作者是君戈著。
PIXEL,Pixel,Pixel是指谷歌2016年10月5日正式推出的Pixel系列手机，该机最大特色是首款搭载“谷歌助理”的手机，并将跟云计算做深度结合。9月20日上午，谷歌发出一封邀请函，将于10月4日在旧金山举行一次活动，将会在此次活动上发布新款智能手机。 谷歌在10月5日凌晨发布了Pixel/XL系列安卓新机，其中Pixel手机售价649美元起，XL售价769美元起。 
dooraa,dooraa,dooraa，智能自拍神器。dooraa内置了Wi-Fi模块，与手机相连，用可以手机遥控相机取景，即使是侧脸和背影也可以一个人搞定。
AEE,aee,AEE创立于1999年，拥有运动摄像机、警用拍摄装备、航拍装备及无人飞机四大产品系列，丰富的产品线，为用户提供差异化的选择空间，满足不同消费者需求。AEE运动摄像机可应用于各种运动场景，引领全新的时尚数码生活方式。作为目前运动摄像机最为热门的品牌，AEE在运动爱好者中有着不错的口碑，其SD和S系列专为运动打造，出色的防护性和高清画质，让水下拍摄美景成为可能，它配有防水外壳，防水等级IP68，防水100米，两种形式的背盖设计。内置可拆卸大容量锂电池，可重复充电，使录像时间加倍延长。多种运动配件设计，真正实现运动过程的录影。同时支持遥控拍摄。
长城,长城,长城（GreatWall），又称万里长城，是中国古代的军事防御工程，是一道高大、坚固而连绵不断的长垣，用以限隔敌骑的行动。长城不是一道单纯孤立的城墙，而是以城墙为主体，同大量的城、障、亭、标相结合的防御体系。长城修筑的历史可上溯到西周时期，发生在首都镐京（今陕西西安）的著名的典故“烽火戏诸侯”就源于此。春秋战国时期列国争霸，互相防守，长城修筑进入第一个高潮，但此时修筑的长度都比较短。秦灭六国统一天下后，秦始皇连接和修缮战国长城，始有万里长城之称 。明朝是最后一个大修长城的朝代，今天人们所看到的长城多是此时修筑。 长城资源主要分布在河北、北京、天津、山西、陕西、甘肃、内蒙古、黑龙江、吉林、辽宁、山东、河南、青海、宁夏、新疆等15个省区市。期中陕西省是中国长城资源最为丰富的省份，境内长城长度达1838千米 。根据文物和测绘部门的全国性长城资源调查结果，明长城总长度为8851.8千米，秦汉及早期长城超过1万千米，总长超过2.1万千米。 1961年3月4日，长城被国务院公布为第一批全国重点文物保护单位 。1987年12月，长城被列入世界文化遗产。 
Lytro,Lytro,LYTRO中文名莱特洛，是浙江井田科技发展有限公司旗下的一款时尚服装品牌。
墨斗鱼,墨斗鱼,墨斗鱼即乌贼，俗称乌鱼，因其没有脊椎骨，虽然被叫做鱼，其实它是生活在海洋里的软体动物。它的头上长有一对大大的眼睛，视力非常好。还生有八只腕足和两只较长的触手，在腕足上生有吸盘。墨斗鱼的身体极为柔软，可以从很小的洞中钻出来。乌贼以鱼、虾、蟹等为食物。
维特利,维特利,维特利，英文VICTORY，是广州市艾狄逊影视器材有限公司旗下品牌，已有大概十年的发展历史，凭着过硬的质量与优质的服务，一直长久立足于国内外市场。
精嘉,精嘉,精嘉（VANGUARD）成立于1986年，精嘉VANGUARD已经从设在亚洲一个生产工厂、成长为一家全球性公司。精嘉在美国密歇根州惠特莫尔湖、卢森堡、欧洲和日本东京都设有经销、销售和行政分公司。精嘉VANGUARD获得了多项摄影专业出版物和组织所授予的设计、质量和性能奖。最近，精嘉VANGUARD的【BBH-200球形云台】、【传信者系列摄影单肩包】获得了由技术影像促进协会（TIPA）颁发的奖项！这已经是VANGUARD精嘉连续五年获得素有“摄影界奥斯卡”之称的TIPA大奖！！正是由于这种创新的承诺，使我们取得了一系列的摄影专业第一和数以百计的外观设计专利。2012年【第十五届中国国际照相机械影像器材与技术博览会】，精嘉VANGUARD首度在国内参展，展出多项赢得国际设计大奖的优质摄影器材与光学产品，与国人共同分享中国研发制造、全球肯定的专业品牌之荣耀！2012年精嘉正式进入中国。
Vanguard,VANGUARD,
联星,联星,联星是两颗恒星各自在轨道上环绕着共同质量中心的恒星系统，较亮的一颗称为主星，而另一颗称为伴星、伴随者，或是第二星。
Linkstar,linkstar,LINKSTAR是由美国卫讯全球有限公司（ViaSat，Inc.）生产的一种双向、按需分配带宽的宽带VSAT系统，它围绕DVB-RCS标准而设计，用于服务提供商、ISP和企业网络，更可为市场带来相比其它TDMA网络更高的效率和更高的数据速率。
现代,现代,现代成立于1947年，为韩国汽车品牌，主要生产suv及普通家用轿车，排量为1.6~2.7L之间的车型。
HYUNDAI,Hyundai,中文名为：现代（汽车品牌）现代成立于1947年，为韩国汽车品牌，主要生产suv及普通家用轿车，排量为1.6~2.7L之间的车型。
windmill,WINDMILL,福昕Windmill是一个电子书阅读器（文中均简称“电子书”）软件的开发平台，可提供一套稳定、安全、专业的电子书软件解决方案。通过使用Windmill，我们只需用两周时间就可将一套完整的软件移植到目标电子书上，这个都要归功于Windmill跨平台的结构设计。Windmill自带的基础软件中包含丰富的功能，包括PDF、ePub、HTML、CHM、RTF、TXT格式的文档阅读器以及JPG、PNG、GIF、BMP格式的图片阅读器。此外，Windmill自带的基础软件内植高强度的FoxitDRM文档版权管理技术，通过结合使用服务器，能够帮助文档所有者轻松的管理、保护分发电子文档。
MATE,mate,Mate，直译为伙伴，英，将会成为Flex领域的另一个热点，现多应用于手机行业。
态度,态度,态度是个体对特定对象（人、观念、情感或者事件等）所持有的稳定的心理倾向。这种心理倾向蕴含着个体的主观评价以及由此产生的行为倾向性。
飞利浦,飞利浦,飞利浦，1891年成立于荷兰，主要生产照明、家庭电器、医疗系统方面的产品。飞利浦公司，2007年全球员工已达128100人，在全球28个国家有生产基地，在150个国家设有销售机构，拥有8万项专利，实力超群。2011年7月11日，飞利浦宣布收购奔腾电器（上海）有限公司，金额约25亿元。2011年10月17日，飞利浦电子发布了第三季度财报，第三季度净利润同比下滑85.9%；同时宣布，飞利浦将在全球范围内裁员4500人。2013年1月底，飞利浦消费电子业务已全部剥离，将聚焦优质生活，医疗和照明设备行业。北京时间2014年12月17日，飞利浦宣布，将以12亿美元收购美国医疗设备制造商Volcano公司。
PHILIPS,飞利浦,飞利浦，1891年成立于荷兰，主要生产照明、家庭电器、医疗系统方面的产品。飞利浦公司，2007年全球员工已达128100人，在全球28个国家有生产基地，在150个国家设有销售机构，拥有8万项专利，实力超群。2011年7月11日，飞利浦宣布收购奔腾电器（上海）有限公司，金额约25亿元。2011年10月17日，飞利浦电子发布了第三季度财报，第三季度净利润同比下滑85.9%；同时宣布，飞利浦将在全球范围内裁员4500人。2013年1月底，飞利浦消费电子业务已全部剥离，将聚焦优质生活，医疗和照明设备行业。北京时间2014年12月17日，飞利浦宣布，将以12亿美元收购美国医疗设备制造商Volcano公司。
HN,Hn,
欧宝,欧宝,OPEL在中国大陆称为欧宝、在中国台湾称为欧普。德国欧宝公司是美国通用汽车公司的子公司，是通用公司在欧洲的一个窗口。欧宝的产品已遍及世界20多个国家的100多个市场。
LPT,LPT,打印终端(lineprintterminal)，LPT是用于使用打印机或其它设备的。大多数计算机都有一个或两个LPT，通常称为LPT1和LPT2，有些计算机支持三个LPT，称为LPT3，但无论它们有几个，名字如何，LPT1是默认的LPT。当用户需要增加新的设备时，可以加入一个并行口适配器即可。这里需要注意的是，不要以为LPT只能用于输出，它也可以用于输入。LPT并口是一种增强了的双向并行传输接口，在USB接口出现以前是扫描仪，打印机最常用的接口。设备容易安装及使用，但是速度比较慢。
战斧,战斧,战斧是一种摩托车品牌。道奇战斧是美国克莱斯勒汽车公司生产的世界上速度最快的摩托车，它安上了v10发动机和跑车的四个轮子，其最高时速超过600km，可以与巡航导弹一拼高下。
LIPPMANN,Lippmann,Lippmann，科学家李普曼（GabrielLippmann1845~1921）因发明基于干涉现象的彩色照相术，获得了1908年度诺贝尔物理学奖。
VIPER,冰毒,冰毒，新型毒品的一种，又名甲基安非他明、去氧麻黄碱，是一种无味或微有苦味的透明结晶体，纯品很像冰糖，形似冰，故俗称冰毒。吸、贩毒者也称之为“冰”。早期制备一般用麻黄素还原法，现今多采用全化学合成法，制备工艺较为简单，有“厨房毒品”之称。有胶囊、粉剂、小块等多种形式，可抽吸、鼻吸、口服或注射。该药小剂量时有短暂的兴奋抗疲劳等正向作用，在人体内的作用快而强，故其丸剂曾有"大力丸"之称。大剂量用药后会出现精神兴奋、性欲亢进，对食物和睡眠的要求降低，常导致激动不安和暴力行为。长期吸食可产生强烈的依赖性，一旦断药，会出现戒断症状。但较之海洛因等传统毒品，其戒断症状不很强烈。作为正式毒品的冰毒出现于20世纪70年代，90年代进入中国。被认为是新型毒品的代表，现今对其成瘾机制等的认知相对缺乏，治疗手段也极为有限。但其危害程度并不亚于传统毒品，联合国禁毒署的统计数字表明冰毒类毒品吸食者人数已经列世界第二位。需要注意的是，该物质主体化学成分为甲基苯丙胺，但市面上的固体冰毒实际上是甲基苯丙胺盐酸盐，因此冰毒与甲基苯丙胺并不能完全等同。广义上的冰毒制品还包括摇头丸等苯胺类药物。
Lennon,Lennon,Lennon，美国演员，1990年在由威廉·拉斯蒂格导演的动作电影《鬼面公仆2》中扮演ClubHost。 
NONOO,Nonoo,NONOO 是浙江哈尔斯真空器皿股份有限公司旗下新生代子品牌，创立于2015年，主要经营适合年轻人使用的真空保温杯、玻璃杯、随手杯、创意智能杯等多品类水杯。
本易,本易,2009年，本易品牌诞生。通过三年多来高品质的产品和服务工作，本易已经取得相对领先的行业地位。2013年，为进军全球化市场，本易全新LOGO组合“BENEVE”正式发布。作为本易品牌进军国际的重要一步，象征着本易从“梦想”走向“巅峰”的传奇里程。本易品牌为深圳市星王电子有限公司所有，公司官方品牌释义为：“BEN”来源于希伯来语系，为“山峰，顶峰”之意，加之“BEN”为诚恳、亲切的希伯来古商人姓氏，代表本易稳步向前、追求极致的产品理念。“EVE”意为“前传、传奇”，表达了追求传奇之旅的决心与毅力。BENEVE演绎为“探索中国品牌的巅峰传奇”。与广告语“本极致，易自由”的精品定位完美契合。
MINT,Linux Mint,LinuxMint 由LinuxMintTeam团队于2006年开始发行，是一份基于Debian和Ubuntu的Linux发行版。其目标是提供一种更完整的即刻可用体验，这包括提供浏览器插件、多媒体编解码器、对DVD播放的支持、Java和其他组件，它也增加了一套定制桌面及各种菜单，一些独特的配置工具，以及一份基于web的软件包安装界面。LinuxMint是对用户友好而功能强大的操作系统。它诞生的目的是为家庭用户和企业提供一个免费的，易用的，舒适而优雅的桌面操作系统。LinuxMint是一个为PC和X86电脑设计的操作系统。因此，一个可以跑得动Windows的电脑也可以使用LinuxMint来代替Windows。也可以两个都跑，组建为传说中的“双系统”。同样，MAC，BSD或者其他的UNIX系统也可以和LinuxMint共存。如果你装有多系统，你可以在电脑启动之时通过启动菜单选择不同的系统。LinuxMint可以很好的在一个单系统的电脑上运行，但是它也可以自动检测其他操作系统并与其互动，例如，如果你安装LinuxMint再一个安装了Windows系统（xp，vista或者其他版本）的计算机，它会自动检测并建立双系统启动以供您在开机的时候选择启动哪个系统。并且你可以在LinuxMint下访问Windows分区。LinuxMint是安全，稳定，有效并且日益易于操作的系统，有着优秀的设计。
布鲁雅尔,Blueair空气净化器,Blueair品牌1996年创立于瑞典首都斯德哥尔摩，是室内空气净化系统全球著名品牌。专注于设计、研发和生产高效的空气过滤系统，始终对产品保持着高标准、高品质、高效能的态度，以实力确立了在国际市场上高端品牌的形象及地位 。
乔明,乔明,乔明（1927~1998）山东菏泽人。中国老年书画研究会会员、创作研究员，四川省老年书画研究会一、二届常务理事兼宣传展览部长，四川省及成都市书法家协会会员，四川省书学学会会员，蜀汉书画院第一副院长，省级机关老年书画协会常务副会长，成都市诗词学会顾问等。
C,c语言,C语言是一门通用计算机编程语言，应用广泛。C语言的设计目标是提供一种能以简易的方式编译、处理低级存储器、产生少量的机器码以及不需要任何运行环境支持便能运行的编程语言。尽管C语言提供了许多低级处理的功能，但仍然保持着良好跨平台的特性，以一个标准规格写出的C语言程序可在许多电脑平台上进行编译，甚至包含一些嵌入式处理器（单片机或称MCU）以及超级电脑等作业平台。二十世纪八十年代，为了避免各开发厂商用的C语言语法产生差异，由美国国家标准局为C语言制定了一套完整的美国国家标准语法，称为ANSIC，作为C语言最初的标准。 目前2011年12月8日，国际标准化组织（ISO）和国际电工委员会（IEC）发布的C11标准是C语言的第三个官方标准，也是C语言的最新标准，该标准更好的支持了汉字函数名和汉字标识符，一定程度上实现了汉字编程。C语言是一门面向过程的计算机编程语言，与C++，Java等面向对象的编程语言有所不同。
柳月,柳月,正月的时候，人们通常习惯将银柳插在瓶头，故正月也称为柳月。
AFI,AFI,权限和格式标识符朋克乐队-AFireInside美国电影学会羊水指数国际音标缩写（西班牙语）
易乐看,易乐看,
ELC,ELC,ELC是历史上法国研制的空降轻型坦克。 1956年，法国国防部启动了ELC计划，目的是设计一款可以空运的轻型装甲车辆。AMXELC是一种外形低矮，安装双人炮塔的轻型坦克。
camdora,Camdora,Camdora是一个消费级3D运动相机和全景相机品牌。隶属于上海威咖信息技术有限公司。主打3D摄影的VR相机，致力于创造一流VR影像品牌和VR视频服务平台，把沉浸式虚拟现实视频体验普及到每一个消费者。
C派,C派,C派是深圳凯派科技有限公司旗下知名品牌，推出过倍受消费者好评的C派C系列、X系列驾驶安全预警产品，以及C派S系列、Q系列导航产品，所有产品均通过权威机构认证，品质卓越，为客户带去了美好生活的优越体验。
慧海,慧海,慧海，（1626～？）明末清初临济宗僧。鄂州（湖北）富川涌泉人，俗姓谢。
孩之宝,孩之宝,孩之宝(Hasbro)，美国著名玩具公司。1923年在美国罗德岛，由Henry与HelalHassenfeld兄弟创建，名字源自HassenfeldBrothers的缩写。
贝尔金,贝尔金,贝尔金公司(BelkinCorporation)是周边产品的全球领先厂商，为电脑、数码和移动产品的用户提供创新的连接技术。2018年3月，鸿海在香港的子公司鸿腾宣布以8.66亿美元并购美国消费电子制造商贝尔金。 
谷歌,Google,谷歌公司（GoogleInc.）成立于1998年9月4日，由拉里·佩奇和谢尔盖·布林共同创建，被公认为全球最大的搜索引擎公司。 谷歌是一家位于美国的跨国科技企业，业务包括互联网搜索、云计算、广告技术等，同时开发并提供大量基于互联网的产品与服务，其主要利润来自于AdWords等广告服务。 1999年下半年，谷歌网站“Google”正式启用。 2010年3月23日，宣布关闭在中国大陆市场搜索服务。2015年8月10日，宣布对企业架构进行调整，并创办了一家名为Alphabet的“伞形公司”（UmbrellaCompany），成为Alphabet旗下子公司。2015年，在2015年度“世界品牌500强”排行中重返榜首，苹果和亚马逊分别位居第二和第三名。2016年6月8日，《2016年BrandZ全球最具价值品牌百强榜》公布，以2291.98亿美元的品牌价值重新超越苹果成为百强第一。 2017年2月，BrandFinance发布2017年度全球500强品牌榜单，排名第一。 2017年6月，《2017年BrandZ最具价值全球品牌100强》公布，谷歌公司名列第一位。 2017年12月13日，谷歌正式宣布谷歌AI中国中心（GoogleAIChinaCenter）在北京成立。 2018年1月，腾讯和谷歌宣布双方签署一份覆盖多项产品和技术的专利交叉授权许可协议。 
Google,Google,谷歌公司（GoogleInc.）成立于1998年9月4日，由拉里·佩奇和谢尔盖·布林共同创建，被公认为全球最大的搜索引擎公司。 谷歌是一家位于美国的跨国科技企业，业务包括互联网搜索、云计算、广告技术等，同时开发并提供大量基于互联网的产品与服务，其主要利润来自于AdWords等广告服务。 1999年下半年，谷歌网站“Google”正式启用。 2010年3月23日，宣布关闭在中国大陆市场搜索服务。2015年8月10日，宣布对企业架构进行调整，并创办了一家名为Alphabet的“伞形公司”（UmbrellaCompany），成为Alphabet旗下子公司。2015年，在2015年度“世界品牌500强”排行中重返榜首，苹果和亚马逊分别位居第二和第三名。2016年6月8日，《2016年BrandZ全球最具价值品牌百强榜》公布，以2291.98亿美元的品牌价值重新超越苹果成为百强第一。 2017年2月，BrandFinance发布2017年度全球500强品牌榜单，排名第一。 2017年6月，《2017年BrandZ最具价值全球品牌100强》公布，谷歌公司名列第一位。 2017年12月13日，谷歌正式宣布谷歌AI中国中心（GoogleAIChinaCenter）在北京成立。 2018年1月，腾讯和谷歌宣布双方签署一份覆盖多项产品和技术的专利交叉授权许可协议。 
卡登,卡登,
黑莓,黑莓,黑莓公司是加拿大的一家通信公司，主要产品为手提通讯设备黑莓手机。黑莓手机（BlackBerry）是加拿大BlackBerry公司的一家手提无线通信设备品牌，于1999年创立。其特色是支援推动式电子邮件、行动电话、文字短信、互联网传真、网页浏览及其他无线资讯服务。较新的型号亦加入个人数码助理功能如电话簿、行事历等及话音通讯功能。大部分BlackBerry设备附设小型但完整的QWERTY键盘，方便用户输入文字。黑莓公司也是滑铁卢市东北部RIMPark的主要赞助商。公司由MikeLazaridis与JimBalsillie共同创立。 黑莓公司使用C++和Java技术为其产品研发自己的软件。黑莓公司也销售嵌入式无线通讯零部件。2014年11月14日早间消息，黑莓周四宣布，已经与三星和其他知名科技公司签订协议，进一步拓展其移动设备管理及安全平台。 2016年10月28日，加拿大手机商黑莓(BlackBerry)表示，内部将停止开发智能手机，把焦点转为软件合伙，凸显该公司陷入难以扭转旗下手机事业的窘境。 2018年3月7日，黑莓起诉Facebook侵犯了其专利，称被告极其流行的消息应用非法使用了其发明的技术。 
BlackBerry,BlackBerry,blackberry原名是ResearchInMotionLimited，是指加拿大RIM公司的持有的黑莓品牌名字，在2013年1月30日，RIM公司在美国纽约召开发布会，宣布RIM正式更名为BlackBerry。该品牌主要用于手机行业。黑莓设备的网络服务有电子邮件、办公软件、企业数据、电话、个人助理、互联网和内联网访问、短信等。
LaCie,LACIE,法国LaCie（莱斯），是公认的欧洲存储设备方面的领先制造商。凭借其卓越的外部设计和领先的内部存储技术，在欧洲已经成为高雅品位的代表品牌。LaCie的产品以人体工学为基础，由一群世界知名的设计师设计，每一款产品犹如每一件艺术品奉献给受众。1992年起，LaCie便与一群世界知名的设计师共同开发新产品，其中包括ZibaDesign、PhilippeStarck、PorscheDesignGmbH、KarimRashid、Ora-Ito与NeilPoulton，各类产品屡获“欧洲红点设计大奖”。LaCie也一直希望能让消费者了解：存储设备不仅仅是存储数据，更可以保留您的记忆点滴，妆点您的生活。
威尔帝,威尔帝,威尔帝，动漫《家庭教师HitmanReborn》的人物，彩虹之子之一，拥有绿色奶嘴。是黑手党界三大科学家之一，对科学研究有着疯狂的热爱。誉为“疯狂的科学家”、达尔文再世。
摄图,沙钵略可汗,沙钵略可汗（？―587年），亦称伊利俱卢设莫贺始波罗可汗，阿史那氏，名摄图，伊利可汗阿史那土门之孙，乙息记可汗阿史那科罗（一说阿逸可汗）之子，木杆可汗阿史那俟斤和佗钵可汗的侄子，突厥汗国第六任可汗，581年―587年在位。佗钵可汗在位时，任命摄图为尔伏可汗，统治突厥东部地区。开皇元年（581年），佗钵可汗去世，佗钵可汗之子庵逻将汗位让给摄图，号沙钵略可汗。沙钵略可汗继位后，在其妻千金公主（北周公主）的影响下，屡次兴兵侵犯代周而建的隋朝。但隋朝派将领长孙晟游说西突厥阿波可汗和达头可汗，分化突厥的势力。最终于开皇三年（583年）沙钵略可汗遭隋朝打败后，只好向隋朝称臣讲和。开皇七年（587年），沙钵略可汗去世，遗命其弟处罗侯继任汗位，号叶护可汗（一号莫何可汗）。
茄紫,茄紫,
上映,上映,指播放影片、电视剧等给消费观众观赏的活动。放映的地点通常是影院、剧院或戏院，还有开阔的室外场地。放映方式还有有线或者无线电视台、网络等。
HIGE,hige,动漫作品《狼雨》中的四个主角之一。是第一只和狼牙结成同伴的狼。
京造,京造,
mOmA,MOMA,现代艺术博物馆（英文：MuseumofModernArt，常简称为MoMA）是一所在美国纽约市曼哈顿中城的博物馆，也是世界上最杰出的现代艺术收藏之一。位于曼哈顿第53街（在第五和第六大道之间），此博物馆经常与大都会博物馆相提并论，虽馆藏少于前者，但在现代艺术的领域里，该馆拥有较多重要的收藏。
京东众筹,京东众筹,2014年7月1日，京东众筹正式诞生，在新消费升级时代下，京东众筹不仅是一个为用户提供“与众，不同”的趋势性产品体验的品质生活平台，更是一个为创新创业企业发展提速的筹资与孵化平台。 
CrazyPanda,CrazyPanda,《CrazyPanda》是一款休闲益智类游戏，运行环境支持Android2.1。
ZOOM,极速,极速（Zoom）是美国DC漫画旗下超级反派，初次登场于的《闪电侠：秘密档案与起源》（FlashSecretFilesandOrigins）第3期（2001年11月），由杰夫·约翰斯和斯科特·科林斯联合创作。本名是亨特·佐勒蒙（HunterZolomon），是第三代闪电侠沃利·韦斯特的敌人，也是第三代逆闪电。 新52的极速（Zoom）则是艾尔伯德·斯旺（EobardThawne）
Ezscan,EZSCAN,EZSCAN是由法国英佩特医疗公司（Impetomedical)制造生产的用于检测糖尿病风险的创新型设备。
雄视天下,雄视天下,《雄视天下》是由作者熊奕程编写的连载小说，连载网站：起点中文网。
卓美,卓美,简称CPD（createprefectdesign）是一所集设计教育、设计管理、设计研发一体化的教育机构聚集了国内多家优秀室内设计公司的设计团队用实际项目工作经验结合设计、理论、手绘、软件、技术、施工、管理等创新的设计教育模式，为学生提供系统和专业的教学服务。努力培养出优秀、创新、实战型室内设计精英。 
ZoMei,zomei,zomei摄影器材已发展成为国内摄影器材行业最具竞争力和影响力的品牌之一。
施耐德,施耐德,施耐德电气 有限公司(SchneiderElectricSA)是世界500强企业之一，1836年由施耐德兄弟建立。它的总部位于法国吕埃。施耐德电气公司是全球能效管理领域的领导者，为100多个国家的能源及基础设施、工业、数据中心及网络、楼宇和住宅市场提供整体解决方案，在住宅应用领域也拥有强大的市场能力。2012财年，施耐德在全球的总营收达到240亿欧元，在100多个国家拥有超过140，000名员工。
Schneider,施耐德,施耐德电气 有限公司(SchneiderElectricSA)是世界500强企业之一，1836年由施耐德兄弟建立。它的总部位于法国吕埃。施耐德电气公司是全球能效管理领域的领导者，为100多个国家的能源及基础设施、工业、数据中心及网络、楼宇和住宅市场提供整体解决方案，在住宅应用领域也拥有强大的市场能力。2012财年，施耐德在全球的总营收达到240亿欧元，在100多个国家拥有超过140，000名员工。
博士,Bose,BOSE是全美国最大的扬声器厂家之一，总部坐落在美国麻省，单是从事研究开发的工程师就有几百人，是一家全资独立公司。产品在汽车音响领域和航天科技领域也同样有着出色的表现。除了民用产品，Bose在专业音响领域也有广泛的开拓。Bose专业音响系统成功地应用于大型体育场馆、多功能会议厅、教堂、高端酒店和品牌旗舰店等。
BOSE,Bose,BOSE是全美国最大的扬声器厂家之一，总部坐落在美国麻省，单是从事研究开发的工程师就有几百人，是一家全资独立公司。产品在汽车音响领域和航天科技领域也同样有着出色的表现。除了民用产品，Bose在专业音响领域也有广泛的开拓。Bose专业音响系统成功地应用于大型体育场馆、多功能会议厅、教堂、高端酒店和品牌旗舰店等。
咔莱,咔莱,咔莱™（英文名：Commlite™）是咔莱（香港）科技有限公司旗下品牌之一。咔莱（香港）科技有限公司成立于2007年，于2010年初由元器件生产制造业成功跨入专业摄影器材、影像灯光制造领域，是一家集产品研发、生产、销售等全方位服务于一体的综合性企业。
震荡波,震荡波,震荡波是《变形金刚》系列的虚拟角色之一。他是力量强大，令人敬畏的狂派战士之一，也是少数几个和威震天单打独斗还能活着回来的家伙之一，威震天也对他做出极高评价，忠心耿耿的他是个优秀的变形金刚。他非常聪明，逻辑方法十分有效。震荡波的加农炮手臂与背上的核反应堆相连，可以操纵各种形式的放射波，例如电磁波谱、X射线、红外线以及无线电波。也可以发射强大的能量波。*《变形金刚》含有多个系列以及宇宙，故多个版本人物设定会有不同。
ZDB,zdb,ZDB是一种智能电机保护器的名称。
劲捷,劲捷,
第一眼,第一眼,《第一眼》是由歌手梁文音演唱的流行歌曲，所属专辑《爱的诗篇(第二版)》，2008年12月12日环球唱片在中国台湾发行。 
Withings,Withings,《Withings》是一款Android平台的应用。
KOWA,kowa,KOWA是日本兴和株式会社集团所拥有的品牌。
Liquid Image,LIQUID IMAGE,LiquidImage公司®是一家运动摄像机制造商和开发商，公司总部设在美国加利福尼亚州，LIQUIDIMAGE（简称LIC）旗下研发出的护目镜摄像机，可以满足用户以主观视角来进行影像记录。自2008年发布第一款水下摄像面具以来，LiquidImage公司不断随着潜水、滑雪、越野市场的演变来研发产品。大多数型号可支持每秒30帧的1080P全高清视频和每秒60帧的720P高清视频，并具备防风设计录音系统，从而满足高速运动中的清晰拍摄。2012年，LiquidImage公司发布了他们的第一款可随身携带摄像机Ego727，这在当时，也是市场上最小的具有无线传输功能的摄像机之一。公司现拥有超过150种产品（35款运动型摄像机），给广大消费者提供了非常广泛的选择。LiquidImage产品已多次荣获CEA机构颁发的设计和功能性大奖。产品设计上符合人体工程学，既易于使用，又有利于极限运动的表现。从以休闲度假家庭为主的低端机型，到为专业摄影摄像师、运动员和热衷高科技的消费者准备的高端机型，多样化的产品来满足不同消费者的摄像需求。
景胜,景胜,景胜汉语词汇。拼音：jǐngshèng释义：优美的景色。亦谓景色优美
京东商城,京东商城,京东是中国的综合网络零售商，是中国电子商务领域受消费者欢迎和具有影响力的电子商务网站之一，在线销售家电、数码通讯、电脑、家居百货、服装服饰、母婴、图书、食品、在线旅游等12大类数万个品牌百万种优质商品。京东在2012年的中国自营B2C市场占据49%的份额，凭借全供应链继续扩大在中国电子商务市场的优势。京东已经建立华北、华东、华南、西南、华中、东北六大物流中心，同时在全国超过360座城市建立核心城市配送站。2012年8月14日，京东与苏宁开打"史上最惨烈价格战"。2013年3月30日19点整正式切换了域名，并且更换新的logo 。2018年1月11日，刘强东发出内部邮件，宣布京东商城将组建大快消事业群、电子文娱事业群和时尚生活事业群，并分别任命王笑松、闫小兵、胡胜利为三大事业群总裁并升任京东集团高级副总裁。 2018年3月，北京市消协官网显示，北京市消协2017年在京东商城购买74种比较试验样品，其中有33种不达标，不达标率为44.6%。
托瓦,托瓦,托瓦是一名喀麦隆籍足球运动员，场上位置是右前卫。
TAMO,Tamo,Tamo位于二世古，是家3星级酒店。
蜘蛛,蜘蛛,节肢动物门（Arthropoda）蛛形纲（Arachnida）蜘蛛目（Araneida或Araneae）所有种的通称。除南极洲以外，全世界分布。从海平面分布到海拔5000米处，均陆生。蜘蛛是陆地生态系统中最丰富的捕食性天敌，在维持农林生态系统稳定中的作用不容忽视。 体长1～90毫米，身体分头胸部（前体）和腹部（后体）两部分，头胸部覆以背甲和胸板。头胸部有附肢两对，第一对为螯肢，有螯牙、螯牙尖端有毒腺开口；直腭亚目的螯肢前后活动，钳腭亚目者侧向运动及相向运动；第二对为须肢，在雌蛛和未成熟的雄蛛呈步足状，用以夹持食物及作感觉器官；但在雄性成蛛须肢末节膨大，变为传送精子的交接器。蜘蛛多以昆虫、其他蜘蛛、多足类为食，部分蜘蛛也会以小型动物为食。跳蛛视力佳，能在30厘米内潜近捕获猎物。人们普遍认为蜘蛛是一种昆虫，但它们和蝎子、蜈蚣一样，不属于昆虫。因为昆虫的基本特征是体躯三段头、胸、腹，2对翅膀与6只足。
Carry Speed,Carry speed,美国Carryspeed 速道是一种斜挎式功能性相机背带系统。获得了2012欧洲Digifotopro(欧洲专业数码摄影)最佳产品设计铂金奖及2013年日本デジタルカメラグランプリ2013SUMMER相机背带类金奖。除了舒适背负，快速拍摄的基本功能外，速道更有几大世界级专利设计：收放自如的胸前快速滑扣，任意旋转并能直接放置于三脚架上的"球头+快装板"结构等等。该品牌在中国区的总代理为奇乐商贸。
dostyle,dostyle,dostyle是京东自有品牌。 创建于2012年。
Coleman,Coleman,Coleman户外休闲产品的领导者Coleman品牌中文翻译——科勒曼户外装备类产品的领导者，全球市场份额第一提供超过一万种产品，包括户外照明，露营用品，燃具和炊具，隔温系列产品，水上运动等
GGS,GGS,GGS，全称GetGenuineSolution，是由华信惠悦开发的的全球职位评等系统。
伟易达,伟易达,VTECH伟易达简介伟易达于一九七六年成立，企业文化植根于「科技和创新」，集团于二零零五财政年度共投资三千八百五十万美元于产品研究及开发，并推出多款创新及优质产品。集团的总办事处设於香港特别行政区，而完善的生产设施则设于中国，业务遍布十个国家，并在全球聘用约二万二千七百名员工，其中包括约八百八十名科研专才。集团在加拿大、中国香港及中国均设有产品研究及开发中心，透过此庞大网路，集团便能紧贴世界各地的最新技术及市场发展趋势。
外星人,罗纳尔多·路易斯·纳扎里奥·达·利马,罗纳尔多·路易斯·纳扎里奥·达·利马（RonaldoLuizNazarioDeLima），1976年9月18日出生在巴西里约热内卢，巴西足球运动员，司职前锋。罗纳尔多青少年时期成名于克鲁塞罗，1996、1997、2002年三度获得世界足球先生，1998年当选世界杯最佳球员，2002年获得世界杯金靴奖，2010年罗纳尔多获得巴西传奇巨星奖。 罗纳尔多的欧洲足球生涯始于埃因霍温，此后先后效力过巴塞罗那、国际米兰、皇家马德里、AC米兰四支豪门球队，共拿到1次西甲冠军奖杯，1次欧洲联盟杯、1次欧洲优胜者杯、1次西班牙国王杯以及2次西班牙超级杯冠军奖杯。 2011年2月14日，饱受伤病折磨的罗纳尔多宣布退役，终结了18年的职业生涯。 
Alienware,alienware,Alienware是北美著名的整机厂商。Alienware的产品，均采用了当前最高端、顶级的配置，在业界是高端、高品质的代名词，加之外观前卫的机箱，使得Alienware的产品极受DIY的欢迎。提起Alienware，相信很多笔记本电脑发烧友一定都会联想到性能超一流的“外星人”造型，2006年Alienware被戴尔收购，Alienware品牌作为戴尔子品牌继续运作。
森海塞尔,声海,声海（原名：森海塞尔），由Prof.Dr.FritzSennheiser（弗里茨·森海塞尔博士，1912年5月9日～2010年5月17日）于1945年创立的森海塞尔是世界公认领先的专业话筒和耳机制造商。森海塞尔不断地引领着新的音频技术的潮流，研究开发中心在德国汉诺威。它也是业界公认的无线电、红外声传输技术、听诊式耳机、航空通话耳机、多媒体传播、呼叫中心耳机和头戴式耳机的先驱。
Sennheiser,声海,声海（原名：森海塞尔），由Prof.Dr.FritzSennheiser（弗里茨·森海塞尔博士，1912年5月9日～2010年5月17日）于1945年创立的森海塞尔是世界公认领先的专业话筒和耳机制造商。森海塞尔不断地引领着新的音频技术的潮流，研究开发中心在德国汉诺威。它也是业界公认的无线电、红外声传输技术、听诊式耳机、航空通话耳机、多媒体传播、呼叫中心耳机和头戴式耳机的先驱。
日清,日清,全名日清食品(日清食品株式会社、NissinFoodProductsCo.Ltd.)是一间日本食品公司，以推出各种即食食品著名，是总部位于大阪府大阪市淀川区的日本食品加工公司。由开发了世界最早的方便面ChickenRamen的安藤百福创办。和AcecookHouseFoods并列为同样总部位置于大阪的方便面厂商之一。
其它,其它,其它，即"其余的它者"，物主代词。在“其他”作人称代词时，其他与其它是区别的；在“其他”表示其余者而用于物称时，二者就可以换用。古汉语里有的也写作“其佗”，佗是物主代词，如《左传·隐公元年》”佗邑唯命“，它也是物主代词，如《后汉书·列女传》”无它异“。佗、它通假而用，类似通假在先秦秦汉是普遍现象。古汉语不区分其他与其它，现代汉语里他作为人称代词而它作为物主代词了，因此，在现代汉语环境，谈物时，用“其他”是继承古代用法，用“其它”是新环境里的合逻辑用法，都可以。
TP-LINK,TP-LINK,TP-LINK是普联技术有限公司旗下的品牌，成立于1996年，是专门从事网络与通信终端设备研发、制造和行销的业内主流厂商，也是国内少数几家拥有完全独立自主研发和制造能力的公司之一，创建了享誉全国的知名网络与通信品牌：TP-LINK。是一家正处于高速发展和国际化进程中的国家级高新技术企业，公司总部坐落于深圳市高新技术产业园区内 。
GODEX,godex,台湾科诚股份有限公司﹝Godex﹞为专业的条码打印机制造商，始创于1993年以自有品牌EZ系列产品行销全世界，并获得多方肯定。
金钟,金钟,金钟，中国大陆新生代青年演员，毕业于中央戏剧学院表演系本科 。因在《新亮剑》饰演于承柱而被观众熟知 。随后在多部影视作品中均有出色表现，其主演的铁血青春军旅剧《雪域雄鹰》于2015年11月4日CCTV-1黄金档首播。 
捷宝,捷宝,广州捷宝电子科技发展有限公司创建于2001年，位于广州市国家软件产业基地高塘园区，是物联网领域专业的智能终端与解决方案供应商及信息服务运营商。
惠普,惠普,惠普（HP）是世界最大的信息科技（IT）公司之一，成立于1939年，总部位于美国加利福尼亚州帕洛阿尔托市。惠普下设三大业务集团：信息产品集团、打印及成像系统集团和企业计算机专业服务集团。中国惠普有限公司总部位于北京，在上海、广州、沈阳、南京、西安、武汉、成都、深圳等都设有分公司。中国惠普在大连设有惠普全球呼叫中心，在重庆设有生产工厂，在天津设有数据中心。 
HP,幽门螺杆菌,幽门螺杆菌病是一种螺旋形、微厌氧、对生长条件要求十分苛刻的细菌。1983年首次从慢性活动性胃炎患者的胃黏膜活检组织中分离成功，是目前所知能够在人胃中生存的惟一微生物种类。2017年10月27日，世界卫生组织国际癌症研究机构公布的致癌物清单初步整理参考，幽门螺杆菌（感染）在一类致癌物清单中。 
华为,华为技术有限公司,华为技术有限公司是一家生产销售通信设备的民营通信科技公司，于1987年正式注册成立，总部位于中国深圳市龙岗区坂田华为基地。 华为是全球领先的信息与通信技术（ICT）解决方案供应商，专注于ICT领域，坚持稳健经营、持续创新、开放合作，在电信运营商、企业、终端和云计算等领域构筑了端到端的解决方案优势，为运营商客户、企业客户和消费者提供有竞争力的ICT解决方案、产品和服务，并致力于使能未来信息社会、构建更美好的全联接世界。2013年，华为首超全球第一大电信设备商爱立信，排名《财富》世界500强第315位。截至2016年底，华为有17万多名员工，华为的产品和解决方案已经应用于全球170多个国家，服务全球运营商50强中的45家及全球1/3的人口。2016年8月，全国工商联发布“2016中国民营企业500强”榜单，华为以3950.09亿元的年营业收入成为500强榜首。 8月，华为在"2016中国企业500强"中排名第27位。 2017年6月6日，《2017年BrandZ最具价值全球品牌100强》公布，华为名列第49位。 2017年6月30日，华为技术有限公司荣获中国商标金奖的马德里商标国际注册特别奖。 美国《财富》杂志发布了最新一期的世界500强名单。华为以785.108亿美元营业收入首次打入前百强，排名第83位，较上一年的第129位提升46位。 2018年2月23日，沃达丰和华为完成首次5G通话测试。 2018年2月27日，FraunhoferIIS与华为签署了一项MPEG-4音频专利组合的全球许可协议。 
HUAWEI,华为技术有限公司,华为技术有限公司是一家生产销售通信设备的民营通信科技公司，于1987年正式注册成立，总部位于中国深圳市龙岗区坂田华为基地。 华为是全球领先的信息与通信技术（ICT）解决方案供应商，专注于ICT领域，坚持稳健经营、持续创新、开放合作，在电信运营商、企业、终端和云计算等领域构筑了端到端的解决方案优势，为运营商客户、企业客户和消费者提供有竞争力的ICT解决方案、产品和服务，并致力于使能未来信息社会、构建更美好的全联接世界。2013年，华为首超全球第一大电信设备商爱立信，排名《财富》世界500强第315位。截至2016年底，华为有17万多名员工，华为的产品和解决方案已经应用于全球170多个国家，服务全球运营商50强中的45家及全球1/3的人口。2016年8月，全国工商联发布“2016中国民营企业500强”榜单，华为以3950.09亿元的年营业收入成为500强榜首。 8月，华为在"2016中国企业500强"中排名第27位。 2017年6月6日，《2017年BrandZ最具价值全球品牌100强》公布，华为名列第49位。 2017年6月30日，华为技术有限公司荣获中国商标金奖的马德里商标国际注册特别奖。 美国《财富》杂志发布了最新一期的世界500强名单。华为以785.108亿美元营业收入首次打入前百强，排名第83位，较上一年的第129位提升46位。 2018年2月23日，沃达丰和华为完成首次5G通话测试。 2018年2月27日，FraunhoferIIS与华为签署了一项MPEG-4音频专利组合的全球许可协议。 
格兰仕,格兰仕,格兰仕集团是一家定位于“百年企业世界品牌”的世界级企业，在广东顺德、中山拥有国际领先的微波炉、空调及小家电研究和制造中心，在中国总部拥有13家子公司，在全国各地共设立了60多家销售分公司和营销中心，在香港、首尔、北美等地都设有分支机构。
Galanz,格兰仕,格兰仕集团是一家定位于“百年企业世界品牌”的世界级企业，在广东顺德、中山拥有国际领先的微波炉、空调及小家电研究和制造中心，在中国总部拥有13家子公司，在全国各地共设立了60多家销售分公司和营销中心，在香港、首尔、北美等地都设有分支机构。
博客,博客,博客，仅音译，英文名为Blogger为WebLog的混成词。它的正式名称为网络日记；又音译为部落格或部落阁等，是使用特定的软件，在网络上出版、发表和张贴个人文章的人，或者是一种通常由个人管理、不定期张贴新的文章的网站。博客上的文章通常以网员形式出现，并根据张贴时间，以倒序排列。博客是继MSN.BBS.ICQ之后出现的第4种网络交流方式，现已受到大家的欢迎，是网络时代的个人“读者文摘”，是以超级链接为武器的网络日记，它代表着新的生活、工作和学习方式。许多博客专注在特定的课题上提供评论或新闻，其他则被作为比较个人的日记。一个典型的博客结合了文字、图像、其他博客或网站的链接及其它与主题相关的媒体，能够让读者以互动的方式留下意见，是许多博客的重要要素。大部分的博客内容以文字为主，仍有一些博客专注在艺术、摄影、视频、音乐、播客等各种主题。博客是社会媒体网络的一部分。比较著名的有新浪、网易等博客。 
Bocca,BOCCA,BOCCA适宜情侣约会、家庭聚会、朋友聚餐、休闲小憩。
LG,LG集团,韩国LG集团于1947年成立于韩国首尔，位于首尔市永登浦区汝矣岛洞20号。是领导世界产业发展的国际性企业集团。 LG集团目前在171个国家与地区建立了300多家海外办事机构。事业领域覆盖化学能源、电子电器、通讯与服务等领域。
