惠普,惠普,惠普（HP）是世界最大的信息科技（IT）公司之一，成立于1939年，总部位于美国加利福尼亚州帕洛阿尔托市。惠普下设三大业务集团：信息产品集团、打印及成像系统集团和企业计算机专业服务集团。中国惠普有限公司总部位于北京，在上海、广州、沈阳、南京、西安、武汉、成都、深圳等都设有分公司。中国惠普在大连设有惠普全球呼叫中心，在重庆设有生产工厂，在天津设有数据中心。 
HP,幽门螺杆菌,幽门螺杆菌病是一种螺旋形、微厌氧、对生长条件要求十分苛刻的细菌。1983年首次从慢性活动性胃炎患者的胃黏膜活检组织中分离成功，是目前所知能够在人胃中生存的惟一微生物种类。2017年10月27日，世界卫生组织国际癌症研究机构公布的致癌物清单初步整理参考，幽门螺杆菌（感染）在一类致癌物清单中。 
得力,得力办公,中国驰名商标、中国文具百环奖、办公文具行业领导品牌。创建时间：1988年，集团年。 
deli,deli,deli，英语词汇，基本释义为熟食品、熟食店。
爱普生,爱普生,精工爱普生公司（SeikoEpsonCorporation），成立于1942年5月，总部位于日本长野县诹访市，是日本的一家数码影像领域的全球领先企业。爱普生集团通过富有创新和创造力的文化，提升企业价值，致力于为客户提供数码影像创新技术和解决方案。目前在全球五大洲32个国家和地区设有生产和研发机构，在57个国家和地区设有营业和服务网点。爱普生集团在全球设有94家公司，员工总数逾72000人。 
EPSON,爱普生,精工爱普生公司（SeikoEpsonCorporation），成立于1942年5月，总部位于日本长野县诹访市，是日本的一家数码影像领域的全球领先企业。爱普生集团通过富有创新和创造力的文化，提升企业价值，致力于为客户提供数码影像创新技术和解决方案。目前在全球五大洲32个国家和地区设有生产和研发机构，在57个国家和地区设有营业和服务网点。爱普生集团在全球设有94家公司，员工总数逾72000人。 
佳能,佳能,佳能（Canon ），是日本的一家全球领先的生产影像与信息产品的综合集团，从1937年成立以来，经过多年不懈的努力，佳能已将自己的业务全球化并扩展到各个领域。佳能的产品系列共分布于三大领域：个人产品、办公设备和工业设备，主要产品包括照相机及镜头、数码相机、打印机、复印机、传真机、扫描仪、广播设备、医疗器材及半导体生产设备等。佳能总部位于日本东京，并在美洲、欧洲、亚洲及日本设有4大区域性销售总部，在世界各地拥有子公司200家，雇员超过10万人。2016年3月9日，日本东芝公司于今日召开董事会并最终决定将旗下东芝医疗系统公司出售给佳能公司，佳能公司提出的收购报价为7000亿日元(约合人民币405亿元)。
Canon,卡农,卡农Canon——复调音乐的一种原意为“规律”。一个声部的曲调自始至终追逐着另一声部直到最后的一个小节最后的一个和弦融合在一起，给人以一个神圣的意境。卡农是一种音乐谱曲技法，复调音乐。卡农的所有声部虽然都模仿一个声部，但不同高度的声部依一定间隔进入，造成一种此起彼伏，连绵不断的效果，轮唱也是一种卡农。在卡农中，最先出现的旋律是导句，以后模仿的是答句。根据各声部高度不同的音程差，可分为同度卡农，五度卡农，四度卡农等；根据间隔的时间长短，可分为一小节卡农，两小节卡农等；此外还有伴奏卡农，转位卡农，逆行卡农，反行卡农等各种手法。
萤石,萤石,萤石（Fluorite）又称氟石、氟石粉、萤石粉。是一种矿物，等轴晶系，其主要成分是氟化钙（CaF2）。含杂质较多，Ca常被Y和Ce等稀土元素替代，此外还含有少量的Fe2O3，SiO2和微量的Cl，O3，He等。自然界中的萤石常显鲜艳的颜色，部分可发出荧光。莫氏硬度4，低于钢，易划伤、质脆、甘、涩，无毒。熔点：1270-1350℃。密度：3.18g/cm³，折射率：1.434。
海康威视,海康威视,海康威视是全球领先的以视频为核心的物联网解决方案提供商，致力于不断提升视频处理技术和视频分析技术，面向全球提供领先的监控产品和技术解决方案。海康威视的营销及服务网络覆盖全球，目前在中国大陆34个城市已设立分公司，在香港、美国洛杉矶和印度也已设立了全资和合资子公司，并正在全球筹建更多的分支机构。
联想,联想集团,联想集团是1984年中国科学院计算技术研究所投资20万元人民币，由11名科技人员创办，是中国的一家在信息产业内多元化发展的大型企业集团，和富有创新性的国际化的科技公司。从1996年开始，联想电脑销量一直位居中国国内市场首位；2005年，联想集团收购IBMPC（Personalcomputer，个人电脑）事业部；2013年，联想电脑销售量升居世界第一，成为全球最大的PC生产厂商。2014年10月，联想集团宣布了该公司已经完成对摩托罗拉移动的收购。作为全球电脑市场的领导企业，联想从事开发、制造并销售可靠的、安全易用的技术产品及优质专业的服务，帮助全球客户和合作伙伴取得成功。联想公司主要生产台式电脑、服务器、笔记本电脑、智能电视、打印机、掌上电脑、主板、手机、一体机电脑等商品。自2014年4月1日起，联想集团成立了四个新的、相对独立的业务集团，分别是PC业务集团、移动业务集团、企业级业务集团、云服务业务集团。2016年8月，全国工商联发布“2016中国民营企业500强”榜单，联想名列第四。 
Lenovo,联想集团,联想集团是1984年中国科学院计算技术研究所投资20万元人民币，由11名科技人员创办，是中国的一家在信息产业内多元化发展的大型企业集团，和富有创新性的国际化的科技公司。从1996年开始，联想电脑销量一直位居中国国内市场首位；2005年，联想集团收购IBMPC（Personalcomputer，个人电脑）事业部；2013年，联想电脑销售量升居世界第一，成为全球最大的PC生产厂商。2014年10月，联想集团宣布了该公司已经完成对摩托罗拉移动的收购。作为全球电脑市场的领导企业，联想从事开发、制造并销售可靠的、安全易用的技术产品及优质专业的服务，帮助全球客户和合作伙伴取得成功。联想公司主要生产台式电脑、服务器、笔记本电脑、智能电视、打印机、掌上电脑、主板、手机、一体机电脑等商品。自2014年4月1日起，联想集团成立了四个新的、相对独立的业务集团，分别是PC业务集团、移动业务集团、企业级业务集团、云服务业务集团。2016年8月，全国工商联发布“2016中国民营企业500强”榜单，联想名列第四。 
坚果,坚果,坚果，是闭果的一个分类，果皮坚硬，内含1粒或者多粒种子。如板栗，杏仁等的果实。坚果是植物的精华部分，一般都营养丰富，含蛋白质、油脂、矿物质、维生素较高，对人体生长发育、增强体质、预防疾病有极好的功效。根据权威机构研究得出：每周食用两次以上坚果能够降低人们患致命心脏病的风险，这是美国医生健康研究项目的两万名男性医生消费坚果的特点进行调查后的准确结果。
兄弟,华谊兄弟传媒集团,华谊兄弟传媒股份有限公司是中国大陆一家知名综合性民营娱乐集团，由王中军、王中磊兄弟在1994年创立，1998年投资著名导演冯小刚的影片《没完没了》、姜文导演的影片《鬼子来了》正式进入电影行业。因每年投资冯小刚的贺岁片而声名鹊起，随后全面进入传媒产业，投资及运营电影、电视剧、艺人经纪、唱片、娱乐营销等领域，在这些领域都取得了不错的成绩，并且在2005年成立华谊兄弟传媒集团。2009年9月27日，证监会创业板发行审核委员会公告，华谊兄弟传媒股份有限公司（首发）获得通过，这意味着华谊兄弟成为了首家获准公开发行股票的娱乐公司;也迈出了其境内上市至关重要的一步。2017年5月11日，华谊兄弟传媒集团入选第九届全国“文化企业30强”。 
brother,兄弟,《兄弟》原曲是一首俄国民歌，是描写二战时期亲情离散的一首歌曲。后被TV动画《钢之炼金术师》作为插曲，并邀请俄罗斯信念合唱团为其进行原声录制。
虎牌,虎牌,虎牌公司（日文：タイガー魔法瓶株式会社），是日本的一个高品质真空瓶及消费电子产品制造的跨国公司。它在中国台湾和北美分别开设有分公司。
富士施乐,富士施乐,富士施乐公司是全球最大数字与信息技术产品生产商，是一家全球500强企业。是复印技术的发明公司，具有悠久的历史。富士施乐公司在复印机市场占有率，特别是彩色机器的市场占有率，占据全球第一的位置；其彩色的技术方面是全球领袖企业。
Fuji Xerox,富士施乐株式会社,富士施乐公司是全球最大数字与信息技术产品生产商，是一家全球500强企业。
爱宝,爱宝,Noble（爱宝）集团由Alice于上个世纪中期在加利福尼亚创立，目前在世界各地拥有300多个加盟店，在几乎每个国家都有对当地知名品牌的收购行为，并且通过集团成功的全球化分销渠道，把很多原本只在固定地区享有知名度的品牌推向全世。成立以来，Noble（爱宝）集团一直以促进国际母婴事业，为每一个家庭带去最好的婴童产品是集团矢志不渝的使命，今天Noble（爱宝）集团已经成长为国际的著名母婴集团。近年来，中国母婴市场呈现爆发趋势，Noble（爱宝）集团集团与AC尼尔森合作调研通过长达五年的对中国市场、消费人群的调查分析，决定斥巨资进军中国市场，并以中国市场作为进军亚洲市场的桥头堡。
科密,科密,科密，马耳他的一支足球队。
明基,明基,明基电通产品服务横跨3C领域，为全球享有盛名的数字时尚科技领导企业。由施振荣创立于1984年6月，过去也是宏碁集团旗下的公司之一，并共同使用Acer的标志。1999年泛宏碁集团整顿后，独立成明基电通集团，并于2001年推出自有品牌BenQ，以“享受快乐科技”为品牌定位，以“数字时尚网络产品”为核心发展概念。拥有产品设计、视觉科技以及移动科技三大核心竞争力，产品涵盖数字媒体、计算机系统及周边、网络通信及3C数字整合等领域，包括数字投影机、液晶显示器、数码相机、台式电脑、笔记本电脑、液晶电视、电脑周边产品等多元化的产品线。
BenQ,明基,明基电通产品服务横跨3C领域，为全球享有盛名的数字时尚科技领导企业。由施振荣创立于1984年6月，过去也是宏碁集团旗下的公司之一，并共同使用Acer的标志。1999年泛宏碁集团整顿后，独立成明基电通集团，并于2001年推出自有品牌BenQ，以“享受快乐科技”为品牌定位，以“数字时尚网络产品”为核心发展概念。拥有产品设计、视觉科技以及移动科技三大核心竞争力，产品涵盖数字媒体、计算机系统及周边、网络通信及3C数字整合等领域，包括数字投影机、液晶显示器、数码相机、台式电脑、笔记本电脑、液晶电视、电脑周边产品等多元化的产品线。
ZKTeco,ZKTeco,ZKTeco是深圳市中控生物识别技术有限公司旗下品牌。
霍尼韦尔,霍尼韦尔,霍尼韦尔国际（HoneywellInternational）是一家营业额达300多亿美元的多元化高科技和制造企业，在全球，其业务涉及：航空产品和服务、楼宇、家庭和工业控制技术、汽车产品、涡轮增压器以及特殊材料。霍尼韦尔公司总部位于美国新泽西州莫里斯镇。霍尼韦尔是一家国际性从事自控产品开发及生产的公司，公司成立于一八八五年，有超过百年历史的国际公司，一九九六年，被美国"财富"杂志评为最受推崇的20家高科技企业之一。是一家销售额为333.7亿美元(2011年度)，在多元化技术和制造业方面占世界领导地位的跨国公司（500强排名280位）。宗旨是以增加舒适感，提高生产力，节省能源，保护环境，保障使用者生命及财产从而达到互利增长为目的。为全球的楼宇，工业，航天及航空市场的客户服务。霍尼韦尔国际公司是一个拥有多元化制造技术的领导者，服务于世界各地的客户，包括航天产品及服务、工业和家庭楼宇控制技术、汽车产品、涡轮增压器以及特种材料。霍尼韦尔在全球100多个国家/地区拥有116000员工，以满足客户，力争成为世界自控先驱，从而实现互利增长的目标。2017年6月7日，2017年《财富》美国500强排行榜发布，霍尼韦尔排名第73位。 
Honeywell,霍尼韦尔,霍尼韦尔国际（HoneywellInternational）是一家营业额达300多亿美元的多元化高科技和制造企业，在全球，其业务涉及：航空产品和服务、楼宇、家庭和工业控制技术、汽车产品、涡轮增压器以及特殊材料。霍尼韦尔公司总部位于美国新泽西州莫里斯镇。霍尼韦尔是一家国际性从事自控产品开发及生产的公司，公司成立于一八八五年，有超过百年历史的国际公司，一九九六年，被美国"财富"杂志评为最受推崇的20家高科技企业之一。是一家销售额为333.7亿美元(2011年度)，在多元化技术和制造业方面占世界领导地位的跨国公司（500强排名280位）。宗旨是以增加舒适感，提高生产力，节省能源，保护环境，保障使用者生命及财产从而达到互利增长为目的。为全球的楼宇，工业，航天及航空市场的客户服务。霍尼韦尔国际公司是一个拥有多元化制造技术的领导者，服务于世界各地的客户，包括航天产品及服务、工业和家庭楼宇控制技术、汽车产品、涡轮增压器以及特种材料。霍尼韦尔在全球100多个国家/地区拥有116000员工，以满足客户，力争成为世界自控先驱，从而实现互利增长的目标。2017年6月7日，2017年《财富》美国500强排行榜发布，霍尼韦尔排名第73位。 
佳博,佳博,佳博品牌票据打印机是由SUNCSW盛源、GAINSCHA金秋基业两家公司共同生产的。珠海佳博品牌是国内POS商用票据打印机的知名品牌，于2005年-2010年，公司的80mm、76mm和58mm微型票据打印机全国销量第一。拥有国内，香港、台湾最多的客户和销售量。在零售领域、餐饮领域、税控领域以及特种商品领域的技术成为全国领先的票据打印机知名品牌。
Gprinter,Gprinter,《Gprinter》是一款Android平台的应用。
齐心,齐心,齐心，1926年出生，河北高阳人。是中国无产阶级革命家、中共元老习仲勋的夫人，也是现任中国最高领导人习近平的母亲。1939年，齐心随姐姐来到山西屯留“抗大”，成为一名八路军战士，后到延安学习。1943年，她在绥德师范做学生工作时，与习仲勋相识，同年8月14日加入中国共产党，次年结婚。 
COMIX,Comix,Comix，演员，主要作品《街舞之王》。
三星,三星,三星集团是韩国最大的跨国企业集团，同时也是上市企业全球500强，三星集团包括众多的国际下属企业，旗下子公司有：三星电子、三星物产、三星航空、三星人寿保险等，业务涉及电子、金融、机械、化学等众多领域。三星集团成立于1938年，由李秉喆创办。三星集团是家族企业，李氏家族世袭，旗下各个三星产业均为家族产业，并由家族中的其他成员管理，集团领导人已传至李氏第三代，李健熙为现任集团会长，其子李在镕任三星电子副会长。2016年5月25日，华为公司在美国和中国提起对三星公司的知识产权诉讼，包括加州北区法院和深圳中级人民法院。7月21日，三星在北京知识产权法院起诉华为技术有限公司专利侵权，停止生产、销售mate8等机型，索赔8050万 。9月6日，据道琼斯消息，在已出货或到达消费者手中的约250万部Note7手机中，有70%电池为由子公司：三星SDI（SAMSUNGSDICO.LTD.）供应，剩下的部分则采用了中国新能源科技有限公司（ATL）的电池 。10月，三星集团排2016年全球100大最有价值品牌第7名。 10月，三星电子在召回GalaxyNote7手机后又宣布停止销售该手机，几乎宣布了这款旗舰手机的“死刑”，此举或令三星损失170亿美元 。12月9日，三星准备在美国升级软件，永久禁用GalaxyNote7手机。 2016年11月4日晚间消息，三星电子美国公司宣布，将主动召回280万台特定型号的顶部开盖洗衣机。 
SAMSUNG,三星集团,三星集团是韩国最大的企业集团，包括85个下属公司及若干其他法人机构，在近70个国家和地区建立了近300个法人及办事处，员工总数20余万人，业务涉及电子、金融、机械、化学等众多领域。
斑马,斑马,斑马（英文名称：zebra）：是现存的奇蹄目马科马属3种兽类的通称。因身上有起保护作用的斑纹而得名。没有任何动物比斑马的皮毛更与众不同。斑马周身的条纹和人类的指纹一样——没有任何两头完全相同。斑马为非洲特产。非洲东部、中部和南部产平原斑马，由腿至蹄具条纹或腿部无条纹。东非还产一种格式斑马，体格最大，耳长（约20厘米）而宽，全身条纹窄而密，因而又名细纹斑马。南非洲产山斑马，与其它两种斑马不同的是，它有一对象驴似的大长耳朵。除腹部外，全身密布较宽的黑条纹，雄体喉部有垂肉。斑马是草食性动物。除了草之外，灌木、树枝、树叶甚至树皮也是它们的食物。适应能力较强的消化系统，令斑马可以在低营养条件下生存，比其他草食性动物优胜。斑马对非洲疾病的抗病力比马强，但斑马始终未能被驯化成家畜，也没有能和马进行杂交。
ZEBRA,zebra,ZEBRA，一是成立于2003年3月5日的足球团体。
金典,金典,金典牛奶诞生于2007年，作为伊利液体奶的首个高端副品牌；自上市起，即秉承奉献最佳品质的理念，致力于打造中国“最好的牛奶”，主要有三支单品：金典纯牛奶、金典低脂奶、金典有机奶。
GOLDEN,golden,adj1.金的，金制的2.含金的；产金的3.金钱的，金币的4.金（黄）色的；黄金般的5.贵重的，宝贵的，珍贵的，优良的；极好的6.繁荣昌盛的；富裕的；茂盛的；高兴的，快乐的7.顺利的；吉利的；有出息的，有前途的，有指望的，有希望的8.（声音）圆润的，洪亮的
轰天炮,轰天炮,《轰天炮》是由理查德·唐纳执导的犯罪动作片，梅尔·吉布森、琼·塞弗伦斯等参加演出。该片讲述了玛丁.里格斯和罗杰.玛塔夫两位刑警追查一桩极大的走私案件的故事。
汉王,汉王,汉王科技股份有限公司成立于1998年，是全球文字识别技术与智能交互产品引领者，多年来，通过不断自主创新，在联机手写识别、光学字符识别(OCR)、数位绘画板等领域拥有多项具有自主知识产权的核心技术，综合技术水平在国内外均处于领先地位，手写汉字识别获得国家科技进步一等奖，OCR获得国家科技进步二等奖。在国内与北京文通科技有限公司形成强有力的行业竞争。
宏碁,宏碁,宏碁成立于1976年，是一个国际化的自有品牌公司，主要从事于智能手机、平板电脑、个人电脑、显示产品与服务器的研发、设计、行销、销售及服务，也结合物联网积极发展云端技术与解决方案，是一个整合软件、硬件与服务的企业。宏碁2014年个人电脑出货量全球排名第四，营收为103.9亿美元，拥有全球约7000名员工。 
acer,宏碁,宏碁成立于1976年，是一个国际化的自有品牌公司，主要从事于智能手机、平板电脑、个人电脑、显示产品与服务器的研发、设计、行销、销售及服务，也结合物联网积极发展云端技术与解决方案，是一个整合软件、硬件与服务的企业。宏碁2014年个人电脑出货量全球排名第四，营收为103.9亿美元，拥有全球约7000名员工。 
酷乐视,酷乐视,酷乐视（coolux）作为中国智能微型投影机品牌，专注于微型投影产品的设计、生产与销售。酷乐视U+电影院系列下的X5智能微型投影机，作为面向私家影院的当红花旦，凭借着极致色彩、光学高清、便携适用的产品特性在业界拥有较高的声誉。 酷乐视，是由COOLUX音译而来，由COOL和LUX（勒克司，照度单位，为距离一个光强为1cd的光源，在1米处接受的照明强度）组合而成。其为四川维优科技旗下深圳酷乐视科技有限公司的LED微型投影机系列产品的总称。主要是指采用以LED作为光源，LCOS作为成像技术的微型投影机。因此，酷乐视就是微型LED投影机。而微型LED投影机是一大类技术的统称，主要包括RGBLED+DLP技术、RBGLED+LCOS技术、白光LED+CFLCOS技术。酷乐视主要采用的则是RGBLED+DLP技术。酷乐视品牌下包含高亮微型投影机、便携LED手持投影仪、智能光学高清投影机在内的全系产品。酷乐视一直追求的是产品的高清投影画质和极致色彩效果，品牌愿景是能将呈现在大屏投影画面中的精彩细节，忠实地传递给普通大众。 
捷波朗,捷波朗,丹麦捷波朗（外文Jabra）是全球免提移动科技的领导企业大北欧通讯设备有限公司(GNNetcomA/S)的全资子公司，其总部位于丹麦哥本哈根，产品包括无线蓝牙耳机，有线耳机及移动音乐配件，如可用于移动电话和其他设备的立体声耳机和耳麦。旨在满足用户对移动生活方式的需求。丹麦捷波朗产品体现了功能与设计的完美结合，充分将科技、舒适与前沿设计融为一体，使用户能够享受到全面自由的移动通讯。
Jabra,JABRA,Jabra是在移动消费市场中创新免提通讯方案的领先品牌，其产品行销全球逾八万个零售商，包括各国主要的GSM运营商，电子消费品连锁店，移动电话服务商等。
松下,松下,松下（Panasonic），是日本的一个跨国性公司，在全世界设有230多家公司，员工总数超过290493人。其中在中国有54，000多人。2001年全年的销售总额为610多亿美元，为世界制造业500强的第26名。Panasonic的中文为“松下”（早期叫National，1986年开始逐步更改为Panasonic，2008年10月1日起全部统一为Panasonic）由日本松下电器产业株式会社自1918年松下幸之助创业，发展品牌产品涉及家电、数码视听电子、办公产品、航空等诸多领域而享誉全球；该企业品牌跃入《世界品牌500强》排行榜。松下于2012年10月31日宣布2012财年(2012年4月～2013年3月）的合并最终损益（按照美国会计标准）预期从盈利500亿日元下调为亏损7650亿日元。
Panasonic,松下,松下（Panasonic），是日本的一个跨国性公司，在全世界设有230多家公司，员工总数超过290493人。其中在中国有54，000多人。2001年全年的销售总额为610多亿美元，为世界制造业500强的第26名。Panasonic的中文为“松下”（早期叫National，1986年开始逐步更改为Panasonic，2008年10月1日起全部统一为Panasonic）由日本松下电器产业株式会社自1918年松下幸之助创业，发展品牌产品涉及家电、数码视听电子、办公产品、航空等诸多领域而享誉全球；该企业品牌跃入《世界品牌500强》排行榜。松下于2012年10月31日宣布2012财年(2012年4月～2013年3月）的合并最终损益（按照美国会计标准）预期从盈利500亿日元下调为亏损7650亿日元。
理光,理光,理光（Ricoh），是日本著名的办公设备及光学机器制造商，世界五百强企业。市村清在1936年成立理化学研究所，研究所主要研究理研阳画感光纸，1963年正式易名为理光，并在同年成立香港分公司。现在理光的主要产品包括影印机、传真机、打印机等文仪器材，文档解决方案，以及轻便型数码相机。
Ricoh,理光,理光（Ricoh），是日本著名的办公设备及光学机器制造商，世界五百强企业。市村清在1936年成立理化学研究所，研究所主要研究理研阳画感光纸，1963年正式易名为理光，并在同年成立香港分公司。现在理光的主要产品包括影印机、传真机、打印机等文仪器材，文档解决方案，以及轻便型数码相机。
索尼,索尼,索尼（日语：ソニー株式会社，英语：SonyCorporation），是日本一家全球知名的大型综合性跨国企业集团。总部设于日本东京都港区港南1-7-1。索尼是世界视听、电子游戏、通讯产品和信息技术等领域的先导者，是世界最早便携式数码产品的开创者，是世界最大的电子产品制造商之一、世界电子游戏业三大巨头之一、美国好莱坞六大电影公司之一。其旗下品牌有Xperia，Walkman，Sonymusic，哥伦比亚电影公司，PlayStation等曾有vaio旗下品牌，但在2014年2月6日，索尼剥离VAIO业务，Vaio品牌将由JapanIndustrialPartnersInc接手运营。 2018年4月1日起，现任副社长兼首席财务官吉田宪一郎升任社长，现任社长兼首席执行官平井一夫出任不具企业代表权的董事长。 
SONY,索尼,索尼（日语：ソニー株式会社，英语：SonyCorporation），是日本一家全球知名的大型综合性跨国企业集团。总部设于日本东京都港区港南1-7-1。索尼是世界视听、电子游戏、通讯产品和信息技术等领域的先导者，是世界最早便携式数码产品的开创者，是世界最大的电子产品制造商之一、世界电子游戏业三大巨头之一、美国好莱坞六大电影公司之一。其旗下品牌有Xperia，Walkman，Sonymusic，哥伦比亚电影公司，PlayStation等曾有vaio旗下品牌，但在2014年2月6日，索尼剥离VAIO业务，Vaio品牌将由JapanIndustrialPartnersInc接手运营。 2018年4月1日起，现任副社长兼首席财务官吉田宪一郎升任社长，现任社长兼首席执行官平井一夫出任不具企业代表权的董事长。 
TSC,TSC,TSC（testofspokenChinese）外国人参加的汉语口语考试，分为1级~10级。1、2级是入门级；3~5级是初级；6-7级是中级；8-10级是高级。
奥图码,奥图码,Optoma源自全球最大投影机制造商中强光电集团（台湾上市公司）。Optoma深耕本土、布局全球，自成立以来即专注投影系统的研发及销售，致力于影像与色彩处理技术的研发，在美加墨英法德台等地区皆居DLP投影机销售排行首位。
Optoma,optoma,Optoma是深耕本土、布局全球的世界品牌，自成立以来即专注于投影系统的研发制造及销售，致力于影像与色彩处理技术的不断开发，并结合完整的产品规划及灵活的营销策略，在全球主要市场皆居DLP投影机销售排名前三大。
夏普,夏普,夏普公司（SharpCorporation，シャープ株式会社）是一家日本的电器及电子公司，于1912年由创始人早川德次创立，总公司设于日本大阪。 夏普公司自创业以来，开展的业务从收音机、太阳能电池、再到液晶显示器，夏普相继推出了多个“日本首次”、“世界首次”的产品。目前，夏普现已在世界26个国家，64个地区开展业务，是一个大型的综合性电子信息公司。 2016年2月，日本夏普公司同意中国台湾富士康公司提出的收购要约。这是日本技术企业有史以来接受的最大一起海外企业收购。这意味着富士康将对夏普投资超过6500亿日元（约合58亿美元）。夏普董事会全票通过这一收购协议。 2016年3月30日下午，鸿海在台湾证券交易所召开记者会，宣布将投资2888亿日元收购夏普普通股，持有66%的股权；与此同时，还将斥资999.999亿日元购买夏普特别股，共计砸3888亿日元（约合224.7亿人民币）取得夏普过半股权。 2016年8月11日，富士康表示，中国反垄断部门已经批准了公司对夏普的收购交易。这一进展为富士康全面完成38亿美元收购夏普铺平了道路。 
GODEX,godex,台湾科诚股份有限公司﹝Godex﹞为专业的条码打印机制造商，始创于1993年以自有品牌EZ系列产品行销全世界，并获得多方肯定。
奔图,奔图,奔图是一款中国自主核心技术激光打印机品牌。奔图激光打印机的产品规划、产品营销、品牌推广和客户服务，业务范围涉及奔图激光打印机和配套耗材，以及相关打印解决方案和服务。
富士通,富士通,Fujitsu（富士通）是世界领先的日本信息通信技术（ICT）企业，提供全方位的技术产品、解决方案和服务。在全球拥有约159000名员工，客户遍布世界100多个国家。富士通凭借在ICT领域的丰富经验和实力，致力于与客户携手共创美好的未来社会。富士通集团（东京证券交易所上市代码：6702）截至2015年3月31日财政年度的合并收益为4.8兆日元（400亿美元）。 
东芝,东芝,东芝（Toshiba），是日本最大的半导体制造商，也是第二大综合电机制造商，隶属于三井集团。公司创立于1875年7月，原名东京芝浦电气株式会社，1939年由东京电气株式会社和芝浦制作所合并而成.东芝业务领域包括数码产品、电子元器件、社会基础设备、家电等。20世纪80年代以来，东芝从一个以家用电器、重型电机为主体的企业，转变为包括通讯、电子在内的综合电子电器企业。进入90年代，东芝在数字技术、移动通信技术和网络技术等领域取得了飞速发展，成功从家电行业的巨人转变为IT行业的先锋。
TOSHIBA,东芝,东芝（Toshiba），是日本最大的半导体制造商，也是第二大综合电机制造商，隶属于三井集团。公司创立于1875年7月，原名东京芝浦电气株式会社，1939年由东京电气株式会社和芝浦制作所合并而成.东芝业务领域包括数码产品、电子元器件、社会基础设备、家电等。20世纪80年代以来，东芝从一个以家用电器、重型电机为主体的企业，转变为包括通讯、电子在内的综合电子电器企业。进入90年代，东芝在数字技术、移动通信技术和网络技术等领域取得了飞速发展，成功从家电行业的巨人转变为IT行业的先锋。
飞利浦,飞利浦,飞利浦，1891年成立于荷兰，主要生产照明、家庭电器、医疗系统方面的产品。飞利浦公司，2007年全球员工已达128100人，在全球28个国家有生产基地，在150个国家设有销售机构，拥有8万项专利，实力超群。2011年7月11日，飞利浦宣布收购奔腾电器（上海）有限公司，金额约25亿元。2011年10月17日，飞利浦电子发布了第三季度财报，第三季度净利润同比下滑85.9%；同时宣布，飞利浦将在全球范围内裁员4500人。2013年1月底，飞利浦消费电子业务已全部剥离，将聚焦优质生活，医疗和照明设备行业。北京时间2014年12月17日，飞利浦宣布，将以12亿美元收购美国医疗设备制造商Volcano公司。
PHILIPS,飞利浦,飞利浦，1891年成立于荷兰，主要生产照明、家庭电器、医疗系统方面的产品。飞利浦公司，2007年全球员工已达128100人，在全球28个国家有生产基地，在150个国家设有销售机构，拥有8万项专利，实力超群。2011年7月11日，飞利浦宣布收购奔腾电器（上海）有限公司，金额约25亿元。2011年10月17日，飞利浦电子发布了第三季度财报，第三季度净利润同比下滑85.9%；同时宣布，飞利浦将在全球范围内裁员4500人。2013年1月底，飞利浦消费电子业务已全部剥离，将聚焦优质生活，医疗和照明设备行业。北京时间2014年12月17日，飞利浦宣布，将以12亿美元收购美国医疗设备制造商Volcano公司。
汉印,汉印,汉印指汉至魏、晋时期的印章。文字的点画比秦篆简略、明快、热烈，结构近于现代楷书，形体变秦篆的长形与汉隶的扁形，多呈方形。其中汉“将军印”和“满白文”，布局方正平直，无板滞、乖缪、纤巧的习气，历来为篆刻家所重。
HPRT,HPRT,HPRT即次黄嘌呤磷酸核糖基转移酶，痛风是由多个基因所控制，包括性联隐性遗传的HPRT基因、PRPP基因及一些正染色体隐性遗传的基因，其中最有名的乃是HPRT基因。
京瓷,京瓷,京瓷是一个品牌，隶属于京瓷株式会社，成立于1959年4月1日，公司总部位于日本京都市伏见区とばどの町たけだ6号，企业创建者兼名誉会长是稻盛和夫。2018年2月，日本京瓷集团中文官网将中国西藏、新疆、台湾、宁夏、广西、内蒙古、澳门、海南、香港及南海地区从中国地图中剔除。并将台湾和大陆分开单独罗列。 
KYOCERA,京瓷,京瓷是一个品牌，隶属于京瓷株式会社，成立于1959年4月1日，公司总部位于日本京都市伏见区とばどの町たけだ6号，企业创建者兼名誉会长是稻盛和夫。2018年2月，日本京瓷集团中文官网将中国西藏、新疆、台湾、宁夏、广西、内蒙古、澳门、海南、香港及南海地区从中国地图中剔除。并将台湾和大陆分开单独罗列。 
方正,北大方正集团有限公司,方正集团由北京大学于1986年投资创办。王选院士为方正集团技术决策者、奠基人，其发明的汉字激光照排技术奠定了方正集团起家之业。方正集团拥有并创造了对中国IT，医疗医药产业发展至关重要的核心技术，吸引多家国际资本注入，目前已成为中国信息产业前三强的大型控股集团 ，业务领域涵盖IT、医疗医药、房地产、金融、大宗商品贸易等产业。北京大学持股70%、管理层持股30%。在2007年方正集团总收入约达400亿。2009年，方正占据中国校办产业盈利能力近70%的份额，为国家首批6家技术创新试点企业之一，在500家国有大型企业集团中排名第118位。2010年，方正集团占据中国校办企业盈利能力近60%的份额。2013年，方正集团总收入680亿、总资产960亿、净资产339亿。 方正集团拥有五大产业集团，35000余名员工，遍布国内重要城市，并在海外市场开拓方面成绩显著。 方正集团拥有六家上市公司，员工35000多人，是诠释“创新”理念的典范企业之一。2013年，方正集团实现总资产960亿、净资产339亿、总收入680亿。 2016年8月，方正集团在"2016中国企业500强"中排名第173位。 
Founder,北大方正集团有限公司,方正集团由北京大学于1986年投资创办。王选院士为方正集团技术决策者、奠基人，其发明的汉字激光照排技术奠定了方正集团起家之业。方正集团拥有并创造了对中国IT，医疗医药产业发展至关重要的核心技术，吸引多家国际资本注入，目前已成为中国信息产业前三强的大型控股集团 ，业务领域涵盖IT、医疗医药、房地产、金融、大宗商品贸易等产业。北京大学持股70%、管理层持股30%。在2007年方正集团总收入约达400亿。2009年，方正占据中国校办产业盈利能力近70%的份额，为国家首批6家技术创新试点企业之一，在500家国有大型企业集团中排名第118位。2010年，方正集团占据中国校办企业盈利能力近60%的份额。2013年，方正集团总收入680亿、总资产960亿、净资产339亿。 方正集团拥有五大产业集团，35000余名员工，遍布国内重要城市，并在海外市场开拓方面成绩显著。 方正集团拥有六家上市公司，员工35000多人，是诠释“创新”理念的典范企业之一。2013年，方正集团实现总资产960亿、净资产339亿、总收入680亿。 2016年8月，方正集团在"2016中国企业500强"中排名第173位。 
新大陆,美洲,亚美利加洲（America）分为北亚美利加洲（NorthAmerica）和南亚美利加洲（SouthAmerica），位于太平洋东岸、大西洋西岸。美洲位于西半球，自然地理分为北美洲、中美洲和南美洲，南纬60°~北纬80°，西经30°~西经160°，面积达4206.8万平方公里，占地球地表面积的8.3%、陆地面积的28.4%，美洲地区拥有大约9.5亿居民，占到了人类总数的13.5%。是唯一一个整体在西半球的大洲。北美洲和南美洲，以巴拿马运河为界，总称亚美利加洲，简称美洲，美洲又被称为“新大陆”。
Newland,newland,《Newland》是由江苏省无锡市第一中学学生自己编辑的一本校园期刊。
瑞视达,瑞视达,瑞视达品牌为济南智迈科技旗下深圳市智迈光电科技有限公司所有。瑞视达作为LED智能3D投影机，其最大的优势是寿命长、可靠性高、功耗低、免维护等特点，这就决定了LED技术是未来投影机的发展方向。
良田,良田,良田，有两个释义。其一为名词，指土质肥沃的田地。其二为地名。拼音：líangtían
eloam,eloam,“eloam”是深圳市良田科技有限公司的品牌，中文名为“良田”。“eloam”品牌的产品通过了SGSISO9001国际质量认证、美国FCC认证、欧盟CE认证、ROHS认证、REACH认证、PAH认证、韩国MIC认证以及中国的3C认证。经过十二年的努力，产品已经远销至欧洲、美洲、中东、东南亚等60多个国家和地区。
盆景,盆景,盆景，中国优秀传统艺术之一，是以植物和山石为基本材料在盆内表现自然景观的艺术品。它以植物、山石、土、水等为材料，经过艺术创作和园艺栽培，在盆中典型、集中地塑造大自然的优美景色，达到缩地成寸、小中见大的艺术效果，同时以景抒怀，表现深远的意境，犹如立体的美丽的缩小版的山水风景区。盆景源于中国，盆景一般有树桩盆景和山水盆景两大类，盆景是由景、盆、几（架）三个要素组成的，它们之间相互联系，相互影响的统一整体。人们把盆景誉为"立体的画"和"无声的诗"。
澳典,澳典,澳典是烘焙品牌，隶属于青岛澳典餐饮管理有限公司 ，总部位于中国山东青岛 。
乔安,乔安,乔安，电视剧《你好乔安》中的女主角，由戚薇饰演 。一个身世神秘、自带背光、永不言败、所向披靡的女孩。表面对人冷漠却精于算计，凭借诸多手腕总能在逆境中利于不败之地。十二岁时父亲破产逃离，乔安厌倦了寄人篱下生活决定变身女王，进入知名广告公司。在华丽的外表下，乔安有着远超同龄人的坚强，她自信、勇敢、聪明、漂亮，尽管生活一再给她残酷的课程，但她总能回击出一段灿烂的人生。
KONICA MINOLTA,KONICA MINOLTA,柯尼卡美能达（KONICAMINOLTA）成立于1936年，总公司位置MarunouchiCenterBuilding1-6-1MarunouchiChiyoda-kuTokyoJapan，是一个由控股公司柯尼卡美能达控股株式会社旗下的5家事业公司和2家机能共通公司组成的企业集团。柯尼卡美能达办公系统（中国）有限公司，是柯尼卡美能达集团下核心事业--办公设备事业在中国的销售及服务公司。
大一,大一,大一为一个古代道家词语，出自《庄子·天下》，是大同的意思。
震旦,震旦,震旦是震旦集团的品牌，震旦集团于1965年创立，总部位于上海， 事业领域涵盖办公设备、办公家具、3D打印、电子、智能装备及云商产业， 公司遍布台湾、大陆、日本及新加坡等地，曾获“中国驰名商标”称号 、“中国最佳客户服务奖” 
AURORA,爱洛公主,爱洛公主是一个虚构的童话人物，别名奥罗拉公主，为1959年的迪士尼动画电影《睡美人》中的主角。她也被称为布瑞尔·罗丝，取自格林兄弟所写的童话德文版本标题 。爱洛公主是迪士尼公主系列的第三个成员 。创建者为沃尔特·迪斯尼动画公司的马克·戴维斯，原来的角色设计是由TomOreb担任，睡美人修长的身材和优雅的风度塑造了最美丽的公主。形象灵感来自于奥黛丽·赫本 。
罗技,罗技,罗技成立于1981年，是一家起源于瑞士的全球著名电脑周边厂商，现如今已在全球140多个国家和地区展开业务。 罗技公司旗下拥有罗技、罗技G、Jaybird及UltimateEars多个品牌，业务涉及生产力及创造力、电竞游戏、视频协作、音乐和智能家居多个领域。罗技践行多品牌、多品类战略。 罗技是一家在瑞士证券交易所(LOGN)和纳斯达克全球市场(LOGI)公开上市的公司。罗技凭借其产品出色的工业设计及创新，频频揽获各类世界级设计奖项100多个，包括红点设计大奖、德国iF设计大奖和GoodDesign设计大奖等 。
Logitech,罗技,罗技成立于1981年，是一家起源于瑞士的全球著名电脑周边厂商，现如今已在全球140多个国家和地区展开业务。 罗技公司旗下拥有罗技、罗技G、Jaybird及UltimateEars多个品牌，业务涉及生产力及创造力、电竞游戏、视频协作、音乐和智能家居多个领域。罗技践行多品牌、多品类战略。 罗技是一家在瑞士证券交易所(LOGN)和纳斯达克全球市场(LOGI)公开上市的公司。罗技凭借其产品出色的工业设计及创新，频频揽获各类世界级设计奖项100多个，包括红点设计大奖、德国iF设计大奖和GoodDesign设计大奖等 。
快麦,快麦,快麦是一款专注于微商的社交平台的APP应用软件。
宝利通,宝利通,宝利通(PolycomInc.)公司成立于1990年，是全球一体化协作通讯的领导者。是专业开发、制造和销售高质量音视频会议系统及解决方案的领先提供商。通过最广泛地整合视频、语音、数据和网络解决方案提供最佳通讯体验。
POLYCOM,polycom,Polycom是基于标准的统一通信(UC)解决方案的全球领导者，致力于远程呈现、视频和语音等领域。我们的愿景是让每个人都能使用视频作为他们的首选协作方式-简单、可靠而且安全。超过400000个企业机构采用Polycom解决方案进行协作，并不受地点限制的面对面会谈，从而与同事、合作伙伴、客户、专家和潜在客户建立起更富有实效的合作。当协作变的十分关键，Polycom就是企业采用视频平台的最佳选择。
博思得,博思得,博思得，深圳市博思得科技发展有限公司成立于1998年，是一家拥有自主知识产权和多项国家专利的条码标签打印机专业制造商。
POSTEK,POSTEK,POSTEK是深圳市博思得科技发展有限公司的英文缩写。深圳市博思得科技发展有限公司成立于1998年，是一家拥有自主知识产权和多项国家专利的条码标签打印机专业制造商。
红叶,红叶,红叶，是一类观赏树木，主要看叶，为历代文人青睐，最早见于司马相如《上林赋》。红叶，全国各地都有，千佛山亦鼎鼎大名，然而尤以山南山北最盛。山北瀛芳园处，星罗棋布，万紫千红。卵形的叶，杂性的花，浓郁的香，甚是诱人，再加上丹枫、火炬、红叶李、红叶树，将其衬托得更加艳丽。山南和山北相反，这里很是单纯，面积也大，号称百亩，覆盖了整个山坡。若漫步在通幽曲径上，便会看到棵棵黄栌红衣少女似的夹道迎宾。两边树枝搭连，又似红色长廊。放眼山坡，一簇簇，一片片，加翠柏缀其间，颇显风韵，若是清晨，又遇朝阳甘露，更像红色绸缎上撒满了颗颗红色珍珠，闪烁着华美的光芒。
Red Leaf,Red Leaf,《RedLeaf》是一款Android平台的应用。
NEC,日本电气股份有限公司,日本电气股份有限公司（NECCorporation），简称NEC，是日本的一家跨国信息技术公司，总部位于日本东京港区(Minato-Ku)。NEC为商业企业、通信服务以及政府提供信息技术（IT）和网络产品。在台湾被称为恩益禧，是日本一家跨国信息技术公司，总部位于东京港区。日本电气股份有限公司的经营范围主要分成三个部分：IT解决方案、网络解决方案和电子设备。IT解决方案主要是向商业企业、政府和个人用户提供软件、硬件和相关服务。网络解决方案主要是设计和提供宽带系统、移动和无线通信网络系统、移动电话、广播和其他系统。NEC的电子设备包括半导体、显示器以及其他的电子器件。NEC还生产面向国际市场的Versa系列笔记本电脑和面向日该国内市场的Lavie系列笔记本电脑。NEC还是地球模拟器（EarthSimulator)的制造商，当时是最快的超级计算机。NEC是住友集团（SumitomoGroup)的成员。2012年在财富世界500强排行榜中排名第271位。 2014年12月15日被瑞典的斯德哥尔摩国际和平研究所评为2013年世界武器销售额前100名企业之一。 
三木,三木,
安之星,安之星,安之星为深圳市安吉尔实业有限公司旗下净水器品牌，公司产品分为八大系列，分别是：迷你星系列-龙头净水器、厨卫星系列-超滤净水器、净屋星系列-前置阻垢器、启明星系列-橱下纯水机、智慧星系列-壁挂纯水机、海王星系列-商务纯水机、天王星系列-直饮机、文曲星系列-管线机。 
中崎,中崎,中崎，是一家专业从事商用收款机、微型打印机、电子收款机、触摸POS终端等商业机器设计、研发、生产、销售及专业化技术服务为一体的民营高科技企业。产品广泛应用于商场、超市、便利店、专卖店、餐饮、金融保险、通讯、快递物流、工业设备、税控等领域。
小帅,小帅,小帅是动画片《指令宝贝》角色，天才，外冷内热。有强迫症，追求完美。天才少年，追求力量，要求自己不断进步。做什么都要成为最强的人。 
得实,得实,得实，读音deshí，指审案、察访等得其实情。
maxhub,MAXHUB,
3M,3M公司,3M公司全称MinnesotaMiningandManufacturing（明尼苏达矿务及制造业公司），创建于1902年，总部设在美国明尼苏达州的圣保罗市，是世界著名的产品多元化跨国企业。3M是全球性的多元化科技企业，创建于1902年，素以勇于创新、产品繁多著称于世，生产数以万计的创新产品，在医疗产品、高速公路安全、办公文教产品、光学产品等核心市场占据领导地位。3M为全球近200多个国家的客户提供产品及服务，其产品已深入人们的生活，从家庭用品到医疗用品，从运输、建筑到商业、教育和电子、通信等各个领域，极大地改变了人们的生活和工作方式。
KODAK,kodak,伊士曼柯达公司在影像拍摄、分享、输出和显示领域一直处于世界领先地位，一百多年来帮助无数的人们留住美好回忆、交流重要信息以及享受娱乐时光。
新北洋,新北洋,《新北洋》是随风已过写的网络小说连载于起点中文网。
古德,古德,古德，海地流通铸币。1492年哥伦布发现伊斯帕尼奥拉岛，即今日的海地和多米尼加。1502年该岛被西班牙据为殖民地。1697年该岛西部割让给法国，称法属圣多明各。1804年1月1日宣告独立，取国名海地。币值换算1古德=100分。 
LG,LG集团,韩国LG集团于1947年成立于韩国首尔，位于首尔市永登浦区汝矣岛洞20号。是领导世界产业发展的国际性企业集团。 LG集团目前在171个国家与地区建立了300多家海外办事机构。事业领域覆盖化学能源、电子电器、通讯与服务等领域。
晨光,上海晨光文具股份有限公司,上海晨光文具股份有限公司（M&GChenguangStationeryco.Ltd.），位于上海市奉贤区青村镇光明经济园区，公司占地面积260亩，是一家整合创意价值与制造优势，专注于文具事业的综合文具集团。 晨光致力于提供舒适、有趣、环保、高性价比的文具用品，让人们享受使用过程并激发使用者创意。产品涵盖各式书写工具、修正工具、橡皮类、尺类、胶类、画材类、本册类、包袋类、PP类、桌面用品、电子类、削笔工具、财务行政用品、益智类等产品领域。
M&G,M&G,公司(Mossi&GHISOLFI)目前是世界最大的的包装用PET供应商，年总产能达到165万吨/年。
AIPU,AIPU,AIPU指阿拉伯各国议会联盟(ArabInter-ParliamentaryUnion--AIPU)，于1974年6月21日在叙利亚首都大马土革成立，又称阿拉伯议会联盟(ArabParliamentaryUnion)。总部设在大马士革。
OKI,OKI,OKI即冲电气工业株式会社，创立于1881年，是日本最早的电子通信产品生产厂家。总部在东京。125年来，冲电气以“开启您的梦想”(英文：Openupyourdreams)为品牌标语，朝着国际化企业飞跃的目标奋斗！在信息通信一体化系统、半导体电子元器件领域以及打印机事业上，为广大用户提供着高质量、技术先进的最佳解决方案，为e社会充实无所不在服务作贡献 。
神画,神画,神画科技（深圳）有限公司 研发智能投影电脑神画X1。从2015年开始发布了神画Y1家庭智能影院、神画Z1随身智能影院。
aisino,Aisino,AISINO，即航天信息股份有限公司。它是集技、工、贸于一体的具有现代化企业管理机制的高新技术企业‚由中国航天科工集团公司等十二家中国航天领域的知名企业和科研院所在原航天金穗高技术有限公司、原北京航天金卡电子工程公司和北京航天斯大电子有限公司的基础上于2000年11月1日共同发起成立。
乐橙,乐橙,乐橙是中国内地男歌手魏晨自己取的粉丝名称。
LeChange,LeChange,《LeChange》是一款应用软件，大小为7.95MB，是为Lechange品牌智能家居系列产品服务的移动客户端。
摩托罗拉,摩托罗拉, 摩托罗拉（MotorolaInc），原名：GalvinManufacturingCorporation，成立于1928年。1947年，改名为Motorola，从1930年代开始作为商标使用。摩托罗拉总部设在美国伊利诺伊州绍姆堡，位于芝加哥市郊。世界财富百强企业之一，是全球芯片制造、电子通讯的领导者。2014年1月30日，中国联想集团以29亿美元收购了摩托罗拉公司的手机业务。 
Motorola,摩托罗拉, 摩托罗拉（MotorolaInc），原名：GalvinManufacturingCorporation，成立于1928年。1947年，改名为Motorola，从1930年代开始作为商标使用。摩托罗拉总部设在美国伊利诺伊州绍姆堡，位于芝加哥市郊。世界财富百强企业之一，是全球芯片制造、电子通讯的领导者。2014年1月30日，中国联想集团以29亿美元收购了摩托罗拉公司的手机业务。 
美源,美源,《美源》是2008年三联书店出版的图书，作者是杨泓。 
美商,美丽商数,美商（BQ），全称美丽商数（BeautyQuotient），并不是指一个人的漂亮程度，而是一个人对自身形象的关注程度，对美学和美感的理解力，甚至包括一个人在社交中对声音、仪态、言行、礼节等一切涉及到个人外在形象的因素的控制能力。BQ是继IQ、EQ、AQ之后新兴的重要竞争力，对于从事服务行业的工作者来说，自我行销技能是在高度竞争环境中的致胜关键，而外型包装的功夫正是其中重要一环。
虹光,虹光,虹光公司于1991年成立于台湾新竹高科技工业园区，专业从事影像输入及数码办公设备的研发、制造与行销。经过十多年的努力耕耘，虹光已成为全球影像输入及数码办公设备的知名制造商。为满足新世纪电子商务需求，虹光推出了一系列办公室自动化设备，以简化工作流程，让文件的传输更有效率。
驰腾,驰腾,
康佳,康佳,康佳即康佳集团（英文名：KONKA），成立于1980年5月21日，前身是“广东光明华侨电子工业公司”，是中国改革开放后诞生的第一家中外合资电子企业。康佳集团主要从事彩色电视机、手机、白色家电、生活电器、LED、机顶盒及相关产品的研发、制造和销售，兼及精密模具、注塑件、高频头、印制板、变压器及手机电池等配套业务，是中国领先的电子信息企业。
KONKA,KONKA,康佳(KONKA)集团成立于1980年5月21日，前身是“广东光明华侨电子工业公司”，是中国改革开放后诞生的第一家中外合资电子企业，初始投资4300万港元。1991年，康佳集团改组为中外公众股份制公司。1992年，康佳A、B股股票同时在深圳证券交易所上市，现有总资产近百亿元、净资产近四十亿元、总股本12.04亿股，华侨城集团为第一大股东。
龙视安,龙视安,Loosafe龙视安是东莞市盛鼎电子科技有限公司旗下品牌，公司专注于安防产品的研发、生产、销售与服务，是一家综合实力雄厚的现代化高新技术企业。盛鼎旗下“Loosafe龙视安”品牌，主要产品有Loosafe龙视安全系列DVR硬盘录像机、夜视防水摄像机、彩色高清晰度摄像机、夜视半球摄像机，宽动态、强光抑制、飞碟、百万高清网络摄像机及模组、音视频监控卡、监控周边设备等特殊摄像机等产品，并为国内外客户提供OEM/ODM服务。
富士,富士,富士市是静冈县东部的城市，特例市。人口数居于静冈县内第三位。也是富士都市圈（约40万人）的行政、商业、工业中心。日本制纸（旧大昭和制纸）、王子制纸等很多造纸工厂都设立于此。
FUJIFILM,fujifilm,富士胶片株式会社（以下简称：富士胶片）自1934年创建以来，不断以坚定的步伐向前迈进，发展至今已成为世界上规模最大的综合性影像、信息、文件处理类产品及服务的制造和供应商之一。
TP-LINK,TP-LINK,TP-LINK是普联技术有限公司旗下的品牌，成立于1996年，是专门从事网络与通信终端设备研发、制造和行销的业内主流厂商，也是国内少数几家拥有完全独立自主研发和制造能力的公司之一，创建了享誉全国的知名网络与通信品牌：TP-LINK。是一家正处于高速发展和国际化进程中的国家级高新技术企业，公司总部坐落于深圳市高新技术产业园区内 。
高术,高术,
诺为,诺为,诺为（马来酸曲美布汀干混悬剂），适应症为（1）胃肠道运动功能紊乱引起的食欲不振、恶心、呕吐、嗳气、腹胀、腹痛、腹泻、便秘等症状的改善；（2）肠道易激惹综合征。
大行,大行,大行，(《佛学大词典》)行业广大之意，指菩萨之修行。菩萨为求佛果菩提，乃发大誓愿，历经三祇百劫，修波罗蜜等诸善万行，积大功德，故称大行。反之，声闻、缘觉等二乘之行，则称为小行。此外，于天台宗，指摩诃止观中之四种三昧为修大行。日本真宗教行信证中之行卷则指称念南无阿弥陀佛之名号为大行。盖此名号摄诸善法，具诸德本，是众生往生之行业，以诠显众生之口业，故称大行。若此称名属报恩之行业，则称报恩大行。
ASiNG,Asing,ipp
迪堡,迪堡,迪堡公司是全球最大的自助服务产品供应商和服务商之一，开发、安装世界上最先进的自助服务和安全防范系统并提供相关服务，最大程度的优化客户的自助服务能力。迪堡从传统上的金融机构，不断扩展到医院、校园、图书馆、公共事业机构及零售行业。
立象,立象,立象，lìxiàng释义取法万物形象。
暴风,暴风,名称：暴风（Tempest）研制国家：英国“暴风”本来是做为较“喷火”更先进的战斗机而设计，在使用过程中发现爬升率和高空速度并不理想，尤其是在高速俯冲时空气动力特性恶化，不容易从俯冲中改出，在使用过程中逐渐当成战斗轰炸机和地面攻击机使用。霍克公司从1940年3月开始发展改进型“暴风”，试图使“暴风”成为原来设想的先进战斗机。
优派,优派,ViewSonic（优派）是全球视讯的领导厂商，由杰出华人企业家朱家良先生于1987年在美国加州南部创立。ViewSonic为商业、网络、教育、医疗、航空航天、广告出版和娱乐等多个垂直行业提供解决方案和多元化的选择，同时也致力于不断将最先进的显示技术引进到产品中来。
紫光,紫光,紫光是紫光股份有限公司的品牌。紫光股份有限公司以“品牌、资源、资金”为发展支点，以“简单、高效、健康”为管理思想，业务领域广泛覆盖信息电子产业的主流方向，主干产业包括以数字影像产品为代表的自主品牌信息电子产品；覆盖教育、新闻出版、交通、各类政府机构等多领域的软件与系统集成业务；以及已成为现代服务业代表的渠道增值分销业务。紫光是可见光中波长最短的，是可见光中透射度最强的，也是对生物体危害最大的可见光。紫光的波长是400nm，频率为7.5*10^14Hz。它在显示生物体秘密的同时，又对生物有着强烈的破坏作用。它是病毒研究中必用的光，又是可将病毒致死的光。紫光将伴着生物界，伴着人类的文明，在环球上永远播散着它那美丽而神奇的光波。
UNIS,UNIS,UNIS是指紫光股份有限公司。紫光股份是清华大学下属控股子公司，它生产的扫描仪从“拓荒者”到“普及者”再到“领先者”，赢得了超过200万用户的青睐，从2004年国内第一个采用AMD的64位CPU推出高端笔记本电脑“紫光之星”时起，标志着64位移动计算时代的到来。UNIS是指紫光股份有限公司（原名：清华紫光股份有限公司）是经国家经贸委和国家教育部批准发起设立的高科技A股上市公司，1999年3月18日成立，同年11月4日在深圳证券交易所上市（股票简称G紫光、股票代码000938）。紫光股份作为清华大学下属控股子公司、中国高校产业的代表之一，依托清华大学雄厚的科研力量、丰富的人才资源和多学科综合优势，充分利用人才优势、创新优势、品牌优势、渠道优势；清华紫光是国家520户重点企业、国家重点高新技术企业、国家863计划成果产业化基地、全国电子信息“百强”企业。曾荣获国家技术发明奖、北京市名牌产品等数十项奖励。
华为,华为技术有限公司,华为技术有限公司是一家生产销售通信设备的民营通信科技公司，于1987年正式注册成立，总部位于中国深圳市龙岗区坂田华为基地。 华为是全球领先的信息与通信技术（ICT）解决方案供应商，专注于ICT领域，坚持稳健经营、持续创新、开放合作，在电信运营商、企业、终端和云计算等领域构筑了端到端的解决方案优势，为运营商客户、企业客户和消费者提供有竞争力的ICT解决方案、产品和服务，并致力于使能未来信息社会、构建更美好的全联接世界。2013年，华为首超全球第一大电信设备商爱立信，排名《财富》世界500强第315位。截至2016年底，华为有17万多名员工，华为的产品和解决方案已经应用于全球170多个国家，服务全球运营商50强中的45家及全球1/3的人口。2016年8月，全国工商联发布“2016中国民营企业500强”榜单，华为以3950.09亿元的年营业收入成为500强榜首。 8月，华为在"2016中国企业500强"中排名第27位。 2017年6月6日，《2017年BrandZ最具价值全球品牌100强》公布，华为名列第49位。 2017年6月30日，华为技术有限公司荣获中国商标金奖的马德里商标国际注册特别奖。 美国《财富》杂志发布了最新一期的世界500强名单。华为以785.108亿美元营业收入首次打入前百强，排名第83位，较上一年的第129位提升46位。 2018年2月23日，沃达丰和华为完成首次5G通话测试。 2018年2月27日，FraunhoferIIS与华为签署了一项MPEG-4音频专利组合的全球许可协议。 
HUAWEI,华为技术有限公司,华为技术有限公司是一家生产销售通信设备的民营通信科技公司，于1987年正式注册成立，总部位于中国深圳市龙岗区坂田华为基地。 华为是全球领先的信息与通信技术（ICT）解决方案供应商，专注于ICT领域，坚持稳健经营、持续创新、开放合作，在电信运营商、企业、终端和云计算等领域构筑了端到端的解决方案优势，为运营商客户、企业客户和消费者提供有竞争力的ICT解决方案、产品和服务，并致力于使能未来信息社会、构建更美好的全联接世界。2013年，华为首超全球第一大电信设备商爱立信，排名《财富》世界500强第315位。截至2016年底，华为有17万多名员工，华为的产品和解决方案已经应用于全球170多个国家，服务全球运营商50强中的45家及全球1/3的人口。2016年8月，全国工商联发布“2016中国民营企业500强”榜单，华为以3950.09亿元的年营业收入成为500强榜首。 8月，华为在"2016中国企业500强"中排名第27位。 2017年6月6日，《2017年BrandZ最具价值全球品牌100强》公布，华为名列第49位。 2017年6月30日，华为技术有限公司荣获中国商标金奖的马德里商标国际注册特别奖。 美国《财富》杂志发布了最新一期的世界500强名单。华为以785.108亿美元营业收入首次打入前百强，排名第83位，较上一年的第129位提升46位。 2018年2月23日，沃达丰和华为完成首次5G通话测试。 2018年2月27日，FraunhoferIIS与华为签署了一项MPEG-4音频专利组合的全球许可协议。 
UNIC,unic,UNIC=UNInformationCenter联合国情报中心; 
Sinmark,sinmark,欣码/sinmark品牌于2009年创建，是上海登元信息技术有限公司旗下知名品牌 ，集条码阅读器、盘点器、热敏标签、铜板标签、珠宝标签、服装吊牌、线缆标签等产品的代理和配件组装贴牌产品的生产和销售为一体，产品于2010年通过ISO9001国际质量体系认证、2013年通过ROHS认证。
精益,精益,精益是对英文Lean的一种翻译，Lean的一般含义，是指事物的一种极端或一种倾向，是带有瘦弱、贫瘠、细小、干瘦、扁平、精确、精准含义的一个英文词汇。
Plustek,plustek,精益科技股份有限公司（PlustekInc.）创建于1986年，总公司位于台湾，是一家全球性的光学扫描仪制造商。
SK telecom,SK Telecom,SKTelecom，韩国最大移动通讯运营商。2015年10月，SKTelecom宣布会在韩国设立5G移动网络研究中心——5GPlayground，为5G服务的到来打开大门。
zkteco,ZKTeco,ZKTeco是深圳市中控生物识别技术有限公司旗下品牌。
北恩,北恩,成立于2003年，是呼叫中心专业耳机行业的领导者，产品全部来源于自主研发，是集生产和销售于一体，独立的制造商和出口商。目前北恩Hion耳机品牌已覆盖全球市场，在北京、上海、广州、深圳、郑州、南京设有售后服务中心，并在北美、欧洲、南亚等拥有核心合作伙伴。产品主要应用于电信、金融、电视购物、物流等客服中心以及总机接线员、指挥中心、呼叫中心等，是电话咨询、电话营销、电话调查等业务专业耳机首选产品。
JK,J.K.罗琳,J.K.罗琳（J.K.Rowling），1965年7月31日出生于英国格温特郡，毕业于英国埃克塞特大学，英国作家。1989年，24岁的罗琳有了创作哈利·波特的念头。1997年6月，推出哈利·波特系列第一本《哈利·波特与魔法石》。随后，罗琳又分别于1998年与1999年创作了《哈利·波特与密室》和《哈利·波特与阿兹卡班的囚徒》。2001年，美国华纳兄弟电影公司决定将小说的第一部《哈利·波特与魔法石》搬上银幕。2003年6月，她再创作出第五部作品《哈利·波特与凤凰社》。2004年，罗琳荣登《福布斯》富人排行榜，她的身价达到10亿美元。2005年7月推出了第六部《哈利·波特与混血王子》，2007年7月推出终结篇《哈利·波特与死亡圣器》。截至2008年，《哈利·波特》系列7本小说被翻译成67种文字在全球发行4亿册。2010年，哈利·波特电影系列的完结篇《哈利·波特与死亡圣器》拍摄完成。2014年12月，罗琳更新了《哈利·波特》系列相关的小故事 。2017年6月12日，美国《福布斯》公布了2017年度全球百位名人榜，J.K.罗琳排名第三。 2017年12月12日，J·K·罗琳被英国皇室授予“荣誉勋爵”（CompanionofHonour）。
日立,日立,日立（HITACHI），是来自日本的全球500强综合跨国集团，1979年便在北京成立了第一家日资企业的事务所。日立在中国已经发展成为拥有约150家公司的企业集团。事业领域涉及能源系统、保障人们安全舒适出行的铁路等交通系统，运用大数据进行创新的信息系统，以及通过健康管理、诊断、医疗技术等提供健康生活的医疗保健等等。
HITACHI,日立,日立（HITACHI），是来自日本的全球500强综合跨国集团，1979年便在北京成立了第一家日资企业的事务所。日立在中国已经发展成为拥有约150家公司的企业集团。事业领域涉及能源系统、保障人们安全舒适出行的铁路等交通系统，运用大数据进行创新的信息系统，以及通过健康管理、诊断、医疗技术等提供健康生活的医疗保健等等。
西铁城,西铁城,西铁城是全球知名腕表品牌，以为全世界全体公民提供高档次的产品和高水准的服务为使命，希望通过“为市民所喜爱，为市民所亲近”的产品，为全人类的美好生活做贡献。作为一家庞大的跨国企业，西铁城集团在日本设有46家企业，日本海外设有64家分公司，全球合计110家分公司。一直以来，秉承永不止步的创新精神和不断向未来挑战的品牌理念，西铁城始终行进在国际腕表行业的领先地位。
CITIZEN,CITIZEN,CITIZEN是指具有一个国家的国籍，根据该国的法律规范享有权利和承担义务的自然人。从其产生来看，公民作为一个法律概念，是和民主政治紧密相连的。CITIZEN西铁城公司的前身为日本尚工舍时计研究所，创立于1918年，主要从事钟表的开发和制造，在1924年制造出第一只怀表。西铁城钟表株式会社成立于1930年，在第二年（1931年）生产出第一只西铁城牌手表。截止2010年底，已发展为以钟表为主业，多种经营的集团性跨国大公司，年销售额约三十八亿美元。西铁城自成立以来，一直在钟表行业处于领先地位，创造了诸多世界第一。
MAX,max,
DSB,DSB,DSB是WTO争端解决实体
ANN,安妮·彤帕拉松,安妮·彤帕拉松（AnneThongprasom），1976年11月1日出生于泰国曼谷，演员、制片人。1989/1990年自荐拍摄了一本杂志；1993年出演《小红猪》，在泰国逐渐为观众所知；1997年出演《地狱天使》，获得第12届TVGoldAwards最佳女主角，也是她人生第一个最佳女主角；2004年出演电影《情书》，获得了包括รางวัลพระสุรัสวดี（泰国奥斯卡）、娱乐评论家协会奖、国家电影协会奖等奖项的电影类最佳女主角 。2006年开始制作儿童类电视节目。2012年开始制作电视剧；同年凭借电视剧《旗袍》获得TopAwards最佳女主角 。2014年，出演《勿忘我》，获得NatarajAwards最佳女主角；同年制作的《保留丈夫》获得NatarajAwards最佳电视剧、第9届东京国际电视剧节海外作品特别奖 。
小明,小明,小明是人物的代称，因这个名字天生有冷笑话的气质，又在学校时以说冷笑话出名，因此成为很多笑话中的主角名字，常出现于小学初中作文、英语、数学题、物理题、化学题和笑话中。此名拥有极为悠久的历史内涵，在中国的各种“名著”上皆有出现，体现了中国丰富的华夏文明，甚至一度代表中国冲出亚洲，成为了”最有影响力的名字“之一。他不辞辛苦地活跃在各种应用题、作文中，是小学课本甚至是题海中当之无愧的头号男主角。且常常与小王，小强，小花，小红，小刚，小东、小华、小茹、小曹、合作学习，并称数学界十大金刚。如今，又一新生代小柯和小妍在科学领域风生水起。他活跃的在数学题中跳来跳去，欺负我们广大学生，并且名字广用，叫什么什么明的人好可怜的说！
VAA,VAA,VAA（VietnamAccountingAssociation，越南会计协会）越南最早的会计组织叫做总会计师俱乐部(ChiefAccountant'sClub，CAC)，是1989年越南财政部设立的。该组织最初成立有200会员，3年内就发展到了600人。CAC和越南财政部1994年共同发起设立了VAA。目前CAC是VAA的一个子协会。
惠斯特,惠斯特,惠斯特（whist）是国际知名数码外设品牌企业，研制的会议用无线演讲激光笔深受教师/讲师/以及商务人士的喜爱，惠斯特随后推出了电容屏手写笔和无线迷你键盘也市场热捧。致力于为商业和数码前沿人士的办公娱乐提供优质专业服务。
Whist,Whist,
广博,广博,广博，汉语中的一个词组。本义指学识、胸怀等宽广博大。引申义为广大。
MI,熔融指数,熔融指数是一种表示塑胶材料加工时的流动性的数值。它是美国量测标准协会(ASTM)根据美国杜邦公司惯用的鉴定塑料特性的方法制定而成，其测试方法是先让塑料粒在一定时间（10分钟）内、一定温度及压力（各种材料标准不同）下，融化成塑料流体，然后通过一直径为2.095mm圆管所流出的克（g）数。其值越大，表示该塑胶材料的加工流动性越佳，反之则越差。
亿利达,亿利达,福建省亿利达环保工程有限公司（简称南安丰州环保设备厂，于二零零五年六月更名）坐落于泉州市南安丰州镇石砻工业区，成立于1986年，经历20多年的发展现注册资金1186万元。是一家集设备制造、工程设计、工程施工、安装调试、设施运营管理为一体的综合型高科技环保公司。公司在2005年已通过ISO9001国际质量管理体系认证，具有环境污染防治工程专项资质证书及环境保护设施运营资质证书。
elite,ELITE,Elite：<法>精华;精锐，精英;上层集团;（统称）掌权人物;elitemodellook代指世界精英模特大赛。
美斯特,美斯特,在国内外使用“美斯特”品牌的非常多，尤其在服装、电子和声学领域，已成为人们可广泛接受的词语，代表一种内心存在的对产品和企业的期望，也就是物美价廉。
天地伟业,天地伟业,天地伟业技术有限公司是在天津市华苑新技术产业园区注册的高科技企业，公司成立于1994年，具有稳定的产品研发、生产、销售、服务队伍。天地伟业公司向社会各行业提供全线高科技、高品质的数字音视频传输控制产品。 
国保,国内安全保卫支队,国内安全保卫支队简称国保支队，是指公安机关国内安全保卫部门依据宪法和法律的有关规定，行使国家赋予的职权，在维护国家安全和社会政治稳定方面所承担的工作内容、要求及奋斗目标。国内安全保卫的职能是指国内安全保卫部门为履行维护国家安全和社会政治稳定的职责，完成相应的任务所应具有的功能和作用。国保支队主要承担维护本地社会政治稳定和国内安全保卫基础调查、情报信息、秘密力量建设、重点对象和阵地控制等基础性工作。负责侦破危害国家安全和社会政治稳定的有关案事件，督导、检查基层所队深入全面地开展国内安全保卫基础工作。（聊城市公安局国保支队）
五星,五星,五星是一个汉语词语，古指水星、金星、火星、木星、土星五星。这五颗星最初分别叫辰星、太白、荧惑、岁星、镇星，这也是古代对这五颗星的通常称法。把这五颗星叫金木水火土，是把地上的五原素配上天上的五颗行星而产生的。今也指中华人民共和国国旗上的五颗五角星。
红光,红光,红光，采用可见光600-700nm（占90%以上），红外光700-4000nm（占10%以下）的综合光波进行体外照射，使之产生重要的生物效应及治疗效果。
DATALOGIC,datalogic,DATALOGIC，得利捷公司，1972年成立于意大利，2005年收购美国PSC公司，成为自动识别行业和AUTO-ID第三大供应商。
缤特力,缤特力,缤特力（Plantronics）成立于1962年，总部位于美国加利福尼亚州圣克鲁斯市，是一家专业类和消费类个人音频通信的一家上市公司，分支机构遍布20个国家或地区。主要集中在墨西哥、田纳西州、英国、中国和荷兰。从统一通信解决方案到蓝牙耳机，Plantronics提供的无以伦比的音频体验和质量反映出我们近50年来的创新工作和客户承诺。Plantronics被广泛应用于每一家财富100强公司，它还是空中交通管制、911警力派遣和纽约证券交易所的首选耳机。
施乐,施乐,施乐(Xerox)是美国施乐公司一个著名商标和品牌。施乐公司于1906年成立于美国康涅狄格州费尔菲尔德县。作为商标，"施乐"只用来标识施乐公司的各种产品和服务。"施乐"商标放在名词的前面起到形容的作用：如施乐复印机、施乐打印机等。
XEROX,施乐,施乐(Xerox)是美国施乐公司一个著名商标和品牌。施乐公司于1906年成立于美国康涅狄格州费尔菲尔德县。作为商标，"施乐"只用来标识施乐公司的各种产品和服务。"施乐"商标放在名词的前面起到形容的作用：如施乐复印机、施乐打印机等。
ARGOX,argox,Argox为台湾制造条码打印机三大品牌之一，并生产扫描枪，手持终端等设备，为全球自动识别行业明星品牌之一！
捷高,捷高,捷高是西班牙著名的运动员，足球员
JCO,JCO,SAP的R/3系统与Java平台一样有着许多类似的技术理念，以及同样广泛的企业级用户，但是它们完全是两个不同的世界。当用户面临流程或者数据整合方面的需求的时候，就迫切需要一种高效的方式，在R/3系统和Java平台之间实时地交换数据。基于这样的需求，SAP提供了一套高效的基于RFC的ABAP和Java进程间通讯组件：SAPJavaConnector(JCo)。 
虎王,“虎王”重型坦克,“虎王”重型坦克是二战时期德国重型坦克，属于第一代坦克。主要为代替虎式重型坦克生产。由于制造价格昂贵、消耗工时久、并且制造工艺复杂导致生产数量较少，因此它的出现对整体战线并没有太大的影响。
米家,米家,2016年3月29日，小米在北京发布全新的生态链品牌，mijia，中文名为"米家"。新品牌日后专门承载小米供应链产品，而之前的小米品牌用于专门承载小米自有产品。
思科,思科,思科 公司是全球领先的网络解决方案供应商。Cisco的名字取自SanFrancisco（旧金山），那里有座闻名于世界的金门大桥。可以说，依靠自身的技术和对网络经济模式的深刻理解，思科成为了网络应用的成功实践者之一。与此同时思科正在致力于为无数的企业构筑网络间畅通无阻的“桥梁”，并用自己敏锐的洞察力、丰富的行业经验、先进的技术，帮助企业把网络应用转化为战略性的资产，充分挖掘网络的能量，获得竞争的优势。
CISCO,思科,思科 公司是全球领先的网络解决方案供应商。Cisco的名字取自SanFrancisco（旧金山），那里有座闻名于世界的金门大桥。可以说，依靠自身的技术和对网络经济模式的深刻理解，思科成为了网络应用的成功实践者之一。与此同时思科正在致力于为无数的企业构筑网络间畅通无阻的“桥梁”，并用自己敏锐的洞察力、丰富的行业经验、先进的技术，帮助企业把网络应用转化为战略性的资产，充分挖掘网络的能量，获得竞争的优势。
精伦电子,精伦电子股份有限公司,精伦工业园占地面积310亩，员工总数近千人。公司自1994年创立以来，以"精益求精，精美绝伦"为宗旨，一直致力于研发、生产和销售各类电子智能终端，竭诚为各行各业提供精美、令人愉悦的高科技产品和优质的服务。努力发展技术，整合资源，走价值增长型高科技道路，打造专注于行业产品和高端电子消费品的一流企业。
泰力,泰力,泰力宝贝是摩比源在2011年初最新推出的一款针对PC用户和普通网络摄像头用户的体感游戏娱乐套装。它是一种PC电脑上的游戏新玩法，创新的脱离了传统的鼠标和键盘操作，使玩家得以体验全新的体感操作。泰力宝贝软件的核心为摩比源公司独有的人体动作跟踪及分析技术。它使得软件能够精确检测出摄像头前人体的位置，各种动作及手势，从而应用到软件功能之中，达到全新人机互动体验的目的。泰力宝贝的主要群体是拥有学龄前儿童的家庭。它立志于成为一个家庭娱乐和沟通交流的平台，使孩子能够在这个平台上得到快乐，教育，成长，家庭成员之间能够通过这个平台拉近彼此之间的距离，增进感情。
北洋,北洋,《北洋》作者：戒念，首发于起点中文网，本书已完结。从来没有任何时候像这个时代一样，人们可以毫不在意自己的生命，随时为国家的富强将自己的生命献上祭坛……满腔的热血，似乎就为了一次美丽的绽放，一个个年轻的生命就这样从容的走向死亡……那些大难不死的劫后余生者，为了各自心中的理念和信仰，不断的在黑暗中前行、摸索……此书献给戒念的爱人和即将要出世的孩子，希望所有的人都能够沐浴和平、自由的阳光下……献给喜欢戒念文字的亲爱读者们，还有便是献给所有百年来为争取民族独立和中国富强而牺牲的先辈……
资江,资江,资江，长江支流，又称资水。左源赧水发源于城步苗族自治县北青山，右源夫夷水发源于广西资源县越城岭，两水于邵阳县双江口汇合称资江，流经邵阳、新化、安化、桃江、益阳等市县，于益阳市甘溪港注入洞庭湖，全长653公里，流域面积28142平方公里。干流西侧山脉迫近，流域成狭带状；上、中游河道弯曲多险滩，穿越雪峰山一段，陡险异常，有“滩河”、“山河”之称，为湖南四水之一。  名片图：资江湖南武冈河段
zeco,zeco,ZECO智歌电器（中国）致力于为中国家庭提供全方位的高端电器设备。
普天视,普天视,坐落于太湖之滨宜兴市的普天视电子有限公司是一家专业从事安防器材生产和经营、安防工程设计和施工的规模化企业。普天视致力于为客户提供最优质的监控器材、技术解决方案以及专业贴心的服务，以此来为客户创造价值。成立于2001年，普天视电子有限公司是一家专业从事安防器材生产和经营、安防工程设计和施工的规模化企业。企业现有员工超500人（其中技术人员150多人），各种仪器设备800多台（套），厂房面积26000平方米。普天视云台（包括球形云台）一直是优质云台的代名词，产销量一直名列同行前列。为客户OEM也是公司销售的一项重要渠道，多年来公司秉诚“低调做人，高调做事”很好地为特殊客户作好了OEM业务，公司从中也受益匪浅，我们也希望更好地为需要OEM的国内外客户做好服务，合作共赢。普天视从2010年10月1日起在业内第一家推行一周包退、包换，二年免费维修，终身服务的销售服务新理念。这些都是基于公司实力的不断壮大，效益的不断上升，质量的不断提高。
PTS,PTS,PTS也就是香港警察训练学校的缩写。香港警察训练学校成立于1948年，现有教职员300人，其中校长1人，副校长1人。内设6个科，即基本训练科（负责新警训练）、支援科（负责提供枪弹和队列、体能、射击、战术训练）、进修及晋升训练科、行政科、侦缉训练科、香港警察乐队。学校的训练经费全部由香港政府负责，学员个人不用交纳任何训练费用，学校可容纳1200名学员进行训练。
中本安防,中本安防,中本安防是中国的监控产品供应商，致力于不断提升视频处理技术和视频分析技术，面向全球提供监控产品、技术解决方案与服务，为客户持续创造最大价值。现有近千名员工，公司拥有占地面积10500多平方米生产车间，拥有高素质的研发队伍，包括总经理在内的60多名研发人员均拥有高水准的开发技术，每30天出一款新产品，850多名熟练工人月生产能力达32万台监控摄像机和8600台DVR
图迈,图迈,法国普瓦捷大学研究人员米歇尔·布吕内2001年在非洲乍得沙漠地区发现一块完整的原始人头盖骨、颌骨碎片和一些零散的牙齿。研究人员将这块头盖骨取名为“图迈”，意为“生命的希望”。他们还将“图迈”代表的原始人命名为撒海尔人。
利盟,利盟,利盟国际有限公司，1991年从IBM分离出来，迅速成长为一家集产品研发、制造、营销、服务为一体的国际知名企业。利盟凭借其一贯秉承的“以客户需求为导向”的理念、雄厚的实力、领先的技术，受到了全球媒体的广泛赞誉，先后获得美国《财富》周刊“500强企业”，“最受尊敬企业”，“电脑外设最受推崇企业”，“最佳人气企业”，《工业周刊》“最佳管理100强”等荣誉。
Lexmark,Lexmark,利盟(NYSE：LXK)是一间美国的公司，为激光打印机的开发及生产商，以及内容管理软件的提供商，主要服务对象为商业用户。该公司总部设在肯塔基州的列克星敦。
驰球,驰球,驰球（CIIQ），是宁波驰球安防设备有限公司旗下的品牌，产品主要是保险箱（柜）。
碎乐,碎乐,碎乐，是北京峰趣互联网信息服务有限公司开发的一款音乐软件。 是一款建立音乐人和用户亲密连接的产品，是一款颠覆传统互联网音乐概念的产品，在这里，用户和音乐人、乐评人、跨界名人等可以无缝接触，可以在碎乐随时产生音乐、上传音乐作品，并且得到专业点评交流，给喜爱的音乐人提问，更是华人乐坛发现新的音乐元素的产品。 
start,START,START共享有车生活平台，是一个基于互联网技术便捷的汽车共享平台的品牌，2012年10月，START于新加坡开始筹备运营，2013年10月在中国大陆成功推行START平台，现在已经是国内爱车及酷爱有车生活人群汇聚的共享有车生活平台，更是一个汽车文化分享社区。 
永发,永发,永发集团是一家集研制、生产、销售防盗、防火保险柜、枪械柜、银行金库门、保管箱为主导产品的专业生产企业，是目前中国最大的保险箱生产基地和创汇基地之一。作为中国保险箱行业的龙头企业、行业标准的制定者，永发20年如一日地致力于产品和技术的开发创新，以精湛的工艺、恒久的设计、隽雅的风格、卓越的品质，注入高科技元素，融合电子信息技术、互联网等多项先进技术，公司多项产品毅然在国内外取得重大突破。如今，永发集团下辖6个子公司及36家销售分公司，80个售后服务中心，206家专卖店，800余职工，百余名专业技术人员，企业占地面积122000平方米，建筑面积110000平方米，拥有数控机床，喷漆、喷塑流水线，激光切割机等国际先进的生产和检测设备。产品线覆盖高中低、家用商用、机械电子等各个领域。永发产品海外市场发展迅猛，行销美国、英国、法国、澳大利亚、比利时等70多个国家和地区。
范罗士,范罗士,“范罗士”是一个国际性的家族企业，1917年在美国芝加哥市成立，至今已经历了四代。“范罗士”经营多种产品类别，提供多样化办公用品解决方案，已经发展成为一个国际领军企业。今天，“范罗士”的碎纸机、装订机、塑封机和档案存储业务产品为人们所熟知，占到企业全球收入的75%以上。“范罗士”至始至终热切关注客户体验，不断开发新技术，减轻客户工作量，令使用者更舒适、更便捷、更安全，以高质量的产品赢得消费者的信任和赞赏。
弘瑞,弘瑞,弘瑞，原名（刘俊杰），70年生于安徽省阜阳市，毕业于中国美术学院国画专业。华夏徽商联盟书画工作委员会副主任。现任中国书画名家艺术联合会副主席，安徽美协会员，北京画院谢永增工作室画家。北京中国书画创作基地益百诚书画院院士。中央民族大学继续教育学院书画院专职画家。 
HORI,HORI,HORIHORI（ホーリー）是ACG作品【我☆能行（我能行）】中登场的角色。
国威,国威,国威，辽宁省大连市人 ，1989年7月8日出生 ，足球运动员。他在球场上的位置是守门员 。身高190cm ，体重77kg 。2014年转会大连超越足球俱乐部。 2017年转会上海申鑫足球俱乐部。 
拉卡拉,拉卡拉,拉卡拉是综合普惠科技金融平台 。拉卡拉成立于2005年，秉承普惠、科技、创新、综合的理念，打造了底层统一，用户导向的共生系统，为个人和企业用户提供支付、征信、融资、社区金融等服务。
BROTHER,兄弟,《兄弟》原曲是一首俄国民歌，是描写二战时期亲情离散的一首歌曲。后被TV动画《钢之炼金术师》作为插曲，并邀请俄罗斯信念合唱团为其进行原声录制。
KYOCERa,京瓷,京瓷是一个品牌，隶属于京瓷株式会社，成立于1959年4月1日，公司总部位于日本京都市伏见区とばどの町たけだ6号，企业创建者兼名誉会长是稻盛和夫。2018年2月，日本京瓷集团中文官网将中国西藏、新疆、台湾、宁夏、广西、内蒙古、澳门、海南、香港及南海地区从中国地图中剔除。并将台湾和大陆分开单独罗列。 
CVTOUCH,CVTOUCH,2015年6月30日，CVTOUCH会议通智能触摸设备正式发布，主要发布3个不同的尺寸产品，分别为：65英寸，75英寸、84英寸。主要是帮助企业解决传统会议协作复杂低效的问题。它集成了无线投影、白板书写、远程会议、触控等多种功能。 CVTOUCH具有W系红外触摸屏的技术特色，防水防尘，可达IP65等级，支持六点精准触摸；全塑外壳，一体成型；窄边设计，轻便易携；使用寿命长、长期免维护；无源触摸，无需特制触摸笔，弹指即触；主流系统免驱，即插即用；兼容多种操作系统，在winxp、win7、linux、mac、android等系统下智能切换。
NB,New Balance,NewBalance，1906年WilliamJ.Riley先生在美国马拉松之城波士顿成立的品牌，在美国及许多国家被誉为“总统慢跑鞋”，“慢跑鞋之王”。NewBalance自1906年创立于美国波士顿以来，秉着制造卓越产品的精神，不断的在科技材质、产品外观与舒适感持续作进步。唯一不变的是NewBalance以高标准道德规范、100%顾客满意度、团队合作的精神来经营，以期成为高科技。“NewBalance”在国内市场遭遇商标侵权诉讼。2015年4月24日，广州市中级人民法院对这起备受关注的商标权纠纷案作出一审判决。该院认为，美国NewBalance公司在中国的关联公司——新百伦贸易(中国)有限公司因使用他人已注册商标“新百伦”，构成对他人商标专用权的侵犯，须赔偿对方9800万元。
diplomat,diplomat,外交官集团组建于1971年，集团涉及地产、金融及高级旅行用品生产等产业。目前在台湾及上海均设有工厂。是一家专业生产拉杆箱、旅行箱、化装箱等各类高级旅行用品的企业。年产销量超过350万只，拥有世界各国专利达3500个以上。
窝窝头,窝窝头,窝窝头，中国北方地区常见的面食，过去是穷苦人的主粮。采用天然绿色的五谷杂粮为主要原料，其中的纤维素含量很高，具有刺激胃肠蠕动、加速粪便排泄的特性，可防治便秘、肠炎、肠癌等。其中含有的玉米油，更能降低血清胆固醇，预防高血压和冠心病的发生。如今的窝窝头已经是一种绿色、美味、营养、健康的美食了，因粗粮对身体健康很有好处，因此广受现在消费者的喜爱。
国画,国画,国画一词起源于汉代，汉朝人认为中国是居天地之中者，所以称为中国，将中国的绘画称为“中国画”，简称“国画”。主要指的是画在绢、宣纸、帛上并加以装裱的卷轴画。国画是中国的传统绘画形式，是用毛笔蘸水、墨、彩作画于绢或纸上。工具和材料有毛笔、墨、国画颜料、宣纸、绢等，题材可分人物、山水、花鸟等，技法可分具象和写意。中国画在内容和艺术创作上，体现了古人对自然、社会及与之相关联的政治、哲学、宗教、道德、文艺等方面的认知。
help,help,约翰·列侬1980年接受‘花花公子’杂志DavidSheff的采访时说：“1965年推出《Help!》时，叫救命的人应当是我才对。人们大多认为这是一支快节奏的摇滚歌曲，当时我自己却不这么认为。这是我为电影写的任务歌曲。可后来，我还真要嚷嚷‘救命’了。因为电影中我演的是Elvis全盛时期的那段。他表演技能好，活性十足，发挥尽情。
黑石,黑石,由于国家外汇投资公司投资黑石集团，这家公司也逐渐走进中国人的视野。此次投资的初衷，是投资黑石，而非投机黑石，并不会担忧短期的升跌问题。而且，根据相关协议，国家外汇投资公司持有黑石股票的期限必须长达四年。在兑现之前，所有的计算都只是数字游戏而已。
奈欧,奈欧,WRIOL奈欧是源自国外美容院面部护理产品的品牌。盛联国际（香港）控股有限公司看到了其品质和市场潜力，将该品牌买断，并在香港重新注册了“WRIOL”品牌商标及大陆“奈欧”中文商标。从此，WRIOL被创新改良和重新包装，变成方便使用的家居商品。
周视,周视,周视是一个汉语词语，读音是zhōushì，是指巡视。
中晶,中晶,产品以其优美的外观设计和超高的性价比赢得了客户的赞誉。公司按照ISO9001：2000和ISO14001：2000标准认证，建立了严格的品质管理体系，产品已通过CE，ROHS认证，同时中晶泛宇光电以“为客户创造价值”为宗旨，坚持不懈地为客户提供优质、环保、节能的灯饰产品。
microtek,microtek,全友电脑成立于1980年，由许正勋董事长，本着「创新、质量、服务」的基本理念，以坚强的研发、制造、服务与营销团队为后盾，创立了全友的自有品牌。1984年全友电脑推出全球第一台黑白影像扫瞄器，以「技术创新」奠基全友电脑在扫描仪产业的不坠声誉，缔造无数个「全球第一」荣耀。全友电脑至今仍持续深耕光学、影像相关技术，并将累积了30年在影响扫描、文件扫描、底片扫描的成熟技术，扩大应用领域与服务范畴，如今在医疗、生技、工业等电子影响等相关领域皆有杰出表现。
GRANDVIEW,广角品牌机构,广角品牌机构成立于1995年，经过多年的发展，先后创立了盛智广角企业策划有限公司和盛世广角广告策划有限公司，众领域广告设计有限公司。
卡西欧,卡西欧,卡西欧（CASIO，カシオ计算器株式会社）是日本一家生产电子仪器、电子计算器公司旗下的品牌。该品牌于1946年4月由樫尾忠雄创立，他是一名精通装配的工程师。品牌的名字来自樫尾的日语读音Kashio。 卡西欧TR系列的初衷也是为女性打造TOP的美颜拍摄感受，最新的光影美颜功能即便在暗处拍摄也能展现自然肌肤状态。 2018年5月9日，卡西欧公司宣布，将退出小型数码相机市场。 
CASIO,Casio,CASIO中文名称卡西欧，卡西欧品牌源于日本，创立于1957年，创业之始是为计算机制造商的卡西欧计算机股份有限公司，现已发展拥有计算器、电子表、电子乐器、液晶电视等产品。这些产品帮助世界各地的人们获取信息、卡西欧的经营理念是“贡献、创造”。
猛犸,猛犸,猛犸（学名Mammuthus）是象科动物的一个已灭绝的属。脊椎动物，哺乳纲，长鼻目。最著名的种类是真猛犸象，即长毛象。存在于冰河时期。源自于俄罗斯的古字mammut，意思是地下潜伏的事物，因为所有猛犸在被发现时，都已死亡并半埋于土中。猛犸的生活年代约1万1千年前，源于非洲，早更新世时分布于欧洲、亚洲、北美洲的北部地区，可以适应草原，森林，冻原雪原等环境，少数种类如真猛犸披有长毛，有一层厚脂肪可隔寒，夏季以草类和豆类为食，冬季以灌木、树皮为食，以群居为主。最后一批猛犸象于公元前1670年左右灭绝。
MAMMOTH,猛犸惊魂,《猛犸惊魂》是蒂姆·考克斯执导的电影，文森特·温特莱斯卡、汤姆·斯凯里特等参加演出。
skycolor,skycolor,skycolor是郑州新世纪广告设备有限公司的一个写真机品牌。
盾牌,盾牌,《盾牌》一剧是美国FOX电视网旗下FX有线电视台的第一部原创剧，大卫·凡·安肯执导，迈克尔·切克利斯等主演。该剧讲述了警察的故事。
OLEY,欧朗,Oley（欧朗）的名称源自西班牙语系的Olé，正是那个在足球场上最为人熟知的欢呼。中国一汽用此词对应的英文发音Oley来命名新产品品牌，这也是通过一种充满活力的语义来表达Oley（欧朗）的内在品牌气质。而Oley（欧朗）的“激情、活力、时尚、运动”四大品牌元素，是对年轻消费群价值观的深刻总结。在未来，欧朗品牌所推出的新车均瞄准年轻的用户群体。
集大成,集大成,集中某类事物的各个方面，达到相当完备的程度。集：聚在一起。大成：原是孟子专对孔子的赞誉，出自《孟子·万章下》：“孔子之谓集大成集大成也者，金声而玉振也”。孟子称赞孔子，才德兼备，学识渊博，正如奏乐，以钟发声，以磬收乐，集众音之大成，用以赞誉孔子思想集古圣贤之大。后世君主皆以“大成至圣先师”、“大成至圣文宣王”命名孔子尊号。孔庙主殿称“大成殿”。在当时除孔子外，其他人物不宜冠以“大成”之号。后来常用该词形容在某方面精通渊博超出一般的人或事物。
雷盛,雷盛,LexingtonGlobalMarkets，中文名简称“雷盛”。是一个独立的全球一级银行流动性价格汇总系统。伴随着电子网络交易的日益盛行，衍生品交易已不再完全是机构客户独享的投资产品。多年来，雷盛的管理层与一只高端技术团队，为机构与非机构客户打造一个灵活性高，交易成本低，普遍性大的电子交易平台。 
东方中原,东方中原,
Donview,donview,DONVIEW东方中原首字发音“Don”和“view”两个词语的组合，创立的一个全新的词汇——Donview，“Don”为东方中原首字母的发音，“view”本意为视野，亦可引申为展望。
神思,神思,神思意为精神、神志，思维。在刘勰《文心雕龙·神思》中指作家在想象力活跃时或处在灵感状态下进行的创作构思。
好会通,好会通,好会通(R)为深圳市好会通科技有限公司注册商标。深圳市好会通科技有限公司位于深圳市南山区科技园。深圳市好会通科技有限公司专注于为客户提供高性能、易使用的多方交互式电话会议系统及电话会议会场终端全方位解决方案。
SISS,SISS,SISS ，是南通蓝点电脑有限公司2014年11月14日，向国家商标总局注册的商用设备品牌，主要生产电子收银秤，安卓收银秤，收银秤，收银机，安卓收款机，条码秤 等。
京东众筹,京东众筹,2014年7月1日，京东众筹正式诞生，在新消费升级时代下，京东众筹不仅是一个为用户提供“与众，不同”的趋势性产品体验的品质生活平台，更是一个为创新创业企业发展提速的筹资与孵化平台。 
世达,世达,SATA世达是美国APEX集团在中国的全资子公司，主要经营手工具、汽保设备和个人劳防用品。用于汽车维修、保养，能源建设，轨道交通，机械制造，电子电工等众多行业。 SATA世达创立“终身保用”服务 ，已成为手工具服务标准；整合APEX集团技术成果 ，推出具有专利技术和创新理念产品 ；引进APEX在工程设计和整车服务方面经验，将业务拓展至汽保设备。SATA世达关注人的安全和健康 ，其个人劳防用品，方方面面的周到设计，满足专业人员在各类特定作业环境中的安全保护需求。  
star,金高恩,金高恩（Star），1983年10月22日出生于韩国，毕业于同德女子大学，韩国女歌手、演员。2002年10月1日，以歌曲《12月32日》出道于歌坛 ，并获得SBS歌谣大典新人奖，2003年，11月出演SBS电视剧《狎鸥亭宗家府》 ，2004年7月，为KBS播出的水木剧《浪漫满屋》献唱OST《IthinkI》 ，2006年5月11日，发表迷你三辑《泪腺》，2007年4月24日，发表迷你四辑《HerStory》 ，2008年8月5日，发表单曲专辑《LikeAStar-Bikini》，2009年2月5日发表迷你五辑《LikeaStarPrimary》 ，2010年3月4日，发行EP《TasteOfLove》 ，2011年10月5日，发表EP《WasabiiSound2nd》，2012年10月24日，发表EP《可爱》 ，2015年8月，为电视剧《第二个二十岁》献唱OST《美好的时节》 。
TCL,TCL,TCL集团股份有限公司创立于1981年，是全球化的智能产品制造及互联网应用服务企业集团。集团现有7万 名员工，26个研发中心10余家联合实验室，22个制造加工基地 ，在80多个国家和地区设有销售机构，业务遍及全球160多个国家和地区。其前身为中国首批13家合资企业之一——TTK家庭电器（惠州）有限公司，从事录音磁带的生产制造，后来拓展到电话、电视、手机、冰箱、洗衣机、空调、小家电、液晶面板等领域。《财富》中文版于北京时间2017年7月31日发布了最新的《财富》中国500强排行榜，TCL集团股份有限公司在2017年中国500强排行榜（公司名单）中排名第64位。 
Can,广州白云国际机场,广州白云国际机场（GuangzhouBaiyunInternationalAirport，ICAO：ZGGG，IATA：CAN），是位于中国广东省广州市北部约28公里的民用机场，地处广州市白云区人和镇和花都区新华街道、花东镇交界处，地理位置为北纬23°10′35.72″，东经113°15′17.13″，机场飞行区等级为4F级，是中国三大门户复合枢纽机场之一 ，世界前百位主要机场 。 机场前身为民国二十一年（1932年）始建的旧白云机场。1963年，名称变为“广州白云国际机场”。 2004年8月5日，新广州白云国际机场正式启用。 2015年2月，广州白云国际机场第三跑道投入使用。 根据2017年8月信息显示，机场有3条跑道和1座航站楼，远期规划为5条跑道和3座航站楼，有138个客机位，45个货机位；一号航站楼总面积52.3万平方米；二号航站楼共63万平方米，于2018年5月投入使用 ；覆盖全球200多个通航点，其中国际及地区航点超过80个，通达全球40多个国家和地区。 2016年，广州白云国际机场旅客吞吐量5978万人次，同比上年增长8.2%，在世界机场排名第16位，在中国机场排名位居第3位；货邮吞吐量165万吨，同比上年增长7.4%；起降架次（架次）43.52万次，同比上年增长6.2%。 
RICOH,理光,理光（Ricoh），是日本著名的办公设备及光学机器制造商，世界五百强企业。市村清在1936年成立理化学研究所，研究所主要研究理研阳画感光纸，1963年正式易名为理光，并在同年成立香港分公司。现在理光的主要产品包括影印机、传真机、打印机等文仪器材，文档解决方案，以及轻便型数码相机。
四通,四通,1、四通，谓与四方相通。2、四通集团公司是中国著名的民营科技企业，电子信息产业的一支重要力量。1984年5月，借款2万元创业的几名科技人员，办起了北京市四通新兴产业开发公司。
粤港,粤港,《粤港（深圳）地质科学与工程》内容凸显了珠三角地区近期地质科学与地质工程的应用成果主题，其中涵盖了基础地质研究最新成果
丽讯,丽讯,Vivitek(丽讯)为台达集团旗下品牌，主要产品为投影机。其销售据点依赖台达集团实力遍布美洲、欧洲、亚太、中国等80多个国家和地区。Vivitek(丽讯)是全球拥有DLP技术从低端到10000流明以上高端完整产品线的仅有几个品牌之一。Vivitek(丽讯)并致力于将欧美先进的应用科技转化为推动投影行业发展的人性化产品，应用于政府机关、演唱会、教育单位、商务简报及家庭影院等广泛领域。同时，Vivitek拥有个性化产品线，提供全球用户丰富选择-「台达出品，质量保证」。
Vivitek,丽讯,Vivitek(丽讯)为台达集团旗下品牌，主要产品为投影机。其销售据点依赖台达集团实力遍布美洲、欧洲、亚太、中国等80多个国家和地区。Vivitek(丽讯)是全球拥有DLP技术从低端到10000流明以上高端完整产品线的仅有几个品牌之一。Vivitek(丽讯)并致力于将欧美先进的应用科技转化为推动投影行业发展的人性化产品，应用于政府机关、演唱会、教育单位、商务简报及家庭影院等广泛领域。同时，Vivitek拥有个性化产品线，提供全球用户丰富选择-「台达出品，质量保证」。
鸿合科技,鸿合科技,鸿合科技（BeijingHongheTechnology），是国内教育信息化领军企业，交互式多媒体设备领域全球领军品牌。 自1990年成立以来，专注于多媒体视讯（AV）行业的产品推广普及、系统集成与技术研发，是一家以贸、工、技三足鼎立为基础架构，坐拥全国三十多个分支机构，以及国内外一百多家核心经销商和三百多家代理商的跨国型高科技龙头企业。在自有品牌建设领域，鸿合科技始终坚持“自主创新，永续发展”的战略目标，并于2005年与中科院软件所联合成立“数字媒体工程中心”，于2006年在深圳重新规划建立大型专业化数字媒体产品及现代化教育设备生产基地。
维亮,维亮,维亮，维亮科技，维亮微显示技术有限公司维亮科技和维亮微显示技术有限公司隶属维亮科技集团，维亮科技专注于投影机产品的研发、制造和销售，是投影机行业优秀的代工企业之一。ViviBright|维亮的企业LOGO英文ViviBright内涵释意是“VividColors.PerfectBrightness”(意为清晰的色彩完美的亮度)，公司自成立以来，并坚持和发扬“同舟共济，扬帆竞发”的企业文化精神，使维亮得到持续、健康、和谐的发展。维亮的创始人和决策层初入投影机产品行业于2004年的11月，莅年即成立明仕通光电科技有限公司并专注研发单液晶板视频投影机产品以及配套光显示模组，至2006年的资产重组成立香港维亮科技有限公司并利用毗邻香港，放眼全球的地理优势使投影机产品延伸到更高的规格和档次拓展到DLP投影机产品阵营，参与到国际招、投标市场并联合业界最大的投影机代工厂商“富士康科技集团”旗下“佛山普立华科技”，连续多次中标国际大单并为维亮打开国际市场做到更好的延伸。
iData,idata,iData系列新一代移动物联终端iData-盈达聚力，总部位于无锡市，在深圳、上海、北京建立研发团队，致力于研究、设计、制造具有工业等级的高性能移动智能终端及互联网应用解决方案。产品适用于零售、服装、医疗、政府、物流、生产制造等各垂直市场，以其卓越的条码/RFID识读技术、无线通讯、人性化设计、耐用便携及移动作业等特性引领用户不断创新进取、提高竞争力。 
因科美,因科美,因科美通信(EACOMEELECTRONICSCo.LIMITED)公司成立于2002年，是语音通信领域国际一流的供应商，专注于为全球企业提供优质的会议通讯产品及其方案。是全球音频会议设备三大供应商之一。
EACOME,EACOME,因科美（英文名称Eacome）深圳市因科美通信有限公司成立于2002年，专业提供语音、数据、视频等融合通信解决方案。是全球会议电话机生产厂商领军者和电话会议系统（业务）的主要供应商。
风光,风光,风光是一个汉语词语，读音为fēngguāng，指风景、景色，亦指繁华景象，方言可指铺张、热闹、体面。《文选·谢朓·和徐都曹诗》等均有相关记载。
普乐士,普乐士,普乐士是日本普乐士(PLUS)集团公司旗下品牌，主要以生产电子白板为主，日本普乐士(PLUS)集团公司创立于1948年。自2000年进入中国以来，普乐士经过10多年的本土化创新发展，普乐士已经建立了遍布全国各省市的营销服务网络为越来越多的中国企业带来更高效的会议成果。 
派克,派克,派克是派克汉尼汾的简称，英文ParkerHannifin，它是全球领先的运动和控制技术与系统多元化制造商，全球最大的传动控制产品服务商，工业领域提供最全面的精准解决方案。世界最大的专业液压接头、胶管总成、硬管接头EO|EO2接头，快速接头产品，制冷空调件、气动、自动控制产品制造商。拥有BALSTON、DH、RECTUS、TEMA、Alron、Racor、Finite等知名品牌。上世纪70年代进入中国，在中国的技术和产品推广主要由威士乐集团来负责。另外，是文具品牌（香港译作栢架）；也是著名的好来坞(香港译作荷里活，Hollywood)明星。
创荣,创荣,创荣电子秉承“企业，人才作驱动;产品，质量是基础;服务，诚信为根本”的经营理念，豪迈坚韧，务实勤勉，守信如节，锐意创新，不断开发，不断进取，着眼未来，与时代科技同步，与投影产业共发展。
CRE,CRE,中铁快运股份有限公司（ChinaRailwayExpressCo.Ltd.简称“中铁快运”）是铁道部直属大型国有专业运输企业，在国家工商行政管理总局注册，注册资金26.93亿元。 
铭安,铭安,铭安（？—1911）叶赫那拉氏，字鼎臣，内务府满洲镶黄旗人，清朝将领。咸丰六年进士，选庶吉士，授编修，除赞善。累迁内阁学士，历泰陵总兵、仓场侍郎。
NEBULA,nebula,Nebula的意思是星云。但现在已经成为一种模拟器的代名词。Nebula是由EISemi所写的街机模拟器之一，支持CPS-1、CPS-2、NEOGEO、IGS、Konami等，NEOGEO、IGS游戏则需要BIOS的支持，分别为neogeo.zip和pgmbios.zip，都不解压的放入roms目录中即可，支持新游戏最快就数它了，且有多种画面显示处理效果。
华硕,华硕,台湾华硕电脑股份有限公司 是目前全球第一大主板生产商、全球第三大显卡生产商，同时也是全球领先的3C解决方案提供商之一，致力于为个人和企业用户提供最具创新价值的产品及应用方案。华硕的产品线完整覆盖至笔记本电脑、主板、显卡、服务器、光存储、有线/无线网络通讯产品、LCD、掌上电脑、智能手机等全线3C产品。其中显卡和主板以及笔记本电脑三大产品已经成为华硕的主要竞争实力。 遍布全球20多个国家和地区的分支机构，以及十万名员工，共同将华硕打造成年营业额超过165亿美金的信息产业巨擘。
ASUS,华硕,台湾华硕电脑股份有限公司 是目前全球第一大主板生产商、全球第三大显卡生产商，同时也是全球领先的3C解决方案提供商之一，致力于为个人和企业用户提供最具创新价值的产品及应用方案。华硕的产品线完整覆盖至笔记本电脑、主板、显卡、服务器、光存储、有线/无线网络通讯产品、LCD、掌上电脑、智能手机等全线3C产品。其中显卡和主板以及笔记本电脑三大产品已经成为华硕的主要竞争实力。 遍布全球20多个国家和地区的分支机构，以及十万名员工，共同将华硕打造成年营业额超过165亿美金的信息产业巨擘。
天文,天文学,天文学（Astronomy）是研究宇宙空间天体、宇宙的结构和发展的学科。内容包括天体的构造、性质和运行规律等。天文学是一门古老的科学，自有人类文明史以来，天文学就有重要的地位。主要通过观测天体发射到地球的辐射，发现并测量它们的位置、探索它们的运动规律、研究它们的物理性质、化学组成、内部结构、能量来源及其演化规律。
卡尔,卡尔,卡尔是基于魔兽争霸3：冰封王座的多人实时对战自定义地图DOTA6.51版本中的新英雄（复出英雄，曾在老版本中有过被称为神的经历），是召唤师、祈求者，名叫Kael。
THE ONE,郑淳元,郑淳元（Theone），1974年3月26日出生于韩国，韩国男歌手、音乐教师。2002年，推出首张个人音乐专辑《TheLastGiftTheOne》，从而正式进入演艺圈 ；同年，获得韩国文化演艺大奖新时代歌曲10大歌手奖 ；之后，郑淳元担任韩国S.M.Entertainment公司的音乐教师，期间指导过400多位韩星，包括东方神起、少女时代、SuperJunior等 。2004年，推出第二张个人音乐专辑《TheOne》 。2008年，推出第三张个人音乐专辑《TheLast》 。2012年，参加韩国MBC综艺节目《我是歌手第二季》的比赛，获得年度冠军 。2013年，担任湖南卫视《我是歌手第一季》总决赛帮唱嘉宾，与黄绮珊合唱《Withoutyou》 。2014年，获得“第23届首尔歌谣大赏”OST部门奖 。2015年，作为补位歌手参加湖南卫视《我是歌手第三季》的比赛，最终获得总决赛季军 ；同年，推出首张个人中文专辑《因为有你》 。2016年，为音乐偶像剧《夏梦狂诗曲》演唱主题曲《天荒》 。
鸿运,鸿运,鸿运社区是在2012年创建于中国四川。鸿运取名网专业从事品牌研究和品牌命名及推广，包括公司名称，产品名称，以及在商品、服务及企业推广宣传过程中涉及到的各种名称和语言要素，这些名称能够满足公司营销和品牌方面的要求，同时又能符合法律要求。
康华,康华,康华，1971年12月5日出生，中国香港女演员，毕业于香港演艺学院。1994年参加香港小姐竞选后加入香港无线TVB；同年出演时装剧《笑看风云》。1995年，出演民国爱情剧《刀马旦》。1997年，出演TVB贺岁剧《醉打金枝》。2001年，参演古装武侠剧《倚天屠龙记》。2002年，参演由萧显辉监制穿越剧《九五至尊》。2005年，出演时装电视剧《女人唔易做》。2006年，凭借时装剧《男人之苦》获得TVB万千星辉颁奖典礼最佳女配角提名。2010年，出演古装历史传奇剧《大唐女将樊梨花》 。2011年，出演古装宫廷剧《帝锦》。2013年出演悬疑推理剧《守业者》。2015年出演谍战剧《潜伏在黎明之前》。
随锐,随锐,随锐科技股份有限公司 (SUIRUICo.Ltd.)，成立于2006年1月23日，是一家专注于高清视频通信产品及视频云平台设计、研发、销售和服务的高科技公司。作为国内领先的高清视频通信产品及视频云服务提供商，公司始终坚持自主创新，坚持走“以创新科技产品驱动公司发展”的道路，为客户提供“五位一体、互联互通”的视频云服务。五位一体是指：视频硬件、视频软件、宽带、数据中心、视频运维互联互通是指：不同品牌、不同平台、不同类型设备之间可以无障碍进行视频互通，顺畅通信。 
HawK,Hawk,“霍克”(HAWK)为美国雷锡恩公司研制的一种全天候中程、超音速、中低空的陆基防空系统，美军编号MIM－23，意译名称为鹰，前几代只能用来反飞机，但其改型的最新一代已经具备了反飞毛腿、SS-21等早期近程弹道导弹的能力。主要装备美国陆军和海军陆战队，是美军60—70年代的主力中程防空导弹。
葩葩,葩葩,原名：王文婷，出生地杭州，就读于杭州师范附属三墩高级中学-舟山某大学，职业：办公OL、平面模特、电视模特、游戏玩家代言
Pa,压强,物体所受的压力与受力面积之比叫做压强，压强用来比较压力产生的效果，压强越大，压力的作用效果越明显。压强的计算公式是：p=F/S，压强的单位是帕斯卡，符号是Pa。增大压强的方法有：在受力面积不变的情况下增加压力或在压力不变的情况下减小受力面积。减小压强的方法有：在受力面积不变的情况下减小压力或在压力不变的情况下增大受力面积。液体对容器内部的侧壁和底部都有压强，压强随液体深度增加而增大。液体内部压强的特点是：液体由内部向各个方向都有压强；压强随深度的增加而增加；在同一深度，液体向各个方向的压强相等；液体压强还跟液体的密度有关，液体密度越大，压强也越大。液体内部压强的大小可以用压强计来测量。
基士得耶,基士得耶,基士得耶()始创于1881年的英国。有着一百多年历史，总部设在英国伦敦的基士得耶公司，以销售速印机办公系列设备闻名于世界各地，现已发展成为一个闻名全球的跨国集团。
mAi,仓木麻衣,仓木麻衣，本名青野真衣。1982年10月28日出生于日本千叶县船桥市，日本女歌手、作词家，唱片公司为NORTHERNMUSIC。1999年12月，发行单曲《LoveDayAfterTomorrow》在日本正式出道 。2000年，发行首张专辑《deliciousway》，该专辑累计近400万的销量，并获得公信榜年度销量冠军 ，随后推出的3张原创专辑也获得公信榜专辑周榜冠军 。2001年，在美国发行英文专辑《Secretofmyheart》 。2004年，发行首张精选辑《WishYouTheBest》，销量近百万 。2009年，发行第八张专辑《touchMe!》，首周获得公信榜专辑周榜冠军 ，同年的10周年精选辑《ALLMYBEST》亦登上该榜冠军 。2014年，发行双主打单曲《无敌的心/STANDBYYOU》 ，同年12月，发行15周年精选辑《MAIKURAKIBEST151A-LOVE&HOPE-》 。2015年5月20日，发布配信单曲《Serendipity》 。2017年2月15日，发行专辑《Smile》 。同年为动画电影《名侦探柯南：唐红的恋歌》演唱主题曲《渡月桥～思君～》 ，并凭借该曲创下连续41张单曲进入公信榜单曲周榜前十位的纪录 。
永邦,永邦,余永邦（Shawn），新加坡歌手，祖籍广东，血型是B型，嘉田传媒签约歌手 ，代表作品有《威尼斯的泪》、《爱在离别时》、《天堂》。
Polycom,polycom,Polycom是基于标准的统一通信(UC)解决方案的全球领导者，致力于远程呈现、视频和语音等领域。我们的愿景是让每个人都能使用视频作为他们的首选协作方式-简单、可靠而且安全。超过400000个企业机构采用Polycom解决方案进行协作，并不受地点限制的面对面会谈，从而与同事、合作伙伴、客户、专家和潜在客户建立起更富有实效的合作。当协作变的十分关键，Polycom就是企业采用视频平台的最佳选择。
crn,CRN,CRN英文全称：CARGOREGISTRATIONNOTE，中文全称：加蓬共和国货物跟踪单。
神盾,神盾局,神盾局（S.H.I.E.L.D./StrategicHomelandInterventionEnforcementandLogisticsDivision） ，全称为国土战略防御攻击与后勤保障局。是美国漫威漫画中的组织，首次登场于《奇异故事》第135期（1965年8月），由斯坦·李与杰克·科比联合创造。神盾局是国际安全理事会专门用于处理各种奇异事件的特殊部队。漫画里前任局长为尼克·弗瑞（NickFury），前任指挥官为玛丽亚·希尔（MariaHill）；电影中前局长为实为九头蛇卧底的亚历山大·皮尔斯（AlexandarPierce），此后为尼克·弗瑞（NickFury）。在《美国队长2》里神盾局被渗透其中的九头蛇破坏而近乎摧毁；此事件后弗瑞命菲尔·科尔森（PhilCoulson）接管神盾局并任局长。而在《神盾局特工第三季》与蜂巢决战后，科尔森自动退居幕后。在《美国队长3》英雄内战事件后，索科维亚协议又将神盾局合法化，新任局长是爱国者杰弗里·梅斯（《神盾局特工第四季》第十集后实际掌门人为菲尔·科尔森），漫画中的第三任美国队长。神盾局组建了由众多超级英雄组成的复仇者联盟。主要对手为远古时期异人创建后来在二战时期由红骷髅用德国纳粹资金组建并延续至今的秘密恐怖组织九头蛇。
ICR,ICR,利息备付率（InterestCoverageRatio）也称已获利息倍数，是指项目在借款偿还期内各年，可用于支付利息的息税前利润与当期应付利息费用的比值。
MICROTEK,microtek,全友电脑成立于1980年，由许正勋董事长，本着「创新、质量、服务」的基本理念，以坚强的研发、制造、服务与营销团队为后盾，创立了全友的自有品牌。1984年全友电脑推出全球第一台黑白影像扫瞄器，以「技术创新」奠基全友电脑在扫描仪产业的不坠声誉，缔造无数个「全球第一」荣耀。全友电脑至今仍持续深耕光学、影像相关技术，并将累积了30年在影响扫描、文件扫描、底片扫描的成熟技术，扩大应用领域与服务范畴，如今在医疗、生技、工业等电子影响等相关领域皆有杰出表现。
GBC,GBC,GBC指的是GameBoyColor是日本任天堂公司开发的一种彩色屏幕携带式电子游戏机（简称掌上型游戏机）。原型任天堂GameBoy改进版。于1998年10月21日正式发售，售价6800日元，最后一款游戏于2001年5月11日发售。机体代码CGB-001，可以使用任天堂GameBoy游戏卡带及GameBoyColor专用彩色游戏卡带。
华鼎,青岛华鼎信息技术有限公司,青岛华鼎信息技术有限公司（简称“华鼎”）是一家以互联网广告营销为基础的公司；公司成立于2007年12月11日，拥有独立的高端服务器，托管于各大主干机房，提供从域名注册、虚拟主机、中文网址、企业邮箱、网站建设、网站推广、网络营销、平面VI设计和软件开发等企业上网全程服务。
MAI,仓木麻衣,仓木麻衣，本名青野真衣。1982年10月28日出生于日本千叶县船桥市，日本女歌手、作词家，唱片公司为NORTHERNMUSIC。1999年12月，发行单曲《LoveDayAfterTomorrow》在日本正式出道 。2000年，发行首张专辑《deliciousway》，该专辑累计近400万的销量，并获得公信榜年度销量冠军 ，随后推出的3张原创专辑也获得公信榜专辑周榜冠军 。2001年，在美国发行英文专辑《Secretofmyheart》 。2004年，发行首张精选辑《WishYouTheBest》，销量近百万 。2009年，发行第八张专辑《touchMe!》，首周获得公信榜专辑周榜冠军 ，同年的10周年精选辑《ALLMYBEST》亦登上该榜冠军 。2014年，发行双主打单曲《无敌的心/STANDBYYOU》 ，同年12月，发行15周年精选辑《MAIKURAKIBEST151A-LOVE&HOPE-》 。2015年5月20日，发布配信单曲《Serendipity》 。2017年2月15日，发行专辑《Smile》 。同年为动画电影《名侦探柯南：唐红的恋歌》演唱主题曲《渡月桥～思君～》 ，并凭借该曲创下连续41张单曲进入公信榜单曲周榜前十位的纪录 。
unis,UNIS,UNIS是指紫光股份有限公司。紫光股份是清华大学下属控股子公司，它生产的扫描仪从“拓荒者”到“普及者”再到“领先者”，赢得了超过200万用户的青睐，从2004年国内第一个采用AMD的64位CPU推出高端笔记本电脑“紫光之星”时起，标志着64位移动计算时代的到来。UNIS是指紫光股份有限公司（原名：清华紫光股份有限公司）是经国家经贸委和国家教育部批准发起设立的高科技A股上市公司，1999年3月18日成立，同年11月4日在深圳证券交易所上市（股票简称G紫光、股票代码000938）。紫光股份作为清华大学下属控股子公司、中国高校产业的代表之一，依托清华大学雄厚的科研力量、丰富的人才资源和多学科综合优势，充分利用人才优势、创新优势、品牌优势、渠道优势；清华紫光是国家520户重点企业、国家重点高新技术企业、国家863计划成果产业化基地、全国电子信息“百强”企业。曾荣获国家技术发明奖、北京市名牌产品等数十项奖励。
太阳岛,太阳岛,太阳岛坐落在黑龙江省哈尔滨市松花江北岸，总面积为88平方公里，其中规划面积为38平方公里，外围保护区面积为50平方公里。太阳岛是一处由冰雪文化、民俗文化等资源构成的多功能风景区，也是中国国内的沿江生态区。
EUG,EUG,EUG品牌是广州才为电子技术发展有限公司旗下的品牌之一，EUG投影类产品主要包括LED光源的EUG-X88EUG-X660SEUG-X760EUG-86EUG-X550-1，EUG-X600，EUG-X650，EUG-X700，EUG-X560系列，DLP技术的灯泡光源的主要包括X850，X820系列；音影产品主要是家庭点歌机触摸一体机系列。
天色,天色,天色，汉语词汇。注音：tiānsè释义：天空的颜色，借指时间的早晚和天气的变化。
毕索龙,毕索龙,毕索龙是一个微型打印机的品牌，在中国的合作伙伴是上海韵扬信息科技有限公司。
达芬奇,达·芬奇,达·芬奇是列奥纳多·迪·皮耶罗·达·芬奇（意大利文原名：LeonardodiserPierodaVinci）的简称，出生于儒略历1452年4月15日（公历4月23日），毕业于意大利理工学院，1519年5月2日逝世，是意大利学者、艺术家。欧洲文艺复兴时期的天才科学家、发明家、画家，生物学家。现代学者称他为“文艺复兴时期最完美的代表”，是人类历史上绝无仅有的全才，他最大的成就是绘画，他的杰作《蒙娜丽莎》、《最后的晚餐》、《岩间圣母》等作品，体现了他精湛的艺术造诣。他认为自然中最美的研究对象是人体，人体是大自然的奇妙之作品，画家应以人为绘画对象的核心。他是一位思想深邃，学识渊博、多才多艺的画家、天文学家、发明家、建筑工程师。他还擅长雕塑、音乐、发明、建筑，通晓数学、生理、物理、天文、地质等学科，既多才多艺，又勤奋多产，保存下来的手稿大约有6000页。他全部的科研成果尽数保存在他的手稿中，爱因斯坦认为，达·芬奇的科研成果如果在当时就发表的话，科技可以提前30-50年。达·芬奇少年时已显露艺术天赋，15岁左右到佛罗伦萨拜师学艺，成长为具有科学素养的画家、雕刻家，并成为军事工程师和建筑师1482年应聘到米兰后毕业于意大利理工学院成为意大利著名建筑师、画师，在贵族宫廷中进行创作和研究活动，1513年起漂泊于罗马和佛罗伦萨等地。1516年侨居法国，1519年5月2日病逝。小行星3000被命名为“列奥纳多”。最著名的作品是《蒙娜丽莎》现在是巴黎的卢浮宫的三件镇馆之宝之一。
鹰牌,鹰牌,鹰牌卫浴是1996年在香港成立的一个卫浴公司，鹰牌卫浴（香港）控股有限公司是一家专业致力于开发生产洁具产品的大型卫浴企业。公司以“质量第一，服务至上”为企业的经营理念，打造世界洁具行业的知名品牌。公司经营产品品种齐全，质量可靠，产品符合GB6952-2005国际标准并通过ISO9001:2000国际质量体系认证，先后荣获“中国著名品牌”“全国产品质量公证十佳品牌”“中国优秀环保绿色产品”等一系列证书。
指南者,指南者,指南者是Jeep家族中的成员之一，Jeep指南者在中国以外市场叫JeepCompass，这款车于2007年9月正式登陆中国市场。作为Jeep品牌专为年轻一族所精心打造的紧凑型SUV，Jeep指南者引领Jeep品牌向全新领域进发，并作为主力军投入到中国紧凑型SUV（运动型多用途车）细分市场的竞争中，担当起为Jeep品牌吸引全新消费群体的重任。据克莱斯勒（中国）汽车销售有限公司介绍，Jeep品牌新车的中文名称进一步诠释了Jeep品牌的内涵和特质，遵循“车如其名”的原则，即通过拟人化的中文名称表现该款车特有的人文内涵，其中，Jeep指南者体现的是一种“气度天成、大气磅礴”的王者之风。
唐信,唐信,唐信苏州、无锡地区木版刻工。正德十年（一五一五）同刻大唐六典。（亦名唐恭）《文物一九五九年三期》
理想,理想,《理想》是民谣歌手赵雷的一首原创歌曲，该曲收录自其于2014年11月发行的第二张专辑《吉姆餐厅》 ，同时亦是网剧《陈二狗的妖孽人生》主题曲。2017年2月11日，赵雷于湖南卫视音乐节目《歌手》中演唱该曲 。
itc,ITC,ITC(InternationalTradeCenter），简称ITC，是联合国贸易与发展大会（UNCTAD）和世贸组织（WTO）联合设置的机构，于1964年成立，由联合国和世贸组织共同管理，并作为联合国开发计划署的执行机构，直接负责执行开发计划署资助的发展中国家和转型经济国家贸易促进项目。
睿威仕,睿威仕,睿威仕，监控设备知名品牌。是汕头粤成动游网络科技有限公司主打的监控设备领先品牌，他是一家集安防监控产品研发、生产、销售为一体的技术企业。
创维,创维集团有限公司,创维集团有限公司（SkyworthGroupCo.Ltd），是以香港创维数码控股有限公司为龙头，跨越粤港两地，生产消费类电子、网络及通讯产品的大型高科技上市公司。创维成立于1988年，经过三十年的奋斗，创维已成长为蜚声国际的中国家电巨子，2006年集团年销售额达125.6亿港元，出口额持续9年居全国领先行列，成功挺进世界彩电十大品牌之列，成为中国电子百强名列第16位的优秀企业。作为连续六年深圳市纳税大户，截至2006年度，已累计向国家缴纳各项税金超过30亿余元，累计向社会各界捐助8000多万元，扶持500多家配套企业，解决约10万人就业。创维集团总部设在深圳市南山高新科技园区之创维大厦，产学研基地设在深圳宝安区，营销分支机构遍布全球，员工总数有近三万八千多名。2016年8月，创维集团在"2016中国企业500强"中排名第386位。 
Skyworth,SKYWORTH,创维集团（SKYWORTH），是以香港创维数码控股有限公司为龙头，跨越粤港两地，生产消费类电子的大型高科技上市公司，是中国三大液晶彩电龙头企业之一。创维成立于1988年，初期名称为创维实业有限公司，主要生产电视机遥控器。1992年成立创维集团有限公司，并获得彩电生产许可证，开始生产彩电、VCD、DVD、LED，家庭影院和卫星接收机等产品。1994年成立深圳创维-RGB电子有限公司。2000年4月，创维数码控股有限公司在香港证券交易所主板上市（代码0751），是一个由公众、世界著名投资基金及企业管理层组成的市值突破60亿元的国际型企业。
容大,容大,容大（克林霉素磷酸酯片），适应症为本品适应症与盐酸克林霉素口服制剂一致，用于治疗由敏感细菌(如厌氧菌与葡萄球菌、链球菌、肺炎球菌等)引起的感染；1．呼吸道感染；2．泌尿系统感染；3．五官感染及皮肤软组织感染等。注意：本品代谢产物克林霉素不能通过血脑屏障，对脑膜炎无效；对于厌氧菌感染，本品与甲硝唑有相同的疗效。
中维世纪,济南中维世纪科技有限公司,济南中维世纪科技有限公司（简称：中维世纪）创立于2000年，是一家集安防视频监控产品的研发、生产、销售和服务为一体的国家重点高新技术企业。
万联,万联,万联是珠海万联电子有限公司主打品牌，是国内最具市场竞争力的安防品牌之一。该公司是一家集研发、生产、销售、服务为一体的高科技企业，主要产品为楼宇对讲、报警及智能家居产品、智能ID\IC卡、闭门器、锁具、线材。
BSC,BSC,BSC即平衡计分卡（BalancedScoreCard），是常见的绩效考核方式之一，主流经管教育均对BSC平衡计分卡绩效管理模式有所介绍。
信鸽,信鸽,信鸽是一种空中飞行的动物，所以它的形体一定要符合空中飞行的要求。即飞行时阻力要小、平衡控制能力强、飞行时间长。一般应从它的头形、鼻形、羽毛、前胸、尾部、腿、龙骨及耻门等方面鉴别。 
英明仕,英明仕,英明仕为德国马丁耶橹国际有限公司旗下全球著名碎纸机品牌，是一家致力于保密销毁、印后设备和废物处理的专业化公司。公司总部位于德国马克多夫，是历史最为悠久的销毁设备厂商。公司旗下拥有低中高端全系列碎纸机，可以销毁纸质保密文件、光盘、软盘、硬盘、数据卡等多种介质，满足客户各种销毁需求。
MR.RIGHT,mr.right,我们常说的“真命天子”、“白马王子”、“如意郎君”，直译过来为“对先生”。最好的伴侣不是最优秀的那一个，而是最适合的那一个，所以有了“Mr.Right”这个词。后来引申为最适合自己的人，命中注定的那个伴侣。
杰宝大王,杰宝大王,杰宝大王企业发展有限公司是目前国内专业生产及销售各类安防产品（保险箱柜、押款箱、保管箱、金库门、特殊枪柜）及钢质办公家具的龙头企业。
美高,美高,美高·迪奥杜高域（英语：MirkoTeodorović，1978年8月6日－），是一名塞尔维亚足球运动员，司职中场，目前效力香港足球超级联赛球队标准灏天。 
雄迈,雄迈,雄迈，读音xióngmài，汉语词语，指雄壮豪迈；宏伟远大。
XM,XM,美国XM卫星广播公司提供针对汽车等移动接收和固定接收的高品质卫星数字广播节目。1992年注册成立，XM卫星广播有6万用户遍布全国各地。拥有最大，最广泛的美国广播电台，他们的总部设在华盛顿特区，并利用3颗卫星。拥有21通道单独用于交通和天气更新，30新闻频道，体育和娱乐，以及超过200万首歌曲，播放XM的招待，通知和教导的听众。XM公司还提供69个独立的网络音乐。
金虎,金虎,金虎，是哺乳纲食肉目下猫科豹属的动物，分布于印度等地。金虎是食肉目猫科，孟加拉虎金黄色变种，全身金黄色，有黑色的斑纹，野生已灭绝，数量比雪虎更加稀少。世界珍稀动物。
YOKO,熊文丹,熊文丹，女，汉族，水瓶座，网络红人、平面模特，江西南昌人，出生于1991年1月21日，毕业于景德镇高等专科学校(艺术系）。人生格言是做自己想做的事，不杞人忧天，不庸人自扰，对于一切保持平常心。
肯辛通,肯辛通,Kensington科技集团一直致力于电脑周边附件的设计制造，以便使用户的工作更加时尚，更加舒适，更加有成果。目前有超过400种产品归属在Kensington的品牌中。
Kensington,kensington,Kensington（肯辛通）科技集团是以制造计算机周边产品而驰名世界的美国公司，总部设在美国加州。该公司成立于1981年，现为ACCO集团成员之一，生产具有创新精神的产品数百种，其产品系列包括硬件安全产品、鼠标、轨迹球、劳保系列、电脑包、视保屏、移动外设、游戏杆、摄像头等，都归于两大品牌中，Kensington和Gravis。
BYON,BYON,BYON还是个相当新的词汇，因而其含义也有两个。首先是员工在移动中使用BYON，比如说员工订购了全球Wi-Fi的服务。这意味着最终用户会在可用选择不多时(例如在办公室把手机当做一个AP来用)自行创建一个可替代网络。其次是员工们可能同时从多个网络访问企业的敏感数据。
南天,南天,南天，拼音：nántiān，注音：ㄣㄢˊㄊㄧㄢ，解释：（1）南方的天空，（2）南方，有时特指岭南地区（2）越南自称。
天叶,天叶,《天叶》是逐风笑写的网络小说连载于起点中文网。
中兴,中兴通讯股份有限公司,中兴通讯股份有限公司（英语：ZTECorporation，全称：ZhongxingTelecommunicationEquipmentCorporation），简称中兴通讯（ZTE）。全球领先的综合通信解决方案提供商，中国最大的通信设备上市公司。主要产品包括：2G/3G/4G/5G无线基站与核心网、IMS、固网接入与承载、光网络、芯片、高端路由器、智能交换机、政企网、大数据、云计算、数据中心、手机及家庭终端、智慧城市、ICT业务，以及航空、铁路与城市轨道交通信号传输设备。中兴通讯在香港和深圳两地上市。2015年，中兴通讯营业收入超过1000亿。2016年8月25日，中兴通讯发布2016年半年财报，在集团整体营业收入、经营活动现金净流、净利润等方面均表现亮眼。 2016年8月，中兴通讯在"2016中国企业500强"中排名第150位。2017年11月，在“2017年中国大陆创新企业百强榜单”中位列梯级I。 
ZTE,中兴通讯股份有限公司,中兴通讯股份有限公司（英语：ZTECorporation，全称：ZhongxingTelecommunicationEquipmentCorporation），简称中兴通讯（ZTE）。全球领先的综合通信解决方案提供商，中国最大的通信设备上市公司。主要产品包括：2G/3G/4G/5G无线基站与核心网、IMS、固网接入与承载、光网络、芯片、高端路由器、智能交换机、政企网、大数据、云计算、数据中心、手机及家庭终端、智慧城市、ICT业务，以及航空、铁路与城市轨道交通信号传输设备。中兴通讯在香港和深圳两地上市。2015年，中兴通讯营业收入超过1000亿。2016年8月25日，中兴通讯发布2016年半年财报，在集团整体营业收入、经营活动现金净流、净利润等方面均表现亮眼。 2016年8月，中兴通讯在"2016中国企业500强"中排名第150位。2017年11月，在“2017年中国大陆创新企业百强榜单”中位列梯级I。 
WanLi,Wanli,
伟文,伟文,伟文公司主要生产经营各类服装服饰，钮扣，拉链，衬布里料，织带，商标，吊牌，胶袋等。以配套外贸出口为主，伟文特约经销YKK拉链及系列产品。还可根据出口要求：不含偶氮，不含镍，过验针等。面料采用新型纺纱技术，经纱纺为单纱、雪呢尔纱，与纬纱桑蚕丝交织，赋予织物表面自然柔和的光泽与良好的透气性，精致、甜美、透明的色彩带有天真无邪的心境，仿佛又回到了童年时代。
雅马哈,雅马哈,雅马哈（Yamaha、山叶）品牌于1887年在日本前桥创立。雅马哈产品从钢琴、电子琴、合成器等键盘乐器，铜管、木管等管乐器，小提琴、大提琴等弦乐器，以及所有的打击乐器，直至最高级的专业音响设备都有涉及。同时，雅马哈还是一个经营音乐普及事业、网络产品、体育用品、厨房卫浴用品、发动机、贴片机等其他各种产品的综合性国际集团。雅马哈公司（英语：YamahaCorporation）是一家生产乐器、音响设备及音效产品的日本公司，现时是世界上最大的乐器生产商。总部位于日本，旗下子公司还经营家居设备及以摩托车为主的事业。于2004年开发电子音乐制作语音合成软件核心引擎VOCALOID。雅马哈的产品包括钢琴、电子琴、数码钢琴、手提式电子琴、管乐器、弦乐器、敲击乐器、静音乐器、电子乐器等全线乐器。另外，音效芯片、XG声卡、影音处理机器、系统处理机器、专业音响机器、半导体至电子产品、防音工程及高尔夫球用品都属于业务范围之内。出产品牌“Yamaha”的乐器及音响器材在香港由通利琴行代理。
YAMAHA,雅马哈,雅马哈（Yamaha、山叶）品牌于1887年在日本前桥创立。雅马哈产品从钢琴、电子琴、合成器等键盘乐器，铜管、木管等管乐器，小提琴、大提琴等弦乐器，以及所有的打击乐器，直至最高级的专业音响设备都有涉及。同时，雅马哈还是一个经营音乐普及事业、网络产品、体育用品、厨房卫浴用品、发动机、贴片机等其他各种产品的综合性国际集团。雅马哈公司（英语：YamahaCorporation）是一家生产乐器、音响设备及音效产品的日本公司，现时是世界上最大的乐器生产商。总部位于日本，旗下子公司还经营家居设备及以摩托车为主的事业。于2004年开发电子音乐制作语音合成软件核心引擎VOCALOID。雅马哈的产品包括钢琴、电子琴、数码钢琴、手提式电子琴、管乐器、弦乐器、敲击乐器、静音乐器、电子乐器等全线乐器。另外，音效芯片、XG声卡、影音处理机器、系统处理机器、专业音响机器、半导体至电子产品、防音工程及高尔夫球用品都属于业务范围之内。出产品牌“Yamaha”的乐器及音响器材在香港由通利琴行代理。
YOUR,your,your是英文中第二人称的物主代词，一般意思为“你的，你们的”。
ECHO,ECHO,它可以基于TCP协议，服务器就在TCP端口7检测有无消息，如果使用UDP协议，基本过程和TCP一样，检测的端口也是7。是路由也是网络中最常用的数据包，可以通过发送echo包知道当前的连接节点有那些路径，并且通过往返时间能得出路径长度。希腊神话中，Echo是一个森林女神。有同名专辑。
YX,yx,YX试验箱是使用比较广泛的环境试验箱，由上海仪祥试验设备有限公司生产和销售；所谓“YX"即为上海仪祥试验设备有限公司的简称。
NET.AGE,NET.AGE,NET·AGE是深圳网时代科技有限公司注册的商标名，主要有电池、电池充电器、计算机、计算机周边设备、可视电话、手提电话、荧光屏、照相机(摄影)等产品。 
贝图,贝图,品牌故事：法国，一座承载着时尚使命的都市，吸引了众多明星名人的追捧。贝图（法语：Bétous），这个属于法国时尚都市的小镇，孕育了许许多多的艺术灵感家，他们用法国男人独特的浪漫国情怀，结合着精益求精的设计理念，打造着世界瞩目的时尚精品。贝图（Bétous），传承着这里的最新设计，走在时尚的最前端，致力于满足所有男士对皮带的不同需求。男人，需要的不仅仅是一条皮带，而是身份地位，时尚品位、生活品质与自身个性的象征。贝图给您，高品质、高品位、高水准的舒适享受与尊贵体验。品牌理念：贝，在古代就是钱币的代表，其意为钱财，取之有道，用之有道，一定会赢！图，古人有云：与图大事。意为一起共谋大事。贝图（Bétous），共谋大事，赢得财富。贝图（Bétous），追随着男人追求成功的脚步，一步步的见证成功。品牌宗旨：作为一个源于法国，拥有贵族血统的高级男士皮带品牌，贝图（Bétous）自问世以来，一贯遵循“简约时尚、沉稳内敛”的设计理念，倡导“追求卓越，努力拼搏”的价值取向，设计上以“极简优雅”主义和“经典时尚”主义并行，以低调却鲜明的个性彰显着品牌的概念。
GK,gk,GK，GARAGEKIT的缩写，字面意思就是套装模件的意思，很多人会误解其为所有树脂材质的人型作品，但其特指的就是未涂装的模件。通常由造型师设计灰模，而后开模制作白模，因为在树脂的腐蚀性，其开模的复杂度上有着很高的难度，因此价格一般都很昂贵。因为树脂材料的特性，很适合表现非常细致的细节部分和人物。大部分手办都是工厂提供的半成品白模，需要自己动手打磨、拼装、上色等一系列复杂的工艺，而且难度远大于一般模型制作。单单从上色来说，需要一定的美术功底以及喷笔这样昂贵的涂装工具。
IDV,IDV,IDV(IntegatedDigitalCommunicationandVideo)即综合数字通信和视频方式。IDV方式的基本原理与SDV方式的原理近似，它是在ATM技术还未成熟推广前，所采用的一种过渡方式。
YEY,YeY,YeY是韩国男团BEAST第8张迷你专辑《Ordinary》里面的主打歌，登上韩国8大音乐网站排行榜榜首。
FARGO,冰血暴,《冰血暴》是科恩兄弟执导的美国惊悚悬疑电影，由威廉姆·H·梅西、弗兰西斯·麦克多蒙德等主演。影片于1996年3月8日在美国上映。影片讲述一名倒霉的汽车销售商陷入财困却无法得到有钱岳父的资助，于是雇佣两名绑匪绑走自己的老婆，以此向岳父索要赎金，却导致各种血案的故事 。
拉克丝,光辉女郎,光辉女郎·拉克丝是《英雄联盟》中的英雄人物。她是德玛西亚之力盖伦的妹妹，擅长使用光魔法的英雄。拉克丝是一个远程输出法师，所有技能均为非锁定目标的，所以释放技能时需要玩家具有一定的预判能力。技能释放的距离较远，若法术强度足够，可以在对手打不到自己的情况下一套技能可以杀死脆皮英雄。但伤害技能初始伤害低，护盾技能经历几个版本的改动，现在所能承受的伤害非常低，初始血量低，自身也是一个非常脆的英雄，所以应尽量避免与对方贴身战斗。
枫林,枫林,枫林指有许多枫树生长的林子，同时也是一个品牌的商标。文艺作品有朱宣咸中国画《枫林夕照图》。草根公益人枫林，民间公益智囊型人物。
盾威,盾威,
吉丽,吉丽,吉丽，1989年12月10日出生于云南昆明，毕业于澳大利亚国家戏剧学院，中国内地女演员、模特。2009年起，吉丽开始在澳大利亚接拍电影 。2013年，出演爱情电影《蝶之恋》，从而正式进入演艺圈。2014年，参加科幻动作电影《变形金刚4：绝迹重生》的选拔最终获选 ；9月，在喜剧电影《爸爸的假期》中饰演Selina 。2015年，出演谍战剧《代号》 ；3月，在古装神话剧《封神》中饰演邓婵玉 。2016年6月，出演古装玄幻剧《择天记》 ；11月，出演科幻电影《环太平洋：雷霆再起》 。2017年5月，出演的夺宝枪战电影《抢红》上映 。
森海塞尔,声海,声海（原名：森海塞尔），由Prof.Dr.FritzSennheiser（弗里茨·森海塞尔博士，1912年5月9日～2010年5月17日）于1945年创立的森海塞尔是世界公认领先的专业话筒和耳机制造商。森海塞尔不断地引领着新的音频技术的潮流，研究开发中心在德国汉诺威。它也是业界公认的无线电、红外声传输技术、听诊式耳机、航空通话耳机、多媒体传播、呼叫中心耳机和头戴式耳机的先驱。
Sennheiser,声海,声海（原名：森海塞尔），由Prof.Dr.FritzSennheiser（弗里茨·森海塞尔博士，1912年5月9日～2010年5月17日）于1945年创立的森海塞尔是世界公认领先的专业话筒和耳机制造商。森海塞尔不断地引领着新的音频技术的潮流，研究开发中心在德国汉诺威。它也是业界公认的无线电、红外声传输技术、听诊式耳机、航空通话耳机、多媒体传播、呼叫中心耳机和头戴式耳机的先驱。
SATO,SATO,SATO同样是温湿度记录仪的生产厂家，占有市场温湿度记录仪的很大份额。温湿度记录仪主要用于室内或者某特定环境同时检测温度和湿度。SATO温湿度记录仪为有纸记录仪，一但开启，会自动在特定的记录纸上划线，不同型号使用不同的记录纸。
唯彩,唯彩,唯彩品牌属于天彩电子（深圳）有限公司，成立于2000年，注册资本为人民币4千万元，为开拓国内市场的需要，2010年在河源市成立新天彩科技有限公司，全力打造数码电子第一品牌——唯彩，为消费者和客户提供最好的数码产品。
西玛,西玛,西玛是一种汽车品牌。西玛虽然车型是与奔驰s级、宝马7系、奥迪a8等并列级别，但在中国人的心目中，只会接受几家比较大众化的豪华轿车，充其量会再将凌志ls430列入考虑名单。对于日产系列，大家听得最多也只是蓝鸟、风度等中级轿车。出于战略考虑把市场的发展重点放在北美的无限infiniti，在中国只是偶然间在车流中掠过。冰冻三尺，非一日之寒。建立起一个品牌形象，不是一朝一夕能够完成的事情。因此，西玛在中国的发展形势，说得严峻点，真的要从头做起。
金蝶,金蝶,金蝶是香港联交所主板上市公司（股票代码：00268），中国软件产业领导厂商，亚太地区管理软件龙头企业，全球领先的中间件软件、在线管理及全程电子商务服务商。金蝶帮助顾客成功，让中国管理模式在全球崛起为使命，为世界范围内超过400万家企业和政府组织成功提供了管理咨询和信息化服务。
kingdee,kingdee,金蝶国际软件集团有限公司是亚太地区领先的企业管理软件及电子商务应用供应商，产品包括ERP、电子商务、中间件、HR、CRM及财务软件等。
众叶,众叶,《众叶》是东莞市众叶网络科技有限公司开发的支持Android3.2及以上的APP。
阿拉丁,阿拉丁,阿拉丁是在日本动漫作品《魔笛MAGI》（漫画已完结）中登场的角色，是该作品的主角之一，被称为“所罗门的化身”的谜样少年。
其它,其它,其它，即"其余的它者"，物主代词。在“其他”作人称代词时，其他与其它是区别的；在“其他”表示其余者而用于物称时，二者就可以换用。古汉语里有的也写作“其佗”，佗是物主代词，如《左传·隐公元年》”佗邑唯命“，它也是物主代词，如《后汉书·列女传》”无它异“。佗、它通假而用，类似通假在先秦秦汉是普遍现象。古汉语不区分其他与其它，现代汉语里他作为人称代词而它作为物主代词了，因此，在现代汉语环境，谈物时，用“其他”是继承古代用法，用“其它”是新环境里的合逻辑用法，都可以。
富士樱,富士樱,具有10多年耗材产品专业生产经验，集研发、生产、销售于一体，严格按ISO9000和ISO14000标准专业生产硒鼓、碳粉等全系列IT打印耗材产品的中大型企业，年产量达100万套。广州奥达数码产品有限公司与日本高科技企业合作长达10年，引进了一套世界领先的激光打印机、复印机耗材研发、生产技术和管理模式，拥有一个经验丰富、作风严谨的产品研发专家队伍。
AOFAX,AOFAX,
蒙恬,蒙恬,蒙恬（约公元前259年—公元前210年），姬姓，蒙氏，名恬，祖籍齐国（今山东省临沂市蒙阴县）人 ，秦朝著名将领。蒙恬出身名将世家，自幼胸怀大志。公元前221年，蒙恬被封为将军，攻破齐国，拜为内史，深得秦始皇的尊宠，当时与其弟蒙毅号称“忠信”。秦统一后，蒙恬率三十万大军北击匈奴。收复河南地（今内蒙古河套南鄂尔多斯市一带），率军修了万里长城和九州直道，克服了国内交通闭塞的困境。大大促进了北方各族人民经济、文化的交流和融合。公元前210年，秦始皇病死，中车府令赵高同丞相李斯、公子胡亥暗中谋划政变，胡亥即位后，赐死蒙氏兄弟，蒙恬吞药自杀。蒙恬曾驻守九郡十余年，威震匈奴，被誉为“中华第一勇士”。据传蒙恬曾改良过毛笔，因此也被誉为“笔祖”。他是中国西北最早的开发者，也是古代开发宁夏第一人。
安智星,安智星,安智星电子菜谱是武汉安智星智能科技有限公司旗下产品。
Kodak,kodak,伊士曼柯达公司在影像拍摄、分享、输出和显示领域一直处于世界领先地位，一百多年来帮助无数的人们留住美好回忆、交流重要信息以及享受娱乐时光。
多易拍,多易拍,多易拍，即多易拍文件拍摄仪，外形精巧，可随身携带，提供文件图像扫描，捕捉图像资料，比一般传统扫描仪具备更多功能用途。
CimFAX,cimfax,cimfax是先尚科技（CimsunTech）推出的传真服务器（FaxServer）系列产品，通过局域网共享传真线路，让每个员工都可以在自己的电脑前收发传真，无需纸张耗材。
香山红叶,香山红叶,香山又叫静宜园，位于北京海淀区西郊，距市区20公里，全园面积160公顷。因山中有巨石形如香炉而得名，是北京著名的森林公园。香山可谓是国内赏枫的鼻祖，其红叶驰名中外，是我国四大赏枫胜地之一。
灿影,灿影,《灿影》是千载如夏创作的网络小说，发表于晋江文学网。
安辔,安辔,安辔，读音ānpèi，汉语词语，放松缰绳，让马缓行。出自《赴洛道中作》。
奥普,奥普,杭州奥普电器有限公司是一家以生产家电产品为主的外商独资企业，隶属于香港上市公司奥普集团控股有限公司，主要生产销售包括浴霸、通风扇、电热毛巾架、厨房电器等家电系列产品。经过多年努力，公司获得了约150多项的国家专利，通过了多项国际认证。
申坤,申坤,申坤，女，毕业于西安美术学院、系日照市美协会员、日照市农民画艺术创作研究骨干、千百重点文化工程文艺骨干、日照职业技术学院艺术学院任教至今。
wiiboox,Wiiboox,Wiiboox是由江苏海外集团(JOC)与英国锐意国际（UKReeyeeInternational）联合出品的3D打印机品牌。2014年初，Wiiboox推出全球第一台安装空气净化系统的高品质桌面级3D打印机，使得3D打印过程变得更加安全与享受。“成就非凡创意”是Wiiboox的品牌理念。
纳米亚,纳米亚,《纳米亚》是一款Android平台的应用。
狼天下,狼天下,《狼天下》是臧锣西创作的网络小说，发表于起点网。
聚安创想,聚安创想,聚安创想，为北京聚安创想电子商务有限公司的企业品牌 ，于2011年注册成立，集“销售、安防工程和技术服务”为一体，公司拥有一大批业内资深专业工程师，他们分别在相关领域内长期从事安防监控考勤门禁、防盗报警、计算机网络工程、通讯工程、北京安防监控综合布线等系统工程的设计，施工和维护。是集成安防监控系统、考勤门禁系统、防盗报警系统、智能停车场系统、背景音乐系统、公共广播系统、LED显示屏系统、楼宇对讲系统、智能家居系统等弱电系统安装、维护的高科技电子商务公司。北京聚安创想是一款以研发、设计、销售为一体的商务和家用的保险柜保险箱，北京聚安创想保险柜努力追求于安防事业，打造艺术级的安防品牌体验。
OFT,OFT,OFT（OILFUELTRIP，）的功能是当低负荷系统出现故障或锅炉MFT时，防止事故的进一步扩大。OFT发生后，低负荷油跳闸阀、调节阀和回油阀迅速关闭，所有低负荷油枪迅速退出。在重新进行低负荷油泄漏试验后，如MFT信号不存在，OFT自动复归，跳闸阀可重新开启。
好事特,好事特,好事特(HOST)是上海火悦电脑有限公司旗下自主品牌。 
host,host,host，英语单词，作名词用时表示主人、东道主；旅馆老板；节目主持人；寄主、宿主；主机；一大群、许多；军队；圣体。作及物动词时表示作。..主人（或东道主）主办、主持；以主人身份招待。
火辣椒,火爆辣椒,火爆辣椒是益智策略类塔防御战游戏《植物大战僵尸》中的一种植物道具。是火系灰烬植物，价格为125阳光。伤害范围是自身所在横行（包括天上的僵尸）。
金点原子,金点原子,金点原子是中山市金点原子制锁有限公司的简称，该公司位于广东省中山市小榄镇，是一家专业生产摩托车锁、自行车锁、防盗门锁、汽车锁及各种挂锁系列的企业。金点原子产品广泛应用于交通、家庭、商厦等方面，具有良好的防盗性。
普尼,普尼,谱尼是社区游戏赛尔号中的一个boss处在勇者之塔神秘领域，拥有七大封印。
PONY,pony,PONY（波尼）由RobertoMueller（罗伯托米勒）于1972年创建于美国纽约布鲁克林，凭着独一无二和敢于突破传统的设计风格，在时尚运动领域独树一帜。每一款PONY产品上均有一个「V」型LOGO，是英文Victorys的缩写。
Tenveo,Tenveo,Tenveo（深圳腾为视讯科技有限公司，简称腾为），成立于2002年是中国视频会议领域领先的产品提供商之一
千帆,千帆,《千帆》由官恩娜演唱，张继聪作曲，黄伟文作词，收录于专辑《真女人情歌》。
CipherLab,cipherlab,台湾欣技股份有限公司英文名称
魔屏,魔屏,2010年1月6日，上海电信推出了“家庭信息第四屏”——魔屏mTouch。该终端能够在线观看电视、电影，以及通电话、查询信息等，换句话说，市民的娱乐、工作和生活都将集中在这一个屏幕上。“魔屏”基于高带宽技术和三屏融合，产品大小与普通上网本差不多，厚度4~5厘米，界面操控全部使用触摸屏完成；采用8英寸显示屏，可观看影视节目和享受娱乐、资讯；操作比电脑更简单，适合于家庭所有成员使用；相对于电视，它可以随意移动，方便在不同的地点使用。
振兴,振兴区,振兴区，隶属于辽宁省丹东市，位于辽宁省东部，既沿黄海，又沿鸭绿江，还沿朝鲜半岛，是全国罕见的三沿城市。面积123平方公里，人口41万（2010年）。 振兴区下辖9个街道，1个乡镇。2014年，振兴区地区生产总值预计实现197亿元，同比2013年增长12%。 
EASTFAX,EastFax,EastFax智能传真服务器，可以实现企业无纸化传真收发和传真统一管理。
普飞,普飞,普飞（1934年6月——）彝族，当代作家。著有《小阳雀》、《妇女队长》、《重赶峨山街》、《打豪猪》、《猎村的孩子》等。
悠视,悠视,UUSEE是一款完全免费的非绿色网络电视播放软件，是悠视公司所制作的依赖于稳定可靠的P2P网络，真正实现人越多越流畅的观看效果，支持P2P直播、P2P点播、P2P轮播、C/S点播、本地等多种播放形式，超清晰的画质、超快的接入速度，让您轻松驾驭，尽享视频流媒体的娱乐新天地；600多路特色频道、上万个独有节目内容，全程免费放送，想您所想，看您所看，带给您前所未有的超酷视觉体验。
艾瑞尔,天卫一,天卫一（Ariel）是天王星的卫星，它是威廉·拉塞尔（WilliamLassell）在1851年10月24日发现的，并同时发现了天卫二一，天卫一是天王星的已知卫星中距其第十二近卫星，也是它最明亮的卫星天卫一与当时已知的4颗卫星都是由约翰·赫歇尔受到拉塞尔的请托而命名的，拉塞尔在之前曾经称赞约翰·赫歇尔在1847年所采用的7颗土星卫星命名概念，而且1848年发现的土卫八也是参照这样的规则命名的
亚伯兰,亚伯拉罕,亚伯拉罕原名亚伯兰是犹太教，基督教和伊斯兰教的先知，是上帝从地上众生中所拣选并给予祝福的人。亚伯拉罕也是传说中希伯来民族和阿拉伯民族等民族的共同祖先。
美味不用等,美味不用等,美味不用等是互联网餐厅SaaS服务及运营平台，通过“排队等位、餐位预订、餐厅点菜、移动支付、会员管理”等服务为商户提供定制化的互联网餐厅整体解决方案（TS）。 公司成立于2013年1月，由谢新法、郑国春、陆瑞豪、杨佳佳在上海创立，隶属于上海普景信息科技有限公司。截至目前，美味不用等已覆盖200多个城市的4万多家热门餐厅，其中开通预订合作的餐厅超过2万家，垄断全国排队市场90%以上的份额；每月接听预订电话逾600万、排队取号量逾2000万，月服务就餐人次超过8000万。美味不用等通过覆盖1000万手机客户端、自营2000万粉丝的媒体级微信公众号、以及官网精准触达餐饮用户，还与大众点评、百度、支付宝等在线流量巨头达成战略合作，实现7亿+优质流量共享。
小耳朵,小耳朵,小耳朵是左耳电影17岁的女主角，因左耳失聪被称作“小耳朵”。陈都灵出演这一角色也引发热议，不少人赞其清纯的外表适合这部电影，也有人对从未有过表演经验的她表示担心。
程发,程发,程发，男，天津大学理学院化学系研究员、博士生导师，1951年12月生，主要研究方向为：天然高分子的修饰改性及功能化、油田化学品的合成研究、新型功能聚合物的合成以及应用研究。 
科达,科达,科达，即裸子植物松柏门中已绝灭的一纲。多为高大而瘦削的乔木，茎高达20～40米，而直径却不超过1米，上部分枝很多，形成卵形或球形的树冠。
斑点狗,斑点狗,大麦町犬（Dalmatian，也叫斑点狗），原产地南斯拉夫。平静而警惕、轮廓匀称、强健、肌肉发达、且活泼，毫不羞怯，表情聪明伶俐，听话易训，感觉敏锐，警戒心强，容易与小孩相处。大麦町犬具有极大的耐力，而且奔跑速度相当快。后躯有力，拥有平滑且清晰的肌肉。大麦町因为拥有出色的奔跑与撕咬能力，所以也经常被用作比赛犬。大麦町犬出生时是白色的，斑点能改变，小狗时身上出现轻微的斑点，随着逐渐长大，斑点也变得明显，并成为特有的标志。
华冠,华冠,华冠原名庆冠，初名点，字庆吉，号吉崖，江苏无锡人。擅长白描。
史泰博,史泰博,美国史泰博公司是全球卓越的办公用品公司，成立于1986年，总部位于美国马萨诸塞州的波士顿 。目前，史泰博在全球拥有2100余家办公用品超市和仓储分销中心，全球员工总数79000名，业务涉及22个国家和地区。2004年，史泰博来到中国，在中国，史泰博秉承了“我们让办公采购更简单”的经营理念，并结合中国特色将服务内容加以丰富。2007年名列《财富》世界500强第397名。
Staples,Staples,Staples，是全球领先的办公用品零售商。
德客,德客,德客，有德之人，心胸坦荡，立志高远，严以律己，宽以待人，具有深厚的道德修养。
Ring,Ring,Ring，智能门铃初创公司。
科若,科若,Keruo科若智能超级投影电视为武汉市升虹激光科技有限公司旗下品牌，公司是全球首个提出智能数字靓彩家庭电影机理念，并集技术研发与生产销售为一体的自主创新型高科技公司。科若投影电视主打高清智能超级投影电视系列产品，现有K3、K5、K6三个系列产品，均采用DLP投影显示技术，且与乐视网(Letv)合作，拥有Letv的海量优质视频资源，并取得华数网络电视播放合法授权科若投影为武汉市升虹激光投影科技有限公司旗下品牌，公司是全球首个提出智能数字靓彩家庭电影机理念，并集技术研发与生产销售为一体的自主创新型高科技公司 
火光,火光,19度的音域演唱实力，温柔的摇滚小巨人石康军Jones首张国语专辑“火光”。主打歌“爱中飞行”信乐团阿信首次破例合唱。整张专辑的歌曲呈现浓厚的英式摇滚曲风，而石康军时而低沉温暖的嗓音时而高昂热情的爆发力，展现了又温柔又摇滚的曲风特质。首批限量专辑附赠：石康军亲手绘图52页手绘写真册。
PRINTRONIX,printronix,中文名普印力历史PrintronixInc.是工业打印和后台系统企业打印解决方案的主要开发商、制造商和供应商，为办公室/工业市场和配送供应链提供服务。它的旗舰产品和服务，包括全系列热敏解决方案技术、激光解决方案技术和网络解决方案技术，具备无人能及的控制能力、诊断能力和显著的成本效益，可以无缝集成在网络里。
沃尔玛,沃尔玛百货有限公司,沃尔玛百货有限公司，即沃尔玛公司（WalMartInc.）（NYSE：WMT），是一家美国的世界性连锁企业，以营业额计算为全球最大的公司，其控股人为沃尔顿家族。总部位于美国阿肯色州的本顿维尔。沃尔玛主要涉足零售业，是世界上雇员最多的企业，连续4年在美国《财富》杂志世界500强企业中居首位。沃尔玛公司有8500家门店，分布于全球15个国家。沃尔玛在美国50个州和波多黎各运营。沃尔玛主要有沃尔玛购物广场、山姆会员店、沃尔玛商店、沃尔玛社区店等四种营业方式。2013年11月25日，任命国际业务部主管董明伦（DougMcMillon）接任杜克（MikeDuke）为沃尔玛总裁兼首席执行官，该任命从2014年2月1日起正式生效。 2014年12月11日，海外媒体称沃尔玛将关闭约30%的中国门店。沃尔玛12月2日对中国区管理层以重组进行了裁员。 2014年12月沃尔玛非常重视对其公司不当行为的指控。 2016年6月29日，沃尔玛表示将向美国所有消费者开放两日达免费送货服务，这是沃尔玛在这一服务上的再一次拓展。 北京时间2016年7月20日晚与全球同步发布了最新的《财富》世界500强排行榜 。2017年6月7日发布的2017年《财富》美国500强排行榜，沃尔玛连续第五年蝉联榜首。2017年7月20日发布的《财富》世界500强排行榜，沃尔玛连续四年排名第一位。 
MOJO,mojo,英国著名剧作家JezButterworth的经典名剧，创作于1995年。设置在50年代获奖无数的黑色喜剧。1997年曾经改编为电影。2013年10月26日这部舞台剧将在伦敦西区HaroldPinterTheatre预演。1997电影版由JezButterworth编剧，IanRickson导演。2013这次重排仍然由上面两位编剧和导演，演员阵容则包括BrendanCoyle(DowntonAbbeyTheWeir)RupertGrint(HarryPotterDrivingLessons)TomRhysHarriesDanielMays(MadeinDagenhamMrsBiggsTheWinterling)ColinMorgan(MerlinDoctorWho)andBenWhishaw(SkyfallTheHourPeterandAlice)。
凯普,凯普,凯普是日本漫画家高屋良树创作的漫画《强殖装甲》中主角系列殖装而成的战斗形态，原本是被称为“降临者”的外星人广泛应用的标准装备。角色类型分为GUYVERⅠ、GUYVERⅡ、GUYVERⅢ、GUYVERⅡF。
麦尔迪,麦尔迪,麦尔迪是厦门一家电子科技有限公司。拥有面积1500多平方米的标准化生产厂房和注塑车间，是一家专门从事耳麦产品研发、设计、生产和销售一体化的高新技术企业。是专业做话务耳机、航空耳机、呼叫中心设备等的生产商、OEM、ODM工厂，成立于2001年，拥有近10年的OEM生产经验。
达乐,达乐,达乐（缬沙坦分散片），适应症为治疗轻、中度原发性高血压。
万隆,万隆,万隆，这座城市散发着曾让异想天开的旅行家们称其为“东方巴黎”的那种已经消退的魅力，大大小小的街道点缀着现代化的装饰。但在万隆，令人不快的都是细微之处，假如你能够在这个钢筋水泥丛林中好好搜索一番，从宏伟的装饰艺术风格建筑到JeansStreet大街上那些离奇的玻璃纤维塑像；从周日早晨的斗羊活动到巽他文化，这座印尼的第三大城市与周围吞云吐雾的火山一样，很有个性。
一号防线,一号防线,一号防线是东莞市波特安防器材有限公司旗下品牌，公司专注于安防产品的研发、生产、销售与服务，是一家综合实力雄厚的现代化高新技术企业。波特旗下“一号防线”品牌，主要产品有安防监控系列DVR硬盘录像机、夜视防水摄像机、彩色高清晰度摄像机、夜视半球摄像机，宽动态、强光抑制、飞碟、百万高清网络摄像机及模组、音视频监控卡、监控周边设备等特殊摄像机等产品，并为国内外客户提供OEM/ODM服务。 
融和,融和,融和，拼音ㄖㄨㄙˊㄏㄜˊ，出处《为裴懿无私祭薛郎中文》。
恒星智科技,恒星智科技,深圳市恒星智科技是一家集开发、生产、销售:IC卡售饭机、IC卡水控器、食堂消费机、手持POS机、门禁考勤系统为一体的高新科技企业。多年来，我们广泛服务于工厂、学校、政府、交通、商业、智能小区、酒店、通讯、医疗卫生、商场等领域。先进的设备，科学的管理是成功的依托。恒星智公司高度重视生产设备、品质及管理方面的投入，大力引进先进的生产设备，推行科学的管理机制，并开始实施初步规模化经营。公司生产品质及工艺技术已达国内先进水平。这些为显著提高产品性能和质量，降低产品成本创造了先决条件。公司的产品获得了客户和业内的一致好评。
兴业,兴业银行,兴业银行是经中华人民共和国国务院、中国人民银行批准成立的大陆首批股份制商业银行之一，成立于1988年8月，总行设在福建省福州市，2007年2月5日在上海证券交易所挂牌上市（股票代码：601166），注册资本190.52亿元。开业二十多年来，兴业银行始终坚持“真诚服务，相伴成长”的经营理念，致力于为客户提供全面、优质、高效的金融服务。截至2014年末，兴业银行总资产突破4万亿元，达到4.41万亿元，较年初增长19.84%；归属于普通股股东每股净资产12.86元，较年初增长22.61%。全年营业收入1248.34亿元，同比增长14.23%；实现归属于母公司股东净利润471.08亿元，同比增长14.31%；加权平均净资产收益率保持在21.19%的较高水平；已在全国主要城市设立108家分行、1435家分支机构；旗下拥有兴业国际信托、兴业金融租赁、兴业基金、兴业消费金融、兴业财富和兴业国信资产管理等子公司，形成以银行为主体，涵盖信托、租赁、基金、证券、消费金融、期货、资产管理等在内的现代金融服务集团。作为中国首家也是目前唯一一家“赤道银行”，兴业银行始终秉持“科学、可持续”的发展理念，依法、稳健、文明经营，兼顾维护股东、客户、银行、员工以及社会环境等各方利益，积极践行企业社会责任，深受国际国内各界广泛认可和好评。
随心付,随心付,随心付由滕州比邻信息技术有限公司开发，致力于为用户提供更方便的支付方式，只需下载随心付客户端就可以随时随地进行话费充值、宽带缴费、游戏充值、购买点卡、购买QQ增值服务等。在随心付充值价格优惠，帮朋友充值还可以赚取差价，你还在等什么？随心付随时随地什么都能充！
王者塑封,王者塑封,王者塑封用来将纸张进行塑封的材料，一般含塑胶成分。
办公逸,办公逸,办公逸，微信企业号第三方应用服务商，推出移动办公管理套件、客户关系管理套件、团队协同管理套件以及信息发布沟通套件。四大套件所含19项办公应用，如微信审批、报告、邮件收发、考勤以及微信通讯录等。
长虹,四川长虹电子控股集团有限公司,四川长虹电子控股集团有限公司创始于1958年，公司前身国营长虹机器厂是我国“一五”期间的156项重点工程之一，是当时国内唯一的机载火控雷达生产基地。2015年6月3日，四川长虹电器股份有限公司发出公告，称其控股股东四川长虹电子集团有限公司的公司名称已于6月3日变更为四川长虹电子控股集团有限公司（简称“长虹控股公司”）。其注册资本、经营范围也做了相应变更。 
悠米,悠米,悠米（UM）是深圳深讯和科技有限公司专门为手机开发的一款多功能视频聊天工具，其登陆方式多种，包括GPRS、TD、WLAN、同步等，具有画面好稳定性强的特点。含义为Youandme。
umi,UMI,UMI，有多个义项。UMI数据库，是世界著名的学位论文数据库。是悠米实业有限公司正式注册的商标品牌。是小熊座的简称，距北天极最近的星座。另外还是韩国人气明星李由美的英文名。
巨普光电,巨普光电,巨普历史与展望至1987年起ZEBEX公司就投身于条码扫描行业的最前线。致力于研究、开发和推广全系列的条码扫描设备和解决方案。ZEBEX永不止息的探求如何提升商业及工业领域的效率化，并致力于成为“条码问题解决专家”。ZEBEX的产品包括、以及扫描模组等。ZEBEX始终为您提供全方位的产品选择与最佳的产品服务。先进的专利技术，优良的产品品质，加上富有竞争力的价格，都赋予ZEBEX产品无与伦比的性价比。ZEBEX拥有一支专业技术与制造工艺都实力强劲的技术团队，致力于提供客户满意的高新条码识别技术的研发制造与管理。同时，受过专业训练的营销队伍凭借其主动性与积极性，关注自己的客户需求，使得ZEBEX的产品能在激烈的市场竞争中脱颖而出。ZEBEX拥有多项获得专利的核心技术。在原有技术上，其桌面式扫描平台首创使用双镭射技术。ZEBEX自行研发的Z-SCAN译码芯片，透过高效能的硬件译码技术，实时提供准确的解码能力，并快速读取条码，提高整个读码作业效率。
芒通,芒通,法国东南部城镇，昵称“法国珍珠”（PearlofFrance)因盛产柠檬而得名。 邻近意大利边界。属普罗旺斯—阿尔卑斯—科泰达聚尔大区滨海阿尔卑斯省。疗养胜地。产鲜花和水果。1848年成为独立共和国以前为摩纳哥的一部分，1860年割让给法国。人口：25449(1982)。2009年时为28848人。 
迈拓,迈拓,迈拓是Maxtor公司的品牌，该公司是世界上信息存储方案供应商中佼佼者，成立于1982年，总部位于美国加利福尼亚州圣克拉拉县的米尔皮塔斯(Milpitas)，全球员工大约6500人．Maxtor在NASDAQ上市，代号MXTR．1999年公司销售额近25亿美元，在2000年第一季度，其硬盘驱动器发货量达660万台，而其中大部分为三至四碟片产品．公司的快速发展，主要归功于灵活的高声策略、优异产品质量、强大技术实力以及令人称心如意的客户支持。
斯图卡,斯图卡,斯图卡轰炸机以精湛的攻击表演赢得了一战德国王牌飞行员、时任德国空军技术部主管的ErnstUdet的青睐后，他下令所有后来设计的轰炸机都必须具有俯冲攻击的能力，因此，很多诸如He177型重轰炸机等非常有发展潜力的设计被迫修改或取消。
STUKA,stuka,stuka即斯图卡轰炸机，这一概念在第一次世界大战中出现，当时英国皇家空军试制了世界上第一架俯冲轰炸机—SE5a，但由于在试验中被模拟对空炮火打得“千疮百孔”，因此宣布失败，没有继续进行研究。英国人并不知道当时低劣的技术条件是失败的主要原因，而随着战后飞行科技的大幅度改进，俯冲轰炸机将主宰机动战场的天空。英国人停手后，在20~30年代有两个新兴海军大国—美国和日本都为自己的海军不断研制俯冲轰炸机，因为对于水面舰艇这种相对较小、速度较慢的目标来说，俯冲轰炸无疑是最好的攻击方法。
感知者,感知者,感知者fusion：sentient，是一款射击游戏，游戏大小是72MB。
千景,于千景,于千景， 出生于1月16日， 毕业于北京现代音乐学院，中国内地女演员。2013年，出演个人首部电视剧《天天有喜》，从而正式进入演艺圈 。2014年，出演古装传奇剧《隋唐英雄4》 ；10月，凭借古装神话剧《新济公活佛》而收获不少粉丝的关注 。2015年，出演悬疑武侠剧《仙侠剑》 。2016年，在古装神话喜剧《天天有喜2之人间有爱》中饰演灵灵六 。
阿凡达,阿凡达,《阿凡达》（Avatar）是一部由詹姆斯·卡梅隆执导，二十世纪福克斯出品，萨姆·沃辛顿、佐伊·索尔达娜和西格妮·韦弗等人主演的科幻电影，该片于2009年12月16日以2D、3D和IMAX-3D三种制式在北美上映。 该片主要讲述人类穿上阿凡达的躯壳，飞到遥远的星球潘多拉开采资源。受伤后以轮椅代步的前海军杰克，自愿接受实验并以他的阿凡达来到潘多拉。在结识了当地纳美族人公主涅提妮之后，杰克在一场人类与潘多拉军民的战争中陷入两难。 
易生,易生,易生，电子商务资深研究者和操盘手。江西省宜春市人。上海电商时代工作室创始人，关爱留守儿童有福童享爱心联盟创始人。
ESUN,Esun,《Esun》是一款Android平台的应用。
访客易,访客易,访客易即为访客登记系统，是指一套能有效快捷的管理公司外以及内部人员进出公司大门所需要填写进出记录等相关信息的管理软件。一般是公司前台和企业大门处使用，掌握并管理企业的来访人员动态。
光荣,光荣株式会社,光荣株式会社是日本一家著名的游戏软件公司，由襟川阳一和襟川惠子夫妇于1978年创立。
FINDO,Findo,
400畅听商机,400畅听商机,400畅听商机是由北京信通基于400企业热线的业务需求，与中国联通深度合作，共同向客户提供一体化优质解决方案的产品，产品最大的特点是：通过配套的全国免漫游的3G终端接听400企业热线，真正实现400电话接听收费封顶，多打不多收。 
美硕,美硕,美硕是河北省农林科学院石家庄果树研究所1992年-2002年采用实生育种的方法培育成功的早熟桃新品种。2002年通过河北科技厅科技成果鉴定。同年11月19日通过河北省林木品种审定委员会良种审定。
惠鑫,惠鑫,惠鑫，男，汉，1969.09出生，山东诸城人，大学文化，吉林大学政治学专业，法学学士，1992.07参加工作，1992.06入党年月
Netgear,netgear,全球领先的企业网络解决方案，及数字家庭网络应用倡导者美国网件公司-NETGEARInc.（NETGEAR）于1996年1月创立，长期致力于为中小规模企业用户与SOHO用户提供简便易用并具有强大功能的网络综合解决方案。总部设在美国加州硅谷圣克拉拉市，业务遍及世界多个国家和地区，是美国高科技企业连续八年增长速度最快的50家之一，并于2003年作为唯一的计算机网络公司在美国Nasdaq交易所成功上市（股票代码：NTGR）。
安天下,安天下,深圳市天和时代电子设备有限公司是安天下安检机生产商
Ezscan,EZSCAN,EZSCAN是由法国英佩特医疗公司（Impetomedical)制造生产的用于检测糖尿病风险的创新型设备。
Gigaset,Gigaset,Gigaset是西门子1993年研制出世界第一部数字无绳电话后，创立的一个专门致力于发展数字无绳电话事业的新品牌。英国时间2015年6月18日，GigasetCEOCharlesFraenkl在RoyalAscot（英国皇家赛马会）上正式宣布进军智能手机市场。德国时间2015年9月1日，Gigaset在德国柏林正式发布首款智能手机GigasetME系列。 北京时间2015年10月23日下午，Gigaset在北京桥艺术中心举办了主题为“品·德之美”的Gigaset手机品鉴会。 北京时间2016年2月18日起，Gigaset中文名由“集怡嘉”正式更名为“金阶”。 
立册,立册,立册是取自于立即装订成册之意。它是由上海立册办公设备有限公司于2006年申请注册的品牌，在2009年审核通过，由国家工商行政管理总局商标局颁发的商标注册证。同年上海立册办公设备有限公司更名为上海丽册办公软件科技有限公司，“立册”商标自此被国家工商行政管理总局商标局授权转让到上海丽册办公软件科技有限公司旗下。
NEST,nest,全国电子竞技大赛（NationalElectronicSportsTournament，简称NEST）是国家体育总局体育信息中心主办，由上海华奥电竞信息科技有限公司、浙报传媒集团股份有限公司、厦门建发集团有限公司承办，面向全国4500万电子竞技爱好者的赛事。赛事将分为线下赛和线上赛两个阶段，每年7月延续至11月，赛事规模和赛事时长均创历史新高。
IKE,IKE,IKE（イケ、ボーカル），本名池田英史。日本歌手，日本乐队SPYAIR主唱，IKE取自姓名开头“池”字的日文发音，上节目时常被人调侃IKEMEN。演唱时极为投入的感情和舞台表演力，也成为了SPYAIR的音乐、live的一大亮点。
菊地,菊地,华学校里的A组学生，性格温文腼腆，说话略有口吃的少年
飚王,飚王,深圳市大乘科技有限公司成立于2001年初，专注于闪存盘、手机U盘、读卡器、移动电源、移动硬盘盒、USBHUB等消费类数码产品的研究和开发，是集技、工、贸为一体的技术领先、实力雄厚的高新技术企业。大乘拥有专业的研发团队，公司销售的产品都是由大乘自己的研发团队独立设计开发的，已陆续开发出的读卡器、闪存盘、闪存卡、移动电源、移动硬盘盒等五大系列一百多种产品，深受广大用户的喜爱，其中读卡器系列更是以极高的市场占有率在同行业中名列前茅。
SSK,SSK,SSK为大乘集团旗下品牌。大乘成立于2001年，总部坐落在具有“硅谷”之称的深圳高新技术产业园，是以研发、制造和销售消费类数码产品为主要产业的大型高新技术企业，打造了品牌价值过亿元“SSK”品牌。实现了优盘中国市场前三强；读卡器、USB、HUB两大产品全国销量第一，并连续多年蝉联中国市场第一品牌。
天元,天元,正规的围棋棋盘形状为正方形，上书横竖各十九道平行线，构成三百六十一个交叉点。其中有九个交叉点用大黑点标识，以方便定位，这九个黑点称之为“星”（或“星位”）。棋盘正中央的星位被称为“天元”（坐标点：K10）。
快易拍,快易拍,快易拍鞋服商城(KYP)，位于中国著名鞋都福建省晋江市。是中国鞋都品牌网络营销中心，属新亚国际旗下网站，福建新亚进出口有限公司为集鞋服生产、鞋类制造、销售贸易于一体的综合机构，现注册资本金为人民币3080万元。2010年初，新亚国际投资1000万元建立快易拍鞋服商城勇拓电子商务新领域，吸引大量知名鞋服品牌厂家加入。快易拍，不仅仅是在卖产品，更是在奉献，在奉献一种卓越的品质、奉献一种升华消费者情感的品牌价值。以“满意就穿，不满意就换”的服务理念，致力于打造全球最大的网上鞋服商城。
柏拉图,柏拉图,柏拉图（Plato，Πλάτeων，公元前427年—公元前347年），古希腊伟大的哲学家，也是全部西方哲学乃至整个西方文化最伟大的哲学家和思想家之一。他和老师苏格拉底，学生亚里士多德并称为希腊三贤。另有其创造或发展的概念包括：柏拉图思想、柏拉图主义、柏拉图式爱情等。柏拉图的主要作品为对话录，其中绝大部分对话都有苏格拉底出场。但学术界普遍认为，其中的苏格拉底形象并不完全是历史上的苏格拉底。除了荷马之外，柏拉图也受到许多那之前的作家和思想家的影响，包括了毕达哥拉斯所提出的“和谐”概念，以及阿那克萨戈拉教导苏格拉底应该将心灵或理性作为判断任何事情的根据；巴门尼德提出的连结所有事物的理论也可能影响了柏拉图对于灵魂的概念。
丽美,丽美,丽美，拼音为lìměi，汉语词汇，是奢丽华美的意思。出自《论衡·答佞》。
Unitech,unitech,Unitech品牌介绍1978年，史蒂夫·杨先生在新加坡创办成立了Unitech公司。公司发展至今，Unitech已经成为业内知名品牌，全球销售网点超过25个国家。一直以来，Unitech以其可靠的品质、齐全的产品和专业的技术支持闻名防雷接地行业。
君霸,君霸,《君霸》是柚子小六创作的网络小说，发表于起点网。
云视通,云视通,云视通，即采用云计算技术的视频通信与管理平台。云视通平台是一种开放式平台，提供设备接入物联网的能力，以此提供解决方案让用户能够管理和使用接入平台的设备，并且通过一定协议开放平台，从而提供给更多用户使用。云视通平台使设备和用户有机的组合在一起，形成一个完整的生态系统。
CloudSEE,CloudSEE,《CloudSEE》是一款影音图像类软件，支持Android1.6。
苏婕,苏婕,苏婕，中共党员。主任播音员。曾任南京人民广播电台播音员、播出部主任，中国播音学研究会城市电台分会会长，中国广播电视学会播音研究会理事。第六第七届江苏省人民代表大会代表。
泰格,泰格,
佳文,佳文,佳文，即福州佳文幼儿园现有物构所园、世纪佳源园、正祥滨江假日园。物构所园位于鼓楼区杨桥西路155号中国科学院物质结构研究所内，世纪佳源园位于鼓楼区杨桥西路157号世纪佳源社区，正祥滨江假日园位于仓山区上渡路216号正祥滨江假日社区。
守门神,守门神,农历新年贴于门上的一种画类。门神是道教和中国民间共同信仰的守卫门户的神灵，人们都将其神像贴于门上，用以驱邪辟鬼，卫家宅，保平安，助功利，降吉祥等，是中国民间最受人们欢迎的保护神之一。道教因袭这种信仰，将门神纳入神系，加以祀奉。新春伊始，第一件事便是贴门神、对联。每当大年三十日（或二十九），家家户户都纷纷上街购买春联，有雅兴者自己也铺纸泼墨挥春，将宅子里里外外的门户装点一新。
AKPLAYER,AKPLAYER,akPlayer支持大多数常见的影音文件包括WAV、AVI、MID、MPEG及DAT等。
阮氏,阮姓,阮姓，中华姓氏之一。主要源出古帝王皋陶之后，以国为氏。阮国是皋陶的一个裔孙于商朝时建立的诸侯国，其国址在今甘肃泾川一带。商末，阮国灭，子孙以国为姓。后来，阮氏东迁，汉末三国时期在陈留郡形成望族。两晋以后五胡乱华阮氏开始南迁，宋元繁播闽粤台港及越南。如今，阮姓早已遍布中华大地，而且走出国门，但不可否认的是当今世界之阮姓绝大部分源出陈留阮氏。阮姓名人有阮瑀、阮籍、阮咸、阮孝绪、阮枞江、阮元、阮啸仙、阮玲玉等。阮姓在中国未入百家姓前一百名，但在越南为第一大姓。
三维,三维,通常我们说的三维是指在平面二维系中又加入了一个方向向量构成的空间系。三维既是坐标轴的三个轴，即x轴、y轴、z轴，其中x表示左右空间，y表示上下空间，z表示前后空间，这样就形成了人的视觉立体感。三维是由一维和二维组成的，二维即只存在两个方向的交错，将一个二维和一个一维叠合在一起就得到了三维。三维具有立体性，但我们俗语常说的前后，左右，上下都只是相对于观察的视点来说。没有绝对的前后，左右，上下。
菲格特,菲格特,深圳市菲格特智能科技有限公司是全球领先的生物识别软件硬件厂家、生物指纹识别技术方案供应商。
朗蒂科,朗蒂科,朗蒂科（lanetco）株式会社于2005年在日本大阪成立，主要涉及投影显示、液晶拼接、互动触摸及图像处理等前沿显示领域，其高亮度工程投影机、液晶拼接单元、IP流图像处理器等产品广泛应用于公安、部队、机场、交通、电力、水利、消防、煤炭等众多行业客户。
万德,万德,万德，是彩椒品种，橘黄色类型甜椒，大果型，果硬，肉厚，四心率高。
MATE,mate,Mate，直译为伙伴，英，将会成为Flex领域的另一个热点，现多应用于手机行业。
德生,德生,东莞市德生通用电器制造有限公司于1994年在东莞市工商局注册成立，公司注册资本为400万元，到目前为止资产总额已达6000多万元。德生公司以生产收音机等消费类电子电器产品为主，具备了年生产300万台以上收音机的能力。
Tecsun,TECSUN,东莞市德生通用电器制造有限公司于1994年在东莞市工商局注册成立，公司注册资本为400万元，到目前为止资产总额已达6000多万元。德生公司以生产收音机等消费类电子电器产品为主，现拥有几十名经验丰富的优秀设计师、制造工程师、品质管理工程师及1000多名训练有素的生产制造人员。
远景达,远景达,远景达，即远景达条码，是远景达科技开发有限公司的简称。远景达是一家致力于发展以条码技术为核心的自动识别系统集成机构，享有多年行业经验和优良的信誉，在深圳、香港、北京、苏州等地设有分公司，并拥有一支技术过硬、经验丰富，不断创新的研发及售后技术支持服务队伍。
现代,现代,现代成立于1947年，为韩国汽车品牌，主要生产suv及普通家用轿车，排量为1.6~2.7L之间的车型。
托利多,托利多,托利多，美国俄亥俄州西北部湖港、工业城市。位于伊利湖西南端的莫米河口。人口34.4万（1984），大市区79.1万（1980）。建于1820年。著名的煤输出港和铁矿石输入港。铁路枢纽。1959年*圣劳伦斯一大湖航道完成后，发展很快，为著名的国际港口。是以底特律为中心的汽车工业区的中心城市之一，特别是生产汽车用的玻璃最著名；越野型汽车和汽车部件的生产中心；各种重化学工业、造船业也很发达。有托利多大学（1872年建）和艺术博物馆等。
VisionTek,visiontek,VisionTek，中文名是美国视觉科技，是美国著名的板卡生产商之一，也是ATI旗下重要的一员AIB。
维山,维山,《维山》是一款Android平台的应用。
星光,星光,星光是汉语词汇，拼音xīngguāng，解释为星星的光辉。
SP,SP,SP代表许多英文缩写，比较常用的如信息技术中的StructuredProgramming（结构化编程）；医学中的StandardizedPatients（标准化病人）等等；日剧中的Special（特别篇）等；广告公司中的strategyplanner（广告投放战略策划员）；搬运鼠中sp指的是气功，当萨满的时候会用到。在中文中，SP可以看成是视频的拼音首字母简写。SP也指移动互联网服务内容应用服务的直接提供者，负责根据用户的要求开发和提供适合手机用户使用的服务。
Gcord,Gcord,Gcord又称Gcord极线智能电话机，由北京极钛星华信息技术有限公司(Geartech)在2014年推出，目前已经广泛应用于餐饮、社区、银行、酒店以及企业。 
ZINWELL,ZINWELL,ZINWELL是兆赫电子股份有限公司旗下品牌，兆赫电子股份有限公司是一家全球知名的电子产品制造商，为横跨数码、生活用品、娱乐领域的的企业，总部设在中国台湾台北市。创立于1981年，1999年在台湾股票上市(股票代码2485)。经过30余年的不断创新发展，分公司和销售网络覆盖全球五大洲。为索尼、日立、飞利浦、松下、摩托罗拉、先锋等全球品牌的原厂授权（OEM或ODM）生产商，并直接为欧洲直播卫星SKYTV，美洲高清电视广播，香港高清电视广播等大型项目提供设备。
艾利丹尼森,艾利丹尼森,艾利丹尼森公司是全球领先的压敏胶标签材料、标贴、零售服装标签及办公用品制造商。公司的研发技术和产品被广泛应用于各大行业和市场。公司业务遍布全球50多个国家，员工多达26000名。艾利丹尼森以优越的市场见解和创新，致力为客户打造魅力品牌，构建智慧世界。公司总部设在美国加州帕萨迪纳市，2012年持续经营业务的销售额达60亿美元。 
非行,非行,非行（原名李文兵），1970年12月6日出生于安徽省宿州市，中国内地导演、编剧，毕业于安徽艺术学院民族音乐专业。1998年，编写个人第一个电影剧本《天下无贼》 。2004年，担任犯罪剧《暴风法庭》的编剧。2007年，执导个人第一部电影《你好大腕》，从而开启了他的导演生涯 。2010年，自编自导犯罪片《守望者：罪恶迷途》 。2012年，凭借都市悬疑片《全民目击》获得第1届伦敦国际华语电影节最佳导演奖 。2016年5月25日，与丁子烁在巴厘岛完婚 。2017年11月个人作品《全民目击》被韩国导演郑址宇翻拍为电影《沉默》，此为内地导演电影作品首度被海外翻拍 。
ICSP,ICSP,简而言之就是PIC系列单片机的在线调试器MAPLABICD2在线烧写程序的方式。
纽曼,纽曼,纽曼，英文名Newsmy和Newmine即中文纽曼，内涵“新科技、新自我”。北京纽曼公司创立于1996年，是一家集研发、制造、销售、服务为一体的北京中关村高新技术企业。公司创建以来，坚持并发扬以“两个目标、四剑八和、十字精神”为核心纽曼的企业文化，使公司得到持续、健康、和谐的发展，迅速成长为中国数码行业的旗舰企业 。
Artech,ARTECH,ARTECH是雪铁龙最新的设计理念。雪铁龙秉承法系车对于美和功能的极致追求，将Art与Tech重新结合，每一处细节设计都兼顾审美与实用，力求艺术与科技的完美融合。它是当代流行的High-tech建筑设计理念，与法国引领潮流的时尚艺术完美结合的结晶。主张摒弃繁复的过度设计，用极致的细节与简约的设计，给冰冷的科技注入美学的生命力，做到设计与科技的完美融合。
希来凯思,希来凯思,希来凯思，研发的打印服务器现已成为众多打印机厂家的网络打印机的核心模块。
iGood,iGOOD,iGOOD创立于2010年10月，中文全称重庆第一草根互动娱乐平台。
朗悦,朗悦,LAXJOY（朗悦）拥有近20年的从业经验，积累了大量男装相关设计、鉴赏、销售经验，并同期与国内多家一线服装供应商保有良好持久的友好合作关系，拥有雄厚的运营平台。在运营过程中，公司也与百度，淘宝等权威网站建立了稳定的商务合作关系，信誉值得信赖。自注册以来，公司始终秉持国际一线品质，工薪阶层的合理价格定位以及完善周到的售后服务。
比特,比特,比特（BIT，binarysystem），计算机专业术语，是信息量单位，是由英文BIT音译而来。同时也是二进制数字中的位，信息量的度量单位，为信息量的最小单位。在需要作出不同选择的情况F把备选的刺激数量减少半所必需的信息。即信号的信息量（比特数）等于信号刺激量以2为底数的对数值。L.哈特莱1928年认为对信息量选用对数单位进行度量最合适。 
沃立方,沃立方,沃立方是中国联通把握时代脉搏，倾力打造的面向公众的移动互联网生活服务品牌。沃立方公众服务平台以二维码线上线下生活服务能力为核心，通过二维码及基础通信能力的开放，聚合各类生活服务和应用，依托"沃"品牌的强大感召力，创新服务价值，共同打造"一拍即达"的立体化时尚生活秀，通过渠道互通、用户共享、优势互补、实现合作共赢。
白恩,白恩,白恩，1986年7月31日出生于内蒙古包头市，中国内地男演员，毕业于北京电影学院表演系本科。2006年参加加油好男儿获得北京赛区第六名；2008年出演电视剧《小姨多鹤》和《我的团长我的团》以及电影《喇叭裤飘荡在一九八三》进入娱乐圈；2013年因其主演的电视剧《老家门口唱大戏》和《包青天之开封奇案》先后播出而获得关注。2015年9月参演的抗战剧《生死血符》播出 ；10月，出演由田有良执导，海清、陈思诚、锦荣、侯京健等偶像实力派演员主演的都市职场励志情感剧《大猫儿追爱记》中饰演文艺青年歇斯 ；2016年，11月，由白恩领衔主演的抗战院线电影《捍卫者》杀青，白恩片中饰演姚子青； 12月，大型红色史诗电视剧《秋收起义》开机。白恩饰演秋收起义总指挥卢德铭，该剧于2017年7月31日湖南卫视金鹰独播剧场播出。 2017年，3月，主演院线电影《多乐路》，片中白恩首次挑战盲人角色饰演平安 ；6月，主演民国传奇喜剧《最后的武林》饰西洋拳师许碱水 ；
山水,叶千华,叶千华，男，汉族，1961年12月出生，籍贯江苏溧阳，祖籍湖北随州，原名叶全树，字清林，号山水情人、读月楼主，曾用名叶乾华，笔名山水、野夫、林子、叶子等，人称：山水先生（诗禅）。系现代诗人、学者、编辑家、德教情感专家。先后从事教育教学和编辑策划管理等工作三十余年，历任教师、编辑、研究员、政协委员、社长、总编辑、特约编审、客座教授和顾问等，发表诗歌（诗词）、论文、散文（随笔）等数百首（篇），著作有《芳野集》《沉思集》《垦春集》《读月楼诗存》《心灵夜语》《今夜无眠》《千华随笔》《情意集》《漫步者漫笔》等二十多部书籍。 
小鱼易连,小鱼易连,小鱼易连 ，提供电话会议，云端协助、硬件视频会议、企业级直播等解决方案，服务于提供视频会议、远程教育、远程医疗、远程金融及远程政务等领域。打造“云端+终端+服务+业务”的生态体系。 
RAISE,Raise,英文单词。n.上升高地增高提出vt.升起举起唤起提高使出现使复活提出筹集；养育v.提出（问题）。征集，募集也作为Err参数。
海田,海田,海田。女。上海人。中共党员。
FABULOUS,Fabulous,
安士佳,珠海安士佳电子有限公司,珠海安士佳电子有限公司是专业的图像采集产品制造商和解决方案提供商，公司工厂面积达2万余平方米，员工近千人。拥有先进的现代化生产车间，配备进口贴片设备，并分设有五金加工厂及配套线材制造厂。同时有一批从事安防行业十几年的资深高级开发工程师、技术人员及专业的市场营销人员。先进的生产配套设施，强大的生产、管理、营销团队以及不断研发和技术创新，使得安士佳具备强大的市场竞争力。
AIMU,AIMU,AIMU（哎姆）角色是由天翼爱音乐3803studio精心策划创作的品牌卡通人物，2012年荣获中国动漫大赛优秀作品奖，现已逐步成为互联网上知名度越来越高的动漫形象。
奥士达,奥士达,奥士达®是美国Jarden集团旗下最著名的厨房电器品牌，奥士达搅拌机、咖啡机、慢炖锅等产品均在美国市场占有率保持领先地位。 
UPO,UPO,联合技术公司是美国第22大制造商，主要经营项目包括飞机发动机，直升机，空调系统，燃料电池，电梯，滚梯，防火于安全设备，建筑设备和其他工业设备。
AUTOID,AutoID,《AutoID》是一款Android平台的应用。
立思辰,立思辰,北京立思辰科技股份有限公司（以下简称“立思辰”）创立于1999年1月8日，截至2014年12月公司注册资本29329.3248万元，总部设在北京，目前在上海、广州、成都、沈阳等十余个城市设有营销及服务团队。 
AFG,AFG,AFG是阿富汗在世界的国家代码（ISO），也可缩写为AF，英语全拼为：AFGHANISTAN.国际足联的国家代码。
SUG,SUG,SuG是隶属于majorPSC的一个新生代视觉系乐团，组合名字日语罗马字念作“sagu”，假名写作“サグ”。成员有主唱武瑠，吉他手masato，吉他手yuji，贝司手Chiyu，以及鼓手shinpei。
Haiway,haiway,
LD,镭射影碟,镭射影碟（Laserdisc，LD）是种于1980年代至1990年代中流行的影像储存媒体，主要用于电视、电影和卡拉OK（主要是卡拉OK的应用）储存电影的双面视频光盘。现在已差不多被DVD完全代替。镭射影碟尺码和黑胶唱片相若，表面和音乐光碟（CD）相似。镭射影碟机以镭射读取（和CD类似）预先刻录在碟片上的讯号，并转换成影像讯号（如PAL、NTSC）供电视机播放。由于使用类比储存，镭射影碟没有DVD“马赛克”、色带或其他因数码量化带来的问题。於1980年代相对当时流行的VHS放映是颇为昂贵的东西。LD能提供的影像质素接近广播电视，而且因为是非接触式的关系，没有录影带放多了会影像会变差的问题。
欣悦,欣悦,欣悦，指欣喜；欢悦。如：他露出了欣悦的笑容。
HIGE,hige,动漫作品《狼雨》中的四个主角之一。是第一只和狼牙结成同伴的狼。
欧叶,欧叶,欧叶，电视剧《神犬小七第二季》中的女主角，由王洋饰演。花痴萌妹，喜欢鲍宇，小七的主人。
MOTUVIEW,motuview,
卡文,卡文,卡文®(脂肪乳氨基酸(17)葡萄糖(11%)注射液)，本品用于不能或功能不全或被禁忌经口/肠道摄取营养的成人患者。
中技,中技,中级技工（中技）通常是在九年制义务教育结束后进行，在级别上相当于高中，但普通高中侧重基础知识的传授，毕业后一般参加普通高考，是为升入大学做准备。而中技更重视职业专业技能的培训，毕业后一般都已经掌握了相应的职业技能，步入社会可以胜任某种职业。目前的中技有公办与民办之分，(同等中专、高中学历)。中技毕业生可参加成人高考或升读高技、大专、自考本科等。 中技还是中级技工者的简称。
艾亮,艾亮,艾亮是电视剧《神犬小七》中的虚拟人物，由金世佳饰演。在《神犬小七》中，金世佳饰演的艾亮原本是一个普通的逗比青年，和萌宠小七的相识经历并不愉快，一人一犬之间颇有敌意，小七甚至经常恶整艾亮，然而在命运的安排下，小七不得不和艾亮相依为命，从互相瞧不顺眼到相亲相爱，一人一犬共同面对困难、学会宽容与爱，体现着成长与蜕变的主题。
博士,Bose,BOSE是全美国最大的扬声器厂家之一，总部坐落在美国麻省，单是从事研究开发的工程师就有几百人，是一家全资独立公司。产品在汽车音响领域和航天科技领域也同样有着出色的表现。除了民用产品，Bose在专业音响领域也有广泛的开拓。Bose专业音响系统成功地应用于大型体育场馆、多功能会议厅、教堂、高端酒店和品牌旗舰店等。
BOSE,Bose,BOSE是全美国最大的扬声器厂家之一，总部坐落在美国麻省，单是从事研究开发的工程师就有几百人，是一家全资独立公司。产品在汽车音响领域和航天科技领域也同样有着出色的表现。除了民用产品，Bose在专业音响领域也有广泛的开拓。Bose专业音响系统成功地应用于大型体育场馆、多功能会议厅、教堂、高端酒店和品牌旗舰店等。
钱掌柜,钱掌柜,钱掌柜是《武林外传》中角色，扮演者为洪剑涛。
银叶,银叶,银叶一种植物是中国稀有珍贵的药用、用材树种。
建伍,建伍,建伍（KENWOOD）是世界领先的音响品牌，探索动人未来，创建美好生活是建伍公司新的长远规划，这表示其非常人性化的产品设计理念。
KENWOOD,KENWOOD,英国凯伍德KENWOOD-其产品涉及多个系列：全能厨师机系列、多功能食物料理系列、早餐系列、烹调系列，产品全球同步上市；日本建伍（KENWOOD）是世界领先的音响品牌，探索动人未来，创建美好生活是建伍公司新的长远规划，这表示其非常人性化的产品设计理念。
方雅,方雅,1.雅正。2.谓诗文旨意方正风雅。3.指方正风雅的诗文家。4.指门第高雅。
正元,正元,正元，在历史上被用作几个政权的年号。
慧海,慧海,慧海，（1626～？）明末清初临济宗僧。鄂州（湖北）富川涌泉人，俗姓谢。
顶尖,顶尖,顶尖是中国的汉字，就是达到顶点的意思。有达到最好；顶级的意思，通常用于口语使用。在机械行业中，顶尖是一种辅助工具
HB,血红蛋白,血红蛋白英文缩写为HGB或Hb。血红蛋白是红细胞内运输氧的特殊蛋白质，是使血液呈红色的蛋白，由珠蛋白和血红素组成，其珠蛋白部分是由两对不同的珠蛋白链（α链和β链）组成的四聚体。现在多统一采用国际单位制，以每升（一千毫升）血液中有血红蛋白多少克为准。血红蛋白与红细胞的使用价值近似，血红蛋白的升高和降低可参考红细胞升高与降低的临床意义。
YALE,Yale,Yale ，中文耶鲁 。Yale隶属亚萨合莱(ASSAABLOY)集团。 
皇冠,皇冠,皇冠是丰田集团旗下一款中大型车汽车品牌。丰田皇冠于1955年1月1日在日本下线，已经有超过第13代车型，国产皇冠发动机为2.5L、3.0L和4.3L三种，前二者均为V6缸24气门设计，4.3L发动机则为V型八缸。配置DualVVT-i进出气门双向智能正时可变系统。使发动机的进气效率、燃油经济性、动力性能都有很大提高，马力更加强劲。底盘方面，采用了四轮全独立悬架，舒适性很好。
红太阳,南京红太阳股份有限公司,红太阳集团是一家集科研、制造、国际国内市场一体化的以环保农药、生物医药、现代种子、肥料等生命科学产业为主体的涵盖五大产业16家全资及控股子公司的国家重点高新技术企业。
PW,PW,伪线(PW)，通过信令或者静态配置实现伪线(PW)，通过信令或者静态配置实现。标签分发协议LDP、多协议边界网关协议MP-BGP4能够通过信令协议来传递双方的VC标签。伪线是有方向的，是一条从本地AC到对端AC之间的虚拟的、直接相连的数据通道，能够完成用户的二层数据透明传输；单段伪线(SS-PW)，指两台PE之间直接建立的仿真端到端伪线；多段伪线(MS-PW)，两台PE之间，经由交换点PE建立的仿真端到端伪线。
艾德声,艾德声,艾德声（ADDASOUND）是致力于交互式智能语音终端产品设计、研发的高科技企业，于2012年诞生于丹麦奥尔堡。在国际电声领域，丹麦被誉为“全球最大的电声王国”。所以“丹麦设计、丹麦研发”也成为了艾德声品质、技术、创新的有力保证。 
标映,标映,
VHD,VHD,VHD有两种。一种是JVC高密度视频光盘VideoHighDensity的简称。另一种是微软MicrosoftVirtualHardDiskformat（虚拟磁盘）格式。
XSL,XSL,XSL是可扩展样式表语言（eXtensibleStylesheetLanguage）的外语缩写，是一种用于以可读格式呈现XML（标准通用标记语言的子集）数据的语言。
天波,天波,天波，指从地面辐射至天空的无线电波。
石科,石科,石穴。科，借为“窠”。宋梅尧臣《题姑苏邵氏园居》诗：“石科云起润，城角竹连阴。”
ThinkPad,ThinkPad,ThinkPad（思考本）是IBMPC事业部旗下创立的便携式计算机品牌，凭借坚固和可靠的特性在业界享有很高声誉。2005年被联想（Lenovo）收购，ThinkPad商标为联想所有。ThinkPad自问世以来一直保持着黑色的经典外观并对技术有着自己独到的见解，如：TrackPoint（指点杆，俗称小红帽）、ThinkLight键盘灯、全尺寸键盘和APS（ActiveProtectionSystem，主动保护系统）。
henry,蒂埃里·亨利,蒂埃里·亨利（ThierryHenry），1977年8月17日出生于法国巴黎，法国足球运动员，企业家，足球评论员，教练员，演员，司职前锋。 亨利17岁就在法甲踢球，先后效力于摩纳哥足球俱乐部、尤文图斯足球俱乐部、阿森纳足球俱乐部、巴塞罗那足球俱乐部、纽约红牛俱乐部。职业生涯曾获得过英超冠军，西甲冠军，美国大联盟东部冠军以及法甲在内的四大联赛冠军，曾获得过各大杯赛冠军，各大联赛冠军以及世俱杯，世界杯，欧洲杯冠军，欧冠冠军等，成为足球大满贯得主。亨利是法国国家队出场率上百的第六位球员，也是法国足球历史上进球最多的球员。2014年12月16日下午，法国足球运动员，一代传奇巨星蒂埃里·亨利正式宣布退役，加盟欧洲三大卫星付费电视台之一的英国天空电视台担任常驻嘉宾和形象大使。
TECOHOO,tecohoo,深圳动狐科技有限公司是“香港动狐利高资源有限公司”子公司，负责中国大陆市场，动狐利高资源有限公司多年来致力于视频会议硬件研发是领先的多媒体通信系统提供商和技术服务商，公司有着强大的技术研发团队
天桥,天桥,路口或交通繁忙路线的上跨桥，火车站里为了旅客横过铁路而在铁路上空架设的桥。
地球星,地球星,我们常把人类生存、繁衍生息的“大地”，叫做地球。但地球名称只能使人想到大地为一球形，而不能让人们意识到大地是一颗星球，所以称之为“地球星”才是个较科学化的概念。
渴望,渴望,《渴望》是1990年出品的50集电视连续剧，由鲁晓威、赵宝刚执导，张凯丽、李雪健、黄梅莹、孙松、蓝天野主演。该剧讲述了年轻漂亮的女工刘慧芳面对两个追求者迟疑不决。一个是车间副主任宋大成，一个是来厂劳动的大学毕业生王沪生。她渴望爱情，但是，前者有恩于她，后者身处困境，需要帮助，这使她左右为难。 1990年12月在中央电视台播出。
crave,Crave,
螺丝钉,螺丝钉,螺丝钉（英文ascrew），是指建筑机械用零件，它一类末端尖锐如钉，小的圆柱形或圆锥形金属杆上带螺纹的零件，有一带槽的或带凹窝的头，单独使用。对螺丝钉检测应该是从螺丝的线材开始。精密螺丝的品质好坏直接和生产该螺丝的线材有直接的关系。好的螺丝线材打开的螺丝都更漂亮。什么螺丝头部爆裂啊，什么牙螺纹不好啊。好的螺丝线材一般都不会发现这种情况。
Maple,maple,Maple是目前世界上最为通用的数学和工程计算软件之一，在数学和科学领域享有盛誉，有“数学家的软件”之称。Maple在全球拥有数百万用户，被广泛地应用于科学、工程和教育等领域，用户渗透超过96%的世界主要高校和研究所，超过81%的世界财富五百强企业。Maple系统内置高级技术解决建模和仿真中的数学问题，包括世界上最强大的符号计算、无限精度数值计算、创新的互联网连接、强大的4GL语言等，内置超过5000个计算命令，数学和分析功能覆盖几乎所有的数学分支，如微积分、微分方程、特殊函数、线性代数、图像声音处理、统计、动力系统等。Maple不仅仅提供编程工具，更重要的是提供数学知识。Maple是教授、研究员、科学家、工程师、学生们必备的科学计算工具，从简单的数字计算到高度复杂的非线性问题，Maple都可以帮助您快速、高效地解决问题。用户通过Maple产品可以在单一的环境中完成多领域物理系统建模和仿真、符号计算、数值计算、程序设计、技术文件、报告演示、算法开发、外部程序连接等功能，满足各个层次用户的需要，从高中学生到高级研究人员。
亲见,亲见,《亲见》是北京数字家圆科技有限公司研发的一款应用软件，适用于Android4.0以上系统。
F.L,F.L,《F.L》是凉璃创作的网络小说，发表于晋江文学网。
cld,CLD,CLD，全称：CentralLivingDistrict，是中国地产商人创造的词汇，而非城市规划中的专业词汇，城市总体规划中并没有相关概念，相关的文献也没有。是地产商们宣传其城市中高档居住区而专门提出的“伪”城市规划学科中的定义同时也有医学和汇编的其它意思
乐图,乐图,乐图是一个免费的手机地图软件，支持GPS语音导航（V3以后的版本语音导航功能已收费），位置搜索、电子地图浏览、地图查询、公交查询、GPS位置追踪等服务
LOTOO,LOTOO,LOTOO:来自芬兰，领先的嵌入式视音频产品研发企业，是由芬兰Futuvision集团与中国英夫美迪集团公司、四川电子科技大学联合实验室等核心人员联合组建的高科技公司。
JINGLE,Jingle,
FT,英尺,正如同英尺的英文单词意义一样，foot简称ft，古英国时期因为没有国际公认的度量单位，所以人们往往使用自己的脚来测量实地的面积，久而久之，一种基于成年男子单脚的长度就被公认为英国等国家认可的标准度量衡。德国人出了一招，让最早从教堂出来的16个男子量出左脚的长度加在一起，再除以16，商就是一尺。(1)∶长度或高宽度为特定英尺数目的人或物。 英尺，旧时写作“呎”，是英国及其前殖民地和英联邦国家使用的长度单位。美国等国家也使用。在中国台湾与香港，仍然写作“呎”(读作“英尺”)。内地也曾使用这个汉字，1977年在《关于部分计量单位名称统一用字的通知》加以废除。“呎”是近代新造的字，借用中国传统的长度单位“尺”，并加口旁以示区别。2英尺4英寸（2feet4inches）通常写作2′−4″、2′4″或2′4″。
白领公社,白领公社,白领公社是中国首家白领群主题的综合型B2C电子商务门户级购物网站，也是目前网购平台中最早集渠道拓展、在线订购、售后服务、会员之家于一体的知名品牌。产品涵盖女装、男装、袜子、丝巾、领带、首饰、配饰、创意办公桌面用品和便携用品等九大领域。支持14天退换货保障，100%正品保障，以及独家“六星评级”商品质量保障体系，力求打造360度全方位“品质网购”的购物体验环境。自白领公社上线以来，已凭借简单、快捷、人性化的购买方式和物美价廉的性价比优势，带给白领群体前所未有的新型购物体验，并已成为白领群体网购首选对象。
RCA,RCA,BMG唱片集团旗下的一家规模庞大、历史悠久而且品质上乘的名牌唱片公司，全称为RadioCorporationofAmerica，成立于1901年，总部设在纽约，作为立体声萌芽时期的三大发烧品牌之一。
嘟嘟,嘟嘟,嘟嘟是动画电影《熊出没之夺宝熊兵》的主角之一。是一个孤儿，后来被老板的手下大马猴和二狗绑架，装在箱子里，不小心和光头强的箱子弄混了，被光头强带回家。后来被熊大、熊二发现，与那些坏人一起斗争，发生了许多搞笑的故事。 
天香锦,天香锦,天香锦，是由山东菏泽百花园选育的一种牡丹。中花；中度喜光稍耐半阴；喜温和；具有一定耐寒性；忌酷热；适宜高燥；惧湿涝。皇冠型；花粉色；盛开白色；花瓣多轮；排列紧密。 
乐配乐数,乐配乐数,乐配乐数支付是一款手机支付应用。使用方便简单、可以随时都能收款、刷卡支付，为用户提供便捷的支付方式；同时App还具备多种移动金融生活功能，如刷卡、还信用卡、转账汇款等。 
天顺,天顺,天顺为中国明朝第六个皇帝明英宗朱祁镇经夺门之变后二次登基后的年号，（1457年—1464年），明朝使用此年号共8年。朱祁镇是明朝唯一一个使用过两个年号的皇帝。关于明朝天顺皇帝的内容，详看条目朱祁镇。本条目只介绍年号。
AZT,AZT,AZT是葛兰素威康制药公司生产的一种抗艾滋病药物，据报道，它能够防止艾滋病病毒的母婴传播。它又叫Zidovudine，商标名为Retrovir。艾滋病病毒靠逆转录繁殖，而AZT是一种逆转录酶抑制剂，因为AZT的分子结构与胸腺嘧啶脱氧核苷酸的结构很相似。是评价其它抗HIV药物的阳性对照药，也是治疗HIV感染者和AIDS患者联合用药的基准药物。因而AZT被列为《国家级新药开发指南》第三辑推荐的抗病毒药物的首位．AZT对艾滋病毒有相当高的抑制力。对艾滋病的治疗开始阶段是单独使用，后与其它药物配合使用，是所有抗艾滋病药物中最具有价格优势的。
准星,准星,枪炮瞄准装置的一部分，通常位于枪炮管口上部
小白,安德雷斯·伊涅斯塔,安德雷斯·伊涅斯塔（AndresIniesta），1984年5月11日出生于西班牙南部小镇阿尔巴塞特。 西班牙职业足球运动员，场上司职中场，足坛团队大满贯得主之一，效力于巴塞罗那足球俱乐部。1996年，伊涅斯塔加入拉玛西亚青训营。2001年，伊涅斯塔升入巴塞罗那B队。2002年，伊涅斯塔开始代表巴塞罗那一线队参赛。至今为止，伊涅斯塔已代表巴塞罗那足球俱乐部夺得了四次欧冠冠军和八次西甲联赛冠军。2006年，伊涅斯塔首次入选西班牙国家足球队。2008年，伊涅斯塔随队夺得欧洲杯冠军。2010年，伊涅斯塔帮助西班牙国家队夺得世界杯冠军。2012年，伊涅斯塔帮助西班牙卫冕欧洲杯冠军，实现了国家队大赛三连冠。 
印之友,印之友,印之友（印之友图文、印之友快印连锁），快印连锁品牌，2003年成立于北京，其拥有最先进的日本富士施乐彩色激光数码印刷机、奥西、风神、柯美等高品质黑白数码复印机、惠普系列写真喷绘机等大型设备。现已在北京魏公村、东四十条、亚运村、牡丹园等商圈开设了直营连锁，并已发展到南昌、沈阳等地，以连锁模式满足了快印客户的多种需求。
OMiMO,Omimo,【OMIMO偶米】品牌是协创立科数码电子（深圳）有限公司于2010年7月21日完成商标注册。之后将该商标所有权转移至其旗下子公司东莞汉阳电脑有限公司；OMIMO分别取Open、Multiple、International、Media、NumberOne首字母；代表OMIMO是一个开放的、多样的、国际化的力争NumberOne的多媒体产品。另'MIMO'是Multiple-InputMultiple-Out-put的缩写，表示多输入多输出在第四代移动通信技术标准中被广泛采用。
科芒,金斯利·科曼,金斯利·科曼（KingsleyComan），1996年6月13日出生于法国巴黎，法国职业足球运动员，主要司职左边锋位置，还能客串影子前锋和前腰。现效力于德国足球甲级联赛的拜仁慕尼黑足球俱乐部。 金斯利·科曼出身于法国的巴黎圣日耳曼青训系统，职业生涯曾先后效力于法国足球甲级联赛的巴黎圣日耳曼足球俱乐部、意大利足球甲级联赛的尤文图斯足球俱乐部和德国足球甲级联赛的拜仁慕尼黑足球俱乐部。 曾随队获得2次法国足球甲级联赛冠军（2012-13赛季、2013-14赛季）、1次法国联赛杯冠军（2013-14赛季）、1次法国超级杯冠军（2013-14赛季）、1次意大利足球甲级联赛冠军（2014-15赛季）、1次意大利杯冠军（2014-15赛季）、1次意大利超级杯冠军（2015-16赛季）、3次德国足球甲级联赛冠军（2015-16赛季、2016-17赛季、2017-18赛季）、1次德国杯冠军（2015-16赛季）、2次德国超级杯冠军（2016-17赛季、2017-18赛季）。 2015年，金斯利·科曼首次入选法国国家队，并在法国国家队主场2-0战胜德国国家队的友谊赛中首次代表法国国家队出场。曾跟随法国国家队获得2016年欧洲杯亚军。 
麦恩,麦恩,麦恩商标为北京华莘明业商贸有限公司旗下所有。主要是经销批发的进口面粉、胚芽粉、进口红酒、进口橄榄油畅销消费者市场，在消费者当中享有较高的地位，公司与多家零售商和代理商建立了长期稳定的合作关系。北京华莘明业商贸有限公司经销的进口面粉、胚芽粉、进口红酒、进口橄榄油品种齐全、价格合理。北京华莘明业商贸有限公司实力雄厚，重信用、守合同、保证产品质量，以多品种经营特色和薄利多销的原则，赢得了广大客户的信任。
立标,立标,立标，汉语词汇，指设立标志。
hoRme,hoRme,hoRme是深圳市合镁电子有限公司旗下品牌。hoRme品牌产品主要：有绳电话、无绳电话、商务电话、酒店电话、专用电话、GSM移动电话、USB话务电话、录音电话、降噪电话、话务耳机等。hoRme品牌产品适用于：航空、银行、教育、金融、酒店、物流、电视购物、调度室、呼叫中心等。
MOOV,moov,MOOV（moov.hk）是香港电讯盈科于2006年4月24日推出的全港首个网上“无限听、无限睇”的音乐平台，旨在为乐迷提供完全合法的网上音乐平台，开创欣赏音乐的新境界。
THRIVE,Thrive,英vi.兴旺；繁荣；茁壮成长
高科,高科,高科，男，汉族，1960年6月生，1982年7月参加工作，1986年6月加入中国共产党，大学学历，学士学位。现任辽宁省政协副主席。
音乐天使,音乐天使,音乐天使（MUSICANGEL）迷你音响，是深圳市俊佳豪科技有限公司自主设计、开发、制造、销售的系列音响产品。公司于2006年正式注册“音乐天使”和“音乐天使（MUSICANGEL）”商标，专用品牌标识已全部获得国家商标局审查通过，自此标志着“音乐天使”及“音乐天使（MUSICANGEL）”专用标识图案、文字及组合在音响制作、广告传播、传统渠道及网络销售等方面，均受国家商标保护。
东港,东港,东港市，为辽宁省辖县级市，由丹东市代管。地理座标东经123°22′30″至124°22′30″，北纬39°45′至40°15′。境内江岸线（边境线）23.85公里，海岸线93.5公里，位于辽宁省东南部，地处丹东市西南部；南临黄海；北、西北接凤城市、岫岩满族自治县；西与庄河市毗邻；东北和丹东市振安区相连；东隔鸭绿江同朝鲜平安北道龙川郡相望。拥有沿海、沿江、沿边地理优势，是中国海岸线上最北端的县级市。2014年，全市陆域面积2445平方公里，海域面积3500平方公里；2014年，总人口60.81万人；辖3个街道、14个镇、1个民族乡；2014年，东港市地区生产总值348.9亿元。东港市地处东北亚、环渤海和环黄海三个经济圈的交汇点，是连接中、朝、韩、俄、日五国的交通枢纽、欧亚大通道的重要节点，是东北东部地区重要的海陆门户。东港是中国最大的海蜇养殖基地 和梭子蟹养殖基地 、国家级的草莓产研中心和最大的优质生产基地。 2013年11月，东港荣获“全国最佳生态宜居旅游名市”称号。 2013年12月23日，第十三届全国县域经济与县域基本竞争力百强县（市）名单“出炉”，东港市第四次荣获中国百强县殊荣，位居第59位。 
aao,AAO,AAO，全称Above-All-Others，原来称为TOAA（TheOne-Above-All）
埃森客,埃森客,公司简介Ithink从2003年开始，一直专注于存储技术的研究开发与产品应用，公司同清华大学和中国科学院存储研究中心合作，建立存储技术研发中心，同时也致力于不断将最先进的存储技术及思想引进到产品来。使产品能够不断得到更新和发展，更方便的为朋友提供全方位安全周到的服务。
Ithink,Ithink,Ithink（北京埃森客创想科技有限公司），成立于2000年，是一家集研发、制造、销售、服务于一体的高新技术型企业。秉承“以客户为中心”的服务理念，密切关注客户需求和体验，以科技服务客户，坚持技术进步、不断创新、不断超越，已经成为一家在3C数码行业颇具实力和规模的企业。 
whist,Whist,
EMPEROR,Emperor,英皇帝君主therulerofanempire
领域,领域,领域是一个汉语词语，发音是lǐnɡyù，有生物学概念，数学概念等多重意义。出自（南朝宋）刘义庆《世说新语·文学》。
子陌,子陌,《子陌》是连载于晋江文学城的网络小说，作者是韩宾1205。
佐凯,佐凯,佐凯（乳酸左氧氟沙星滴眼液），适应症为本品适用于细菌性结膜炎、角膜炎、角膜溃疡、泪囊炎、术后感染等外眼感染。
仁誉,仁誉,仁誉是一个汉语词语，读音是rényù，是指仁爱的声誉。
Zhimei,知美,知美（zhimei）成立于2011年，是一个社会化电子商务平台，是构成消费兴趣的集合、展现顾客的生活品味、浏览并关注别人在知美（zhimei）的收集、共同发现生活中的消费乐趣的平台，在这里能找到品味相似的朋友，客户可以借助购物达人们的意见，简单、快捷地找到更适合自己的商品。另知美整形美容医院，专业的整形美容医院，主要开设有整形中心、美肤中心、口腔中心等。
联盾,联盾,
酷发,酷发,酷发时代的演变，酷的含义成为：在衣着打扮、言行举止、精神气质上自我体现、充满个性的群体代名词。时尚独行、充满个性;是酷的精髓所在。所属于沈阳酷发管理咨询有限公司旗下的注册商标，是国内专业的美发美容沙龙品牌。酷是英文COOL的汉语译音。COOL本来是冷的意思，后来这个词译成汉字酷;，意思是时尚中带点冷漠，迅速取代了意思相近的;时尚;一词，成为时尚群体中流行的夸赞语。
COFAX,cofax,
格之格,格之格,珠海格之格数码科技有限公司是珠海赛纳打印科技股份有限公司旗下负责中国区销售业务的全资子公司，至2014年销售“格之格”品牌的硒鼓和碳粉，代理“G&G”品牌墨盒、色带、墨水、连供系统产品，全心致力于为不同需求的消费者提供专业的打印解决方案。
哈曼卡顿,哈曼卡顿,哈曼卡顿(Harman/Kardon)是哈曼国际工业（NYSE：HAR）的一个部门，专门生产制造家用与车用音响，创始于1953年，总部位于美国纽约伍德布里。同时JBL、AKG、Infinity也是属于哈曼集团旗下的品牌。Harman/Kardon于1953年由热爱音乐与艺术的Dr.SidneyHarman与BernardKardon两人创立。该公司协助创建了高传真音频产业，他们的首个产品是一个FM调音器，在创立后一年Harman/Kardon发售了世上首个真正高保真接收器FestivalD1000，该款单声道装置在瞄准非技术性消费者的同时亦结合了许多现时常见的功能，如在单一机身上集合了调音器、组件控制部件与扩音器。1958年Harman/Kardon发售世上首个立体声接收器FestivalTA230，再次瞄准非技术性的用户力图让高保真得到更广泛的采用。Harman/Kardon是宝马、路虎、奔驰与萨博等汽车和东芝笔记本电脑的主要音响供应商。
IT-CEO,IT-CEO,IT-CEO，中文名蓝天禾科技有限公司，自2004年成立以来，专业致力于研发与生产电脑周边产品涉及硬盘外接盒、移动光驱、PC-TV网络适配器、HDD转接卡、硬盘播放器、HUB、读卡器、鼠标、充电器、便携式太阳能充电器等电子数码产品.
YAST,YaST,YaST是以RPM为基础的操作系统安装与设置工具，也是SUSELinux发行版的主要特性之一，而且由Novell派生出商业发行版本。它的特性主要在于，可以设置很多系统的各个部分。它也是UnitedLinux公司的一部分，不过这家公司目前已停止营业。第一套含有YaST的SuSE发行版于1996年5月发行。在GNU通用公共许可证底下，YaST已由Novell制作成一套自由软件。
赛弗,长城赛弗,长城赛弗是一款经济型SUV它在路上的加速性不算突出，2.3排量的长城赛弗最高时速为130km/h。不过在动力表现平平的同时，赛弗的稳定性、平顺性得到了不错的体现。这主要是因为其底盘有特点：前桥采用不等长双横臂上扭杆弹簧独立悬架，断开式前桥。后桥为螺旋弹簧非独立悬架，四连杆悬挂后桥，扭杆为上臂支接结构，完全不同于皮卡后桥的钢板弹簧结构。这样使稳定性、舒适性、牢固性大大提高，加上宽敞的乘坐空间，时速达到极限130公里，也没有异样的感觉，舒适性还不错。
KYN,Kyn,《Kyn》是一款维京风格的动作角色扮演游戏，玩家不仅能够在游戏中进行火爆刺激的战斗还能欣赏到美景。游戏的设定非常严格，玩家的任何行为影响都能改变世界，在游戏中大家不仅需要顺着游戏的剧情解开神秘黑暗势力的面纱，于此同时还要保护百姓，因此玩家在游戏中的一举一动都将会时时刻刻的影响着玩家的家园。 
汉米尔顿,汉米尔顿,汉米尔顿是美国手表品牌，自1892年成立并发展至今，以其精准耐用的实用功能及其一贯的粗犷、正直、创新、大胆坚定的美国设计风格，深受欢迎。汉米尔顿品牌拥有两大产品系列－美国经典型和卡其运动型，两者都基于品牌的美国传承之上，融合现代设计和瑞士制造技术缔造杰作。美国经典系列包括前卫设计系列和永恒经典系列。卡其运动系列秉承了第二次世界大战中英勇作战前辈们的传统，包括航空型、潜水型、野战型和航海型四大款系。
施耐德,施耐德,施耐德电气 有限公司(SchneiderElectricSA)是世界500强企业之一，1836年由施耐德兄弟建立。它的总部位于法国吕埃。施耐德电气公司是全球能效管理领域的领导者，为100多个国家的能源及基础设施、工业、数据中心及网络、楼宇和住宅市场提供整体解决方案，在住宅应用领域也拥有强大的市场能力。2012财年，施耐德在全球的总营收达到240亿欧元，在100多个国家拥有超过140，000名员工。
Schneider,施耐德,施耐德电气 有限公司(SchneiderElectricSA)是世界500强企业之一，1836年由施耐德兄弟建立。它的总部位于法国吕埃。施耐德电气公司是全球能效管理领域的领导者，为100多个国家的能源及基础设施、工业、数据中心及网络、楼宇和住宅市场提供整体解决方案，在住宅应用领域也拥有强大的市场能力。2012财年，施耐德在全球的总营收达到240亿欧元，在100多个国家拥有超过140，000名员工。
佳话坊,佳话坊,佳话坊是深圳市硅步实业有限公司的一个品牌，代表着高贵、典雅、时尚，该公司专业制造仿古电话机，工艺电话机，礼品电话机，台灯电话。
ANJI,Anji,《Anji》是2004年是上映的印度动作电影，由KodiRamakrishna执导，TinnuAnand及RamyaKrishna等主演。
旗子,旗子,旗子是用绸、布、纸等制成的长方形、方形或三角形的标志，多挂在杆子上或墙壁上，出自《火烧岛》，或者是旗号，喻指某种名义。
时尚部落,时尚部落,时尚部落，商业综合体，开发商：丽婴房物业公司：上海招商局物业管理有限公司。
欧本,欧本,欧本（英语：Auburn）是一个位于阿拉巴马州李郡的城市，它是阿拉巴马州东部最大的城市，截至2005年为止人口有49928人。阿拉巴马州知名的欧本大学又称奥本大学，USNEWS排名中居第89位 、以及一些研究机构如路德维希·冯·米塞斯研究所也位于此地。
moov,moov,MOOV（moov.hk）是香港电讯盈科于2006年4月24日推出的全港首个网上“无限听、无限睇”的音乐平台，旨在为乐迷提供完全合法的网上音乐平台，开创欣赏音乐的新境界。
轻松熊,轻松熊,轻松熊即是松弛熊，也翻译作轻松熊。一天下午，当作者近藤亚希小姐如常完成她的日常家务，清洁洗衣等时，她突然感到很厌倦，当她躺在沙发上休息的时候，电视正在播映着的动画节目”宠物小狗”突然吸引着她的视线；一只可爱美丽的小狗享受着美食，旁边有软绵绵的睡床，身穿着华丽迷人的衣服。多么休闲的生活啊！近藤小姐在想…这就是她一直所羡慕的生活！突然她脑海浮现出：一只可爱而休闲的小熊形象出现了，这只可爱的小熊就是rilakkuma。「kuma」就是日文「クマ」意为「熊」。而「relax」转换成日文外来语就是「リラックス（rirakkusu）」，将前三个片假名加上「クマ」，就成了「リラックマ，Rilakkuma」。
SIEGE,siege,Siege是一个压力测试和评测工具，用于WEB开发。
DreamMaker,DreamMaker,
莱特斯,莱特斯,莱特斯，乌拉圭一名球员
乐歌,乐歌,“乐歌”为宁波乐歌视讯科技股份有限公司品牌名，产品以电脑支架，电视挂架，以及显示器支架这些为主，当乐歌指品牌名时应读作【lègē】。 
奇文,奇文,奇文，汉语词语，拼音：qíwén，释义：1、奇妙的文章或奇特的文字。2.指奇特的纹路。
KONTACT,Kontact,《Kontact》是一款IOS平台的应用。
阿隆索,哈维·阿隆索,哈维·阿隆索（XabiAlonso），1981年11月25日出生于西班牙托洛萨，西班牙籍足球运动员，场上司职中场。阿隆索出道于其家乡球队皇家社会。2004年，阿隆索被利物浦从皇家社会以1500万镑签入，并在加盟后的第一个赛季便夺得欧冠联赛的冠军，第二个赛季又夺得英格兰足总杯冠军。2009年，阿隆索以3000万欧元的转会费加盟皇家马德里 ，期间随队赢得2011年西班牙国王杯和2011-2012赛季西甲联赛的冠军。2014年8月，阿隆索从皇家马德里转会至德甲球队拜仁慕尼黑 。2016-17赛季结束后，阿隆索宣布退役 。2003年，阿隆索首次入选西班牙国家队，并在西班牙与厄瓜多尔的友谊赛中，阿隆索完成自己在西班牙成年国家队的处子秀。2009年，阿隆索协助西班牙队创造国际比赛15场连胜的世界纪录。2014年8月29日，阿隆索正式宣布退出西班牙国家队，其代表西班牙队出战114场比赛，攻入16粒进球，并且跟随球队获得2010年南非世界杯的冠军、2008年和2012年欧洲杯冠军。 
alonso,alonso,alonso·出生地：西班牙奥维耶多，是车队运动员，2001年3月4日澳大利亚大奖赛，这次比赛也是他的处子秀。
米其林,米其林,米其林集团是全球轮胎科技的领导者，逾百年前于法国的克莱蒙费朗建立。在漫长的历程中，米其林集团自1889年发明首条自行车可拆卸轮胎与1895年发明首条轿车用充气轮胎以来，在轮胎科技与制造方面发明不断。除了轮胎以外，米其林集团还生产轮辋、钢丝、移动辅助系统（如PAX系统）、旅游服务(如ViaMichelin，GPS）、地图及旅游指南，其中地图与指南出版机构是该领域的领导者。著名的米其林指南在2000年已有100岁。
MICHELIN,米其林,米其林集团是全球轮胎科技的领导者，逾百年前于法国的克莱蒙费朗建立。在漫长的历程中，米其林集团自1889年发明首条自行车可拆卸轮胎与1895年发明首条轿车用充气轮胎以来，在轮胎科技与制造方面发明不断。除了轮胎以外，米其林集团还生产轮辋、钢丝、移动辅助系统（如PAX系统）、旅游服务(如ViaMichelin，GPS）、地图及旅游指南，其中地图与指南出版机构是该领域的领导者。著名的米其林指南在2000年已有100岁。
DTT,DTT,DTT，二硫苏糖醇，分子式为C4H10O2S2，分子量为154.25，纯度>99%。
科罗尔,科罗尔,太平洋岛国帕劳的最大城市，位于西太平洋加罗林群岛，隶属于科罗尔省，面积仅约8平方公里。帕劳共和国本身就是由300多个小岛组合而成的群岛国家，于1994年10月1日独立后，火山岛科罗尔被选定为首都和行政中心，直至2006年10月1日，首都迁往梅莱凯约克(Melekeok)。
丰盈,丰盈,丰盈，汉语词汇。拼音：fēngyíng指体态丰满；年谷丰熟；丰收。语出《国语·郑语》：“恶角犀丰盈，而近顽童穷固。”
贝恩,贝恩,贝恩（Bane）是美国DC漫画旗下超级反派，初次登场于《蝙蝠侠》（Batman）第489期（1993年2月），他出生在监狱之中，正是在那里罪恶逐渐扭曲了这个男孩的灵魂，因为在狱中杀了欺负自己的人，所以他被关在了一个更黑暗孤独的地下牢笼之中，整日与老鼠为伴，每天潮水上涨，牢笼都将被淹没，他只能挣扎着为活下来而努力，十年过去了，牢笼不但没有杀死他，反而让他的心智变的更强大，他被放回了监狱之中，成了监狱中的英雄，此时的贝恩展现出了惊人的智慧和身体素质，开始利用一切手头资源来武装自己，自学了大量知识。还不断进行残酷的体能训练增强自己的体魄，他在监狱中很快击败了所有对手，成为了监狱之王，后被选中成为监狱生化实验对象的一员，并成为实验中唯一的幸存者，实验的毒药强化了他的身体密度，使他获得了能轻松举起卡车的力量，从而逃出了监狱，成为一名雇佣兵，曾将超级英雄蝙蝠侠脊椎骨打断。 贝恩天生拥有足以和蝙蝠侠抗衡的天才智商，虽然是一个身体异常强壮的反派，但他更多的时候是在用脑子战斗。 
腾达,腾达,深圳市吉祥腾达科技有限公司，，自1999年创立，就一直致力于中国网络产业的发展，并于2001年率先自主研发推出全系列无线局域网产品，成为中国无线网络领域的首批开拓者之一。在国内，公司先后成立了九个分公司和十几个办事处；在国际上，公司相继成立了香港新加坡、印度、越南、俄罗斯等驻外办事处，并与北美、南美、欧洲的三十多个国家的顶级代理商建立合作关系，营销网络覆盖全球。公司完善的销售渠道，为产品的销售及市场预测以及产品的售后服务提供了完善的保证。
外星人,罗纳尔多·路易斯·纳扎里奥·达·利马,罗纳尔多·路易斯·纳扎里奥·达·利马（RonaldoLuizNazarioDeLima），1976年9月18日出生在巴西里约热内卢，巴西足球运动员，司职前锋。罗纳尔多青少年时期成名于克鲁塞罗，1996、1997、2002年三度获得世界足球先生，1998年当选世界杯最佳球员，2002年获得世界杯金靴奖，2010年罗纳尔多获得巴西传奇巨星奖。 罗纳尔多的欧洲足球生涯始于埃因霍温，此后先后效力过巴塞罗那、国际米兰、皇家马德里、AC米兰四支豪门球队，共拿到1次西甲冠军奖杯，1次欧洲联盟杯、1次欧洲优胜者杯、1次西班牙国王杯以及2次西班牙超级杯冠军奖杯。 2011年2月14日，饱受伤病折磨的罗纳尔多宣布退役，终结了18年的职业生涯。 
Alienware,alienware,Alienware是北美著名的整机厂商。Alienware的产品，均采用了当前最高端、顶级的配置，在业界是高端、高品质的代名词，加之外观前卫的机箱，使得Alienware的产品极受DIY的欢迎。提起Alienware，相信很多笔记本电脑发烧友一定都会联想到性能超一流的“外星人”造型，2006年Alienware被戴尔收购，Alienware品牌作为戴尔子品牌继续运作。
野花,野花,《野花》是歌手田震演唱的歌曲。由田震填词，刘君利谱曲。发表与田震1996年同名专辑《田震》。
伟易达,伟易达,VTECH伟易达简介伟易达于一九七六年成立，企业文化植根于「科技和创新」，集团于二零零五财政年度共投资三千八百五十万美元于产品研究及开发，并推出多款创新及优质产品。集团的总办事处设於香港特别行政区，而完善的生产设施则设于中国，业务遍布十个国家，并在全球聘用约二万二千七百名员工，其中包括约八百八十名科研专才。集团在加拿大、中国香港及中国均设有产品研究及开发中心，透过此庞大网路，集团便能紧贴世界各地的最新技术及市场发展趋势。
卡米,卡米,卡米，曾经是大津巴布韦的首都，并一度得到过繁荣的发展；在十六世纪中叶被遗弃。而今卡米一跃成为重要的考古胜地。
京选,京选,作为首个依托电商经营模式面向互联网消费群体的白酒品牌——京选 ，一经曝光就吸引到众多眼球。 
先科,先科,先科集团作为一家具有规模经济的高科技企业，其成功与发展得到了党中央、国务院、省市各级政府领导的高度重视和亲切关怀。1992年，邓小平同志南巡时，在深圳视察的唯一国有高科技企业就是先科。邓小平、李鹏、朱镕基、刘华清、彭真、王震、薄一波、宋任穷、丁关根、田纪云、李铁映、邹家华、李长春、曾庆红、习仲勋、宋健、谷牧等党和国家领导人都亲临先科视察。1999年，在先科集团十五周年华诞来临之际，李鹏、邹家华、雷洁琼、曾培炎等领导，欣然题词，勉励先科人要在高科技发展的道路上再攀新高峰，再创新业绩。
意高,意高,Ego澳洲家庭保养第一品牌QV澳洲EGO大药厂出品，该药厂成立于1953年，50年来在研发、生产和营销上不断努力，已经在皮肤科药妆行业建立起领导地位，目前除了在澳洲本土，还行销10多个国家和地区。意高怀着对高质量的坚持，所有产品都是经不断改良及最严紧的测试下，直至能肯定达到最高质量的要求下才被认可接受。更因人道理由，意高产品坚持不使用动物来作任何测试。意高在皮肤护理、治疗专科等产品的研制、生产规模及市场拓展等多过不同领域上都取得惊人的发展成就。
博扬,博扬·科尔基奇,博扬·科尔基奇，1990年8月28日出生于西班牙林约拉，是一名西班牙足球运动员，司职前锋，现效力于西甲的阿拉维斯足球俱乐部，曾效力于美因茨、巴塞罗那、罗马、AC米兰、阿贾克斯和斯托克城足球俱乐部。博扬·科尔基奇拥有西班牙和塞尔维亚双重国籍，是一名右脚球员，同时也是西班牙国家队成员。 
白雪,白雪,白雪，1992年3月19日出生于江西省九江市，毕业于北京电影学院，中国内地女演员。2011年在校期间的白雪参演个人首部电影《金陵十三钗》，从而正式踏入演艺圈。2016年参演古装玄幻剧《青云志》 。2017年，其主演的现代科幻网络剧《最佳女配：阿尔法之境》播出 ；同年，她还主演了青春热血神话剧《封神之天启》 。
snowhite,snowhite,“snowhite”是青岛昌隆文具有限公司主要品牌标志。青岛昌隆文具有限公司（QingdaoChanglongStationeryCo.，Ltd.），创建于1988年5月，位于青岛市经济技术开发区，是国内集研发、生产、销售于一体的中外合作经营企业。公司主要生产“白雪”等品牌的系列文具，主要产品类别有中性笔、圆珠笔、直液式/棉管式签字笔、直液式/棉管式荧光笔、直液式毛笔、修正液、修正带、白板笔、永久性记号笔、钢笔、油画棒、魔擦笔、摩擦复写笔、笔芯及书写板等14类400多个规格品种，其产品多以米老鼠、呆呆（原创）为动漫形象，到目前为止，公司已成为亚洲最大的修正液生产厂家之一和中国最大的制笔公司之一。
SNOWHITE,snowhite,“snowhite”是青岛昌隆文具有限公司主要品牌标志。青岛昌隆文具有限公司（QingdaoChanglongStationeryCo.，Ltd.），创建于1988年5月，位于青岛市经济技术开发区，是国内集研发、生产、销售于一体的中外合作经营企业。公司主要生产“白雪”等品牌的系列文具，主要产品类别有中性笔、圆珠笔、直液式/棉管式签字笔、直液式/棉管式荧光笔、直液式毛笔、修正液、修正带、白板笔、永久性记号笔、钢笔、油画棒、魔擦笔、摩擦复写笔、笔芯及书写板等14类400多个规格品种，其产品多以米老鼠、呆呆（原创）为动漫形象，到目前为止，公司已成为亚洲最大的修正液生产厂家之一和中国最大的制笔公司之一。
万利达,万利达,作为“漳州十大名片之一”的万利达集团有限公司创立于1984年，位于东南沿海城市福建省漳州市，是以研发、制造及销售电子信息产品为主的国家重点高新技术企业，并获得技术和知识“两个密集型”企业认定，是中国电子信息百强企业和全国首批103家创新型试点企业之一。公司现有员工2万多人，其中技术开发人员2000多名。
POTEVIO,中国普天信息产业股份有限公司,中国普天信息产业股份有限公司（以下简称“中国普天”）为国务院国有资产监督管理委员会管理的中央企业，主营业务为通信制造业、行业电子信息应用、广电通信与信息化。
傲锋,傲锋,《傲锋》是一部在17k小说网连载的异界大陆小说，作者是莫无言。
华谊,华谊,上海华谊（集团）公司是由上海市政府国有资产管理委员会授权，通过资产重组建立的大型企业集团公司。公司所属全资和控股企业有上海天原（集团）有限公司、上海轮胎橡胶（集团）股份有限公司、上海焦化有限公司、上海吴泾化工有限公司等20多个子公司、公司拥有11家设计、研究院所、2家国家级企业技术中心和8家市级企业技术中心，并设有博士后科研工作站。公司生产的产品涉及基础化工原料、橡胶制品、化学制剂、生物化学品、化工设备等十几大类约近万种。
鸿达,鸿达,鸿达，读音是hóngdá，汉语词语，释义是指才识广博通达的人、才识广博通达。
地牌,地牌,地牌是麻将术语，万智牌中最重要的组成部分之一，掌握横置地牌支付法术力的时机。看过规则就知道，使用一些指定目标的咒语和启动式异能时，是应该先选择目标再支付费用的。
赞采,赞采,赞采（zàncǎi）是一个汉语词汇，谓古代祭祀时臣子帮助君主拿着币帛等祭物。
dostyle,dostyle,dostyle是京东自有品牌。 创建于2012年。
AOPRE,aopre,AOPRE即“欧柏”品牌的英文名称，是深圳市欧柏科技有限公司的简称，该公司创立于2005年，是深圳市高新技术企业，由香港通信领域的一些技术骨干和留学海外的归国学子共同商议下注册成立，是具有国际科研水准的高新科技企业。主要从事数字光端机（视频光端机、音频光端机、数据光端机、以太网光端机）系列产品研发、生产、销售于一体的专业数字光端机生产厂商。
凡拓,凡拓,凡拓数码科技有限公司创始于2002年，是国内3D数字创意科技领域的先导，是目前国内最大的数字视觉服务商之一，秉承“数字创意以用户体验为导向”的理念，凡拓为地产、家居、博物馆、园区等政企客户提供数字展馆设计施工一体化、3D宣传片设计制作、互动多媒体开发应用的专业服务，获得客户的广泛赞誉。
灼华,灼华,《灼华》的内容如下：忽如一夜春风来千树万树桃花开。你想听真话还是假话?随你。真话是:我赢了。嗯。假话是:我赢了。既然你赢了那你输掉了什么?天下。两个平行的世界才是最长久的。靠的太近就会相交之后的路亦会背道而驰。然后一切就变成了笑话……
明庭,明庭,明庭是一个汉语词汇，基本意思是古代帝王祭祀神灵之地；圣明的朝廷。
阳淳,阳淳,阳淳是上海阳淳电子设备有限公司注册商标。
加加林,尤里·阿列克谢耶维奇·加加林,尤里·阿列克谢耶维奇·加加林（YuriAlekseyevichGagarin，1934年3月9日—1968年3月27日），世界第一名航天员，苏联英雄，前苏联太空人，前苏联红军上校飞行员，是第一个进入太空的地球人，也是第一个从太空中看到地球全貌的人。加加林生于前苏联斯摩棱斯克州格扎茨克区的克卢希诺镇一个集体农庄庄员家庭，白俄罗斯人。1955年从萨拉托夫工业技术学校毕业后参军。1957年在契卡洛夫第一军事航空飞行员学校结业，成为红旗北方舰队航空兵歼击机飞行员，同年与瓦莲京娜结婚。1960年被选为航天员，加入苏联共产党。1968年3月27日因飞机失事遇难，但具体死因仍众说纷纭。 2016年4月12日，俄罗斯乌格列戈尔斯克，当地举办由尤里-加加林完成的世界首次载人太空飞行55周年纪念活动。 
雷蛇,雷蛇,雷蛇（Razer）是全球顶级游戏设备品牌之一，1998年由CEOMin-LiangTan和Robert"Razerguy"Krakoff创立于美国加州圣地亚哥。在上世纪90年代中叶，随着网络游戏和竞技型第一人称射击(FPS)游戏的兴起，游戏玩家发现传统外围设备在游戏中使用起来性能不足。雷蛇正是抓住这一机遇，不断巩固自己在技术、设计和人体工程学方面的优势，最终成为专业竞技设备的代名词。如今，雷蛇已经连续6年斩获”BestofCES”大奖。雷蛇的设计与技术包括一系列用户界面与系统设备、玩家IP语音通讯，以及基于云技术的游戏设备自定义与优化平台。 2017年11月13日，Razer雷蛇宣布成功于香港联合交易所（联交所）主板上市，发售股份已于同日起正式开始在主板交易，联交所股票代码︰1337。 
Razer,雷蛇,雷蛇（Razer）是全球顶级游戏设备品牌之一，1998年由CEOMin-LiangTan和Robert"Razerguy"Krakoff创立于美国加州圣地亚哥。在上世纪90年代中叶，随着网络游戏和竞技型第一人称射击(FPS)游戏的兴起，游戏玩家发现传统外围设备在游戏中使用起来性能不足。雷蛇正是抓住这一机遇，不断巩固自己在技术、设计和人体工程学方面的优势，最终成为专业竞技设备的代名词。如今，雷蛇已经连续6年斩获”BestofCES”大奖。雷蛇的设计与技术包括一系列用户界面与系统设备、玩家IP语音通讯，以及基于云技术的游戏设备自定义与优化平台。 2017年11月13日，Razer雷蛇宣布成功于香港联合交易所（联交所）主板上市，发售股份已于同日起正式开始在主板交易，联交所股票代码︰1337。 
奥趣,奥趣,奥趣，汉语词语，拼音是àoqù，释义是幽深的情趣。
C派,C派,C派是深圳凯派科技有限公司旗下知名品牌，推出过倍受消费者好评的C派C系列、X系列驾驶安全预警产品，以及C派S系列、Q系列导航产品，所有产品均通过权威机构认证，品质卓越，为客户带去了美好生活的优越体验。
莱盛,莱盛,北京莱盛高新技术有限公司成立于1994年，中国首家激光打印机通用耗材，及其维修配件专业供应商，现已发展成为一家集研发、设计、生产、销售于一体的国家高新技术企业，是国内规模最大的激光打印机耗材、配件生产与销售厂商之一。目前，北京莱盛在上海、广州、武汉、昆明、西安、南京、成都、珠海、深圳、慈溪设有直属子公司或办事处，全国各省市均有签约代理商及众多合作伙伴，在美国、德国、新西兰、加拿大、澳大利亚也设有分公司。
蓝盾,蓝盾,为确保打击票贩子行动取得实效，铁道部公安局要求各级铁路公安机关在日常工作中逐级建立票贩子信息数据库，对打击处理的票贩子、倒票嫌疑人员逐人建档，形成全路信息共享的打击平台，并在重点地区、重点大站建立专业打击队伍，对倒票活动露头就打。
ONTOP,OnTop,《OnTop》是一个浮在桌面并且可以自动隐藏的小窗口，用户可以把自己经常用到的应用程序拖到Ontop里面来，只要直接click相应的图标就可以启动应用程序。
选哲,选哲,这是一张百代为阿哲推出的精选集。
广百思,广百思,广百思（GONBES），是一家专业蓝牙眼镜、智能眼镜制造商，于2008年在深圳成立并开设工厂。主要产品是广百思K1——智能眼镜，集接电话、听音乐、语音导航为一体。
万华,万华区,万华区位于台北市西南侧，旧称艋舺，是台北最早发展的区域，有许多老旧社区及古迹，但是区内也有年轻人喜好聚集的西门町引领时尚潮流。万华区同时也是台北市供应新鲜食材的果菜、肉类运销中心。清治时期，与台南安平、彰化鹿港并列为三大重要城市，有“一府二鹿三艋舺”之称，现则有城市结盟。
