索尼,索尼,索尼（日语：ソニー株式会社，英语：SonyCorporation），是日本一家全球知名的大型综合性跨国企业集团。总部设于日本东京都港区港南1-7-1。索尼是世界视听、电子游戏、通讯产品和信息技术等领域的先导者，是世界最早便携式数码产品的开创者，是世界最大的电子产品制造商之一、世界电子游戏业三大巨头之一、美国好莱坞六大电影公司之一。其旗下品牌有Xperia，Walkman，Sonymusic，哥伦比亚电影公司，PlayStation等曾有vaio旗下品牌，但在2014年2月6日，索尼剥离VAIO业务，Vaio品牌将由JapanIndustrialPartnersInc接手运营。 2018年4月1日起，现任副社长兼首席财务官吉田宪一郎升任社长，现任社长兼首席执行官平井一夫出任不具企业代表权的董事长。 
SONY,索尼,索尼（日语：ソニー株式会社，英语：SonyCorporation），是日本一家全球知名的大型综合性跨国企业集团。总部设于日本东京都港区港南1-7-1。索尼是世界视听、电子游戏、通讯产品和信息技术等领域的先导者，是世界最早便携式数码产品的开创者，是世界最大的电子产品制造商之一、世界电子游戏业三大巨头之一、美国好莱坞六大电影公司之一。其旗下品牌有Xperia，Walkman，Sonymusic，哥伦比亚电影公司，PlayStation等曾有vaio旗下品牌，但在2014年2月6日，索尼剥离VAIO业务，Vaio品牌将由JapanIndustrialPartnersInc接手运营。 2018年4月1日起，现任副社长兼首席财务官吉田宪一郎升任社长，现任社长兼首席执行官平井一夫出任不具企业代表权的董事长。 
雷蛇,雷蛇,雷蛇（Razer）是全球顶级游戏设备品牌之一，1998年由CEOMin-LiangTan和Robert"Razerguy"Krakoff创立于美国加州圣地亚哥。在上世纪90年代中叶，随着网络游戏和竞技型第一人称射击(FPS)游戏的兴起，游戏玩家发现传统外围设备在游戏中使用起来性能不足。雷蛇正是抓住这一机遇，不断巩固自己在技术、设计和人体工程学方面的优势，最终成为专业竞技设备的代名词。如今，雷蛇已经连续6年斩获”BestofCES”大奖。雷蛇的设计与技术包括一系列用户界面与系统设备、玩家IP语音通讯，以及基于云技术的游戏设备自定义与优化平台。 2017年11月13日，Razer雷蛇宣布成功于香港联合交易所（联交所）主板上市，发售股份已于同日起正式开始在主板交易，联交所股票代码︰1337。 
Razer,雷蛇,雷蛇（Razer）是全球顶级游戏设备品牌之一，1998年由CEOMin-LiangTan和Robert"Razerguy"Krakoff创立于美国加州圣地亚哥。在上世纪90年代中叶，随着网络游戏和竞技型第一人称射击(FPS)游戏的兴起，游戏玩家发现传统外围设备在游戏中使用起来性能不足。雷蛇正是抓住这一机遇，不断巩固自己在技术、设计和人体工程学方面的优势，最终成为专业竞技设备的代名词。如今，雷蛇已经连续6年斩获”BestofCES”大奖。雷蛇的设计与技术包括一系列用户界面与系统设备、玩家IP语音通讯，以及基于云技术的游戏设备自定义与优化平台。 2017年11月13日，Razer雷蛇宣布成功于香港联合交易所（联交所）主板上市，发售股份已于同日起正式开始在主板交易，联交所股票代码︰1337。 
任天堂,任天堂,任天堂（英语Nintendo）是一家全球知名的娱乐厂商，电子游戏业三巨头之一，现代电子游戏产业的开创者。任天堂始建于1889年9月23日， 创始人山内房治郎。 主营业务为家用游戏机和掌上游戏机的软硬件开发与发行。 任天堂开发了游戏史上最热销游戏系列超级马里奥和精灵宝可梦，以及全球媒体综合评价最高的塞尔达传说系列。2007年，任天堂的市值排在日本第二位。 任天堂DS累积销量接近1.5亿台。 2009全球最佳企业40强排行榜，任天堂排名全球第一。 任天堂在全球游戏业中始终坚持反对暴力和色情， 并以开发优秀的全年龄游戏为已任， 保持着弥足珍贵的社会责任和企业操守 。2016年4月27日，任天堂通过官方推特确认开发代号为NX的次世代全新概念的游戏主机将于2017年3月发售 。任天堂的股票在单天交易量突破了47600亿日元（约450亿美元） 。整个2017财年，净营收为1.0557万亿日元(约合96.59亿美元)，较上年的4890.95亿日元增长116%。运营利润1780亿日元(约合16.2亿美元)。 
Nintendo,任天堂,任天堂（英语Nintendo）是一家全球知名的娱乐厂商，电子游戏业三巨头之一，现代电子游戏产业的开创者。任天堂始建于1889年9月23日， 创始人山内房治郎。 主营业务为家用游戏机和掌上游戏机的软硬件开发与发行。 任天堂开发了游戏史上最热销游戏系列超级马里奥和精灵宝可梦，以及全球媒体综合评价最高的塞尔达传说系列。2007年，任天堂的市值排在日本第二位。 任天堂DS累积销量接近1.5亿台。 2009全球最佳企业40强排行榜，任天堂排名全球第一。 任天堂在全球游戏业中始终坚持反对暴力和色情， 并以开发优秀的全年龄游戏为已任， 保持着弥足珍贵的社会责任和企业操守 。2016年4月27日，任天堂通过官方推特确认开发代号为NX的次世代全新概念的游戏主机将于2017年3月发售 。任天堂的股票在单天交易量突破了47600亿日元（约450亿美元） 。整个2017财年，净营收为1.0557万亿日元(约合96.59亿美元)，较上年的4890.95亿日元增长116%。运营利润1780亿日元(约合16.2亿美元)。 
罗技,罗技,罗技成立于1981年，是一家起源于瑞士的全球著名电脑周边厂商，现如今已在全球140多个国家和地区展开业务。 罗技公司旗下拥有罗技、罗技G、Jaybird及UltimateEars多个品牌，业务涉及生产力及创造力、电竞游戏、视频协作、音乐和智能家居多个领域。罗技践行多品牌、多品类战略。 罗技是一家在瑞士证券交易所(LOGN)和纳斯达克全球市场(LOGI)公开上市的公司。罗技凭借其产品出色的工业设计及创新，频频揽获各类世界级设计奖项100多个，包括红点设计大奖、德国iF设计大奖和GoodDesign设计大奖等 。
G,g,在古代腓尼基语及希伯来语的字母表里，G是描摹骆驼的头和颈之轮廓的象形字母，其名称为gimel。以后希腊人借用了该符号，作Γ（gamma，伽马）。其实字母G与字母C系源于同一腓尼基字母。原拉丁字母表里本无字母G，含g音和含k音的词都以字母C为表示。公元3世纪以后，古罗马人根据C创造了G，自此C表示k音，G则表示g音。Gg是拉丁字母中的第7个字母。字母G是由罗马人发明的，因为他们感觉到C对于表达发音/k/和/g/来说并不足够。这时G取代了原来的字母Z来表达发音/g/。就如同发音/k/的发展那样，/g/也发展成上腭音以及软腭音的变体。这就是为什么今天G在所有罗马语系的语言和英语中有这么多不同的发音。
微软,微软,微软，是一家美国跨国科技公司，也是世界PC（PersonalComputer，个人计算机）软件开发的先导，由比尔·盖茨与保罗·艾伦创办于1975年，公司总部设立在华盛顿州的雷德蒙德（Redmond，邻近西雅图）。以研发、制造、授权和提供广泛的电脑软件服务业务为主。最为著名和畅销的产品为MicrosoftWindows操作系统和MicrosoftOffice系列软件，目前是全球最大的电脑软件提供商。2018年4月22日，2017年全球最赚钱企业排行榜发布，微软排名第15。 
Microsoft,微软,微软，是一家美国跨国科技公司，也是世界PC（PersonalComputer，个人计算机）软件开发的先导，由比尔·盖茨与保罗·艾伦创办于1975年，公司总部设立在华盛顿州的雷德蒙德（Redmond，邻近西雅图）。以研发、制造、授权和提供广泛的电脑软件服务业务为主。最为著名和畅销的产品为MicrosoftWindows操作系统和MicrosoftOffice系列软件，目前是全球最大的电脑软件提供商。2018年4月22日，2017年全球最赚钱企业排行榜发布，微软排名第15。 
小霸王,孙策,孙策（175年—200年5月5日 ），字伯符，吴郡富春（今浙江杭州富阳区）人。破虏将军孙坚长子、吴大帝孙权长兄。东汉末年割据江东一带的军阀，汉末群雄之一，三国时期孙吴的奠基者之一。《三国演义》称其武勇犹如霸王项羽，绰号“小霸王”。为继承父亲孙坚的遗业而屈事袁术，兴平二年（195年），孙策征得袁术许可，准备东渡长江，横江进攻樊能、于糜，又在当利口袭击张英。孙策来到曲阿并以曲阿为据点，与扬州刺史刘繇进行决战曲阿之战，大败刘繇。建安元年（196年）孙策率兵进攻会稽王朗和吴郡严白虎。建安二年（197年），袁术僭越称帝后，孙策与袁术决裂。建安二年（197年）夏，曹操下诏书给孙策，要孙策讨伐袁术，任命他为骑都尉，袭父爵乌程侯，兼任会稽太守，曹操奏许朝廷任命策为讨逆将军，并封为吴侯，后统一江东。孙策为将，有智有勇，英姿勃发，其治军严整，军纪严明。但在征战中由于年轻气盛，难免出现处事不慎、好勇斗狠的弱点，这为其结怨和遇刺种下了祸根。 建安五年（200年）4月，正当孙策准备发兵北上之时，在丹徒狩猎中为刺客所伤，不久后身亡，年仅二十六岁。其弟孙权接掌孙策势力，并于称帝后，追谥孙策为长沙桓王。（概述内图片来源：金史《南陵无双谱》） 
西伯利亚,西伯利亚,西伯利亚是北亚地区的一片广阔地带，西起乌拉尔山脉，东至杰日尼奥夫角，北临北冰洋，西南抵哈萨克斯坦中北部山地，南至蒙古、外兴安岭，面积约1300万平方千米，除西南端外，几乎全在俄罗斯境内。西伯利亚依据地形可分为三部分：西西伯利亚平原、中西伯利亚高原、东西伯利亚山地。“西伯利亚”意为“宁静之地”，名称源自蒙古语“西波尔”（泥土、泥泞的地方），古时西伯利亚就是一片泥泞的地方，住在这里的蒙古先民以地形为这个地方取了名字，当俄罗斯人来时，将此音译为“西伯利亚”，也有人认为“西伯利亚”之名源自鲜卑人。西伯利亚所蕴藏的资源十分丰富，西西伯利亚平原是俄罗斯的粮仓。2018年1月中旬，位于俄罗斯西伯利亚东北部的奥伊米亚康村测得摄氏零下67度的极寒天气，几乎追平1933年测到的-69℃记录。 
金士顿,金士顿,金士顿是金士顿公司的一款产品，金士顿成立于1987年，总部位于美国加州芳泉谷，金士顿在全球拥有超过2400名员工。被美国财富杂志评为“美国最适宜工作的公司” 。从1987年的单一产品的生产者，金士顿发展到拥有2000多种储存产品，支持计算机、服务器和打印机到MP3播放器、数字相机和手机等几乎所有的使用储存产品的设备。2007年，公司的年营收突破了45亿美金。
Kingston,金士顿,金士顿是金士顿公司的一款产品，金士顿成立于1987年，总部位于美国加州芳泉谷，金士顿在全球拥有超过2400名员工。被美国财富杂志评为“美国最适宜工作的公司” 。从1987年的单一产品的生产者，金士顿发展到拥有2000多种储存产品，支持计算机、服务器和打印机到MP3播放器、数字相机和手机等几乎所有的使用储存产品的设备。2007年，公司的年营收突破了45亿美金。
赛睿,SteelSeries,SteelSeries(赛睿)是2001年成立于丹麦的一家公司，公司目前总部位于美国芝加哥，是全球专业游戏外设行业的领导者，其产品类别有：耳机，鼠标垫，鼠标，以及键盘。目前产品销售范围超过80个国家。在过去十年中，得益于持续不断的与顶级职业电子竞技选手们进行合作创新与产品开发，SteelSeries(赛睿)成为了电子竞技外设装备的行业领导者。作为回报，为促进电子竞技产业的发展和增长，SteelSeries(赛睿)每年在全球范围内赞助和参与了数以千计的电子竞技赛事和活动 。
SteelSeries,SteelSeries,SteelSeries(赛睿)是2001年成立于丹麦的一家公司，公司目前总部位于美国芝加哥，是全球专业游戏外设行业的领导者，其产品类别有：耳机，鼠标垫，鼠标，以及键盘。目前产品销售范围超过80个国家。在过去十年中，得益于持续不断的与顶级职业电子竞技选手们进行合作创新与产品开发，SteelSeries(赛睿)成为了电子竞技外设装备的行业领导者。作为回报，为促进电子竞技产业的发展和增长，SteelSeries(赛睿)每年在全球范围内赞助和参与了数以千计的电子竞技赛事和活动 。
北通,北通,北通是国内首屈一指的游戏外设品牌，其前身为利昌有限公司，并于1997年在国内正式注册“北通”、“BETOP”品牌商标，创立游戏外设第一中文品牌。目前，北通已经形成了以广州为销售总部，北京、上海设有销售分部，全国各大中小城市设有经销网点的渠道模式，产品研发和生产基地位于深圳，业务遍及全球。
GPD,gpd,全球产品样本数据库（GPD）由科技部西南信息中心·重庆尚唯信息技术有限公司研制开发，是我国第一个上规模的、深度建设的产品样本数据库。
HANDJOY,HandJoy,HandJoy是成都掌趣环球科技有限公司旗下自创智能游戏手柄的品牌。2015年7月，HandJoy手柄正式登陆京东众筹，开始与广大游戏用户见面。
达尔优,达尔优,达尔优（Dareu）是东莞达尔优电子有限公司的简称，成立于2000年，是东莞铭冠企业旗下全资子公司，负责中国区的品牌销售工作。作为一家享誉全球的知名IT企业，达尔优电子始终坚持品质至上的原则，精益求精，不断创造应用需求的同时坚持提升产品性能及技术含量。多年以来，我们对工厂严格要求，保证每一款产品均经过国际一流RD研发、在一流的生产线上生产，通过严格的技术和品质把关，使产品下线良品率达到99.8%，常规情况下用户故障率低于千分之五。同时，达尔优电子一直与国际一流企业保持着良好的技术交流和合作关系。正是通过这样的严格控制，将品质问题解决在生产线。
硕美科,硕美科,广东硕美科实业有限公司前身为广州市硕美科数码电子科技有限公司。创办于1998年，是一家集生产、研发及销售为一体的现代化大中型民营企业，是中国最早生产耳机的专业厂家之一，同时也是首批成功开拓国际市场的专业耳机制造商之一。作为一家互联网公司，硕美科致力于互联网数字化娱乐方案，2015年5月30日，硕美科发布全新SOLOGN：快乐智造，宣布全面进入互联网+转型。
SOMIC,硕美科,广东硕美科实业有限公司前身为广州市硕美科数码电子科技有限公司。创办于1998年，是一家集生产、研发及销售为一体的现代化大中型民营企业，是中国最早生产耳机的专业厂家之一，同时也是首批成功开拓国际市场的专业耳机制造商之一。作为一家互联网公司，硕美科致力于互联网数字化娱乐方案，2015年5月30日，硕美科发布全新SOLOGN：快乐智造，宣布全面进入互联网+转型。
雷柏,雷柏,雷柏，无线外设技术专家，致力于向全球用户提供高性能、高品质的无线外设产品。雷柏已连续两年蝉联中国无线键鼠市场占有率榜首位（数据来源：ZDC、《微型计算机》），成为领先的无线键鼠供应商。2011年，雷柏在深交所中小板上市。 同年，雷柏启动全球国际化战略，相继在87个国家成功注册，并且发展良好。
Rapoo,雷柏,雷柏，无线外设技术专家，致力于向全球用户提供高性能、高品质的无线外设产品。雷柏已连续两年蝉联中国无线键鼠市场占有率榜首位（数据来源：ZDC、《微型计算机》），成为领先的无线键鼠供应商。2011年，雷柏在深交所中小板上市。 同年，雷柏启动全球国际化战略，相继在87个国家成功注册，并且发展良好。
Logitech,罗技,罗技成立于1981年，是一家起源于瑞士的全球著名电脑周边厂商，现如今已在全球140多个国家和地区展开业务。 罗技公司旗下拥有罗技、罗技G、Jaybird及UltimateEars多个品牌，业务涉及生产力及创造力、电竞游戏、视频协作、音乐和智能家居多个领域。罗技践行多品牌、多品类战略。 罗技是一家在瑞士证券交易所(LOGN)和纳斯达克全球市场(LOGI)公开上市的公司。罗技凭借其产品出色的工业设计及创新，频频揽获各类世界级设计奖项100多个，包括红点设计大奖、德国iF设计大奖和GoodDesign设计大奖等 。
联想,联想集团,联想集团是1984年中国科学院计算技术研究所投资20万元人民币，由11名科技人员创办，是中国的一家在信息产业内多元化发展的大型企业集团，和富有创新性的国际化的科技公司。从1996年开始，联想电脑销量一直位居中国国内市场首位；2005年，联想集团收购IBMPC（Personalcomputer，个人电脑）事业部；2013年，联想电脑销售量升居世界第一，成为全球最大的PC生产厂商。2014年10月，联想集团宣布了该公司已经完成对摩托罗拉移动的收购。作为全球电脑市场的领导企业，联想从事开发、制造并销售可靠的、安全易用的技术产品及优质专业的服务，帮助全球客户和合作伙伴取得成功。联想公司主要生产台式电脑、服务器、笔记本电脑、智能电视、打印机、掌上电脑、主板、手机、一体机电脑等商品。自2014年4月1日起，联想集团成立了四个新的、相对独立的业务集团，分别是PC业务集团、移动业务集团、企业级业务集团、云服务业务集团。2016年8月，全国工商联发布“2016中国民营企业500强”榜单，联想名列第四。 
Lenovo,联想集团,联想集团是1984年中国科学院计算技术研究所投资20万元人民币，由11名科技人员创办，是中国的一家在信息产业内多元化发展的大型企业集团，和富有创新性的国际化的科技公司。从1996年开始，联想电脑销量一直位居中国国内市场首位；2005年，联想集团收购IBMPC（Personalcomputer，个人电脑）事业部；2013年，联想电脑销售量升居世界第一，成为全球最大的PC生产厂商。2014年10月，联想集团宣布了该公司已经完成对摩托罗拉移动的收购。作为全球电脑市场的领导企业，联想从事开发、制造并销售可靠的、安全易用的技术产品及优质专业的服务，帮助全球客户和合作伙伴取得成功。联想公司主要生产台式电脑、服务器、笔记本电脑、智能电视、打印机、掌上电脑、主板、手机、一体机电脑等商品。自2014年4月1日起，联想集团成立了四个新的、相对独立的业务集团，分别是PC业务集团、移动业务集团、企业级业务集团、云服务业务集团。2016年8月，全国工商联发布“2016中国民营企业500强”榜单，联想名列第四。 
我的世界,minecraft,《minecraft》（《我的世界》）是一款风靡全球的高自由度沙盒游戏，由瑞典MojangAB和4JStudios开发。
MINECRAFT,minecraft,《minecraft》（《我的世界》）是一款风靡全球的高自由度沙盒游戏，由瑞典MojangAB和4JStudios开发。
莱仕达,莱仕达,莱仕达是国内知名的游戏外设品牌，是源于一家十余年致力于电子游戏机及电脑外设产品研发、设计和生产的专业出口企业。“莱仕达”是其旗下自主创立的游戏外设专业品牌，主要有游戏手柄类、游戏摇杆类、游戏方向盘类等 。莱仕达产品必将为国内热爱游戏人士带来前所未有的激情体验。
华硕,华硕,台湾华硕电脑股份有限公司 是目前全球第一大主板生产商、全球第三大显卡生产商，同时也是全球领先的3C解决方案提供商之一，致力于为个人和企业用户提供最具创新价值的产品及应用方案。华硕的产品线完整覆盖至笔记本电脑、主板、显卡、服务器、光存储、有线/无线网络通讯产品、LCD、掌上电脑、智能手机等全线3C产品。其中显卡和主板以及笔记本电脑三大产品已经成为华硕的主要竞争实力。 遍布全球20多个国家和地区的分支机构，以及十万名员工，共同将华硕打造成年营业额超过165亿美金的信息产业巨擘。
ASUS,华硕,台湾华硕电脑股份有限公司 是目前全球第一大主板生产商、全球第三大显卡生产商，同时也是全球领先的3C解决方案提供商之一，致力于为个人和企业用户提供最具创新价值的产品及应用方案。华硕的产品线完整覆盖至笔记本电脑、主板、显卡、服务器、光存储、有线/无线网络通讯产品、LCD、掌上电脑、智能手机等全线3C产品。其中显卡和主板以及笔记本电脑三大产品已经成为华硕的主要竞争实力。 遍布全球20多个国家和地区的分支机构，以及十万名员工，共同将华硕打造成年营业额超过165亿美金的信息产业巨擘。
PlayStation,playstation,PlayStation，是日本Sony（索尼）旗下的索尼电脑娱乐SCEI家用电视游戏机，现已成为最出名的家游产品之一。2016年7月27日，索尼互动娱乐旗下PlayStation（中国）将在上海梅赛德斯文化中心·音乐俱乐部举行2016PlayStation中国发布会，发布会正式开始时间为下午14:00。 
E-3LUE,e-3lue,E-3LUE宜博，中国香港时尚个性的国际品牌，致力于向全球时尚人士提供“个性化定制”的电脑外设产品。
缤特力,缤特力,缤特力（Plantronics）成立于1962年，总部位于美国加利福尼亚州圣克鲁斯市，是一家专业类和消费类个人音频通信的一家上市公司，分支机构遍布20个国家或地区。主要集中在墨西哥、田纳西州、英国、中国和荷兰。从统一通信解决方案到蓝牙耳机，Plantronics提供的无以伦比的音频体验和质量反映出我们近50年来的创新工作和客户承诺。Plantronics被广泛应用于每一家财富100强公司，它还是空中交通管制、911警力派遣和纽约证券交易所的首选耳机。
乌龟海岸,乌龟海岸,乌龟海岸（TurtleBeach）是美国VoyetraTurtleBeach公司旗下的一个面向个人电脑和视频游戏系统、专门为其提供数字音乐配套硬件的专属品牌。乌龟海岸（TurtleBeach）主要产品包括数字网络播放器、电脑声卡、游戏耳机等等。TurtleBeach发展至今已经有30多年的历史，当年还和著名的声卡品牌帝盟、傲锐齐名，称得上是老牌的声卡厂商。
Turtle Beach,Turtle Beach,TurtleBeach（乌龟海岸）是美国VoyetraTurtleBeach公司旗下的一个主要面向个人电脑和视频游戏系统、专门为其提供数字音乐配套硬件的专属品牌，主要的产品包括数字网络播放器、电脑声卡、游戏耳机等等。
外星人,罗纳尔多·路易斯·纳扎里奥·达·利马,罗纳尔多·路易斯·纳扎里奥·达·利马（RonaldoLuizNazarioDeLima），1976年9月18日出生在巴西里约热内卢，巴西足球运动员，司职前锋。罗纳尔多青少年时期成名于克鲁塞罗，1996、1997、2002年三度获得世界足球先生，1998年当选世界杯最佳球员，2002年获得世界杯金靴奖，2010年罗纳尔多获得巴西传奇巨星奖。 罗纳尔多的欧洲足球生涯始于埃因霍温，此后先后效力过巴塞罗那、国际米兰、皇家马德里、AC米兰四支豪门球队，共拿到1次西甲冠军奖杯，1次欧洲联盟杯、1次欧洲优胜者杯、1次西班牙国王杯以及2次西班牙超级杯冠军奖杯。 2011年2月14日，饱受伤病折磨的罗纳尔多宣布退役，终结了18年的职业生涯。 
Alienware,alienware,Alienware是北美著名的整机厂商。Alienware的产品，均采用了当前最高端、顶级的配置，在业界是高端、高品质的代名词，加之外观前卫的机箱，使得Alienware的产品极受DIY的欢迎。提起Alienware，相信很多笔记本电脑发烧友一定都会联想到性能超一流的“外星人”造型，2006年Alienware被戴尔收购，Alienware品牌作为戴尔子品牌继续运作。
HORI,HORI,HORIHORI（ホーリー）是ACG作品【我☆能行（我能行）】中登场的角色。
魔兽世界,魔兽世界,《魔兽世界》（WorldofWarcraft）是由著名游戏公司暴雪娱乐所制作的第一款网络游戏，属于大型多人在线角色扮演游戏。游戏以该公司出品的即时战略游戏《魔兽争霸》的剧情为历史背景，依托魔兽争霸的历史事件和英雄人物，魔兽世界有着完整的历史背景时间线。 玩家在魔兽世界中冒险、完成任务、新的历险、探索未知的世界、征服怪物等。2003年《魔兽争霸III：冰封王座》发售之后，暴雪娱乐正式宣布了《魔兽世界》的开发计划（之前已经秘密开发了数年之久）。魔兽世界于2004年在北美公开测试，同年11月23日开始在美国、新西兰、加拿大、澳洲与墨西哥发行。截至2008年底，全球的魔兽世界付费用户已超过1150万人，并成功打进吉尼斯世界纪录大全。2008年4月，魔兽世界在MMORPG市场占有率达62%。 截止2014年01月，全世界创建的账号总数已超过一亿（含试玩版账号），人物角色达到5亿。共有244个国家和地区的人在玩《魔兽世界》，包括南极、巴哈马，圣诞岛，以及托克劳群岛之类。 在中国大陆的原代理商为第九城市，2005年3月21日下午开始限量测试，同年6月6日正式商业化运营。2009年6月7日起中国地区运营商变更为网易。  2016年9月1日，魔兽世界7.0版本全球同步上线。2018年3月，《魔兽世界》8.0部落新主城祖达萨场景预览 。
英伟达,NVIDIA,NVIDIA（纳斯达克股票代码：NVDA）是一家人工智能计算公司 。公司创立于1993年，总部位于美国加利福尼亚州圣克拉拉市。JensenHuang(黄仁勋)是创始人兼首席执行官。 1999年，NVIDIA发明了GPU，这极大地推动了PC游戏市场的发展，重新定义了现代计算机图形技术，并彻底改变了并行计算。 太平洋时间2018年2月8日，英伟达公布第四季度以及全年财报。财报显示英伟达去年全年收入创下历史新高，达到97.1亿美元，同比增长41%，利润增长83%。英伟达全年GAAP每股盈利高达4.82美元，同比增长88%。在过去的第四季度，英伟达收入达到29.1亿美元，同比增长34%。GPU收入同比增长33%至24.6亿美元。 2017年6月，入选《麻省理工科技评论》2017年度全球50大最聪明公司”榜单。 
NVIDIA,NVIDIA,NVIDIA（纳斯达克股票代码：NVDA）是一家人工智能计算公司 。公司创立于1993年，总部位于美国加利福尼亚州圣克拉拉市。JensenHuang(黄仁勋)是创始人兼首席执行官。 1999年，NVIDIA发明了GPU，这极大地推动了PC游戏市场的发展，重新定义了现代计算机图形技术，并彻底改变了并行计算。 太平洋时间2018年2月8日，英伟达公布第四季度以及全年财报。财报显示英伟达去年全年收入创下历史新高，达到97.1亿美元，同比增长41%，利润增长83%。英伟达全年GAAP每股盈利高达4.82美元，同比增长88%。在过去的第四季度，英伟达收入达到29.1亿美元，同比增长34%。GPU收入同比增长33%至24.6亿美元。 2017年6月，入选《麻省理工科技评论》2017年度全球50大最聪明公司”榜单。 
惠普,惠普,惠普（HP）是世界最大的信息科技（IT）公司之一，成立于1939年，总部位于美国加利福尼亚州帕洛阿尔托市。惠普下设三大业务集团：信息产品集团、打印及成像系统集团和企业计算机专业服务集团。中国惠普有限公司总部位于北京，在上海、广州、沈阳、南京、西安、武汉、成都、深圳等都设有分公司。中国惠普在大连设有惠普全球呼叫中心，在重庆设有生产工厂，在天津设有数据中心。 
HP,幽门螺杆菌,幽门螺杆菌病是一种螺旋形、微厌氧、对生长条件要求十分苛刻的细菌。1983年首次从慢性活动性胃炎患者的胃黏膜活检组织中分离成功，是目前所知能够在人胃中生存的惟一微生物种类。2017年10月27日，世界卫生组织国际癌症研究机构公布的致癌物清单初步整理参考，幽门螺杆菌（感染）在一类致癌物清单中。 
iNSIST,insist,insist，英语词汇，意思为坚持，坚持认为。
狼蛛,狼蛛,狼蛛属蜘蛛目的一科。8眼黑色，排成3列（4-2-2）。步足粗壮，多刺，末端为3爪。因善跑、能跳、有毒性、行动敏捷、性凶猛而得名。狼蛛的背上长着像狼毫一样的毛，而且有八个眼睛，有的狼蛛毒性很大，能毒死只麻雀，大的狼蛛能毒死一个人。
斯泰克,斯泰克,斯泰克(stiger，广东斯泰克电子科技有限公司)是一家集研发、生产和销售于一体的专业生产笔记本电源及电池的高新技术IT企业。
MATE,mate,Mate，直译为伙伴，英，将会成为Flex领域的另一个热点，现多应用于手机行业。
铁三角,铁三角,铁三角是一家日本的电子产品公司，成立于1962年；主营业务为研发、生产和销售各种话筒、耳机、无线系统等音像设备和家用电器；而在中国一般被作为一家耳机厂商为人所知。
Audio-technica,audio-technica,建立于1962年，铁三角全球开发小组一直致力于音响器材的设计、制造、行销及发行上。铁三角公司最初只专注于留声机的科技研发。时至今日，公司已能开发出高性能的话筒、耳机、无线系统、甚至乎搅拌器以及电子产品供家庭和专业人士使用。
漫步者,漫步者,EDIFIER漫步者创立于1996年，是目前国内第一、全球第二大专业多媒体音响企业。漫步者多年来专注于音频技术的研究开发与产品应用，旗下产品线涵盖多媒体电脑音箱、家用音响、汽车音响、耳机等领域，素以卓越音质、优良做工和前瞻设计而闻名，产品屡获国际权威大奖，在业内有着极高的知名度和良好口碑。2010年漫步者成功登陆A股市场，并被评选为首批“国家商标战略实施示范企业”。
EDIFIER,漫步者,EDIFIER漫步者创立于1996年，是目前国内第一、全球第二大专业多媒体音响企业。漫步者多年来专注于音频技术的研究开发与产品应用，旗下产品线涵盖多媒体电脑音箱、家用音响、汽车音响、耳机等领域，素以卓越音质、优良做工和前瞻设计而闻名，产品屡获国际权威大奖，在业内有着极高的知名度和良好口碑。2010年漫步者成功登陆A股市场，并被评选为首批“国家商标战略实施示范企业”。
飞鹰传奇,飞鹰传奇,《飞鹰传奇》是梦里花落有多少创作的网络小说，发表于17K小说网。
明基,明基,明基电通产品服务横跨3C领域，为全球享有盛名的数字时尚科技领导企业。由施振荣创立于1984年6月，过去也是宏碁集团旗下的公司之一，并共同使用Acer的标志。1999年泛宏碁集团整顿后，独立成明基电通集团，并于2001年推出自有品牌BenQ，以“享受快乐科技”为品牌定位，以“数字时尚网络产品”为核心发展概念。拥有产品设计、视觉科技以及移动科技三大核心竞争力，产品涵盖数字媒体、计算机系统及周边、网络通信及3C数字整合等领域，包括数字投影机、液晶显示器、数码相机、台式电脑、笔记本电脑、液晶电视、电脑周边产品等多元化的产品线。
BenQ,明基,明基电通产品服务横跨3C领域，为全球享有盛名的数字时尚科技领导企业。由施振荣创立于1984年6月，过去也是宏碁集团旗下的公司之一，并共同使用Acer的标志。1999年泛宏碁集团整顿后，独立成明基电通集团，并于2001年推出自有品牌BenQ，以“享受快乐科技”为品牌定位，以“数字时尚网络产品”为核心发展概念。拥有产品设计、视觉科技以及移动科技三大核心竞争力，产品涵盖数字媒体、计算机系统及周边、网络通信及3C数字整合等领域，包括数字投影机、液晶显示器、数码相机、台式电脑、笔记本电脑、液晶电视、电脑周边产品等多元化的产品线。
拳霸,拳霸,《拳霸》是由Baa-Ram-Ewe公司于2003年1月21日上映的一部泰国动作片。该片由普拉奇亚·平克尧执导，由托尼贾、派特察泰·王卡姆劳主演。 该片讲述的是一个村庄的孤儿阿Ting，为了找回村子里的佛头，来到喧哗的城市，经过自己的打斗，完成了村民愿望的故事。 
双飞燕,双飞燕,双飞燕是国内外知名外设品牌之一，总公司位于广东东莞，拥有园林式的生产基地，公司旗下高品质高效率的工艺生产线完全以国际品质管理标准进行生产检测。
雷神,雷神,《雷神》（Thor）是漫威影业出品的一部科幻动作电影，取材自漫威漫画，是漫威电影宇宙的第四部电影。由肯尼思·布拉纳执导，克里斯·海姆斯沃斯，汤姆·希德勒斯顿，娜塔丽·波特曼等主演。影片讲述了被放逐到地球的雷神托尔学习如何成为一个真正英雄的故事。 
森海塞尔,声海,声海（原名：森海塞尔），由Prof.Dr.FritzSennheiser（弗里茨·森海塞尔博士，1912年5月9日～2010年5月17日）于1945年创立的森海塞尔是世界公认领先的专业话筒和耳机制造商。森海塞尔不断地引领着新的音频技术的潮流，研究开发中心在德国汉诺威。它也是业界公认的无线电、红外声传输技术、听诊式耳机、航空通话耳机、多媒体传播、呼叫中心耳机和头戴式耳机的先驱。
Sennheiser,声海,声海（原名：森海塞尔），由Prof.Dr.FritzSennheiser（弗里茨·森海塞尔博士，1912年5月9日～2010年5月17日）于1945年创立的森海塞尔是世界公认领先的专业话筒和耳机制造商。森海塞尔不断地引领着新的音频技术的潮流，研究开发中心在德国汉诺威。它也是业界公认的无线电、红外声传输技术、听诊式耳机、航空通话耳机、多媒体传播、呼叫中心耳机和头戴式耳机的先驱。
Tt,Tizzy T,TizzyT，本名谢锐韬，1993年2月2日出生于广东省潮州市，中国内地嘻哈说唱男歌手、音乐制作人。2010年，获得华南地区“嘴上瘾”BeatBox大赛冠军，从而正式进入演艺圈。2012年，与Person组成说唱组合“双赤”。2016年，推出首张个人音乐专辑《你的男孩》 。2017年，参加爱奇艺Hiphop音乐选秀节目《中国有嘻哈》，最终获得全国总决赛6强 ；同年，获得“工匠精神·青年榜样”颁奖典礼年度新锐音乐人青年榜样奖 。2018年1月，获得硬地围炉夜·2017网易云音乐原创盛典年度最受关注音乐人奖 。
seenDa,SEENDA,SEENDA是鑫意达科技（香港）有限公司旗下的品牌，成立于2007年（大中华区总代理：深圳市鑫尼达科技有限公司成立于2011年）注册商标seenDa，SEENDA是一家集研发、设计、生产销售于一体的专业数码配件品牌制造商，致力于Apple/Samsung/Google等智能数码配件产品的开发与销售。秉承创新&分享的企业文化，致力于为消费者提供精致的数码周边产品，乐于分享便捷生活的快乐。创新和共享一直是我们秉承的理念，持续研发更薄更优体验的平板电脑无线蓝牙键盘保护套。SeenDa产品涵盖平板电脑配件，音乐数码，家庭娱乐，物联控制领域，用最佳的用户体验，传递美好的科技享受。
万魔,万魔,《万魔》是凡寒创作的网络小说，发表于起点网。
1MORE,1MORE,1MORE中文音译为万魔，是万魔声学科技有限公司耳机品牌名称，成立于2013年，是一家专注于研发设计与智能软硬件开发的声学品牌，1MORE运用先进且专业的技术，严苛的检测体系，致力于为热爱音乐的用户呈现品质卓越与更全面价值 ，主要产品有耳机和万魔熊智能公仔。 2016年9月29日1MORE万魔耳机与周杰伦在北京召开了战略发布会，周杰伦正式宣布以股东的身份加盟1MORE万魔，并担任“1MORE创意官” 。2017年1月6日CES开展第二天，1MORE万魔耳机发布1MORE四单元圈铁耳机、1MORE三单元头戴式耳机、1MORE施华洛世奇水晶耳机三款全新产品 。2017年7月27日，1MORE在上海召开“我的1MORE时代为电竞而声”发布会，发布1MORE首款电竞耳机，“1MORE创意官”周杰伦也戴着1MORE电竞耳机来到现场，与1MORECEO及合伙人共同开启1MORE电竞时代 。
MOOV,moov,MOOV（moov.hk）是香港电讯盈科于2006年4月24日推出的全港首个网上“无限听、无限睇”的音乐平台，旨在为乐迷提供完全合法的网上音乐平台，开创欣赏音乐的新境界。
AKG,AKG,AKG（中文商标：爱科技），音频领域最知名的品牌之一，全球四大耳机生产商之一，AKG这三个字母就是专业精神与声音品质的代表。AKG依靠话筒、耳机和通讯设备生存，良好的销售业绩向世人证明了这一决策的正确性。AKG在专业音频领域最有名望的产品是专业耳机和话筒。60多年中，AKG设计生产了用途各异的专业耳机达100多种型号，有通讯耳麦、专业监听耳机、电视伴音耳机、单声道耳机、四声道耳机、红外无线耳机、影院环绕声耳机等类型。
维肯,维肯,“维肯”在服饰品牌中是作为一个“VIEWAKEN”的中文译音所得出的名称。
Viken,viken,Viken（维肯），香港品牌，于2011年注册创立，目前已经成长为中国数码领先品牌。其行业领导力已全面涵盖到数码产品及其手机周边数码配件，其中的蓝牙耳机、移动电源、保护类，车载类等产品均已获得很高的行业赞誉，拥有CE、ROHS等各种产品权威认证，以其优质的服务和产品质量在市场上树立了良好的产品形象和品牌信誉。
戴尔,戴尔公司,戴尔（Dell），是一家总部位于美国德克萨斯州朗德罗克的世界五百强企业，由迈克尔·戴尔于1984年创立。戴尔以生产、设计、销售家用以及办公室电脑而闻名，不过它同时也涉足高端电脑市场，生产与销售服务器、数据储存设备、网络设备等。戴尔公司于1992年进入《财富》杂志500家之列，戴尔因此成为其中最年轻的首席执行官。戴尔公司名列《财富》杂志500家的第48位。自1995年起，戴尔公司一直名列《财富》杂志评选的“最受仰慕的公司”，2001年排名第10位，2011年上升至第6位。2018年1月，戴尔可能与由其控股的云计算公司VMware达成一项反向合并交易并借此上市。 
DELL,戴尔公司,戴尔（Dell），是一家总部位于美国德克萨斯州朗德罗克的世界五百强企业，由迈克尔·戴尔于1984年创立。戴尔以生产、设计、销售家用以及办公室电脑而闻名，不过它同时也涉足高端电脑市场，生产与销售服务器、数据储存设备、网络设备等。戴尔公司于1992年进入《财富》杂志500家之列，戴尔因此成为其中最年轻的首席执行官。戴尔公司名列《财富》杂志500家的第48位。自1995年起，戴尔公司一直名列《财富》杂志评选的“最受仰慕的公司”，2001年排名第10位，2011年上升至第6位。2018年1月，戴尔可能与由其控股的云计算公司VMware达成一项反向合并交易并借此上市。 
moov,moov,MOOV（moov.hk）是香港电讯盈科于2006年4月24日推出的全港首个网上“无限听、无限睇”的音乐平台，旨在为乐迷提供完全合法的网上音乐平台，开创欣赏音乐的新境界。
三星,三星,三星集团是韩国最大的跨国企业集团，同时也是上市企业全球500强，三星集团包括众多的国际下属企业，旗下子公司有：三星电子、三星物产、三星航空、三星人寿保险等，业务涉及电子、金融、机械、化学等众多领域。三星集团成立于1938年，由李秉喆创办。三星集团是家族企业，李氏家族世袭，旗下各个三星产业均为家族产业，并由家族中的其他成员管理，集团领导人已传至李氏第三代，李健熙为现任集团会长，其子李在镕任三星电子副会长。2016年5月25日，华为公司在美国和中国提起对三星公司的知识产权诉讼，包括加州北区法院和深圳中级人民法院。7月21日，三星在北京知识产权法院起诉华为技术有限公司专利侵权，停止生产、销售mate8等机型，索赔8050万 。9月6日，据道琼斯消息，在已出货或到达消费者手中的约250万部Note7手机中，有70%电池为由子公司：三星SDI（SAMSUNGSDICO.LTD.）供应，剩下的部分则采用了中国新能源科技有限公司（ATL）的电池 。10月，三星集团排2016年全球100大最有价值品牌第7名。 10月，三星电子在召回GalaxyNote7手机后又宣布停止销售该手机，几乎宣布了这款旗舰手机的“死刑”，此举或令三星损失170亿美元 。12月9日，三星准备在美国升级软件，永久禁用GalaxyNote7手机。 2016年11月4日晚间消息，三星电子美国公司宣布，将主动召回280万台特定型号的顶部开盖洗衣机。 
SAMSUNG,三星集团,三星集团是韩国最大的企业集团，包括85个下属公司及若干其他法人机构，在近70个国家和地区建立了近300个法人及办事处，员工总数20余万人，业务涉及电子、金融、机械、化学等众多领域。
皇尚,皇尚,皇尚（HuangShang）是一个在国家商标网成功注册的品牌，旗下系列产品包括蓝牙耳机、家用蓝牙音响、骑行音响等。皇尚专注于蓝牙产品研发和制造，是国内少有的集研发、生产、销售与服务为一体的品牌。 
ipega,ipega,网络授权销售商：蓝牙游戏站
QPAD,QPAD,QPAD(酷倍达)全称QPADGamingGear， 于1994年在瑞典创立，是目前全球历史最悠久的电竞外设的专业厂商。QPAD以其CT鼠标垫而蜚声海外，其产品类别包括有：耳机，鼠标垫，鼠标，以及键盘。产品在欧美各国都具有很高的知名度。QPAD致力于推广国内外电竞市场，并在2012年于深圳成立酷倍达电竞，这是除了瑞典总部以外，第一家由QPAD正式成立的分公司，其在4月份正式将QPAD产品引进中国市场。 
多彩,多彩,多彩 科技集团是一家从事电竞外设和电脑外设周边产品专家级的研发、生产、销售的集团公司 ，旗下的深圳市多彩实业有限公司与同力兴深圳有限公司均属深圳市高新科技企业，其中多彩实业有限公司是深圳市高新产业协会副会单位。集团是国内最大的民营电脑外围设备生产企业，在国际市场上也具有很强的竞争力。
英雄联盟,英雄联盟,《英雄联盟》(简称LOL)是由美国拳头游戏(RiotGames)开发、中国大陆地区腾讯游戏代理运营的英雄对战MOBA竞技网游。游戏里拥有数百个个性英雄，并拥有排位系统、符文系统等特色养成系统。《英雄联盟》还致力于推动全球电子竞技的发展，除了联动各赛区发展职业联赛、打造电竞体系之外，每年还会举办“季中冠军赛”“全球总决赛”“AllStar全明星赛”三大世界级赛事，获得了亿万玩家的喜爱，形成了自己独有的电子竞技文化。
LEAGUE OF LEGENDS,英雄联盟,《英雄联盟》(简称LOL)是由美国拳头游戏(RiotGames)开发、中国大陆地区腾讯游戏代理运营的英雄对战MOBA竞技网游。游戏里拥有数百个个性英雄，并拥有排位系统、符文系统等特色养成系统。《英雄联盟》还致力于推动全球电子竞技的发展，除了联动各赛区发展职业联赛、打造电竞体系之外，每年还会举办“季中冠军赛”“全球总决赛”“AllStar全明星赛”三大世界级赛事，获得了亿万玩家的喜爱，形成了自己独有的电子竞技文化。
JBL,JBL,JBL是全球最大的专业扬声器生产商，从原材料开发、喇叭单元的设计和生产、音箱的设计和生产一切都能全盘控制在自己的手中。JBL音箱的服务范围非常广泛，在专业领域上包括了电影院、大型音响工程、大型流动演出、录音室监听、乐队用的音响，以至娱乐场所如迪士科、歌舞厅、卡拉OK、酒吧等民用方面，从最高级的发烧音响，以至目前最流行的家庭影院组合，到处都可以看到JBL的身影。
浦记,浦记,Plextone“浦记电声株式会社”是全球著名的数码音频设备、业务用音响机器、民用音频设备制造公司，总部及工厂位于日本长野县。2009年新任执行取缔役副社长宫田幸泰上任后对公司本部体系进行了大刀阔斧的改革，其中“大部制”带来的变化尤其显著。推出Plextam、Plexbarry和Plextone等子品牌在不同领域独立运营。子品牌Plextone为数码音频设备、业务用音响机器、随身MINI录音设备以及撞针式高保真唱机等产品线的专属品牌，2010年起已在欧洲、澳大利亚、南美等37个国家展开独立运营至今。
博士,Bose,BOSE是全美国最大的扬声器厂家之一，总部坐落在美国麻省，单是从事研究开发的工程师就有几百人，是一家全资独立公司。产品在汽车音响领域和航天科技领域也同样有着出色的表现。除了民用产品，Bose在专业音响领域也有广泛的开拓。Bose专业音响系统成功地应用于大型体育场馆、多功能会议厅、教堂、高端酒店和品牌旗舰店等。
BOSE,Bose,BOSE是全美国最大的扬声器厂家之一，总部坐落在美国麻省，单是从事研究开发的工程师就有几百人，是一家全资独立公司。产品在汽车音响领域和航天科技领域也同样有着出色的表现。除了民用产品，Bose在专业音响领域也有广泛的开拓。Bose专业音响系统成功地应用于大型体育场馆、多功能会议厅、教堂、高端酒店和品牌旗舰店等。
wedoking,wedoking,
虎克,列文虎克,安东尼·列文虎克（AntonyvanLeeuwenhoek，1632年10月24日—1723年8月26日），荷兰显微镜学家、微生物学的开拓者，生卒均于荷兰代尔夫特。由于勤奋及本人特有的天赋，他磨制的透镜远远超过同时代人。他的放大透镜以及简单的显微镜形式很多，透镜的材料有玻璃、宝石、钻石等。其一生磨制了400多个透镜，有一架简单的透镜，其放大率竟达270倍。其主要成就：首次发现微生物，最早纪录肌纤维、微血管中血流。
HUKE,huke,huke（本名：福家亮平），1981年4月20日出生，日本插画家，隶属于TeamFullmecha，supercell的成员之一。 国中毕业后就读动画科系专门学校，之后进入游戏制作公司负责人物设计方面的工作，离职后开始以自由契约插画家活动。
录音师,录音师,录音师国家职业标准：录音师：从事广播、影视、舞台、音像、广告、网络、会议等声音录音、制作的人员。
Technology,technology,technology是一个英语单词，可以用作名词，可以翻译为科技、工业技术，等等。
Nintendo Wii,Nintendo Wii,又称任天堂Wii，是任天堂继GameCube后，将会推出的第五个家用电视游戏机。开发代号为任天堂Revolution(中文翻译为任天堂革命)。这个代号代表其将对电视游戏产业发起革命；例如它的控制器，可以对它的位置进行三维空间侦测，这项新概念在过去的电视游戏机中从未出现过。
Tt eSPORTS,Tt esports,
迪锐克斯,dxracer,DXRacer电脑椅是一款非常流行的配合电脑使用的专业座椅。通常来说，桌子、椅子、计算机即构成最基本的工作站系统。可以说，小到每户家庭，大到每所学校、每家公司、每间网吧，都有自己的工作站系统。更广义上来讲，工作站不仅包括计算机硬件设备、配套工作平台、作业辅助工具、扩展装置和设备，还包括周边环境（如光线），甚至您个人常用的物件（如桌台或书架上的一本常用专业书籍，或是桌脚旁的CD架），等等。DXRacer电脑椅就是这个系统中的重要一部分。它的设计非常符合人体工程学国际标准，因此在国内外十分流行。
DXRACER,dxracer,DXRacer电脑椅是一款非常流行的配合电脑使用的专业座椅。通常来说，桌子、椅子、计算机即构成最基本的工作站系统。可以说，小到每户家庭，大到每所学校、每家公司、每间网吧，都有自己的工作站系统。更广义上来讲，工作站不仅包括计算机硬件设备、配套工作平台、作业辅助工具、扩展装置和设备，还包括周边环境（如光线），甚至您个人常用的物件（如桌台或书架上的一本常用专业书籍，或是桌脚旁的CD架），等等。DXRacer电脑椅就是这个系统中的重要一部分。它的设计非常符合人体工程学国际标准，因此在国内外十分流行。
星期六,星期六,Saturday(Sat.)—DayofSaturn(土星日)。这是一星期中最后一天，它是由掌管农业之神，罗马主神朱庇特的父亲（thegodofAgriculturefatherofJupiter）Saturn的名字命名的，也是英语直接用罗马神话中神名来命名星期名称的唯一的一天，其余几天则是以北欧神话中的神名来命名的。
Saturday,Saturday,Saturday读音n.星期六，简写为Sat.来自于罗马神话农业之神Saturn
骨伽,骨伽,
韩喜,韩喜, 韩喜中国大陆男演员，辽宁大连人，歌手，影视界新生代新星。韩喜的父亲和奶奶曾是村里秧歌队的骨干，所以从小他便是秧歌队的一员，也养成了在人前表演的天分。2007年在半岛晨报，辽沈晚报，头版头条新闻人物以口叼自行车绝活轰动辽宁省被观众所熟知。2011年在中央电视台录制山东卫视《中华达人》栏目中一举成名。凭借《青石门》《玲珑局》《吉祥天宝》等多部影视剧渐渐走入观众视线。韩喜除了以演员身份出现在大众视线外，他还是宁浩导演电影《黄金大劫案》主演：前王文的经纪人，首次触电主演处女作电影《阿玉》。
imecoo,imecoo,imecoo是魅谷品牌的logo，是深圳市金拓达科技有限公司旗下天猫商城网上销售品牌。
酷冷至尊,酷冷至尊,CoolerMaster成立的目标是提供业界最好的散热方案。公司已建立二十六年，仍旧秉持这个初衷，以身为世界散热产品领导者的地位，持续提供产品和服务，为有散热问题的公司提供完整解决方案 。
CoolerMaster,CoolerMaster,
诺西,诺基亚西门子,2006年6月，诺基亚与西门子联合宣布将两家公司的电信设备业务合并，双方各出资50%成立诺基亚西门子网络公司(NokiaSiemensNetworks)，总交易金额高达250亿欧元。2007年4月，诺西正式投入运营。2011年11月23日晚间，诺基亚西门子宣布2013年年底前在全球裁员17000人。2013年7月1日，诺基亚宣布将斥资17亿欧元（约合22亿美元），全盘收购西门子持有的诺基亚西门子通信公司(简称“诺西”)的50%股份。诺基亚西门子将改名为NokiaSolutionsandNetworks（诺基亚解决方案与网络），并继续在业务中沿用NSN这个名字。
拜亚动力,拜亚动力,拜亚动力（beyerdynamicGmbH&Co.KG）是世界著名的个人音频设备品牌，创立于德国。产品包括头戴式耳机、耳塞、受话器等，其中以耳机和话筒最为知名。与爱科技（AKG）、森海塞尔（Sennheiser）、铁三角（Audio-Technica）等并称的知名耳机品牌。
Beyerdynamic,拜亚动力,拜亚动力（beyerdynamicGmbH&Co.KG）是世界著名的个人音频设备品牌，创立于德国。产品包括头戴式耳机、耳塞、受话器等，其中以耳机和话筒最为知名。与爱科技（AKG）、森海塞尔（Sennheiser）、铁三角（Audio-Technica）等并称的知名耳机品牌。
声籁,声籁,声籁（Salar）是硕美科旗下品牌，始创于2002年，以精湛的工艺和完美的音质获得消费者的喜爱，发展到至今，已经连续多年雄踞中国区耳机市场占有率前三甲。声籁已通过ISO9001国际质量认证体系，CE(欧洲认证体系)、GS(德国认证体系)和FCC(国际安全认证)等。目前产品已经行销到五大洲的93个国家，并且在德国、新加坡等全球15个国家，设有专业的研发实验室。
SaLaR,撒拉族,撒拉族是中国信仰伊斯兰教的少数民族之一，民族语言为撒拉语，属阿尔泰语系突厥语族西匈奴语支乌古斯语组，也有人认为属于撒鲁尔方言，无文字，通用汉文。撒拉族因自称“撒拉尔”，简称“撒拉”而得名，主要聚居在青海省循化撒拉族自治县、化隆回族自治县甘都乡、甘肃省积石山保安族东乡族撒拉族自治县的大河家，根据2010年第六次全国人口普查统计，撒拉族总人口数为130607人。伊斯兰教是撒拉族的主要信仰，所以，宗教对其历史发展和政治、经济、文化等方面都有较深的影响 。
微星,MSI,微星成立于1986年8月，英文品牌名称：Micro-Star。 总部位于台湾新北市中和区。 是全球前五大主板厂商之一和第一大显示卡生产商。微星于1985年由徐祥、黄金请、林文通、游贤能、卢琪隆五位曾任职于台湾新力公司的工程师共同创办。草创初期以技术、品质建构起板卡事业。
MSI,MSI,微星成立于1986年8月，英文品牌名称：Micro-Star。 总部位于台湾新北市中和区。 是全球前五大主板厂商之一和第一大显示卡生产商。微星于1985年由徐祥、黄金请、林文通、游贤能、卢琪隆五位曾任职于台湾新力公司的工程师共同创办。草创初期以技术、品质建构起板卡事业。
现代,现代,现代成立于1947年，为韩国汽车品牌，主要生产suv及普通家用轿车，排量为1.6~2.7L之间的车型。
HYUNDAI,Hyundai,中文名为：现代（汽车品牌）现代成立于1947年，为韩国汽车品牌，主要生产suv及普通家用轿车，排量为1.6~2.7L之间的车型。
罗马仕,罗马仕,罗马仕即深圳罗马仕科技有限公司，是一家设计、销售智能电源产品的创新型科技企业。罗马仕以独立自主的产品设计和扁平化的网络直销，向全球消费者提供可轻松拥有的高品质产品。罗马仕作为专业的智能电源品牌，罗马仕产品涵盖：电源、车充、适配器，三大品类；无论您在户外、室内、车内，罗马仕都能为您提供无所不能充的智能电源产品。作为超智能电源，罗马仕产品可实现对任意品牌智能手机、平板电脑、笔记本电脑充电，做到无所不能充。2013年罗马仕实现移动电源中国销售量排名第一，如今罗马仕正朝着全球第一的专业智能电源品牌迈进。
ROMOSS,罗马仕,罗马仕即深圳罗马仕科技有限公司，是一家设计、销售智能电源产品的创新型科技企业。罗马仕以独立自主的产品设计和扁平化的网络直销，向全球消费者提供可轻松拥有的高品质产品。罗马仕作为专业的智能电源品牌，罗马仕产品涵盖：电源、车充、适配器，三大品类；无论您在户外、室内、车内，罗马仕都能为您提供无所不能充的智能电源产品。作为超智能电源，罗马仕产品可实现对任意品牌智能手机、平板电脑、笔记本电脑充电，做到无所不能充。2013年罗马仕实现移动电源中国销售量排名第一，如今罗马仕正朝着全球第一的专业智能电源品牌迈进。
趣迷,趣迷,
爱动,爱动,深圳泰山在线科技有限公司由泰山体育产业集团有限公司、中科院深圳先进技术研究院和深圳爱动投资有限公司联合投资10.6亿，于2007年12月在深圳创办。
itoos,ITOOS,itoos公司是由行业内众多专业人士共同组建的一支专业队伍，致力于打造数码行业的专业品牌，在高清多媒体播放器有专业的研发。
沃尔玛,沃尔玛百货有限公司,沃尔玛百货有限公司，即沃尔玛公司（WalMartInc.）（NYSE：WMT），是一家美国的世界性连锁企业，以营业额计算为全球最大的公司，其控股人为沃尔顿家族。总部位于美国阿肯色州的本顿维尔。沃尔玛主要涉足零售业，是世界上雇员最多的企业，连续4年在美国《财富》杂志世界500强企业中居首位。沃尔玛公司有8500家门店，分布于全球15个国家。沃尔玛在美国50个州和波多黎各运营。沃尔玛主要有沃尔玛购物广场、山姆会员店、沃尔玛商店、沃尔玛社区店等四种营业方式。2013年11月25日，任命国际业务部主管董明伦（DougMcMillon）接任杜克（MikeDuke）为沃尔玛总裁兼首席执行官，该任命从2014年2月1日起正式生效。 2014年12月11日，海外媒体称沃尔玛将关闭约30%的中国门店。沃尔玛12月2日对中国区管理层以重组进行了裁员。 2014年12月沃尔玛非常重视对其公司不当行为的指控。 2016年6月29日，沃尔玛表示将向美国所有消费者开放两日达免费送货服务，这是沃尔玛在这一服务上的再一次拓展。 北京时间2016年7月20日晚与全球同步发布了最新的《财富》世界500强排行榜 。2017年6月7日发布的2017年《财富》美国500强排行榜，沃尔玛连续第五年蝉联榜首。2017年7月20日发布的《财富》世界500强排行榜，沃尔玛连续四年排名第一位。 
宜丽客,宜丽客,每一个成功背后都有其深层的原因，ELECOM的成功与其特有的经营与管理理念上的创新精神密不可分。
ELECOM,elecom,1986年成立于日本大阪的ELECOM，在短短的近二十年时间里，ELECOM产品不断受到市场与社会的承认，取得了优异的业绩。
谷歌,Google,谷歌公司（GoogleInc.）成立于1998年9月4日，由拉里·佩奇和谢尔盖·布林共同创建，被公认为全球最大的搜索引擎公司。 谷歌是一家位于美国的跨国科技企业，业务包括互联网搜索、云计算、广告技术等，同时开发并提供大量基于互联网的产品与服务，其主要利润来自于AdWords等广告服务。 1999年下半年，谷歌网站“Google”正式启用。 2010年3月23日，宣布关闭在中国大陆市场搜索服务。2015年8月10日，宣布对企业架构进行调整，并创办了一家名为Alphabet的“伞形公司”（UmbrellaCompany），成为Alphabet旗下子公司。2015年，在2015年度“世界品牌500强”排行中重返榜首，苹果和亚马逊分别位居第二和第三名。2016年6月8日，《2016年BrandZ全球最具价值品牌百强榜》公布，以2291.98亿美元的品牌价值重新超越苹果成为百强第一。 2017年2月，BrandFinance发布2017年度全球500强品牌榜单，排名第一。 2017年6月，《2017年BrandZ最具价值全球品牌100强》公布，谷歌公司名列第一位。 2017年12月13日，谷歌正式宣布谷歌AI中国中心（GoogleAIChinaCenter）在北京成立。 2018年1月，腾讯和谷歌宣布双方签署一份覆盖多项产品和技术的专利交叉授权许可协议。 
Google,Google,谷歌公司（GoogleInc.）成立于1998年9月4日，由拉里·佩奇和谢尔盖·布林共同创建，被公认为全球最大的搜索引擎公司。 谷歌是一家位于美国的跨国科技企业，业务包括互联网搜索、云计算、广告技术等，同时开发并提供大量基于互联网的产品与服务，其主要利润来自于AdWords等广告服务。 1999年下半年，谷歌网站“Google”正式启用。 2010年3月23日，宣布关闭在中国大陆市场搜索服务。2015年8月10日，宣布对企业架构进行调整，并创办了一家名为Alphabet的“伞形公司”（UmbrellaCompany），成为Alphabet旗下子公司。2015年，在2015年度“世界品牌500强”排行中重返榜首，苹果和亚马逊分别位居第二和第三名。2016年6月8日，《2016年BrandZ全球最具价值品牌百强榜》公布，以2291.98亿美元的品牌价值重新超越苹果成为百强第一。 2017年2月，BrandFinance发布2017年度全球500强品牌榜单，排名第一。 2017年6月，《2017年BrandZ最具价值全球品牌100强》公布，谷歌公司名列第一位。 2017年12月13日，谷歌正式宣布谷歌AI中国中心（GoogleAIChinaCenter）在北京成立。 2018年1月，腾讯和谷歌宣布双方签署一份覆盖多项产品和技术的专利交叉授权许可协议。 
魔腾,永恒梦魇,永恒梦魇·魔腾是竞技网游《英雄联盟》中的一位英雄角色。梦魇是一个天生的打野英雄，清野效率很高，但由于版本问题，梦魇有时并不强势，但不失为一个好的打野英雄。在初期，梦魇的威慑力并不强，但Q的加速和E的恐惧也让梦魇有一个不错的GANK能力。梦魇的大招使他可以无视保护眼，从各种诡异的地形突进在敌方脸上。配合己方的控制技能，拿下人头并不是难事。这也是梦魇最让人着迷的地方。 
LG,LG集团,韩国LG集团于1947年成立于韩国首尔，位于首尔市永登浦区汝矣岛洞20号。是领导世界产业发展的国际性企业集团。 LG集团目前在171个国家与地区建立了300多家海外办事机构。事业领域覆盖化学能源、电子电器、通讯与服务等领域。
Apple,苹果公司,苹果公司（AppleInc.）是美国的一家高科技公司。由史蒂夫·乔布斯、斯蒂夫·沃兹尼亚克和罗·韦恩(RonWayne)等人于1976年4月1日创立，并命名为美国苹果电脑公司（AppleComputerInc.），2007年1月9日更名为苹果公司，总部位于加利福尼亚州的库比蒂诺。苹果公司1980年12月12日公开招股上市，2012年创下6235亿美元的市值记录，截至2014年6月，苹果公司已经连续三年成为全球市值最大公司。苹果公司在2016年世界500强排行榜中排名第9名。 2013年9月30日，在宏盟集团的“全球最佳品牌”报告中，苹果公司超过可口可乐成为世界最有价值品牌。2014年，苹果品牌超越谷歌（Google），成为世界最具价值品牌。2016年7月20日，《财富》世界500强排行榜，苹果公司名列第九名 。2016年9月8日凌晨1点，2016苹果秋季新品发布会在美国旧金山的比尔·格雷厄姆市政礼堂举行 。10月，苹果公司成为2016年全球100大最有价值品牌第一名。2017年1月6日早晨8点整，“红色星期五”促销活动在苹果官网正式上线，瞬间大量用户涌入官网进行抢购，仅两分钟所有参与活动的耳机便被抢光。2017年2月，BrandFinance发布2017年度全球500强品牌榜单，苹果公司排名第二。 2017年6月7日，2017年《财富》美国500强排行榜发布，苹果公司排名第3位。 2017年7月20日，2017年世界500强排名第9位。 2017天猫双十一“亿元俱乐部”榜单显示，苹果位列第一名。 
魔磁,魔磁,《魔磁》是一部连载于起点中文网的异界大陆小说，作者是皇城老么。
科沃,科沃,科沃是海宁科沃进出口有限公司的简称，外文简称：kevo。总部位于中国海宁。
炫光,炫光,所有镜头在它们传输影像的过程中都会受到某些非理想性因素的影响而使光线误差偏转造成的像差。
KH,KH,KH表示水泥熟料中的总CaO含量扣除饱和碱性氧化物（如Al2O3、Fe2O3）所需要的氧化钙后，剩下的与二氧化硅化合的氧化钙的含量与理论上二氧化硅全部化合成硅酸三钙所需要的氧化钙含量的比值。简言之，石灰饱和系数表示熟料中二氧化硅被氧化钙饱和成硅酸三钙的程度。
beats,Beats,Beats（《音乐节拍》）是SCEStudiosLondon开发，SonyComputerEntertainment发行的一款特殊的音乐类游戏，本作没有发售UMD盘，目前仅欧洲地区的PSStore线上商店提供销售。
BEATS,Beats,Beats（《音乐节拍》）是SCEStudiosLondon开发，SonyComputerEntertainment发行的一款特殊的音乐类游戏，本作没有发售UMD盘，目前仅欧洲地区的PSStore线上商店提供销售。
幻狼,幻狼,《幻狼》是百度文学旗下纵横中文网签约作家风之子夜创作的一部西方奇幻小说，小说已于2014-02-05正式发布。
纽曼,纽曼,纽曼，英文名Newsmy和Newmine即中文纽曼，内涵“新科技、新自我”。北京纽曼公司创立于1996年，是一家集研发、制造、销售、服务为一体的北京中关村高新技术企业。公司创建以来，坚持并发扬以“两个目标、四剑八和、十字精神”为核心纽曼的企业文化，使公司得到持续、健康、和谐的发展，迅速成长为中国数码行业的旗舰企业 。
飞利浦,飞利浦,飞利浦，1891年成立于荷兰，主要生产照明、家庭电器、医疗系统方面的产品。飞利浦公司，2007年全球员工已达128100人，在全球28个国家有生产基地，在150个国家设有销售机构，拥有8万项专利，实力超群。2011年7月11日，飞利浦宣布收购奔腾电器（上海）有限公司，金额约25亿元。2011年10月17日，飞利浦电子发布了第三季度财报，第三季度净利润同比下滑85.9%；同时宣布，飞利浦将在全球范围内裁员4500人。2013年1月底，飞利浦消费电子业务已全部剥离，将聚焦优质生活，医疗和照明设备行业。北京时间2014年12月17日，飞利浦宣布，将以12亿美元收购美国医疗设备制造商Volcano公司。
PHILIPS,飞利浦,飞利浦，1891年成立于荷兰，主要生产照明、家庭电器、医疗系统方面的产品。飞利浦公司，2007年全球员工已达128100人，在全球28个国家有生产基地，在150个国家设有销售机构，拥有8万项专利，实力超群。2011年7月11日，飞利浦宣布收购奔腾电器（上海）有限公司，金额约25亿元。2011年10月17日，飞利浦电子发布了第三季度财报，第三季度净利润同比下滑85.9%；同时宣布，飞利浦将在全球范围内裁员4500人。2013年1月底，飞利浦消费电子业务已全部剥离，将聚焦优质生活，医疗和照明设备行业。北京时间2014年12月17日，飞利浦宣布，将以12亿美元收购美国医疗设备制造商Volcano公司。
劳力士,劳力士,劳力士（Rolex）是瑞士著名的手表制造商，前身为WilsdorfandDavis（W&D）公司，由德国人汉斯·威斯多夫（HansWilsdof）与英国人戴维斯（AlfredDavis）于1905年在伦敦合伙经营。1908年由汉斯·威斯多夫在瑞士的拉夏德芬（LaChaux-de-Fonds）注册更名为ROLEX。经过一个世纪的发展，总部设在日内瓦的劳力士公司已拥有19个分公司，在世界主要的大都市有24个规模颇大的服务中心，年产手表45万只左右，成为市场占有量甚大的名牌手表之一。
ROLEX,ROLEX,
HHKB,HHKB,HHKB，富士通的HappyHacking系列电容键盘。电容键盘即无接点静电电容式键盘（CapacitiveKeyboard）。此类型键盘少见且昂贵，特色是拆开后会看到一片绿绿的电路板，上面只有电路，但按键上并没有任何机械式元件"焊"在对应的电路版上。触感用橡胶、弹簧等创造。switch的开与关靠静电容量感应来决定，因此要高技术力才能做的精准，十分少见。这也是导致电容键盘价格居高的原因。目前市面上知名的电容键盘有日本Topre的Realforce系列键盘和富士通的HappyHacking系列键盘。
战翼,战翼,《战翼》是一部在起点中文网连载的小说，作者是宇子酱。
铁修罗,铁修罗,修罗（Tesoro）电脑外设品牌，主要产品是机械键盘，型号以神话中武器名命名。第一款键盘为杜兰朵剑G1NL，第二款为库拉达剑G3NL，第三款为罗贝拉之剑G5NL(Lobera)。
第一印象,第一印象,第一印象（firstimpressiorl），知觉主体与陌生人第一次接触或交往后的所得印象。对人们形成对人或事物的总印象具有较大影响，即先入为主。可能是肯定的，也可能是否定的。常常成为人们决定自己第二次乃至以后交往行为的依据。之所以起巨大作用，是因为由最初的信息形成的表象没有受到识记中前摄抑制的影响。研究表明，其深度有赖于以下几点：（1）陌生人提供的信息，如谈吐、风度等；（2）接触和交往的时间、场合与心理背景；（3）知觉主体期望值的高低。生活中，人们都很重视其作用。参见“首因效应”。 
MI,熔融指数,熔融指数是一种表示塑胶材料加工时的流动性的数值。它是美国量测标准协会(ASTM)根据美国杜邦公司惯用的鉴定塑料特性的方法制定而成，其测试方法是先让塑料粒在一定时间（10分钟）内、一定温度及压力（各种材料标准不同）下，融化成塑料流体，然后通过一直径为2.095mm圆管所流出的克（g）数。其值越大，表示该塑胶材料的加工流动性越佳，反之则越差。
i-rocks,i-rocks,艾芮克股份有限公司（i-rocksTechnology）是中国台湾以自有品牌I-ROCKS行销全球的电脑周边厂商，一直为客户提供高品质电脑周边创新高端外设。
技嘉,技嘉,技嘉科技 (外文名GIGABYTETechnology)创立于1986年，是台湾的电脑硬件生产商之一，以主板、显卡产品为主力。技嘉专注于关键技术的研发、产品设计的创新与质量服务的强化，得以在业界竖立起无以撼动的地位。技嘉科技并成为全球主板、显示卡产品创新的领导者;技嘉科技更透过集团式经营，成功将产品线拓展至计算机周边、笔记本电脑、平板计算机、桌面计算机、网络通讯产品、服务器以及手机等领域。 
GIGABYTE,技嘉,技嘉科技 (外文名GIGABYTETechnology)创立于1986年，是台湾的电脑硬件生产商之一，以主板、显卡产品为主力。技嘉专注于关键技术的研发、产品设计的创新与质量服务的强化，得以在业界竖立起无以撼动的地位。技嘉科技并成为全球主板、显示卡产品创新的领导者;技嘉科技更透过集团式经营，成功将产品线拓展至计算机周边、笔记本电脑、平板计算机、桌面计算机、网络通讯产品、服务器以及手机等领域。 
HIGE,hige,动漫作品《狼雨》中的四个主角之一。是第一只和狼牙结成同伴的狼。
乐视TV,乐视超级电视,乐视超级电视，是国内创业板A股上市公司乐视网（股票代号300104）控股子公司——乐融致新 旗下的智能电视品牌，承载乐视的大屏生态业务。乐视超级电视，真正的生态电视，秉承“极限科技开放生态共享价值”的产品理念，以“改变人们的大屏互联网生活方式”为使命，通过“平台+内容+硬件+软件+应用”的生态系统来重构电视价值，引领用户达到“共享未来大屏生态”的愿景。从2013年7月3日上市至2016年底，乐视大屏生态已达千万级用户，即将进入到中国电视销售的前三名，成为中国乃至全球电视行业的最大黑马 。乐视超级电视，正陆续走向香港、美国、印度、泰国以及俄罗斯等市场，以让全球用户都能体验到ET时代的全新价值，建立属于自己的生态生活 。第4代乐视超级电视，是2016年发布的最新一代生态电视。硬件方面，超4已全面进入高通骁龙810/MStar6A938处理器+双3（3GB+32GB）存储时代，支持HDR、MEMC动态画质补偿、WCG高色域等先进画质技术，全金属机身，精美超薄设计。系统方面，搭载纵贯生态、横跨终端的EUI系统，通过分众桌面、强大功能和创新交互，带来与众不同的极致操控体验 。超4，将科技、艺术与互联网的融合带到了全新高度，通过UP2U（UserPlanningtoUser）全流程用户参与的模式，提供满足产品全生命周期（5-7年）的极致用户体验。
时尚部落,时尚部落,时尚部落，商业综合体，开发商：丽婴房物业公司：上海招商局物业管理有限公司。
GGS,GGS,GGS，全称GetGenuineSolution，是由华信惠悦开发的的全球职位评等系统。
牧马人,牧马人,牧马人是克莱斯勒Jeep汽车型号，牧马人是克莱斯勒Jeep牧马人系列的顶极版本。牧马人是吉普系列中最为强悍的品种真正意义上的ORV越野车。
Oculus,Oculus,Facebook在2014年7月宣布以20亿美元的价格收购Oculus ，被外界视为Facebook为未来买单的举措。2015年1月，Oculus周一在圣丹斯电影节上宣布，已组建了一个名为“故事工作室”（OculusStoryStudio）的内部实验室，以创作虚拟现实版本的电影 。Facebook于2017年5月份宣布关闭OculusStoryStudio故事工作室，以重新分配资源，通过投资的方式继续资助虚拟现实影视内容 。
威刚,威刚,威刚科技（ADATA）设立于2001年5月，创办人为担任董事长兼执行长职务之陈立白先生。陈董事长创立威刚之初，即怀抱成为「全球记忆体应用产品之领导品牌厂商」的理想，营业初期系以内存模组为主要产品线，随后着眼于闪存的应用推广，遂投入闪存存贮器应用产品之开发。威刚深知专业与创新，才能创造产品竞争优势，因此，威刚的产品从工业设计、原料采购、生产制程与品质检验，皆通过威刚专业人员最严密的执行与检验；且威刚以不断创新精神，努力开发差异化之优质产品，并荣获“精品奖国家产品形象奖”、“日本G-MARK产品设计大奖”、“CES产品创新奖”及“德国iF与reddot产品设计大奖”等诸多国际产品奖项之荣耀。
ADATA,ADATA,ADATA（威刚科技）设立于2001年5月，创办人为担任董事长兼执行长职务之陈立白先生。陈董事长创立威刚之初，即怀抱成为「全球记忆体应用产品之领导品牌厂商」的理想，营业初期系以内存模组为主要产品线，嗣后着眼于闪存之应用日广，遂投入闪存存贮器应用产品之开发。
Skullcandy,skullcandy,Skullcandy成立于2003年，是美国市场以生产设计耳机及其配件为主的公司，已经在美国纳斯达克上市，股票代码为“SKUL”。降噪和隔音耳机是Skullcandy的主力产品，产品的顾客群主要是年轻人及热爱生活的人们。其产品设计极为新颖、独一无二。产品颜色搭配上更是大胆、独特出众，可以说，Skullcandy是追求音质、时尚、品质、设计到极致的品牌，它赋予每一件产品独有的个性。Skullcandy公司成立于2003年，如今已经成为在美国以及欧洲众人皆知的耳机品牌，主要业务为设计专业耳机及周边配件。Skullcandy拥有颠覆传统概念的产品外观设计，结合高品质音质，彻底摆脱传统耳机的模式，体现出超越产品自身的品牌精神文化。Skullcandy作为极限运动、潮流、音乐等领域的最狂热支持者，深得众多年轻消费族群的追随、喜爱和认同，如今Skullcandy入耳式耳机已经在全美的销量跃居第一位，其产品也已在全球80多个国家销售。Skullcandy在2011年7月成功在美国NASDAQ上市。Skullcandy在2012年初开始正式进入中国市场。
电音,电子音乐,电子音乐，是使用电子乐器以及电子音乐技术来制作的音乐；而创作或表演这类音乐的音乐家则称为电子音乐家。一般而言，可使用电子机械技术与使用电子技术制作的声音来区别。使用电子机械制造声音的设备有电传簧风琴、汉门式电风琴与电吉他；而纯粹的电子声音制造设备则有特雷门、声音合成器与电脑。 电子音乐一度几乎完全与西方，特别是欧洲的艺术音乐连结，但自从1960年代晚期以后，因为摩尔定律造就了可负担得起的音乐科技，意味着使用电子方式制作音乐变的越来越在各国不同区域流行的领域普及与发扬起来。今日的电子音乐包含各式各样以及范围从实验艺术音乐到流行形式如电子舞曲。
Ergomax,ergomax,Ergomax迩高迈思是中山卓思家具于2009年推出的高端人体工程学椅品牌，经过近年迅速发展，已成为国内高端人体工程学椅领导品牌之一。
RK,rk,RK，淘米公司制作的游戏以及动漫作品摩尔庄园的NPC之一。性格孤傲，十分自信，神秘到令人捉摸不透他的目的，他每次都会发出预告函，让大家做好准备，但总是成功脱离。最后他还是会赢，谁都不知道他想干什么，因此令警方和骑士很苦恼。他会飞檐走壁，有独特的催眠术，还是电脑高手。他从小就是一个天才，很聪明，办事能力很强。将宠物鲁比进化成了神力超级拉姆，并且很宠爱它。在他行动的时候，鲁比总是在一旁帮助。
玩视,玩视,玩视是一个汉语词语，拼音是wánshì，犹忽视，轻视。
波萨,波萨,波萨是国籍为安道尔，惯用右脚的足球运动员。
希捷,希捷,希捷（SeagateTechnologyCor）成立于1979年，目前是全球最大的硬盘、磁盘和读写磁头制造商，总部位于美国加州司各特谷市。希捷在设计、制造和销售硬盘领域居全球领先地位，提供用于企业、台式电脑、移动设备和消费电子的产品。
SEAGATE,希捷,希捷（SeagateTechnologyCor）成立于1979年，目前是全球最大的硬盘、磁盘和读写磁头制造商，总部位于美国加州司各特谷市。希捷在设计、制造和销售硬盘领域居全球领先地位，提供用于企业、台式电脑、移动设备和消费电子的产品。
元象,元象,魏孝静帝元善见的第二个年号，历时近两年。
Anker,ANKER,2011年10月，Anker诞生于美国加州，由前Google工程师StevenYang创办，为全球注册品牌。Anker生产移动电源、充电器、蓝牙外设、数据线等智能数码周边产品，重点市场覆盖北美、日本及欧洲多国。目前，Anker全球用户超过2400万人，其中1000万人成为了Anker的忠实粉丝。
ThinkPad,ThinkPad,ThinkPad（思考本）是IBMPC事业部旗下创立的便携式计算机品牌，凭借坚固和可靠的特性在业界享有很高声誉。2005年被联想（Lenovo）收购，ThinkPad商标为联想所有。ThinkPad自问世以来一直保持着黑色的经典外观并对技术有着自己独到的见解，如：TrackPoint（指点杆，俗称小红帽）、ThinkLight键盘灯、全尺寸键盘和APS（ActiveProtectionSystem，主动保护系统）。
弄客,弄客,弄客（GEEKERY）是乐享动旗下的智能运动装备品牌，通过悉心研究运动情景内容并结合互联网科技，开发一系列创新炫酷的智能运动装备，提升用户运动体验。弄客以“玩最好的，最好玩”为价值理念，代表一群喜欢摆弄各种新鲜玩意的群体，代表一种追求自己世界的生活态度。弄客团队是web3.0智能硬件时代的拓荒者及代言人，倡导爱新鲜、爱好玩、爱世界、爱自己，信奉“有温度的创新，有担当的反叛，有建设性的坦诚，有使命感的进取”的品牌文化。
PNY,pny,美国必恩威科技股份有限公司PNYTechnologiesInc创建于美国，“PNY”（中文名：必恩威）的名字取自于英文单词的巴黎和纽约（PARISandNEWYORK），自从1985年成为一家全球化的公司，20年来PNY一直致力于存储产品的研发和制造，目前除了在美国外，在英国、法国、德国、爱尔兰和中国台湾拥有多家制造工厂和研发机构，其产品在美国和欧洲已经获得很高的市场占有率，同时，PNY品牌也在存储行业内赢得了广泛的声誉。
火酷,火酷,火酷网是个人和企业的移动商务专家，通过火酷这个平台让大家能最为快捷的实现个人商务和生活管理以及朋友间的即时互动。
夏新,夏新,2009年12月20日，夏新科技有限责任公司在厦门宣布正式成立。夏新电子股份有限公司（简称：夏新电子或夏新）是总部位于福建厦门的电子产品生产企业，以研发、生产、销售移动通信终端产品为主，其主要产品包括移动电话、液晶电视、DVD播放机、笔记本电脑和MP3播放器等。
Amoi,amoi,夏新电子股份有限公司（简称夏新电子）的成立于1981年。1997年在上海证券交易所挂牌上市，股票代码：600057。目前夏新电子拥有2万名员工，公司总资产达41亿元人民币。
飞遁,飞遁,飞遁是一个汉语词语，读音是fēidùn，是指飘然远引。
BUBM,BUBM,BUBM是由BeUniqueBeMyself的首字母得来，意为独一无二，自我呈现！其表达的含义为公司以做自己的品牌为基础运用独到的设计和不断的开拓创新，创造出独特的音乐数码箱包品牌，并要得到广大消费者的信赖和追求。BUBM是深圳风行社文化传播有限公司于2012年由MDJ品牌升级后的一个的数码、音乐周边产品品牌。
翼蛇,翼蛇,翼蛇是网络游戏《征服》上的一种怪物，生活于水帘洞外溪。
银雕,银雕,《银雕》为古龙晚期作品，〈时报周刊〉于1985年6月30日至1985年8月10日连载，与《猎鹰》、《群狐》均为《大武侠时代》系列，另外广义上的《大武侠时代》也包含〈联合报〉上连载的《短刀集》四部：分别为《赌局》《狼牙》《追杀》《海神》。《银雕》原本已经亡佚，近年在网友追踪下重新出土。并有香港玉郎出版社出版的《银雕·海神》。
首席玩家,首席玩家,首席玩家是游戏设备提供商，产品坚持“极限、竞技、荣耀、不走寻常路”的设计理念，专为游戏玩家打造。
GUNNAR,GUNNAR,OMG唯一指定电竞护目镜品牌
金河田,金河田,金河田，即东莞市金河田实业有限公司(GoldenFieldIndustrialCo.Ltd.)，是一家集研发、生产、销售、服务于一体的高科技民营企业。公司主要经营范围项目有金河田电脑机箱、电源、多媒体音箱、数码产品及键盘、鼠标、插座、净化器等电脑周边系列产品。随着公司规模的不断壮大，现已在全国三十多个大、中城市建立了完善的销售网络，以便为用户提供及时、快捷的产品资讯和服务；同时在国际市场上，金河田产品也在欧美、中东、东南亚等国家和地区拥有了广泛的市场。
尼康,尼康,尼康（Nikon），是日本的一家著名相机制造商，成立于1917年，当时名为日本光学工业株式会社。1988年该公司依托其照相机品牌，更名为尼康株式会社。“尼康（Nikon）”的名称，从1946年开始使用，是“日本光学”日文读音（NipponKogaku）的罗马字母缩写，并且融合了德文中蔡司照相机ZeissIkon中kon的写法。尼康其众多的相机产品中，最主要的有尼克尔（Nikkor）相机镜头、尼康水下照相机（Nikonos）、尼康F系列的135胶卷单反相机、还有尼康D系列的数码单反相机，消费性数码相机Coolpix系列。尼康也是分步重复半导体生产设备（分档器）的制造商。公司还生产护目镜，眼科检查设备，双筒望远镜，显微镜，勘测器材。2017年10月30日，尼康中国正式对外宣布，该公司将停止位于无锡市的子公司尼康光学仪器(中国)有限公司的经营活动。与此同时，负责生产尼康数码相机以及数码相机配件的工厂也将停产。 
Nikon,尼康,尼康（Nikon），是日本的一家著名相机制造商，成立于1917年，当时名为日本光学工业株式会社。1988年该公司依托其照相机品牌，更名为尼康株式会社。“尼康（Nikon）”的名称，从1946年开始使用，是“日本光学”日文读音（NipponKogaku）的罗马字母缩写，并且融合了德文中蔡司照相机ZeissIkon中kon的写法。尼康其众多的相机产品中，最主要的有尼克尔（Nikkor）相机镜头、尼康水下照相机（Nikonos）、尼康F系列的135胶卷单反相机、还有尼康D系列的数码单反相机，消费性数码相机Coolpix系列。尼康也是分步重复半导体生产设备（分档器）的制造商。公司还生产护目镜，眼科检查设备，双筒望远镜，显微镜，勘测器材。2017年10月30日，尼康中国正式对外宣布，该公司将停止位于无锡市的子公司尼康光学仪器(中国)有限公司的经营活动。与此同时，负责生产尼康数码相机以及数码相机配件的工厂也将停产。 
IGAME,igame,iGame，七彩虹旗下高端子品牌，作为中国乃至全球第一家定制型显卡品牌，其产品与每一位游戏玩家一样，总是不满足于现状，不断超越以往的成功。同时iGame显卡、主板，还将更适合中国玩家的个性化需求。
AKPLAYER,AKPLAYER,akPlayer支持大多数常见的影音文件包括WAV、AVI、MID、MPEG及DAT等。
EDIUS,edius,EDIUS 非线性编辑软件专为广播和后期制作环境而设计，特别针对新闻记者、无带化视频制播和存储。EDIUS拥有完善的基于文件工作流程，提供了实时、多轨道、多格式混编、合成、色键、字幕和时间线输出功能。除了标准的EDIUS系列格式，还支持Infinity™JPEG2000、DVCPRO、P2、VariCam、IkegamiGigaFlash、MXF、XDCAM、SONYRAW、CanonRAW、REDR3D和XDCAMEX视频素材。同时支持所有DV、HDV摄像机和录像机。
Teufel,Teufel,Teufel是欧洲第一家音响系统直营商，于1979年在德国柏林成立，产品类别包含家庭影院、耳机、蓝牙音箱、Wi-Fi流媒体音箱等，在欧洲市场是直营销售模式。 
HN,Hn,
七品,七品,七品两字是古时候的官称：西夏官阶等级分上品、次品、中品、下品、末品、第六品、第七品，共七品。现在引用两字做为电脑外设产品的品牌为:七品 七品品牌外设是深圳市金展鹏科技有限公司旗下运营的品牌 。产品包括了，键盘，鼠标，等电脑周边产品。
ET,乙醇,乙醇（Ethanol）俗称酒精，是一种有机物，结构简式CH₃CH₂OH或C₂H₅OH，分子式C₂H₆O，是最常见的一元醇。乙醇在常温常压下是一种易燃、易挥发的无色透明液体，低毒性，纯液体不可直接饮用；具有特殊香味，并略带刺激；微甘，并伴有刺激的辛辣滋味。易燃，其蒸气能与空气形成爆炸性混合物，能与水以任意比互溶。能与氯仿、乙醚、甲醇、丙酮和其他多数有机溶剂混溶，相对密度（d15.56）0.816。乙醇的用途很广，可用乙醇制造醋酸、饮料、香精、染料、燃料等。医疗上也常用体积分数为70%~75%的乙醇作消毒剂等，在国防化工、医疗卫生、食品工业、工农业生产中都有广泛的用途。乙醇与二甲醚（即甲醚）互为官能团异构体。2017年10月27日，世界卫生组织国际癌症研究机构公布的致癌物清单初步整理参考，含酒精饮料中的乙醇在一类致癌物清单中。 
CHERRY,Cherry,Cherry公司是全球专业的键盘制造厂商，专注于电子产品品牌，所在地为德国，以机械键盘闻名世界。
虹龙,虹龙,通常指「究极宝玉神虹龙」《游戏王GX》中约翰使用的王牌卡牌。在剧场版《超融合·超越时空的羁绊》中也有出场。是基础攻击力4000的强力卡牌，虽然召唤条件有些苛刻，不过一旦召唤成功并发动效果攻击力甚至可以破万。 指「罪彩虹龙」剧场版《超融合·超越时空的羁绊》中帕拉多克斯所使用的怪兽。 
智勇,智勇,智勇，汉语词汇，拼音zhìyǒng，意思是智谋与勇敢。人名，教育家。
达墨,达墨,达墨（TOPMORE） 是一家设计与销售快闪记忆体及相关产品的台湾公司，诞生于2011年初夏，总部位于台湾新竹。
异极,异极,EG异极 epicgear职业电竞是全球专业职业电竞外设研发制造厂商，公司创立于2008年，由一群散居世界各地有着不同电子工程背景的电竞爱好者和职业电竞选手结合而成，EG依据众多全球顶级职业选手对电竞设备的使用心得和习惯，通过大量的无间隙的讨论及完善，以及EG对工艺和美学的极致把控，研发出让业界为之震撼的电竞产品，从早期的魔妒刹到现在完整且多样化的产品线，异极始终坚持对电竞的热爱和追求电竞产品工艺至极，美学至极，电竞至极的共同理念，异极始终精益求精，不断创新，努力为全球玩家打造"最完美的电竞游戏装备 "
虎猫,虎猫,虎猫（学名：Leoparduspardalis）：共有10个亚种，躯体均匀，四肢中长，趾行性。头大而圆，吻部较短，视、听、嗅觉均很发达。犬齿及裂齿极发达；上裂齿具三齿尖，下裂齿具2齿尖；臼齿较退化，齿冠直径小于外侧门齿高度。皮毛柔软，具显著花纹。前足5趾，后足4趾；爪锋利，可伸缩。善攀缘及跳跃。喜独居。视觉十分灵敏，具有夜视能力。其食物包括猴类、蛇、啮齿类、鱼、两栖类和鸟，有时也捕食家养的小猪和禽类。是独居动物，只在交配的时候聚集。虎猫的孕期为70天，每胎可产2-4仔，在每年秋天产仔。分布于美洲，从美国得克萨斯州到阿根廷。
沃野,沃野,沃野，汉语词汇。拼音：wòyě是指肥沃的田野。也指古县名，在今内蒙古伊克昭盟杭锦旗南。东汉末被废。
烽火狼,烽火狼,《烽火狼》是连载在17k小说网的军旅生涯类小说，作者是水流过客。
酷奇,酷奇,酷奇，笔记本电脑周边产品的领军者。我们自主研发了全球最专业的笔记本电脑键盘保护膜、液晶屏保护膜、笔记本电脑桌等产品。拥有专业化的生产工厂。奇下载站成立后，Alexa排名迅速飙升，目前为止，网站软件日下载量达到30万次，可谓是众网友的久居之地。
小袋鼠,小袋鼠,小袋鼠是一种澳大利亚的小型或中型的袋鼠类动物。它们与袋鼠同属于袋鼠科(Macropididae)，但是袋鼠还要分为6个比较大的种群。实际上小袋鼠是一种非正式的名词，如无特殊说明，一般是指30种长足的并且体型小于袋鼠和大袋鼠的袋鼠科动物。
富士,富士,富士市是静冈县东部的城市，特例市。人口数居于静冈县内第三位。也是富士都市圈（约40万人）的行政、商业、工业中心。日本制纸（旧大昭和制纸）、王子制纸等很多造纸工厂都设立于此。
FUJIFILM,fujifilm,富士胶片株式会社（以下简称：富士胶片）自1934年创建以来，不断以坚定的步伐向前迈进，发展至今已成为世界上规模最大的综合性影像、信息、文件处理类产品及服务的制造和供应商之一。
博朗,博朗,1921年在德国法兰克福奠下基业，德国博朗以精致的设计缔造出一个又一个经典，成为德国设计的典范。旗下10大类200多种产品涵盖男士剃须、女士脱毛、美发护发等，成为全球小家电巨头。德国博朗的产品曾经荣获60多项红点设计大奖，现代气息、简约、纯正和高品质正是博朗的风格。而德国博朗的设计理念，更被其设计大师迪特·拉姆斯总结成那赫赫有名的“十句箴言”，影响着一代又一代的设计师。2014年博朗理发器系列震撼登陆中国，带给消费者来自博朗的终极理发体验。
BRAUN,BRAUN,布劳恩1850年6月6日出生于德国的富尔达（Fulda）。他在此地接受了地方普通中学的教育。他曾在马尔堡大学、柏林大学学习过，1872年毕业，他的毕业论文是关于弹性弦的振动。后来他在维尔茨堡大学担任过昆开（Quincke）教授的助手，1874年受聘到莱比锡的圣托马斯中学任教。两年后他受聘为马尔堡大学的理论物理学编外教授，1880年又被聘请到斯特拉斯堡大学担任同样的职务。1883年布劳恩成了卡尔斯鲁厄（Karlsruhe）工业大学的物理学教授，并于1885年受聘到杜宾根大学任教。他到这里的任务之一是建立一所新的物理研究所。他没有接受莱比锡大学的邀请去继承魏德曼的职务，而是在10年后于1895年又返回斯特拉斯堡担任物理研究所主任。
凯迪威,凯迪威,Cadeve凯迪威，一个想象力与创造力非常丰富的开拓者，作为专业的电脑外设品牌，凭借着先进技术和卓越的产品品质在行业因此声名鹊起，它诞生于2007年，为香港欧华集团旗下品牌。
NARS,全国空气质量高分辨率预报和污染控制决策支持系统,全国空气质量高分辨率预报和污染控制决策支持系统（NARS，简称呐思系统），是探索军民融合发展路子的有效尝试，它的精准治霾技术方法体系，是在防化学院核生化危害预测与控制理论、方法和技术基础之上开展的。这些成果，曾获得国家技术发明二等奖、国家科技进步二等奖和军队科技进步一等奖等十多个奖项。
爱国者,MIM-104防空导弹,MIM-104防空导弹（英文：MIM-104Patriot，中文：爱国者防空导弹）是美国雷神公司制造的全天候多用途中程防空导弹系统。爱国者防空导弹是美国研制的第三代中远程、中高空地空导弹系统，是美国陆军为适应未来复杂的作战环境和不断变化发展的空中突击力量所造成的威胁而提出研制的，1984年开始装备部队并服役。它取代了MIM-14防空导弹，成为美军主要中高空防空武器。2008年后逐步被战区高空区域防御系统取代部分功能。MIM-104防空导弹截止目前有三型：PAC-1、PAC-2、PAC-3。爱国者导弹曾在1991年海湾战争中发挥了重要作用，并在战后被广为人知，成为美国的代表性武器之一。
aigo,aigo,华旗资讯旗下的子品牌爱国者的英文商标。
昂达,昂达,昂达（ONDATechnologiesInc.）是国内知名电子品牌，成立于1989年。昂达聘请多名留学归国技术人员与国内著名学府合作，投资成立昂达电子商务公司，致力于B2B电子商务的核心技术的开发研究。从486时代的海洋主板到586时代的华硕主板、EPSON打印机、ELSA显卡、ADI显示器、IWILL主板、源兴光驱等，昂达公司经过12年的努力，使这些品牌达到了极高的市场占有率、获得极佳的用户口碑。
SNP,SNP,SNP主要是指在基因组水平上由单个核苷酸的变异所引起的DNA序列多态性。它是人类可遗传的变异中最常见的一种。占所有已知多态性的90%以上。SNP在人类基因组中广泛存在，平均每500~1000个碱基对中就有1个，估计其总数可达300万个甚至更多。 
欧凡,欧凡,欧凡是一耳机品牌。惠州市欧凡实业有限公司其前身为深圳市欧凡时代电子，成立于1996年，为行内起步较早，发展极为迅速的耳机专业生产企业。
B&O,Bang & Olufsen,Bang&Olufsen，是世界顶级视听品牌，自1925年在丹麦斯特鲁尔（Struer）成立以来，一直以不断创造卓越科技和感性魅力完美结合的音频、视频产品享誉全球，充分体现了Bang&Olufsen质疑常规、绵延惊喜的企业愿景。
阿呆,曼多恩,曼多恩，唐家三少所著网络玄幻小说《善良的死神》男主角，在人界时的名字叫阿呆。神王与冥王的儿子，天资聪颖，修为极高。在与冥王的战斗中身负重伤，转世到人界，就是后来的阿呆。阿呆天生呆滞，为天罡剑派三代弟子，原冥王兵器冥王剑的拥有者，拥有神龙之血。千年大劫的救世主。最终阻止了冥王统一三界的计划。后与玄月结合。
小乙,小乙,如：明冯梦龙《警世通言》第二十八卷白娘子永镇雷峰塔：话说宋高宗南渡，绍兴年问，杭州临安府过军桥黑珠巷内，有一个宦家，姓李名仁。见做南廊阁子库募事官，又与邵太尉管钱粮。家中妻子有一个兄弟许宣，排行小乙。他爹曾开生药店，自幼父母双亡，却在表叔李将仕家生药铺做主管，年方二十二岁。许宣平生是个老实之人，见了此等如花似玉的美妇人，傍边又是个俊俏美女样的丫鬟，也不免动念。那妇人道：“不敢动问官人，高姓尊讳？”许宣答道：“在下姓许名宣，排行第一。”
京东众筹,京东众筹,2014年7月1日，京东众筹正式诞生，在新消费升级时代下，京东众筹不仅是一个为用户提供“与众，不同”的趋势性产品体验的品质生活平台，更是一个为创新创业企业发展提速的筹资与孵化平台。 
andaseaT,andaseat,andaseat(安德斯特)是广州市大郎座椅有限公司 的林州 创立的电竞、高端赛车椅品牌，拥有多项国家专利。
硕臣,硕臣,
黑貂,紫貂,紫貂（学名：Marteszibellina）：体长约40厘米，体重约1千克，尾长12厘米，寿命8-15年左右。属中小型兽类，躯体细长，四肢较短。头形狭长，耳短而圆，嗅觉、听觉灵敏。犬齿较发达，裂齿较小；上臼齿横列，内叶较外叶宽；臼齿齿冠直径大于外侧门齿高度。体毛柔软，无斑纹。前后足均5指（趾）；爪锋利，不可伸缩。紫貂是一种特产于亚洲北部的貂属动物，在白天活动和猎食。通过嗅觉和听觉猎取小型猎物，包括鼠类、小鸟和鱼类。有时也吃浆果和松果。紫貂大多在森林的地面上筑巢，在天气恶劣或遭遇捕杀时，它们会躲在巢穴中，甚至将食物储藏在里面。紫貂的皮毛称为貂皮，在中国只产于东北地区，与“人参、鹿茸”并称为“东北三宝”。广泛分布于乌拉尔山、西伯利亚、蒙古、中国东北以及日本北海道等地。
SABLE,Sable,Sable是一名职业摔角运动员，出生于1967年8月9日，1996年首次登上摔角比赛舞台，曾获得WWF比赛冠军。
大朋,大朋,大朋，原名聂大朋，河南固始人。中共党员。1958年毕业于解放军政治学院。
WST,WST,WST型水分式生活垃圾分类系统，是江苏长江机械集团的董事长、总裁杨志伟与台湾商人谢明明经过6年研发而诞生的城市垃圾处理技术，耗资近6000万元人民币。现在杨志伟拥有这套技术的独家制造权和国内的独专许可，并进行了著作权登记。2003年，它通过了江苏省科技厅组织的科技成果鉴定，2006年被国家4部委评为国家级重点新产品，2007年又获得了江苏省科技厅颁发的“高新技术产品认定证书”。它还先后获得了全球近40个国家的发明专利权及世界专利的优先申请权，拥有多项自主知识产权。
Macaw,MACAW,深圳市脉歌声学科技有限公司旗下品牌，公司于2014年在深圳创立，总部位于中国深圳。
微闪,微闪,《微闪》是一款Android平台的应用。
创新,创新,创新是：在经济和社会领域生产或采用、同化和开发一种增值新产品；更新和扩大产品、服务和市场；发展新的生产方法；建立新的管理制度。它既是一个过程，也是一个结果。创新是指以现有的思维模式提出有别于常规或常人思路的见解为导向利用现有的知识和物质，在特定的环境中本着理想化需要或为满足社会需求，而改进或创造新的事物、方法、元素、路径、环境，并能获得一定有益效果的行为。创新，拼音（ChuangXin）缩写为CX，创新是以新思维、新发明和新描述为特征的一种概念化过程。其起源于拉丁语，有三层含义：第一，更新；第二，创造新的东西；第三，改变。创新是人类特有的认识能力和实践能力，是人类主观能动性的高级表现，是推动民族进步和社会发展的不竭动力。一个民族要想走在时代前列，就一刻也不能没有创新思维，一刻也不能停止各种创新。创新在经济、技术、社会学以及建筑学等领域的研究中举足轻重。从本质上说，创新是创新思维蓝图的外化、物化、形式化。
Creative,Creative,Creative（纳斯达克:CREAF）是生产用于个人电脑和网络方面的数字娱乐产品的全球领导厂商。1981年，Creative的创始人沈望傅敏锐地发现，多媒体将为人们与PC的交互方面带来革命性的变化，于是，Creative在新加坡问世了。
微狼,微狼,微狼是一款网络社区类软件，运行环境支持Android2.2，应用版本是1.1.1。
嗨镜,嗨镜,作为VR市场上一款特别的产品，嗨镜无论是在形态还是产品思路上都与目前主流的VR头显完全不同。嗨镜VR头显的定位是电影发烧友，主打个人3D影院。 2016年9月18日，专注于观影的VR眼镜嗨镜在77剧场召开了新品发布会，发布了嗨镜H2。随后，嗨镜H2开启了京东众筹，达到了俩小时破百万的新纪录，成为观影VR眼镜镜皇。 
罗果,罗果,罗果，男，主要技术领域为J2EE及应用开发平台领域，涉猎广泛，在模块化、元数据、模板引擎、数据库分区分表、SOA等等领域等都有较深入实践，吃过N多的亏，上过N多的当。
MOKO,moko,1、模特可比的昵称。2、耳机品牌。3、美空网。4、漫画人物。
AHC,AHC,AHC是隶属于韩国CarverKorea（珂泊亚）化妆品集团，为韩国美容专业线高端品牌，也是功效性化妆品牌，核心价值就是帮助女性寻找专属于自己的美丽，传递幸福。
美高,美高,美高·迪奥杜高域（英语：MirkoTeodorović，1978年8月6日－），是一名塞尔维亚足球运动员，司职中场，目前效力香港足球超级联赛球队标准灏天。 
WowWee,wowwee,WowWee创立于1982年，是一家国际玩具商，总部设在香港，在美国、加拿大均设有分支机构。主创工程师以及科研团队来自美国拉莫斯国家实验室，与加州大学机器人实验室（UCSD）保持长期技术合作。从2004年全球首款商用生物形态机器人Robosapien（罗伯萨皮尔）开始，WowWee开启了用创新科技缔造玩具机器人的旅程，不断推出极具娱乐性与想象力的产品，热销全球57个国家和地区，为全世界的孩子及机器人爱好者提供了全新的娱乐体验。 
PARROT,Parrot,Parrot，鹦形目，别称鹦哥，是一种动物。
XIYE,苏汉伟,苏汉伟，游戏ID：xiye，中国英雄联盟职业选手，原WE青训队成员，2015赛季转至WE战队担任中单。苏汉伟于2011年接触英雄联盟，在2013年加入WE青训队开始自己的职业生涯，2014年取得LSPL春季赛冠军 ，2015年取得全国电子竞技大赛冠军 ，2016年取得LPL春季赛季军。 
广百思,广百思,广百思（GONBES），是一家专业蓝牙眼镜、智能眼镜制造商，于2008年在深圳成立并开设工厂。主要产品是广百思K1——智能眼镜，集接电话、听音乐、语音导航为一体。
体思科,体思科,体思科是一家集设计开发、生产、销售、服务为一体的现代化中型家具企业。广州卓沣旗下品牌，以研发、生产、销售高端人体工学椅为一体的高端椅子企业。广州体思科专注人体工学产品研发提供人体工学椅、健康椅、电脑椅、职员椅、会议椅、办公椅、整体解决方案及提供办公作业、配套椅子产品。国内营销中心位于珠三角腹地广州南沙，体思科针对居家办公环境，运用人体工学原理设计，产品满足现代人对健康、外观、功能等要素，达到一个健康、舒适的高效办公环境。远离亚健康为宗旨。
新贵,新贵,1、新近作高官的人；新的贵族。2、指东莞市新贵电子科技有限公司。
Newmen,Newmen,Newmen（深圳市新贵实业有限公司），是一家致力于电脑周边产品的专业键盘鼠标制造商，公司坐落于深圳市宝安区大浪街道新贵路1号，正式成立于1998年元月。
英菲克,英菲克,英菲克是深圳市英菲克电子有限公司注册的商标名，主要有计算机外围设备、录音载体、微处理机、读出器(数据处理设备)、计算机周边设备、放映设备、DVD播放机、与外接显示屏或监视器连用的娱乐器具等产品 
其他,其他,其他，三种用法：1、别的，其余，不分人与物。语出《国语·晋语四》：“民生安乐，谁知其他？”古汉语流行通假，形近和音同的字常通假，他、佗、它同音或形近，因为通假而不区分人称代词与物主代词。2、其余的人（此他为人称代词），只作为（其余者里面的）人称代词而区别于物主代词“其它”，这种区别是现代汉语里的现象。3、其余的男子（此他为男称代词），区别于“其她”，这种用法也有，但很少。谈物时，用“其他”是继承古代用法，用“其它”是现代汉语环境里的合逻辑用法，都可以。因为，古汉语不区分其他与其它，现代汉语里他作为人称代词而它作为物主代词了。
布鲁雅尔,Blueair空气净化器,Blueair品牌1996年创立于瑞典首都斯德哥尔摩，是室内空气净化系统全球著名品牌。专注于设计、研发和生产高效的空气过滤系统，始终对产品保持着高标准、高品质、高效能的态度，以实力确立了在国际市场上高端品牌的形象及地位 。
