500,稻草人（MEXICAN）
501,梦特娇（MONTAGUT）
502,她（ELLE）
503,菲安妮（FION）
504,金狐狸（FOXER）
505,老人头（LAORENTOU）
506,VANESSA HOGAN
507,啄木鸟（TUCANO）
508,红谷（HONGU）
509,DISSONA
510,欧米（OMI）
511,CHARLES&KEITH
512,达芙妮（DAPHNE）
513,花间公主
514,意尔康
515,山水集（viewinbox）
516,拉菲斯汀（La Festin）
517,LeSportsac
518,金利来（Goldlion）
519,热风（Hotwind）
520,半坡饰族（bampo）
521,爱华仕（OIWAS）
522,纳兰杜（Nalandu）
523,toutou
524,歌诗嫚（Geshiman）
525,阿札（A-ZA）
526,皮尔卡丹（pierre cardin）
527,奥康（Aokang）
528,天美意（TEENMIX）
529,POLO
530,特斯黛
531,花花公子（PLAYBOY）
532,蔻驰（COACH）
533,鳄鱼恤（CROCODILE）
534,viney
535,芭菲丽
536,优哈．优哈（HOW.R.U）
537,AIBKHK
538,梵蒂斯（VEND）
539,欧时纳（JUST STAR）
540,蒙娜丽莎（monalisa）
541,万里马（wanlima）
542,findpop
543,柏雅图（boyatu）
544,oimei
545,DOODOO
546,高尔夫（GOLF）
547,姬龙雪（guy laroche）
548,JESSIE&JANE
549,莱夫
550,迪莱克丝（DILAKS）
551,包薇尔（baoweier）
552,科皮妮（copione）
553,艾吉贝（agebel）
554,丹希路（danxilu）
555,丹尼熊（DANNY BEAR）
556,蓝舞
557,VH
558,斯提亚（STIYA）
559,PmSix
560,茵曼（INMAN）
561,阿普蒂斯（Aputhys）
562,PLOVER
563,爱步（ECCO）
564,蔻一（Cnoles）
565,迈克·史密斯（MICHAEL SMITH）
566,L'ALPINA
567,高美高（comico）
568,卡洛黛茜（CORALDAISY）
569,嘉里奥（GILLIVO）
570,接吻猫（KISS CAT）
571,沐鱼（Muyu）
572,歌黛（GALADAY）
573,曼森皇族（MansenKing MK）
574,菲尔曼（FEYNMAN）
575,红蜻蜓（RED DRAGONFLY）
576,卓凡尼·华伦天奴（GIOVANNI VALENTINO）
577,思加图（STACCATO）
578,诗蔚（SEAVILIA）
579,食草堂（HERBAL HEAVEN）
580,蒙娜丽莎（M）
581,迈克史密斯（Michael Smith）
582,爱丽威廉
583,MSJ
584,简秀（JIANXIU）
585,沙驰（SATCHI）
586,小憨象（xiaohanxiang）
587,网易严选
588,菲熙怡（FEIXIYI）
589,朱尔（ZOOLER）
590,麦包包（Mbaobao）
591,不莱玫（bromen bags）
592,驰豹（CHIBAO）
593,七黛（Qidell）
594,vieline
595,迪桑娜（DISSONA）
596,Letitbe
597,URBAN REVIVO
598,贝尔（BEIER）
600,豆鼓眼（DouGuYan）
601,MOMOgirl
602,迈克史密斯（MICHAEL SMITH）
603,妙蓝（MIAOLAN）
604,佰草园
605,芭比（Barbie）
606,AP.DISHU
607,梦兰朵
608,帕佳图（Lapagayo）
609,淘巴兔
610,优哈.优哈（HOW.R.U）
611,明治（KH Design）
612,XANGIRL
613,歌莉娅（GLIYA）
614,俊仕保罗（JANSEPOUL）
615,FOUVOR
616,DEER LOVE
617,小女阿美
618,圣蒂梵（SENDEFN）
619,纽芝兰（NUCELLE）
620,杰西登敦（JACEDENT）
621,桑希儿 S（sangxier）
622,CASSILE
623,畅印
624,HR
625,他她（TATA）
626,鞋柜（shoebox）
627,海格林（hedgren）
628,PLD
629,三福（SANFU）
630,名夏（MINGXIA）
631,乃皇包（NAIHUANGBAO）
632,色非（Faiccia）
633,AIM
634,摩印（MOIN）
635,一路箱随（YLXS）
636,然锋
637,米歇尔 库斯（MICHEL KOES）
638,MISS SUSUMI
639,克路驰（CLUCI）
640,芭特莉（BE）
641,why
642,IEF
643,马连奴奥兰迪（MarinoOrlandi）
644,卡托姿（Kaitz）
645,萨米璐（SaMiLu）
646,OMTO
647,欧尼格
648,菲都狄都（Fido Dido）
649,翘朵（QIAODUO）
650,凡珂
651,艾卓菲（AIZHUOFEI）
652,zuoanxb
653,木木果（mumgo）
654,Cain Kenna
655,Istbelle
656,蒙萨迪（MONZADEAR）
657,菲萝迪（Ferducci）
658,ADAMO 3D BAG ORIGINAL
659,一口米
660,ONLY
661,CamalgOri
662,A man
663,七公主
664,妮维奥（Neverout）
665,ISCOV
666,鲨鱼（VISHARK）
667,宏唯
668,森丹路（SDENROAD）
669,欧部（OUBU）
670,ZooShon
671,素锦流年
672,丝缇.兰妮
673,百思图（BASTO）
674,纪蔻（JescaKoo）
675,HAMANAKA
676,卡维妲（KAWEIDA）
677,大东（dusto）
678,蒂小姐
679,艾欧尼莎
680,千姿百袋（CANNCI）
681,皇士皇妃
682,法玛莎（FAVMARTHA）
683,歌菲妮（girlfeel）
684,布兰施
685,伯顿思（BOTTONSS）
686,派熙
687,法丽隆（FALILONG）
688,元本良厂（YONBEN）
689,班哲（BA ZU）
690,koraba
691,CARLTONLONDON
692,汉沽（HAKO）
693,芭菲丽（BAFELLI）
694,乐代
695,圣腾（SAINTONG）
696,灵星（LINGXING）
697,锁尔
698,玛加（Maja）
699,玛丽思薇（MALISIWEI）
700,ROWILUX
701,香菲尔（xiangfeier）
702,LOUVIER
703,如京
704,暮思小姐（MISS MUSI）
705,喜枝秀（CHEERSOUV）
706,ANDSEEYOU
707,梵威帝
708,CallagHan
709,宾思哲（BINSIZHE）
710,凡思曼（FANSIMAN）
711,LOLLIPOPS
712,薇薇新娘
713,VQGT
714,优客优可（UKUK）
715,Erangbear
716,英伦韩速（YLHSU）
717,山田花子（AYU）
718,XBLGX
719,驼玛仕（TUOMASHI）
720,法姿（FRAZZIL)
721,曼尼琼诗（VUNIQSON）
722,爱菲丽阳（EFILIYO）
723,雨凡
724,丹蒂雅（DANDIYA）
725,缇纳（LACATTURA）
726,夏茉
727,柏丽雅诗（BRIAS）
728,彩云印记
729,米菲（MIFFY）
730,La MaxZa
731,VENI ANSEN（VENIANSEN）
732,Royal Maine International
733,卡拉羊（Carany）
734,古莱登（GODLIKE）
735,纳贝如酷（NB）
736,派普达（PPD）
737,dhh
738,枫兰（FENGLAN）
739,BVT
740,仟诗娜（chance love）
741,BISSAYNA
742,尼克尚品（NIKESHANGPIN）
743,金箱世纪（JXSJ）
744,KVG
745,生活驿站（lifepost）
746,庸庸布包
747,姝菡
748,春之北纬
749,穆撒尼
750,繁星小镇（Star Town）
751,妙迪（mood）
752,七匹狼（SEPTWOLVES）
753,名包有主
754,艾风尚（IFINSHIN）
755,梦骑士
756,欧罗迪
757,柏思特（PASTE）
758,英伦·玛莉（YING LUN MA LI）
759,TEAEGG
760,韩减
761,Angel Horse
762,莫妮芬
763,途尊（kingtrip）
764,MO&Co.
765,索陌（sophmoda）
766,斐文
767,蓝德尔（LANDEER）
768,迪莱梵
769,千百惠
770,A.Cloud
771,木木匹
772,艾丹妮（Aidrani）
773,木独猪（muduzhu）
774,C&T
775,sun earth&u
776,富拉维（FULAVi）
777,古缇蒂亚（GOOT&DIYA）
778,慕昂（MOVEON）
780,欧洲野牛（BISON BONASUS）
781,博莹玥胜赢（YBYWINWIN）
782,荣高达尔
783,咪图
784,秋之北纬
785,Hazy beauty
786,凯撒（KAISER）
787,圣大保罗（POLO&RACQUET CLUB）
788,百约（BVANE）
789,bag of parody
790,凡弟蓝恩（ VANDEELEN ）
791,包包狂（Baobaokuang）
792,爱路喜（AILUXI）
793,INZOOM BESTCHOI
794,格子旗（CHECK FLAG）
795,莱蔻茵
796,素扬
797,千品鱼
798,法珀（FAPO）
799,HKALA
800,Mr.P
801,毅旅
802,多来米
803,金致女人（goldenjinewomen）
804,卡帝乐鳄鱼（CARTELO）
805,xinran'zj
806,黑蝴蝶（HEI HU DEI）
807,JLENOVOG
808,INJOYLIFE
809,范依娜（Fanyina）
810,她说（TASHUO）
811,MONtoSUN（MONtoSUN）
812,古仕卡特（GUSSKATER）
813,媚族
814,吉普（JEEP）
816,兰威费雷（LANWEIFEILEI）
817,北狐
818,森欧梵（SOUF）
819,姿欣缘
820,楚蒂菲
821,行璐人
822,VOKW
823,傲沃（aovo）
824,伊菲儿（E·FREIER）
825,TULIVEN
826,潮至（CHAOZHI）
828,潮漫（CHAOMAN）
829,洛凌
830,VENUCO
831,东芭
832,沃隆泰
833,Flipped
834,皮尔保罗+PIERPOLO
835,凯利达
836,哈琳
837,妙丽（Millies）
838,欧式雅（EUOUSU）
839,那蓝（NABLUE）
840,京腾（Jingteng）
841,GLOVIN
842,筱麦
843,奥琪伦
844,纯普
845,香奈哈泼（CHAREIHARPER）
846,Ruofei
847,奥诺（AONUO）
848,微缇
849,PAPARAZZI
850,一抹微兰
851,薇薇格娜塔
852,寇恋
853,圣博·劳瑞
854,曼姿兰（MANZILAN）
855,第九城（V.NINE）
856,布契拉提
857,卡骆驰（crocs）
858,奈思堡（NAISIBAO）
859,跃森袋鼠（YUESKANGAROO）
860,圣蓝蒂澳（Senlandeao）
861,谜索（MiSuo）
862,婉娅（wanyo）
863,鸿星阿格
864,锋钬轮
865,Zatchels
866,帕塔雅（PaTaYa）
867,缪姿（MEENZHRA）
868,欧迪鸟（ODYBIRD）
869,犀利小姐（XILIMISS）
870,皓顿（HAUT TON）
871,金珊瑚（gold coral）
872,七只小熊
873,羽月（plumemoon）
874,Do Dower
875,有衣有靠（UYUK）
876,名牧狐（miumofox）
877,兴领
878,美佑熙（MEI YOU XI）
879,GYZ
880,雷凡偌杰（Leifanruojie）
881,木子兔
882,三色补丁
883,艾斯维斯（ACE&WEISS）
884,花奴娇
885,GOTAA+
886,Rmrebecca
887,珊诗丽（SexeMara）
888,ROGERIMOWANA
889,花千紫
890,帝行（DIXING）
891,丝缇·兰妮
892,PRSEELA
893,堇年锦尚
894,尤里多德
895,DCM
896,满江红（MANJIANGHONG）
897,莱蒙（LMEN）
898,欧语伊依
899,TIM VAN STEENBERGEN
900,LIVIN MOMENTO
901,沃宏
902,NUZ
903,Artmi
904,宾拓（BESSTOVV）
905,哈曼莱登
906,冰瑞（BINGRUI）
907,金圣斯（KINGSONS）
909,LOLA DESIGN
910,朵唯尔米（dower me）
911,云朵工厂
912,派凯思（piekeys）
913,贵族符号（GUIZUFUHAO）
914,DMZ
915,美尚达
916,兰心格
917,宾度（J.Benato）
918,阳光8点（YANGGUANGBADIAN）
919,莱驰（Laichi）
920,美伦博士
921,瑞尚（RASA）
922,华洛芙
923,博煜琳（BOYULIN）
924,罗特艾蒂（Luoteaidi）
925,奇尚达
926,adfenna
927,卡妮可（CARLIKA）
928,VANDEE
929,美洛迪雅（M.L.D.Y）
930,IAMNOT
931,歌雅图（GEYATU）
932,LPLVPK
933,FGHGF
934,Forever21
935,半笙
936,beep
937,梓林（ZILIN）
938,洛荻黛（LUODIDAI）
939,奥提拉（AOTTLA）
940,MAGGY ROUFF
941,恩泽子
942,GORRON
943,SKADI
944,伊恋格（YILIANGE）
945,万千
946,三丽鸥（SANRIO）
947,小野兽
948,古睿纳（GURRUENA）
949,达拉豹（DALABAO）
950,红客
951,mdash
952,卡丝拉狄（cathyladi）
953,洛芊（Luoqian）
954,Fennell
955,斯希威（ssxoiw）
956,千姿玲珑
957,闽言（MINYAN）
958,女人频道（GIRL CHANNEL）
959,王上（KING CHOICE）
960,梵古士
961,加州公牛
962,糖力
963,雅果玛（YAGUOMA）
964,菲姿卓尔
965,LATINRED
966,嬉皮氏
967,达派（dapai）
968,FLCC
969,cowbone
970,欧格森
971,chch
972,薇洛儿（VILOVE）
973,洛诗黛娅
974,憧憬主义（VSOXS）
975,古芬士
976,STEVEN C.MCQUEEN
977,COCO&JACK
978,PENIMATE
979,寻乐
980,莫瑞妮（MORVSNY）
981,蒂阁瑞（DIGERUI）
982,麦惠（MAIHUI）
983,简·物语（J·MONOGATARI）
984,圣马丹顿（sematanton）
985,EOKF
986,赫本世家（Hebenshijia）
987,JCPAL
988,素人（SUREN）
989,西狂
990,北包包（beibaobao）
991,蒂凡尼（Deferny）
992,卢卡尼（lucarni）
993,盛装舞步（Dressage）
994,ZRY
995,袋森
996,海谜璃（HMILY）
997,傲婷（AOTING）
998,玛嘎（maga）
999,惜颜
1000,伊梵络（EAVALURE）
1001,凯莎伊贝（KASEABY）
1002,莱戈狮（Liger&Viger）
1003,COOSKIN
1004,丽人鸟（LI REN NIAO）
1005,创衿（CHUANGJIN）
1006,传奇故事（CQSTORY）
1007,FANCY
1008,香微（XIANGWEI）
1009,巴玛特（Bal Manent）
1010,百丽芬普达（BIEFINBOD）
1011,梦芭尚（DreaBasaa）
1012,森宿
1013,图丁（TENDING）
1014,依姿佰格
1015,奥蒂雅 ALLDEAR
1016,松坤（SONGKVN）
1017,爱洛戈特（Ailuogete）
1018,璐丹妮（LUDANNE）
1019,俏蘑丽
1020,Sir Bee
1021,KPX
1022,服万天（WORTINFU）
1023,伊丽名莎（ELIMINSA）
1024,缘彩（yuancai）
1025,白领公社
1026,韩蔻（korikoo）
1027,LUXFREE
1028,念晴（NIANQING）
1029,AIPIPILIE
1030,优胜者（WINNER）
1031,莱森贝格（LASEN BAG）
1032,姱妮
1033,欧朗伟（OULANGWEI）
1034,VOYJOY
1035,鹤图腾
1036,杜妮亚莎（DUCINEE FLANERY）
1037,漫玲慕（MANLINGMU）
1038,LANVERA
1039,萨库卡（Shar Croca）
1040,爵示（jueshi）
1041,HotStyle
1042,偧瓦（ZHAWA）
1043,必宝（BibuBibu）
1044,康派（konpad）
1045,利登阿玛尼（LIDENAMANI）
1046,雅斯迪尔
1047,靓娅（LAYA）
1048,加姿（CoaZee）
1049,韵扬
1050,OYZ
1051,杰师度（Zaztto）
1052,PRINCESS SISSI
1053,一朵气质花
1054,派尼美特
1055,Uncle&aunt
1056,倾沫
1057,儒智牛（RZN）
1058,OUNIGE
1059,保手派
1060,封狼居胥
1061,百媚馨缘
1062,菲亚莉（PHIALEE）
1063,SAINT VIVANT
1064,豪莱菲乐（HOLLY）
1065,ARSMUNDI
1066,古巨（GuJu）
1067,AUX&DIS
1068,梵熙尚品（FANCY CHIC）
1069,iridescence new york
1070,JVIP
1071,包比比
1072,娅洛尔
1073,富贵鸟（FUGUINIAO）
1074,佰彤（bagtone）
1075,艾帝
1076,卡秀（Cushow）
1077,圣马罗奥（SUNMALO）
1078,巴巴露莎（BARBAROSSA）
1079,伯莎丹顿（BERTHA DENTON）
1080,韩恋优品
1081,丁威特（DINGWEITE）
1082,塑亮
1083,诗美（shimei）
1084,卡却（kaque）
1085,优佳呈品
1086,万盟（WANMENG）
1087,欢韵（HUAN YUN）
1088,诺贝达（ROBERTA DI CAMERINO）
1089,韵帅希（HOPE RHYMES）
1091,班尔（BANER）
1092,卓篇（Zhuopian）
1093,archie&rita
1094,互米达
1095,南极人（Nanjiren）
1096,夏妆
1097,玺锉（XICUO）
1098,列卡撒（LIECORRSRR）
1099,OLOEY
1100,Kting Homme
1101,靓咔（LIANGKA）
1102,亦芙
1103,旺克（wangke）
1104,普斯图（PUSITU）
1105,维卡多（WEIKADUO）
1106,图休（TOOXIUGROUP）
1107,YUFENG
1108,蚂蚁伯爵（ANTS COUNT）
1109,缤慕伦（BORMELUN）
1110,婕安妮（Joanney）
1111,卡维妲
1112,卡里普斯（CALYPSO）
1113,奥兰王妃（AOLANWANGFEI）
1114,MysTic Liu
1115,凯美源（KAIMEIYUAN）
1116,弗拉瑞诗（FULARUISHI）
1117,花迹（HUAJI）
1118,小象包袋（XIAO XIANG BAG）
1119,鲨鱼
1120,快乐嘉人
1121,斯文小姐
1122,莺倾蕊（YINGQINGRUI）
1123,自由搭档（Ziyoudadang）
1124,Elices
1125,莫尔克（MERKEL）
1126,怡芬芬
1127,思米妮卡（SMINICA）
1128,礼想之光（DREAMGIFT）
1129,瑞菡詩
1130,艾猫儿（Aimaoer）
1131,芈尹
1132,柏黛斯（BAIDAISI）
1133,述雅
1134,威伽妮露（weijianilu）
1135,别颖
1136,宝妃（Baofei）
1137,京正
1138,Jellyaomos
1139,她韵
1140,菲美（FEIMEI）
1141,岐岐鸽（QI QI GE）
1142,狐魅（HuMei）
1143,八爪娘娘（BA ZHUA NIANG NIANG）
1144,惠茜（Hui xi）
1145,慕扣（MUKOU）
1146,本那（BENATIVE）
1147,AJIDOU
1148,灵元阁
1149,自由熊（FREEBAER）
1150,EEOOELLE
1151,柏·品（By Creations）
1152,洛瑟玛（Luoxime）
1153,英西娜（yingxiNa）
1154,康派（KONPAD）
1155,DSZ
1156,丹杰仕（DANJIESHI）
1157,莎德妮（ZADENI）
1158,PHYTO
1159,苏百禾
1160,鲲豹（KUNBAO）
1161,品克尚
1162,奇咔洛（ChiColor）
1163,聆瞳
1164,卡罗瑞丝（Caroris）
1165,娇诗娅
1166,HAMUDESS
1167,欧波格
1168,力达力威（LIDALIWEI）
1169,翰牛璃公
1170,梵雅奥奈
1171,CACUSS
1172,花眷蝶
1173,柒肆花
1174,戚小米（QI XIAO MI）
1175,瞰远（KANYUAN）
1176,WENZIZDY
1177,JEEVINI
1178,丹梦尔（Damanl.）
1179,鼎度（DINGDU）
1180,美熙（MICIE）
1181,源色泽
1182,艾奔（ASPENSPORT）
1183,姑吻（goovenhapinn）
1184,ED
1185,美芙仁
1186,世网力（SHIWANGLII）
1187,狮立顿（SHILIDUN）
1188,欧奈特
1189,Erosmimi
1190,佳能（Canon）
1191,索尼（SONY）
1192,尼康（Nikon）
1193,富士（FUJIFILM）
1194,松下（Panasonic）
1195,GoPro
1196,适马（SIGMA）
1197,神牛（Godox）
1198,徕卡（Leica）
1199,腾龙（Tamron）
1200,小蚁（yi）
1201,卡西欧（CASIO）
1202,奥林巴斯（OLYMPUS）
1203,宾得（PENTAX）
1204,理光（Ricoh）
1205,春影（CY）
1206,贝阳（beiyang）
1207,INSTAX
1209,金贝（JINBEI）
1210,大疆（DJI）
1211,摄影怪兵器（hakutatz）
1212,欧达（ORDRO）
1213,爱图仕（Aputure）
1214,永诺（YONGNUO）
1215,SAMYANG
1216,宝丽莱（Polaroid）
1217,Insta360
1219,SJCAM
1220,老蛙（LAOWA）
1221,鑫威森（starison）
1222,蔡司（ZEISS）
1223,爱国者（aigo）
1224,杰伟世（JVC）
1225,富威德（FEELWORLD）
1226,TELESIN
1227,亮丽（SPLENDID）
1228,锐鹰（FALCONEYES）
1229,KODAK
1230,七工匠
1231,中一（zhongyi）
1232,RODE
1233,米家（MIJIA）
1234,劲码（KingMa）
1235,铁头
1236,富士（checky）
1237,蔡司
1238,哈苏（HASSELBLAD）
1239,莱卡（LERCA）
1241,富士（FUJIIRYOKI）
1242,青牛（Greenbull）
1243,摄徒（SHETU）
1244,三星（SAMSUNG）
1245,米狗（MEEE GOU）
1246,彩友乐（CAIUL）
1247,世纪开元
1248,印迹（IFOOTAGE）
1249,小米（MI）
1250,南冠
1251,ZEISS
1252,思锐（SIRUI）
1253,zeiss
1254,萤石
1255,嘉蕊（JARAY）
1256,影巨人（Halfsun）
1257,富莱仕
1258,华胜
1259,OREA
1260,利帅
1261,lnzee
1262,德普（DEEP）
1263,Sutefoto
1264,解密者（DECRYPTERS）
1265,德瑞思（DARIZY）
1266,微信相框
1267,富京（FUGN）
1268,LOMOGRAPHY
1269,晶雅
1270,莱彩（Rich）
1271,利利普
1272,虎彩
1273,爱国者
1274,VILTROX
1275,天意
1276,图丽（TOKINA）
1277,视瑞特（SEETEC）
1278,Selens
1279,Sioeye
1280,图瑞斯
1281,随忆
1282,洋铭
1283,洋铭（Datavideo）
1284,锐玛（EIRMAI）
1285,有福
1286,乐凯
1287,佳明（GARMIN）
1288,RUIGE
1289,曼富图（Manfrotto）
1290,津圻
1291,Micnova
1292,沃尔玛（Walmart）
1293,DRIFT
1294,金鹰（JINYING）
1295,变色龙（cen）
1296,雄迈（XM）
1297,SOOCOO
1298,ASXMOV
1299,Camorama
1300,KamLan
1301,胖牛
1302,斯莫格
1303,微光
1304,FRONT ROW
1305,追途（ZTour）
1306,迪生（Dison）
1307,史历克
1308,HONGDAK
1309,风云客（Foream）
1310,旅行家（Travor）
1311,ikan
1312,海力欧
1313,SUREWO
1314,卡色（Kase）
1315,狼王摄影器材（YELANGU）
1316,勒视
1317,IDV
1318,富达时（Phottix）
1319,富士通（Fujitsu）
1320,MEKE
1321,lejous
1322,威固（VAXIS）
1323,HOOLFINE
1324,启利
1325,VF
1326,其他
1327,OKE
1328,Voigtlander
1329,VECTORGEAR
1330,KenKo
1331,思拍乐（Ztylus）
1332,升辉
1333,Kodak
1334,故事里
1335,detu
1336,HTC
1337,SOMITA
1338,倍视亲
1339,轻装时代（QINGZHUANGSHIDAI）
1340,初页
1341,PICKIT
1342,魔爪
1343,诺基亚（NOKIA）
1344,缔杰（DIGIPOD）
1345,酷道（MiRoad）
1346,格子兮（Vup）
1347,徕兹（LATZZ）
1348,BESTVIEW
1349,百视悦
1350,佰卓
1351,百诺（Benro）
1352,Bestview
1353,宝德利（BAODELI）
1354,纽曼（Newman）
1355,科思洛（KOZIRO）
1356,odop
1357,柯達（KODAK）
1358,瑜融
1359,纽曼（Newsmy）
1360,纽曼（Newmine）
1361,星派
1362,立威奇兵（Liweidier）
1363,miliboo
1364,MATTY
1365,刚铎光电（Gondor Optoelectronics）
1366,罗兰（Roland）
1367,沣标（FB）
1368,BENRO
1369,汇巢科技
1370,图立方（Tolifo）
1371,乐图（LEKO）
1372,Brinno
1373,柏灵（Boling）
1374,NiceFoto
1375,NEST
1376,柯立（KERLEE）
1377,WESTAGE
1378,DVHZ
1379,汇美影像（HYMN）
1380,品色（PIXEL）
1381,dooraa
1382,AEE
1383,长城（GreatWall）
1384,Lytro
1385,雄火
1386,墨斗鱼
1387,维特利
1388,精嘉（Vanguard）
1389,斯丹德（sidande）
1390,wunder360
1391,万德兰（WONDLAN）
1392,WONDLAN
1393,力飞
1394,联星（Linkstar）
1395,SEKONIC
1396,现代（HYUNDAI）
1397,世光（Sekonic）
1398,蒂森特（dste）
1399,捷洋
1400,windmill
1401,青美
1402,SEVENOAK
1403,喜图（SITOO）
1404,影能（FILMPOWER）
1405,HNM
1406,Syrp
1407,麦力（maili）
1408,FeiyuTech
1409,MATE
1410,态度
1411,SWIT
1412,品泽（pinze）
1413,米驴
1414,阿尔飞斯（Aerfeis）
1415,OKAA
1416,晟崴（SUNWAYFOTO)
1417,飞利浦（PHILIPS）
1418,禾鸟（HN）
1419,嘉视影
1420,博冠（BOSMA）
1421,科漫（COMAN）
1422,沃尔夫冈（WOLFGANG）
1423,泰科易
1424,Discovery Adventures
1425,欧宝（OUBAO）
1426,INSTAX SHARE
1427,BOYA
1428,Saramonic
1429,LPT
1431,lightstar
1432,凯梦（CAMETV）
1433,璇信
1434,Veho
1435,锐富图（Refutuna）
1436,战斧
1437,Prynt
1438,cinelf
1439,特兰恩（Tralean）
1440,DIG PRO
1441,AeriCam
1442,德宾特（DBENGT）
1443,领旋（e.lixz）
1444,天气不错（Good Weather）
1445,仙麗
1446,雷普曼（LIPPMANN）
1447,Natural Healthy Standard
1448,VIPER
1449,Lennon
1450,NONOO
1451,本易（BENEVE）
1452,VSTARCAM
1453,多美（TAKARA TOMY）
1454,Twzz
1455,YOSTAR
1456,MINT
1457,布鲁雅尔（Blueair）
1458,枫笛（Saramonic）
1459,K&F Concept
1460,C&C
1461,乔明
1462,ROLUX
1463,C
1464,LePan
1465,柳月
1466,维看
1467,AFI
1468,徕印
1469,易乐看（ELC）
1470,大嘴鱼（BIGmouthfISH）
1471,camdora
1472,乐士利雅（LSLY）
1473,C派
1474,慧海
1475,孩之宝（Hasbro）
1476,贝尔金（BELKIN）
1477,TomTom
1478,聚忆堂纪念册（JUYITANG）
1479,谷歌（Google）
1480,BSWCAM
1481,卡登（CADeN）
1482,黑莓（BlackBerry）
1483,Podor
1484,LaCie
1485,呈妍
1486,威尔帝（WIELDY）
1487,AZDEN
1488,九鹰
1489,爱博图（Ableto）
1490,METTLE
1491,伟峰（WEIFENG）
1492,摄图
1493,茄紫
1494,SP TM GADGETS
1495,六滴科技
1496,铭仕图（MACPHOTO）
1497,qeento
1498,GLIDECAM
1499,SmallRig
1500,莱瑞特（LAiRit）
1501,MADV
1502,上映
1503,滴度光
1504,搜米（SOOMLL）
1505,立美斯
1506,云犀
1507,赛亚
1508,视晶无线
1510,嗨各（HIGE）
1511,英诺瑞（INNOREL）
1512,若腾
1513,LW
1514,ENZYME
1515,京造
1516,驼灵（tomlin）
1517,猛玛（mOmA）
1518,PANODUX
1519,BLACKPOULO
1520,Aoomoon
1521,锐七
1522,KYOTSU
1523,ProMediaGear
1524,京东众筹
1525,捷拍（jiepai）
1526,CrazyPanda
1527,摄马（SHEMA）
1528,ZOOM
1529,Neuroon
1530,译维（Ezscan）
1531,喜乐途
1532,PRESONUS
1533,COTTEE
1534,影卫达（YWD）
1535,Relee
1536,松前屋
1537,CamFi
1538,行摄途
1539,SCHEN
1540,致业
1541,ZECN
1542,雄视天下
1543,Aluratek
1544,卓美（ZoMei）
1545,施耐德（Schneider）
1546,博士（BOSE）
1547,zhi yun
1548,测试6
1549,咔莱
1550,暴影威视
1551,PHOTO HOUSE
1552,华固（huagu）
1553,震荡波（ZDB）
1554,亿诚佳品（YICHENGJIAPIN）
1555,TUBA
1556,PDMOVIE
1557,VESKYS
1558,女神の圣器
1559,劲捷（kingjoy）
1560,兰瑞基
1561,斯德朗博利
1562,测试-test1
1563,APP HOME
1564,格林尔（GREEN.L）
1565,千百酷（QBK）
1566,音美客
1567,第一眼
1568,Withings
1569,全谱（PACIFICIMAGE）
1570,瑞鸽
1571,菲曼斯
1572,TASCAM
1573,KOWA
1574,Liquid Image
1575,景胜（KYOTSU）
1576,AmanStino
1577,JJC
1578,京东商城
1579,托瓦（TAMO）
1580,蜘蛛（datacolor）
1581,速道（Carry Speed）
1582,dostyle
1583,Coleman
1584,GGS
1585,伟易达（Vtech）
1586,外星人（Alienware）
1587,森海塞尔（Sennheiser）
1588,日清（Nissin）
1589,奇乐思（KEYLUCKS）
1590,其它
1591,普联（TP-LINK）
1592,GODEX
1593,金钟（Velbon）
1594,捷宝（TRIOPO）
1595,惠普（HP）
1596,华为（HUAWEI）
1597,格兰仕（Galanz）
1598,博客（Bocca）
1599,LG
1600,Aji
1601,7M
1602,7000年
1603,漫步者（EDIFIER）
1606,JBL
1609,beats
1611,先科（SAST）
1612,铁三角（Audio-technica）
1613,山水（SANSUI）
1614,爱科技（AKG）
1615,索爱（soaiy）
1617,Apple
1620,哈曼卡顿（Harman/Kardon）
1621,联想（Lenovo）
1623,创新（Creative）
1624,魅声
1625,得胜（TAKSTAR）
1626,夏新（Amoi）
1627,紫光电子（Uniscom）
1628,B&O
1629,新科（Shinco）
1630,金正（NINTAUS）
1631,万利达（Malata）
1632,西伯利亚（XIBERIA）
1633,屁颠虫（Hifier）
1634,十度（SHIDU）
1636,麦博（Microlab）
1637,马歇尔（Marshall）
1638,魅族（MEIZU）
1639,罗技（Logitech）
1640,长虹（CHANGHONG）
1641,B&O PLAY
1642,德生（Tecsun）
1643,凯浮蛙（KFW）
1644,索爱
1645,iCON
1646,SHURE
1647,唱吧
1649,森然（Seeknature）
1650,雅马哈（YAMAHA）
1651,iSK
1652,科凌（keling）
1653,莱维特（LEWITT）
1654,品存（picun）
1655,惠威（HiVi）
1657,SKullcandy
1658,客所思
1659,海威特（HAVIT）
1660,锐族
1661,先锋（Pioneer）
1662,魔声（Monster）
1663,depusheng
1664,雅兰仕（EARISE）
1665,硕美科（SOMIC）
1666,蓝悦（LEnRuE）
1667,因卓（KOTION EACH）
1668,捷波朗（Jabra）
1669,飞傲（Fiio）
1670,炳捷（BENJIE）
1671,月光宝盒
1672,网易
1673,不见不散（See me here）
1674,拜亚动力（Beyerdynamic）
1675,KZ
1676,山灵（SHANLING）
1677,熊猫（PANDA）
1678,狂热者（ZEALOT）
1679,Blue
1681,QCY
1682,金河田（Golden field）
1683,唐麦（Tangmai）
1684,万魔（1MORE）
1685,十盏灯
1686,E之音
1687,万圣
1688,幻响（i-mu）
1689,SENBOWE
1690,K-Brave
1691,图拉斯（TORRAS）
1692,好牧人
1694,森麦（Senmai）
1695,朗琴（ROYQUEEN）
1696,喜木（XIMU）
1697,途讯
1698,ivolks
1699,FIIL
1700,伊酷尔（IFKOO）
1701,威斯汀（WESTDING）
1702,锦瑟香也
1703,C.O.K
1704,mahdi
1705,爱度（AIDU）
1706,优歌美蒂（YOGMEDI）
1707,KH
1709,IKF
1710,奋达（F&D）
1711,音士顿（yescool）
1712,艾利和（Iriver）
1713,喜马拉雅好声音
1714,百灵达（Behringer）
1716,DingDong
1717,利勃登（Libratone）
1718,魅动（meidong）
1719,缤特力（Plantronics）
1720,狼博旺（NUBWO）
1721,达音科（DUNU）
1722,阿思翠（Astrotec）
1723,狮乐（SHILE）
1724,亿米阳光
1726,击音（iGene）
1727,ENKOR
1728,赛达（SADA）
1730,泡泡漫（bopmen）
1731,天逸（Winner）
1732,毕亚兹（BIAZE）
1733,OKSJ
1734,BBS
1735,Divoom
1736,浦乐飞（PLUFY）
1737,BROOKSTONE
1738,丹拿（DYNAUDIO）
1739,RSR
1740,金正
1741,奥莱尔（AUNE）
1742,iFi
1743,epcbook
1744,雷麦（LEIMAI）
1745,浦记（PLEXTONE）
1746,蒙奇奇（monqiqi）
1747,KEF
1749,头领（HiFiMAN）
1750,雅韵仕（YAYUSI）
1751,IQQ
1752,AKG
1753,BYZ
1754,MIPRO
1755,爱课（AKER）
1756,时尚部落（popu·pine）
1757,Zidane
1758,爱克创（Alctron）
1759,戴尔（DELL）
1760,MBA
1761,机乐堂（joyroom）
1762,力勤
1763,万音（AUDIOJY）
1764,立尼（SUNI）
1765,出门问问
1766,昂达
1767,小度在家
1768,麦乐迪（MELODY）
1769,金运
1770,诺西（NUOXI）
1771,乐放（LOYFUN）
1772,脉歌（Macaw）
1773,BGVP
1775,奥路马（AVOVA）
1776,狼博旺
1778,斐讯（PHICOMM）
1779,蛇圣（Holy serpent）
1780,诺普声（Nobsound）
1781,B&W
1782,海狐狸（haihuli）
1783,HiBy
1785,GRADOLABS
1786,爱歌
1787,BEATS
1788,音王（Soundking）
1790,REMAX
1791,兴戈（SIMGOT）
1792,先科
1794,AUDIO
1795,雷蛇（Razer）
1796,AVANCE
1797,世酷（GOCOOL）
1798,乐廷（Rolton）
1799,奇联
1800,铁三角
1801,创意达蓝调
1802,诺必行
1803,徕声（AUGLAMOUR）
1804,暴享
1805,舒跑（ROVKING）
1806,城市之音（URBANEARS）
1807,万利达
1808,爱步者（aibuz）
1809,真力（Genelec）
1811,Hi-vobo
1812,GARINEMAX
1813,NRS
1814,酷我（kuwo.cn）
1815,奇声（QISHENG）
1816,声丽
1817,宾果（Bingle）
1818,声擎（Audioengine）
1819,声丽（SENICC）
1821,狼蛛（AULA）
1822,声籁（SaLaR）
1823,安桥（ONKYO）
1824,HARMAN
1825,BMB
1827,德仕（DOSS）
1828,乔威
1829,果儿电子（GUOER）
1830,水月雨
1831,ibass
1832,圣蝶
1833,渡哲特（dzat）
1834,KOSS
1835,品胜（PISEN）
1836,梵尼诗（Fennessy）
1837,Bang & Olufsen
1838,ANNO DOMINI
1839,马歇尔（JIM MARSHALL）
1840,杰士（Klipsch）
1841,SKULLCANDY
1843,ITQ
1844,创新科技（CREATIVE）
1845,欧凡（OVANN）
1846,朗技
1847,AIX
1848,利视达（Leadstar）
1849,ahma
1850,魅耳（Armonico）
1851,兰士顿
1852,锐族（RUIZU）
1853,MOOV
1854,own
1855,ami
1857,乐视TV（Letv）
1858,F.L
1859,猫王收音机
1860,歌郎（GELANG）
1861,小霸王
1863,iBasso
1864,APPLE
1865,亮派（lp）
1866,KUGOU
1867,TEMEISHENG
1868,果坊
1869,联浦
1870,invons
1871,美声（MISSION）
1873,歌杰仕（GOOKEE）
1874,乐彤
1875,宜博（E-3LUE）
1876,蓝弦（Bluedio）
1877,靓韵
1878,维尔晶（W-King）
1879,志高（CHIGO）
1880,威士顿（Westone）
1881,聆耳（LINNER）
1882,华宝（HUABAO）
1883,Beats By Dr. Dre
1884,VJJB
1885,雅桥（YACARE）
1886,aporo
1887,艾特铭客（AbramTek）
1888,名創優品（MINISO）
1889,铂爱（BOAI）
1890,天龙（DENON）
1891,欧美声（Ou Mei Sheng）
1893,梵珐尼（fanfani）
1894,特美声（TEMEISHENG）
1895,乐果（NOGO）
1896,小凡
1897,学林电子（XUELIN AUDIO）
1898,先锋（PIONEER）
1899,湖山（HUSHAN）
1900,MPS
1901,咔哟
1902,Jaben
1903,sound intone
1904,M-AUDIO
1905,时尚部落
1906,倍思（BASEUS）
1907,古古美美（GGMM）
1908,大行（ASiNG）
1909,唐士顿（TONSIDUN）
1910,QDC
1911,萌奇
1912,萌奇文化
1913,森泊（xoopar）
1914,ostry
1915,理想の星（ldealist）
1916,铜彩（COPPER COLOUR）
1917,声优（SY）
1918,雅天（ARTISTE）
1919,纽崔克（NEUTRIK）
1921,爱尚课
1922,伊菲尔（Eifer）
1923,DOBOLY
1924,升迈
1925,惠隆（welllon）
1927,纽曼
1928,捷升
1931,BQBQ
1932,铂典（POLVCDG）
1934,MACAW
1935,舒伯乐（Superlux）
1936,301
1937,酷怡
1938,宾禾（BEEVO）
1939,赛睿（SteelSeries）
1940,环格（H HBNK）
1941,飞朵（Fidue）
1942,罗技（G）
1943,天籁K歌
1944,艺洋（yiyang）
1945,七彩虹（Colorfly）
1946,佳禾
1947,绅宝
1948,博雅（boya）
1949,金门子
1950,SAMSON
1951,瑞姆（ZOOM）
1952,TTFAMILY
1953,声艺（Soundcraft）
1954,精奢乐彼
1955,双诺
1956,安索夫（ANSUOFU）
1957,tenlamp
1958,MEELECTRONICS
1959,声雅
1960,燕飞利仕（Infinity）
1961,奥速（ASHU）
1962,YT-JKA
1963,索威（SV）
1964,世纪格雷
1965,CAV
1966,moov
1967,英顿（inton）
1968,英创
1970,迪卡森（DIKASEN）
1971,德斐尔（Teufel）
1972,拓利好
1973,全颂
1974,本亚
1975,舒音（SHUYIN）
1976,希兰德（XILANDE）
1977,达尼（DALI）
1978,多宝莱
1979,卡农（iKANOO）
1980,艾米尼（AMINY）
1981,威发（Vifa）
1982,赛达
1984,Skullcandy
1985,BOSS
1986,用维（aWEI）
1987,Bonks
1988,CAYIN
1989,Vcom
1990,磁动力（ZIDLI）
1991,罗菲克（Lofeeke）
1992,独到（DUDAO）
1993,意创生活
1994,安度（Arttoo）
1995,亮派（LP）
1996,安度
1997,Macaw
1998,SARDINE
1999,申士（SNSIR）
2000,MISFIT
2001,德劲（DEGEN）
2002,Mps
2003,COWON
2004,东韵
2005,JTS
2006,达尔优
2007,itc
2008,SADA
2009,昂达（ONDAA）
2010,艺秀
2011,亮派
2012,苹果（iHome）
2013,歌睿达（GERUIDA）
2014,UUD
2015,电音
2016,道胜
2017,曼龙（MALONE）
2018,英创（INTRA）
2020,smsl
2021,SONOS
2022,ManiWay
2023,皇声
2024,华硕（ASUS）
2025,全微
2026,Unique Melody
2027,品怡
2028,弄客（GEEKERY）
2029,纽斯（Neus）
2030,Blu
2031,电音（DANyiN）
2032,今盾
2033,丹唛派克（Danmaipaike）
2034,BGQ
2035,乐好（LOHAO）
2036,速潮（SUCHAO）
2037,midiplus
2038,乐之邦（MUSILAND）
2039,sol republic
2040,索尔共和国（sol republic）
2041,大康（Dacom）
2042,BEATS BY DR.DRE
2043,AERO SYSTEM
2044,美妙之音（WONDERFUL VOICE）
2045,晶麦风（KIMAFUN）
2046,炫目
2047,骑士音响（QAXELECTRIC）
2049,ZGP
2050,超音蝠
2051,咪唱K歌（MICHANG）
2052,宜丽客（ELECOM）
2053,VINCI
2055,尚展（SHANGZHAN）
2056,OPPO
2058,昂达（ONDA）
2059,乐富豪（Wharfedale）
2061,Crazybaby
2062,北蓝鼠
2063,BRAGI
2064,iHome
2065,柏譜（BOPRO）
2066,爱隆德
2068,UE
2069,Masentek
2070,魅动e族
2071,小霸王（SUBOR）
2072,klipsch
2073,金健
2074,全想（Trasam）
2075,亿觅（emie）
2076,锋梭（VOXOA）
2077,威狐
2078,VPRO
2079,GRADO
2080,魔浪（morul）
2081,蓝色妖姬（BLUELOVER）
2082,乐放
2083,小屁虫
2084,海天地（Soopen）
2085,WUTSUN
2086,节奏坦克（TempoTec）
2087,FOCAL
2088,赛尔贝尔（syllable）
2089,Tayogo
2090,尊特
2091,Audiofly
2092,SOUL
2093,魔浪（mifo）
2094,好嘢（Haoyes）
2095,flykace
2096,Newsmy
2098,TINAAUDIO
2099,雷柏（Rapoo）
2100,硕华科
2101,贝音凯
2102,品道
2103,品道（pindo）
2104,QUAD
2105,V-MODA
2106,漫威（MARVEL）
2107,COSONIC
2108,ThinkPad
2109,腾讯听听
2110,拓捷（TOJIE）
2111,赛德斯
2112,佳禾（COSONIC）
2114,齐悦
2115,蔚乐（velev）
2116,甜甜圈（TTQ）
2117,InAndOn
2118,UiiSii
2119,Gmtd
2121,保时捷（PORSCHE DESIGN）
2122,卡能（kanen）
2123,Violet
2124,驰冠
2125,Q-CASE
2126,布谷鸟
2127,艾丁（ADIN）
2128,D.mor
2129,美人蕉（MRJ）
2130,方图（FionTu）
2131,雅琴（YAQIN）
2132,美时（homtime）
2133,德律风根（TELEFUNKEN）
2134,声美（SoundMAGIC）
2135,壳客（SHELKEE）
2136,Plike
2137,鸿日（HONGRI）
2138,Koss
2139,萨发（SAFF）
2140,奥迪诗（ads）
2141,Jaybird
2142,DJMUSIC
2143,vivo
2144,BO
2145,丽磁
2146,洛斐（LOFREE）
2147,LIX
2148,VLLIODOR
2149,BUB
2150,声纳丽斯（snlsy）
2151,DEVIALET
2152,Facroo
2153,爱音途（I-INTO）
2154,路信（losence）
2155,宾果（BINGO）
2156,顶好佳（ONTOP）
2157,金士顿（Kingston）
2158,GAX
2159,宅宝贝
2160,晟鸣
2161,矩声
2163,辉邦（HABONG）
2164,FMJ
2165,科普斯
2166,麦巢
2167,皇兆（HUANGZHAO）
2168,声文（SENGVEN）
2169,美声四季（meishengfourseasons）
2170,HaLF
2171,麦拉达（mailada）
2172,乐天下（luckee）
2173,蜥夜（XIYE）
2175,Pionner
2176,第一印象
2177,Magic-V
2178,天工（Stvdio Due）
2179,HOPE
2180,萌声
2181,PNZ
2182,流金岁月（Tivoli Audio）
2183,色果
2184,雷神（ThundeRobot）
2185,飞狗（FEDOG）
2186,KIMMAR
2187,bejoy
2188,中锘基（ZONOKI）
2189,SANAG
2190,飙歌达人
2191,Happy Plugs
2192,DBL
2193,西客（thecoo）
2194,乂度（xDuoo）
2195,pbx
2196,声美特
2197,猎豹移动（CM）
2198,比西特（Bcity）
2199,omu
2200,宾纳（binner）
2201,ERKJ
2202,声德（Sounder）
2203,GOTTOMIX
2204,勒姆森（LASMEX）
2205,INVONS
2206,菲乐（FEILE）
2207,FSHANG
2208,CAMPFIRE AUDIO
2209,COV
2210,URBANFUN
2211,Figma
2212,勇者同行（Brave peers）
2213,三力浦（SANLEPUS）
2215,美斯捷
2216,艾硕美（AISOMEX）
2217,TKL
2218,灵克（LKER）
2219,麦叶
2220,博世（BOSCH）
2221,JNN
2222,WRZ
2224,金讯恒（JIN.XH）
2225,卡布斯
2226,TOPPERS
2227,山业
2228,声的诗（STAX）
2229,小天
2231,HNY
2232,声氏
2233,昂乐斯（OWNLUXE）
2235,沐圣（MOOLSUN）
2236,SOZA
2238,AUDIOSENSE
2239,lotoo
2240,ONTOP
2241,维迪声（vidson）
2242,SANWA SUPPLY
2243,维科伦（weikelun）
2244,飞锐（FREE.D）
2245,忆典（IDER）
2246,PEACEMINUSONE
2247,ytqaff
2248,万利蒲（wanlipo）
2250,麦甜
2251,阿隆索（alonso）
2252,HOTT
2253,闪迪（SanDisk）
2254,RODD
2255,RHM
2256,摩集客（MOGCO）
2257,金骅洋（King Hwa Young）
2258,金陵声宝
2259,惠度（HuiDu）
2260,KAOSHI
2261,神聪（SHENCONG）
2262,渡鸦（raven）
2263,LOEWE
2264,男人秀（ManShow）
2265,仙笛
2266,新好
2267,ROKID
2268,CAROL
2269,尊宝（JAMO）
2270,艾本（AIBEN）
2271,听籁
2272,京仆
2273,千云（QIANYUN）
2274,梦魅
2275,洛克（ROCK）
2277,虹泰美时（iristime）
2278,咪咕
2279,懿锦
2280,优乐品
2281,古仔（GUZI）
2282,曼卡尔
2283,KAXISAIER
2284,ELAC
2285,雅特思
2286,创维（Skyworth）
2287,KSCAT
2288,UNDER ARMOUR
2289,曼汀诺
2290,德奇
2291,乐艾斯（LASYY）
2292,英雄联盟（ LEAGUE OF LEGENDS）
2293,CROSS LINE
2294,pbook
2295,MIHEL
2296,功夫龙
2297,TLIFE
2298,威尔玛（WERMAR）
2299,爱乐（Aiue）
2300,Aiue
2301,acz
2302,希力格（XILIGE）
2303,TTVXO
2304,康佩来（COMPLY FOAM）
2305,调音师
2306,wedoking
2307,BUDDYPHONES
2308,名伶
2309,HYPERX
2310,HyperX
2311,Yazhi
2312,无印良品（MUJI）
2313,J.I.Y
2314,丽博尔（liboer）
2315,威泽（Whizzer）
2316,艾洛克
2317,大峡谷（CANYON）
2318,欧恩（ONN）
2320,Focusrite
2321,山进（SANGEAN）
2322,奥兰格（OVLENG）
2323,蓝色妖姬
2324,蓝慧（Lanhui）
2325,音磅（YOBBOM）
2326,cleer
2327,雪奈儿（xuenair）
2328,爱奇艺（iQIYI）
2329,BUBM
2330,麦克赛尔（Maxell）
2331,JQ AUDIO
2332,物酷（WUKU）
2333,魔绚（MOXUAN）
2334,AOKEO
2335,努比亚（nubia）
2336,科大讯飞（iFLYTEK）
2337,RCA
2338,摩托罗拉（Motorola）
2339,赛柯盾
2340,泰克思达
2341,Ickb
2342,米亚达（Mi&#9642;YADA）
2343,索信
2345,RVJE
2346,耀云星海（YAO YUN XING HAI）
2347,G-DOO
2348,NPP
2349,TaoTronics
2350,冷豆（lendo）
2351,TIANYUN
2352,轻松熊
2353,飞达（fidek）
2354,狼巢（WOLF NEST）
2355,双飞燕（A4TECH）
2356,力族（LIZU）
2357,QKZ
2358,浩酷（HOCO）
2359,炫唱
2361,九零派
2362,八头牛（BETNEW）
2363,WSHDZ
2364,SCOLiB
2365,LAX
2366,瑞吉姆（RUIJIMU）
2367,Ridiss
2368,金佳讯（JIN.JX）
2370,RHA
2371,TTAF
2372,R&P
2373,乐咚
2374,Ki
2375,Teetot
2376,仕听（SHITING）
2377,速舞（SUWU）
2378,GYSFONE
2379,傲立（audiolab）
2380,itoos
2381,巴赫约翰（bach johann）
2382,Pyle
2383,JAYBIRD
2384,星马（XINGMA）
2385,忆美人（YIMEIREN）
2386,米瑞尔（miruier）
2387,MIFA
2388,MQbix
2389,爱班（Urbanista）
2390,多美歌
2391,燊乐（Shenle）
2392,合立
2393,诺蓝特
2394,爱特声（atsh）
2395,须佐（Xuzuo）
2396,MOPS
2397,格伦士顿（Glen Ralston）
2398,台盾
2399,瑞臻
2400,珈奥唯（JARV）
2401,OMNOS
2402,soundaware
2404,in-voice
2405,元里方
2406,SoundPEATS
2407,第一卫
2408,GEVO
2409,声行者（soniser）
2410,Lannge
2411,FINAL
2412,解放者
2413,英尚（Inza）
2414,佳米优（jiamiyou）
2415,金胜域（JIN.XY）
2416,EROS
2417,智慧城（WISDOM CITY）
2418,奥克罗（Aokeluo）
2419,CANARE
2420,银鱼
2421,盛豪遇
2422,IXOOST
2423,架王
2424,WECELE
2425,Bose  Soundlink
2427,XIAOKOA
2428,AS
2429,创笛（Trueaudio）
2430,Symphonized
2431,FANBIYA
2432,dido
2433,方猫
2434,JARRE
2435,维肯（Viken）
2436,Bang&Olufsen
2437,雷客（skyrocker）
2438,TFZ
2439,MUKO
2440,FENDER
2441,Kunodi
2442,尊特（JONTER）
2443,ZNNCO
2444,Fanmusic
2445,OTIC
2446,伴你行
2447,铠迪克（CALDECOTT）
2448,DreamWave
2449,友柏
2450,洛稀（RXIX）
2451,梦浪
2452,JLab
2453,KODA
2454,AKESR
2455,spiwave
2456,iSW
2457,壬腾
2458,ASTRO Gaming
2459,德力普（Delipow）
2460,AEC
2461,SASION
2462,海备思（Hagibis）
2463,Leme
2464,玛鲨（MSHARKYU）
2465,摩米士（MOMAX）
2466,樂每家（LEMEIJIA）
2467,Losoi
2468,本手
2469,丹邦（Danbang）
2470,耐也（Niye）
2471,JBU
2472,权尚（Transshow）
2473,音特美
2474,MEE audio
2475,BETA AIVIN
2476,Naim
2477,seenDa
2478,好声原
2479,Voice Energy
2480,final audio design
2481,DARRT
2482,WONSTART
2484,Jkr
2485,扩威（callvi）
2486,沃时达（WONSTART）
2487,麦高思
2488,日内瓦之声（GENEVA）
2489,Blog.Fish
2490,微星（MSI）
2491,BONNAIRE
2492,GINZSN
2494,bourue
2495,万科源（WANKEY）
2496,沃野
2497,Audio pro
2498,乌龟海岸（Turtle Beach）
2499,SIVGA
2500,阿米纳
2501,乐美家（LEMEGA）
2502,滋灵
2503,快本（Kuabe）
2505,Tronsmart
2506,欢锐（Happyreals）
2507,House of Marley
2508,ZBH
2509,傲顿
2510,AUDEZE
2511,奥尼（aoni）
2512,莱睿
2513,BOB MARLEY
2514,恒晨（HCN）
2515,Wtitech
2516,王者时代（KINERA）
2517,話中游
2518,VAVA
2519,SHOZY
2520,黑爵（AJAZZ）
2521,XPAC
2522,斯泰克（stiger）
2523,巴赫（B&A）
2524,BQ
2525,爱美声
2526,音悦台（yinyuetai）
2527,途想（TUXIANG）
2528,ROTEL
2529,欧贝格（OUBEIGE）
2530,领尚（Leadsound）
2531,Marantz Professional
2532,哈呗
2533,BH AUDIO
2534,力亚王（LYW）
2535,芯科
2536,Matcheasy
2537,乐儿飞
2538,德聲寶（DAM PSONIC）
2539,宏戈（HONGGE）
2540,爱·酷多（I-Kodoo）
2541,YISON
2542,纳卓者（NAZZHE）
2543,哥特斯（COTEetCI）
2544,QT
2545,度高（Dugood）
2546,trendwoo
2547,百科仕（VOKUSS）
2548,西米可（ximico）
2549,微软（Microsoft）
2550,索魅（SUOMEI）
2551,金潮（JINCHAO）
2552,尊派（zunpai）
2554,SMS Audio
2555,弗尼
2556,SENMEI
2557,东子
2558,CQA
2559,乐基（LEJI）
2560,GEEBOX
2561,星波（XB）
2562,欧蒂诺
2563,MICSTHEN
2564,aladdinaudio
2565,帝丽（DAVL）
2566,jedel
2567,野狼（YELANG）
2568,AAW
2569,粤浪（YUELANG）
2570,德希迪（DEXIDI）
2572,MIX-STYLE
2573,Verbatim
2574,品高（PINGAO）
2575,Mugig
2576,魅翔（MeiSoar）
2577,橙朗
2579,纳迈（Namy）
2580,SEBOR
2581,OVEVO
2582,宾果（Bingo）
2583,唐声（Tangsheng）
2584,川宇
2585,NFZY
2586,韦兹（WREO）
2588,热火（HotFire）
2589,莺宝
2590,开博尔（Kaiboer）
2591,卡提诺（Cartinoe）
2592,幻狼（HUANLANG）
2593,MDK-ESS
2594,惠比特（HUIBITE）
2595,贝德
2596,科势
2597,铭日
2598,捞米（Laomi）
2599,魔锥（MODRILL）
2600,EMSNO
2601,华美兴泰（HAME）
2602,Accutone
2603,伍歌
2604,互途（HooToo）
2605,DOW（D）
2606,五迷
2607,凡帝利（FNDILI）
2608,泰拉锋
2609,CHORD
2611,TRiBE
2612,乾龙盛（QULOOS）
2613,城堡（CASTLE）
2614,发掘者
2615,IK MULTIMEDIA
2616,艺听
2617,卡斐乐（Cafele）
2618,DOW
2619,腾彩（TENGCAI）
2622,eve audio
2624,爱达克（i.Tech）
2625,G-WACK
2626,ANKER
2627,BIL
2628,华斯顿（HUASIDUN）
2629,Hifree
2631,浪魄（LOPPO）
2632,JZGSHARK
2633,PURIDEA
2634,DDJ
2635,科唱
2636,米享（micshare）
2637,DRACO
2638,艾亚（AYA）
2639,骨伽（COUGAR）
2640,雨之巷（Rain Lane）
2641,杰科（GIEC）
2643,EVR
2644,沙巴（SHABA）
2645,悍科（HK）
2646,JAM
2647,ShoonTH
2648,AURASOUND
2649,叮迈（DingMai）
2650,Tonino Lamborghini
2651,富德
2652,富德（fude）
2653,LIMEIDE
2654,米粒
2655,Ipipoo
2656,VIZILI
2657,FOSTEX
2658,DNPCABLE
2659,CEN.GRAND
2660,szllwl
2661,海美迪（HIMEDIA）
2662,极速（Gsou）
2663,嘉力琪
2664,NF AUDIO
2665,SENRUN
2666,RME
2667,飚王（SSK）
2668,MSIDIGTAL
2669,博可斯
2670,MIPOW
2671,小明
2672,Corsair
2673,ACEMIC
2674,Earmax
2675,大鸣星（damingxing）
2676,范部落（Funblue）
2677,捷瑞特（JOROTO）
2678,主旋律（Car Audio）
2679,小屁孩（heei）
2680,GOODMANS
2681,音领秀（URIZONS）
2682,i.am+
2683,斗麦主
2684,易思博（yesbond）
2685,MOZUO
2686,EDKY
2687,HUMU
2688,圣迪威（Sendio）
2689,蓝朗
2690,OHM
2691,芙洛蒂（phrodi）
2692,phb
2693,嗨酷乐（Hercules）
2694,hymoriginals
2695,琼森
2696,飞创
2697,Misotech
2698,JUSTNEED
2699,维尓晶
2700,唱悠（GEFLOW）
2701,HIGE
2702,魔磁（MOCI）
2703,Koolsound
2704,CCET
2705,NEXPHIL
2707,江冬
2709,McGee
2710,AMAZON
2711,BSN
2712,奥思（OAXIS）
2713,冰豹
2714,壕兄弟（Haoxiongdi）
2715,舒乐迪（shuledi）
2716,BLACKNOTE
2717,简颜
2718,贝尔顺（BEASUN）
2719,桐之音（TZY）
2720,越霸（YueBa）
2721,renebelle
2722,南墙（NOWALL）
2723,G-MARK
2724,爱谱王（∧pking）
2725,我听
2726,发条橙子（Sprrange）
2727,JDB
2728,元道
2729,电竞狂人
2730,声缪斯（SONMUSE）
2731,微森
2732,Sibyl
2733,顶速（VSXSPEED）
2734,Ticwatch
2735,熙彼儿（Sibyl）
2736,伯林爵（BOHLINJA）
2737,kingkong brid
2738,SUICEN
2739,迪优美特（Diyomate）
2740,HIFIBOY
2741,宾丽（binli）
2742,我爱唱
2743,glamshine
2744,ZTM
2745,秀声（xiusheng）
2746,诗格（CEGO）
2748,江起点（JIANGQIDIAN）
2749,爱仕帝（ipsdi）
2750,恒音（HENGYIN）
2751,爱图美秀（Aitumeixiu）
2752,美跃（MEIYUE）
2753,CKY
2754,FunuR
2755,AGPtEK
2757,快乐相伴
2758,redbat
2759,yoear
2760,五科鑫
2761,嘉质（GOODQUA）
2762,mrobo
2763,硕哲
2764,方正科技（ifound）
2765,E-3LUE
2766,象鼻子
2767,伟蓝（Wblue）
2768,EPXCM
2769,风悦
2770,黑啾（heycute）
2771,几素
2772,质靓（zhiliang）
2773,walzer
2774,谷津
2775,oxlasers
2776,qbuds
2777,熠锋
2778,SpinFit
2779,bimoz
2780,银雕（YINDIAO）
2781,九零派（90PAI）
2783,开心兔（HAPPYTU）
2784,小顽家
2786,前行者（EWEADN）
2787,音特迈歌（INTOMUSIC）
2788,魅聆
2789,锋立
2790,轻聆（Kilinee）
2791,TBOTB
2792,草原鼠
2793,依魅
2794,多莱米（Doremi）
2795,PMV
2796,HOMEDICS
2797,SCENES
2798,牧马人
2799,韵果
2800,逆翔
2801,麦尔迪（MAIRDI）
2802,科思美（IMCOSMOS）
2803,为伴
2804,闻奇
2806,乐海狸（LEHAILI）
2807,荒原（HUANGYUAN）
2808,梵缔诺（FENDINOU）
2809,诺拿（nuona）
2810,沃音乐（womusic）
2811,自由声（ZUSEN）
2812,罗巴赫（LUOBAHE）
2813,Kindle
2814,凯利欧（KATEALL）
2815,伟吉（WEIJI）
2816,UVOKS
2817,卓意（droindl）
2818,Azpen
2819,佳蓝（Fineblue）
2820,物尽其用
2821,美商海盗船（USCORSAIR）
2822,烽火狼
2823,POPPAH
2824,基米克（GMK）
2825,奥睿科（ORICO）
2826,Fitbit
2827,火百灵（HuoBaiLing）
2828,傲石
2829,剑圣一族
2830,汪汪队立大功（PAW PATROL）
2831,TOTU
2832,昂悦（ANGYUE）
2833,速钛
2834,豹国
2835,迈跃（MAIYUE）
2836,金业（GOLDYiP）
2837,腾讯儿童
2838,一加
2839,AVCROWNS
2840,onanoff
2841,图布斯
2842,SaGO
2843,豪韵（HYPER SOUND）
2844,SOGEN
2845,COMICA
2846,爱浪（Avlight）
2847,Ks－LiFe
2848,IPASON
2849,优迪奥
2850,waytronic
2851,TIMECITY
2852,米纶斯（MILUNSI）
2853,沃品（WOPOW）
2854,iPark
2855,维米斯
2856,NINETEC
2857,音为爱
2858,诺为（KNORVAY）
2859,华录（Hualu）
2860,奥图码（Optoma）
2861,易晒（EARSCI）
2862,唛咪
2863,wopow
2864,YIJIAYIN
2865,新度
2866,时赛莱（shisailai）
2867,皇典（HUANGDIAN）
2868,艾古（AIGU）
2869,迈泓达（MHONGD）
2870,Sound.Path
2871,万人迷（wanovo）
2872,BOLE
2873,博聆
2874,骁客
2875,Novation
2876,TRANGU
2877,博拓（BOTUO）
2878,斐奥（F&O）
2879,沪铃
2880,爱放（ifang）
2881,松源丰
2882,魔鬼猫（ZOMBIES CAT）
2883,读书郎（readboy）
2884,贵声
2885,KO-STAR
2886,HATEHU
2887,JF Digital
2888,梵帝西诺
2889,DXV
2890,莺声
2891,虎克（HUKE）
2892,音乐丹堂
2893,雷铭
2894,Nicama
2895,研志工控（YANZHI Industrial）
2896,华芯飞（HXF）
2897,沃丁（WODING）
2898,洽姆欧普斯（Charm Opus）
2899,致奥（TOAIR）
2900,BLUESOUND
2901,OONTZ
2903,sibicus
2904,击音
2905,冇心
2906,台硕（TASU）
2907,冰暴
2908,梦罗（MENG LUO）
2909,Bowers&Wilkins
2910,MXL
2911,赛歌图
2912,网鸣（WANGMING）
2913,沐阳（MuYang）
2914,甲由
2916,听氪（Tingker）
2917,SIMPLEWAY
2918,创视微
2919,亿富鼎
2920,麦林（mailin）
2921,佰岳（BYOOBY）
2922,语茜（YUXI）
2923,博旺斯
2924,韩湘子（HANXIANGZI）
2925,不得不爱
2926,ANTARES
2927,锋尼
2928,TESIN
2929,SoundBLESSED
2930,宝丽兰
2932,大萌主
2933,哈马（HIPHOPHIPPO）
2934,因诺极客（INNOGEEK）
2935,Hidizs
2936,迈能（leapower）
2937,友博士（UFBOSS）
2938,Everlong
2939,欧登尔（OUDENGER）
2940,灵逸
2941,ZMVP
2942,凡丁（FANDING）
2943,星凰（XingHuang）
2944,索盈（SUOYING）
2945,KORG
2947,浩客（HawK）
2948,悠唐
2949,象博士
2950,风格派（sty!epie）
2951,Crenova
2952,宏捷电（Haglie）
2953,乐途士
2954,纳百川（NBC）
2955,尚本
2956,迪士尼（Disney）
2957,通用电气（GE）
2958,CAMINO
2959,贝壳美（Make mate）
2960,SE（SE Electronics）
2961,达斯尼（Dansny）
2962,KDATA
2963,雷登（OHAYO）
2964,3GMAX
2965,SleepPhones
2966,CAMSING
2967,唯动（vidonn）
2968,亿播（ebox）
2969,IDMIX
2970,卡诗图（kistrue）
2971,FDY
2972,越来越酷（COOLCOLD）
2973,布卢图斯
2974,Turtle Beach
2975,万生时代
2976,蝙蝠骑士（Batknight）
2977,卡士奇（KARSIQI）
2978,卡希弗
2979,飚雷（BIAOLEI）
2980,NEAT
2981,元勋（YX）
2982,桑瑞得（Sunreed）
2983,速想（SUXIANG）
2984,PHIYOO
2985,夏为
2987,爱享听
2988,润芯立科（RUNSILIC）
2989,机械战警
2990,迪诺特（DENOTO）
2991,坝美（BaMei）
2992,航天广电
2993,鸿彬浩
2994,歌度（Gedu）
2995,新声派
2996,Bone
2997,眩魔（XUANMO）
2998,智选
2999,OSCOO
3000,益米yimi
3001,GUANYEE
3002,珊瑚礁（SHANHUJIAO）
3003,Ohropax soft
3004,hodocc
3005,MEGUO
3006,零点之约
3007,SweTne
3008,酷比象
3009,博力高（BOLIGAO）
3010,酷派（Coolpad）
3011,滚石（STNE）
3012,艾电尼
3013,夏叶（XIAYE）
3014,CABLE CREATION
3015,Dioo
3016,琴歌
3017,幸运钻
3018,DVU
3019,DCOMA
3020,金奥泽（JAOZE）
3021,师韵
3022,酷赢
3023,水木年华
3024,魔尚（mosovo）
3025,XAI
3026,微喔（V.WO）
3027,藤本电业
3028,Ohuhu
3029,BGB
3030,ROC LIVE LIFE LOUD
3031,yukeemi
3032,HYPERSENSE
3033,爱回响（ZZC MEMORY）
3034,和弦（Chord）
3035,ENZATEC
3036,咪哒
3037,Audiophase
3038,米其林（MICHELIN）
3039,JWD
3040,英菲克（INPHIC）
3042,耐翔（Naeny）
3043,AFTERSHOKZ
3044,悦颂（Yuesong）
3045,好时达（HIGHSTAR）
3046,威迅（VENTION）
3048,影能（ineng）
3049,PAPAGO！
3050,陀音
3051,LandCAR
3052,乐味（Lavie）
3053,phrlipu
3054,雅奇仕（yacuse）
3055,索机
3056,IVR
3057,UCOMX
3058,威骆（weiluo）
3059,Semei
3060,可浦力
3061,资音（ZIYIN）
3062,黑特斯
3063,新观
3064,科唤（KOHVAN）
3065,IT-CEO
3066,立铭（LIMING）
3067,KOOL
3068,LG Hausys
3069,觅之音
3071,lingsummer
3072,台石
3073,TG
3074,工夫龙（KonFuLon）
3075,安佩迪瑞
3076,杰睿科
3077,XIMO
3078,乐肯
3079,瑞佰拓（reboto）
3080,爱沃趣（AIWATCH）
3081,kmoso
3082,派凡（oatsbasf）
3083,涵讯
3084,亿科络（Ykcloud）
3085,云派（witsp@d）
3086,sungee
3087,more-thing
3088,广丰源（GUANGFENGYUAN）
3089,DONSAY
3090,苏维（SAWPOP）
3091,Skyunion
3092,畅动（CHANGDONG）
3093,艺声（ESMOOTH）
3094,鑫宝视（MONPOS）
3095,Billfet
3096,SENMON
3097,GY OCC
3098,托尼洛·兰博基尼（Tonino Lamborghini）
3099,EDMICN
3100,魔麦
3101,火魂（huohun）
3102,闪电貂（FLASH MINK）
3104,neon
3105,爱玛科（AIMC）
3106,leickeleipzig
3107,声符（MKF）
3108,AVANTEK
3109,墨一（MOYi）
3110,Punos
3111,ASTON MARTIN
3112,魔铁
3113,迪比狗（dibidog）
3114,摩仕（moshi）
3115,Nickelodeon
3116,乐普士（Lupuss）
3117,Ashina
3118,奥克沃斯
3119,ZIOFEN
3120,KOΛIKA
3121,小胜
3122,索图
3123,魅戴
3124,虎猫
3125,浦诺菲（pivoFUL）
3126,k&m
3127,扎克（ZACK）
3128,欧思丰
3129,三寳文化
3130,HYLANG
3131,Cybe Acoustics
3132,EOR
3133,ToneWinner
3134,kecag
3135,CANFEEL
3136,ELFMIC
3137,致音（zhiyin）
3138,显动
3139,梅赛德（MISDE）
3140,Beats by Dr Dre
3141,睿奥普（RXO-PRO）
3142,Griphod
3143,卉卉美美（HHMM）
3144,德聲寳（DAM PSONIC）
3145,新盟（Technology）
3146,追音者
3147,三鑫天威（STW）
3148,NICE GO
3149,木兰王（mulanwang）
3150,摩力电
3151,卡姆昂（KMA）
3152,湾谷
3153,麦卓（MEJOY）
3154,大韵
3155,艾卡拉
3156,5D
3157,LIMZY
3158,i-smile
3159,土曼（TOMOON）
3160,ROCCAT
3161,TERRATEC
3162,SHINECON
3163,索士（SUOSHI）
3164,AIMEIER
3165,YOSDA
3166,京芝（JINGZHI）
3167,小灰兔
3168,意趣
3169,锶景
3170,果拉（GUOLA）
3171,BlueXtel
3172,Delippo
3173,施卡洛
3174,安哲（ANZO）
3175,艺星（EALSEM）
3176,菲利达（FEILIDA）
3177,健林仕（JILIS）
3179,GOXIIS
3180,小鸟看看（Pico）
3181,爱沃可（iWALK）
3182,MAIGAO
3183,MOKO
3184,现代演绎
3185,杰思摩波
3186,WISETIGER
3187,杏米
3188,阿呆（ADEI/ADAI）
3189,NU FORCE
3190,喜门红
3191,魔腾
3192,虎克
3193,sendiyaudio
3194,诺度
3195,OWEN&BARRY
3196,RONXS
3197,BENCHI
3198,POLKAUDIO
3199,怡樂星（YILEXING）
3200,西士
3201,O2
3202,和家亲
3203,翼联（EDUP）
3204,军睿（JUNRUI）
3205,LunarCable
3206,亿色（ESR）
3207,车智乐
3208,意哲法（Izefia）
3209,亲子悦
3210,多驰（DUOCHI）
3211,微漫制造
3212,丰力
3213,HUHD
3214,QANBA
3215,BLINBLIN
3216,AILE
3217,钛金贝（Tekimbe）
3218,中联（ZOLEE）
3219,耳机狗
3220,悦智人心
3221,优胜仕（USAMS）
3222,魔咖（monka）
3223,宜客莱（ECOLA）
3224,TUCSON
3226,视界传美
3228,MAD CATZ
3229,trendsetter
3231,昇唱
3232,Maigao
3233,voia
3234,iBUFFALO
3235,炬为
3236,Hobsest
3237,帅翔（SUAISOAR）
3238,海健
3239,永乐（YongLe）
3240,USHANDLE
3241,思迈欧
3242,SOOQOO
3243,天籁贵族
3244,哈仕曼（ha hsi man）
3245,乾越（qianyue）
3246,凯诺飞（Kainuo fly）
3247,spearx
3248,泊菲客
3249,安德斯（ANDERS）
3250,BETENSH
3251,步箭（Bujian）
3252,JRC
3253,啦唔酷
3254,紫芒
3255,越普
3256,非同凡响
3257,绎美（Eamey）
3258,凡图（Finetop）
3259,杰悦声
3262,ipush
3263,CUSTOMTRY
3264,GOFO
3265,发烧者（fashaozhe）
3266,Ariete
3267,依斯卡（ESK）
3268,馨畅
3269,慕臣
3270,索印（SUOYIN）
3271,名璐
3272,OE
3273,梦幻门（MENG HUAN MEN）
3274,柯鑫（KEXIN）
3275,智优创品（ZHI YOU CHUANG PIN）
3277,x-doria
3278,VSGO
3279,品彤（PIONTNG）
3280,叻鱼
3281,钻石
3282,道具工场
3283,龙麒
3284,海捷（HieGi）
3285,ROMAN
3286,心乐讯（xinlexun）
3287,北欧欧慕（nathome）
3288,B.O.W
3289,魔迈
3290,现代笔
3291,立派（RIPA）
3292,酷猴
3293,ASRJ
3294,道耐（DaoNai）
3295,异极（EPICGEAR）
3296,OVERDRIVE
3297,能臣（POWCHO）
3298,摩斯维（msvii）
3299,FRISYCO
3300,卡斯特罗（COSTRO）
3301,尊联（ZUNLIAN）
3302,铭卡（mingcard）
3303,夏普（SHARP）
3304,雅声特（acet）
3305,酷瑞迪（KURIANT）
3306,七新
3307,美壳壳
3308,歌帝（GEDI）
3309,JSGEE
3310,酷蛙（QOOWA）
3311,Skybon
3312,系致
3313,明成宇（MCY）
3314,卡其兔（KAQTUOS）
3315,豹勒
3317,otmake
3318,酷放（KUFANG）
3319,迪尊（DIZUN）
3320,影家（CINE HOME）
3321,VERTU
3322,DFyou
3323,wisebrave
3324,COOLHERE
3325,hrd
3326,IaITV
3327,D.bear
3328,君盈（junying）
3330,歌们儿（Go！meir）
3331,AORO
3332,杰斯摩波
3334,高科诺（GKNUO）
3335,璐菲（LUPHIE）
3336,DAQI
3337,Master & Dynamic
3338,一相（easy shine）
3339,美赛图（MYSOTO）
3340,呆萌兔
3341,C创佰亿（chuangbaiyi）
3342,飞想
3343,酷创诚品
3344,SOUNDJO
3345,3M
3346,AmazonBasics
3347,傲普
3348,牧克
3349,HORITA
3350,SABIN
3351,火炅
3352,phonetou
3353,NAD
3354,派尔胜（PAIERSHENG）
3355,得科（DK）
3356,好尔（haoer）
3357,绅士宝（DMSAMSBO）
3358,火种（huozhong）
3359,帝尔（DIER）
3360,博沃尼克
3361,Freeson
3362,嘿哟
3363,S-GUARD
3364,倍方
3365,益思特（YISITE）
3366,硕选
3367,劲趣
3368,奥利亚（AEOLiC）
3369,Chemion
3370,聪明猴子
3371,Turbosound
3372,纯美悦（CUNMIYE）
3373,Ideepal
3374,eYeNurse
3375,MonTclair
3376,名雕（midio）
3377,灵云
3378,银蚁
3379,商赢
3380,ROCKSPACE
3381,V&X
3382,善禧
3383,知复（ZHIFU）
3384,铭威达
3385,音狐（YINHU）
3387,lcsoa
3388,金属狂人
3389,魅阁（CHARMCOURT）
3390,TANCHJIM
3391,莺亮
3392,TranSay
3393,NUTK
3394,JYK
3395,麦臣（MICSHON）
3396,MUSIC HEAVEN
3397,NIPUDUN
3398,安科优
3399,畅响王（CHANG RING KING）
3400,尚闪千（SHANGSHANQIAN）
3401,玲魅
3402,ZLS
3403,致浦
3404,聂尔（Nieer）
3405,宝宝咪（BAOBAOMI）
3406,RXR
3407,普洛卡（PUROCASE）
3408,乔益师
3409,新声带
3410,超琰
3411,摩范（MOCAFINE）
3412,拉赫曼尼（Light Harmonic）
3413,TE KU SHENG
3414,JZEPHF
3415,潜韵
3416,麦奥德
3417,一帆风顺
3418,惠志
3419,咕咪兔（OUTMIX）
3420,乾塍（QIANCHENG）
3421,创米客（chuangmilk）
3422,IFONSON
3423,INSERMORE
3424,多马士（domars）
3425,瑞歌
3426,HK
3428,Rockcellan
3429,冠标（AV-WIRELESS）
3430,变形金刚（The Transformers）
3432,麦储（maxchange）
3433,博迪胜（BODISEINT）
3434,埃微（iwown）
3435,倍奥（bio-x）
3436,鹏途
3437,科悦（Callyue）
3438,GINMIC
3439,cosme
3440,ROEL-PLAY
3441,埃普（UP）
3442,fFlat5
3443,图跃（TUYUE）
3444,YOTEFE
3445,北航（Dirair）
3446,征酷
3447,爱惠浦（Everpure）
3448,掌握者
3449,麦多多（MCDODO）
3450,果游（GUEYIOUE）
3451,podoor
3452,美迪惠尔（Mediheal）
3453,orphyer
3454,ARCCRA
3455,爱丽思（IRIS）
3456,杰灿
3457,美音达（MEIYINDA）
3458,通优派
3459,优肯思（UCONS）
3460,yoyugo
3461,你米（NIMMY）
3462,纳曲（holdsoung）
3463,飞鹰传奇（Eaglend）
3464,SuperD
3465,PROLAND
3466,魔壳（Moke）
3467,顺酷（SHUNKU）
3468,沁音（XSOUND）
3470,HOCAR
3471,鼎绅（DINGSHEN）
3472,JS
3473,乐沃仕（LoveCh）
3474,NuForce
3475,fengcai
3476,音楷
3477,智壳（ZHIKE）
3478,硕兆
3479,铂锐（BORAY）
3480,TOP lay
3481,iambic
3482,NEX EYE
3483,艾利声（Alisten）
3484,Goovis
3485,ROXXOUL
3486,为酷（wecool）
3487,WST
3489,百瑞仕（BARUS）
3490,baking
3491,倍加乐（Bijela）
3492,微狼（WEIWOLF）
3493,SPIDERCASE
3494,友昂（kyoeon）
3495,X&N
3496,涵众润生
3497,纯彩（purecolor）
3498,云万里
3499,果敢（gogan）
3500,Sunbeam
3501,创麦酷
3502,乐上（LEXON）
3503,九号机器人（ninebot）
3504,AHUALUO
3505,卡斯杜克（CRYSTOCRAFT）
3506,懂了
3507,四万公里
3508,美得理（MEDELI）
3509,CASMELY
3510,Sandisk
3511,SMOVES
3512,WSKEN
3514,逸致
3515,全汉（VNO）
3516,爱多（IDALL）
3517,驰界（chijie）
3519,宅电舍（zhaidianshe）
3520,卫护（EIHOO）
3521,创见（Transcend）
3523,博朗（BRAUN）
3524,风笛思
3525,双鸟（TWINBIRD）
3528,嘉速
3529,COOWOO
3531,MEXSON
3532,iQbe
3533,中太电（ZAQE）
3535,文曲星（WQX）
3536,VOKE
3537,果好
3538,怡歌信息技术
3539,kayoumi
3540,富图宝（Fotopro）
3542,倍晶（BestJing）
3543,DREAM ROOM
3544,DMDG
3545,taya
3546,蓝孩
3547,琳奈美（Linnalm）
3548,艾派格（ipega）
3549,Capshi
3550,加加林（JAJALIN）
3551,哦优
3552,绿巨能（llano）
3553,Tt