3555,索尼（SONY）
3556,雷蛇（Razer）
3557,任天堂（Nintendo）
3558,罗技（G）
3559,微软（Microsoft）
3560,小霸王
3561,飞智（flydigi）
3562,西伯利亚（XIBERIA）
3563,金士顿（Kingston）
3564,赛睿（SteelSeries）
3565,小霸王（SUBOR）
3566,北通（Betop）
3567,盖世小鸡（GAMESIR）
3568,GPD
3569,HANDJOY
3570,达尔优
3571,硕美科（SOMIC）
3572,雷柏（Rapoo）
3573,酷孩
3574,罗技（Logitech）
3575,联想（Lenovo）
3576,我的世界（MINECRAFT）
3577,莱仕达（PXN）
3578,华硕（ASUS）
3579,美商海盗船（USCORSAIR）
3580,赛德斯
3581,利乐普
3582,PlayStation
3584,宜博（E-3LUE）
3585,缤特力（Plantronics）
3586,乌龟海岸（Turtle Beach）
3587,外星人（Alienware）
3588,HORI
3589,魔兽世界
3590,为酷（wecool）
3591,霸王小子
3592,英伟达（NVIDIA）
3593,黑爵（AJAZZ）
3594,玲魅
3595,惠普（HP）
3596,圆刚（AVerMedia）
3597,影级（iNSIST）
3598,狼蛛（AULA）
3599,斯泰克（stiger）
3600,磁动力（ZIDLI）
3601,HYPERX
3602,DAQI
3603,WELCOM
3604,MATE
3605,钛度（Taidu）
3606,铁三角（Audio-technica）
3607,漫步者（EDIFIER）
3608,因卓（KOTION EACH）
3609,飞鹰传奇（Eaglend）
3610,科腾（KETENG）
3611,冰豹
3612,G-STORY
3613,明基（BenQ）
3614,拳霸（QANBA）
3615,双飞燕（A4TECH）
3616,双飞燕
3617,雷神（ThundeRobot）
3618,Coiorvis
3619,森海塞尔（Sennheiser）
3620,Tt
3621,慧多多（HUIDUODUO）
3622,VINYSON
3623,seenDa
3624,万魔（1MORE）
3625,MOOV
3626,爱科技（AKG）
3627,PLAYSEAT
3629,泰火
3630,维肯（Viken）
3631,台盾
3632,戴尔（DELL）
3633,moov
3634,灵蛇
3635,三星（SAMSUNG）
3636,皇尚（HUANG SHANG）
3637,艾派格（ipega）
3638,纯彩（purecolor）
3639,酷倍达（QPAD ）
3640,富德（fude）
3641,富德
3642,多彩（Delux）
3643,SparkFox
3644,圆刚
3645,外星科技
3646,英雄联盟（ LEAGUE OF LEGENDS）
3647,JBL
3648,浦记（PLEXTONE）
3649,新玩
3650,博士（BOSE）
3651,索盈（SUOYING）
3652,MISFIT
3653,魔卡特（MOCUTE）
3654,君盈（junying）
3655,wedoking
3656,狼博旺（NUBWO）
3657,鑫喆
3658,梅赛德（MISDE）
3659,LIX
3660,虎克（HUKE）
3661,录音师（LUYS）
3662,新盟（Technology）
3663,图马思特（THRUSTMASTER）
3664,火线竞技
3665,Nintendo Wii
3666,享动（Soomax）
3667,Tt eSPORTS（Tt）
3668,YOSTAR
3669,虎克
3670,迪锐克斯（DXRACER）
3671,星期六（Saturday）
3672,骨伽（COUGAR）
3673,科普斯
3674,天创恒达
3675,韩喜（HANXI）
3676,魅谷（imecoo）
3677,酷冷至尊（CoolerMaster）
3678,斐奥（F&O）
3679,MOCUTE
3680,魔炼者（MAGIC-REFINER）
3681,ZNNCO
3682,诺西（NUOXI）
3683,狼博旺
3684,领格（LINGGE）
3685,拜亚动力（Beyerdynamic）
3686,夏为
3687,STIGER
3688,声籁（SaLaR）
3689,司摩士
3690,赛太克（Saitake）
3691,美壳壳
3692,明品（mingpin）
3693,Visionsky
3694,普洛卡（PUROCASE）
3695,秀客  秀客哇喂
3696,春吉
3697,Nintendo 3DS
3698,奥古者（AOGUZHE）
3699,微星（MSI）
3700,优乐品
3701,现代（HYUNDAI）
3702,罗马仕（ROMOSS）
3703,G-DOO
3704,趣迷（QEOME）
3705,QANBA
3706,X-LSWAB
3707,时立（TimeLeak）
3708,爱动
3709,蛇圣（Holy serpent）
3710,itoos
3711,沃尔玛（Walmart）
3712,前行者（EWEADN）
3713,VONISON
3714,宜丽客（ELECOM）
3715,MOQI
3716,谷歌（Google）
3717,AKKO
3718,E-3LUE
3719,浦记
3720,魔腾
3721,LG
3722,珈奥唯（JARV）
3723,特兰恩（Tralean）
3724,傲石
3725,Apple
3726,魔磁（MOCI）
3727,科沃（KOVOL）
3728,voia
3729,DxO
3730,qukan
3731,iFYOO
3732,海狐狸（haihuli）
3733,友狼
3734,奴玛尼（NUANI）
3735,epega
3736,炫光（X-LSWAB）
3737,图西科（TUXIKE）
3738,KH
3739,beats
3740,BEATS
3741,幻狼（HUANLANG）
3742,纽曼
3743,飞利浦（PHILIPS）
3744,Bkayp
3745,约凯麦
3746,征酷
3747,HONGBIAO SM
3748,劳力士（ROLEX）
3749,HHKB
3750,捷升
3751,战翼
3752,数美（SHUMEI）
3753,星期六（St&Sat）
3754,铁修罗（TESORO）
3755,曼汀诺
3756,invons
3757,APP HOME
3758,第一印象
3759,环声
3760,小米（MI）
3761,品存（picun）
3762,锐爱（rii）
3763,Gameking
3764,i-rocks
3765,ZYDZ
3766,技嘉（GIGABYTE）
3767,HIGE
3768,乐视TV（Letv）
3769,时尚部落（popu·pine）
3770,GGS
3771,良值
3772,牧马人
3773,Oculus
3774,炎博（HOIKU）
3775,威刚（ADATA）
3776,Skullcandy
3777,猎蛇（LIESHE）
3778,电音
3779,MAGEWELL
3780,魅耳（Armonico）
3781,魅石
3782,THUNDEROBOT
3783,bejoy
3784,VOYO
3785,迩高迈思（Ergomax）
3786,纳普斯（NOPOOS）
3787,娱乐听
3788,电音（DANyiN）
3789,RK
3790,禾苗直播
3791,玩视
3792,波萨（Bosa）
3793,Anskp
3794,禾鸟
3795,希捷（SEAGATE）
3796,元象（REEX）
3797,Anker
3799,ThinkPad
3800,弄客（GEEKERY）
3801,朗强（LENKENG）
3802,VRPARK
3803,PNY
3804,火酷
3805,时尚部落
3806,Nacon
3807,夏新（Amoi）
3808,DFyou
3809,骆尊（LUZUN）
3810,RK ROYAL KLUDGE
3811,飞遁（LESAILES）
3812,BUBM
3813,翼蛇（yishe）
3814,AmanStino
3815,雷萨（LEISA）
3816,HOOLFINE
3817,银雕（YINDIAO）
3818,谜石（MEGA STONE）
3819,首席玩家（1st player）
3820,牧音王（Eimuse）
3821,GUNNAR
3822,金河田（Golden field）
3823,SAMSUNG GEAR VR
3824,尼康（Nikon）
3825,酷怡
3826,联信宏富（LXHF）
3827,爱电玩（IGAME）
3828,AKPLAYER
3829,完美世界
3830,魈王
3831,EDIUS
3832,德斐尔（Teufel）
3833,MAD CATZ
3834,禾鸟（HN）
3835,莫拉米（MOLAMI）
3836,七品
3837,MIONIX
3838,星屏（Sinpan）
3839,ET
3840,迈哲思
3841,尤塔斯
3842,音霏尔（ynpher）
3843,CHERRY
3844,虹龙
3845,GANSS
3846,普士盾（POSDUN）
3847,HD PVR ROCKET
3848,智勇
3849,音美客
3850,同远宏方（TongYuanHongFang）
3851,魅奈（MEINAI）
3852,索猫（SUOMAO）
3853,台硕（TASU）
3854,达墨（TOPMORE）
3855,贝戋马户（james donkey）
3856,豹勒
3857,异极（EPICGEAR）
3858,虎猫
3859,沃野
3860,烽火狼
3861,酷奇（cooskin）
3862,凯酷（KEYCOOL）
3863,小袋鼠（XIAO DAI SHU）
3864,联友创嘉（YOCA）
3865,富士（FUJIFILM）
3866,零点之约
3867,acz
3868,博朗（BRAUN）
3869,dear my face
3870,YISON
3871,NC-Link
3872,纳加软件
3873,戴浦（DAIPU）
3874,酷玛特（COOMAST）
3875,凯迪威
3876,王者之手（SCEPTRER）
3877,NARS
3878,fengcai
3879,ELIK
3880,爱国者（aigo）
3881,昂达
3882,卡姆昂（KMA）
3883,SNP
3884,步箭（Bujian）
3885,欧凡（OVANN）
3886,PURIDEA
3887,奥缇斯（autrise）
3888,B&O
3889,梵帝西诺
3890,魔力鸭
3891,嘉力琪
3892,吉选（GESOBYTE）
3893,阿呆（ADEI/ADAI）
3894,MIHEL
3895,小乙（Ant Black）
3896,京东众筹
3897,andaseaT
3898,物酷（WUKU）
3899,GAEMS
3900,硕臣
3901,黑貂（SABLE）
3902,hardaway
3903,淑米（SHUMI）
3904,甲由
3905,大朋（Dee Poon）
3906,WST
3907,more-thing
3908,Macaw
3909,微闪（Microflash）
3910,酷元素（KUYUANSU）
3911,今睿（JINRUI）
3912,SEEKFIT
3913,RVJE
3914,VR SHINECON
3915,创新（Creative）
3916,三玺（SANXI）
3917,利奥博德
3918,思特伦（Stewart lun）
3919,JLW
3920,微狼（WEIWOLF）
3921,嗨镜
3922,温特瑞（VENTRY）
3923,魔绚（MOXUAN）
3924,罗果（ROGUOO）
3925,MOKO
3926,C.O.K
3927,AHC
3928,美高（MEGA BLOKS）
3929,喵咖
3930,ivolks
3931,zoomer
3932,DaFonQi
3933,名雕（midio）
3934,新观
3935,NGDS
3936,WowWee
3938,西力（KSQN）
3939,派诺特（PARROT）
3940,斯得弗
3941,e元素
3942,蜥夜（XIYE）
3943,广百思（gonbes）
3944,桑瑞得（Sunreed）
3945,UPMOST
3946,体思科（tisca）
3947,新贵（Newmen）
3948,英菲克（INPHIC）
3949,游戏狂人（GAME MADMAN）
3950,紫光电子（Uniscom）
3951,其他
3952,布鲁雅尔（Blueair）
3953,UVOKS
3954,为伴
3956,得力（deli）
3957,爱普生（EPSON）
3958,佳能（Canon）
3959,极米（XGIMI）
3960,萤石
3961,海康威视（HIKVISION）
3963,坚果（JmGO）
3964,兄弟（brother）
3965,虎牌
3966,富士施乐（Fuji Xerox）
3967,爱宝（Aibao）
3968,科密
3970,中控智慧（ZKTeco）
3971,霍尼韦尔（Honeywell）
3972,佳博（Gprinter）
3973,齐心（COMIX）
3974,维融（weirong）
3976,Rigal
3977,斑马（ZEBRA）
3978,映美（Jolimark）
3979,芯烨（XINYE）
3980,金典（GOLDEN）
3981,雅视威（YESTV）
3982,轰天炮
3983,汉王（Hanvon）
3984,宏碁（acer）
3985,酷乐视（COOLUX）
3986,捷波朗（Jabra）
3987,松下（Panasonic）
3988,理光（Ricoh）
3990,TSC
3991,奥图码（Optoma）
3992,全能（QNN）
3993,浩顺
3994,夏普（SHARP）
3995,沃仕达（woshida）
3996,GODEX
3997,奔图（PANTUM）
3998,富士通（Fujitsu）
3999,东芝（TOSHIBA）
4001,Robot GO
4002,逊镭（NTEUMM）
4003,汉印（HPRT）
4004,润普（Runpu）
4005,京瓷（KYOCERA）
4006,方正（Founder）
4007,新大陆（Newland）
4008,华视电子
4009,美团点评
4010,镭威视（luowice）
4011,瑞视达（RUISHIDA）
4012,精臣
4013,良田（eloam）
4014,真地（Realand）
4015,盆景（bonsaii）
4016,澳典
4017,乔安（JOOAN）
4018,KONICA MINOLTA
4019,大一（DAYI）
4020,启锐（QIRUI）
4021,二维火（2Dfire）
4022,震旦（AURORA）
4024,快麦
4025,拓兴
4026,宝利通（POLYCOM）
4027,康亿（KONYEE）
4028,博思得（POSTEK）
4029,睿者易通（WITEASY）
4030,红叶（Red Leaf）
4031,NEC
4032,三木（SUNWOOD）
4033,dahua
4034,tumetimes
4035,杭普
4036,恒思安（hosion）
4037,海康威视
4038,道顿（DOCON）
4039,安之星
4040,中崎（ZONERICH）
4041,小帅（Xshuai）
4042,易视讯（YSX）
4043,得实（Dascom）
4044,maxhub
4045,3M
4046,KODAK
4047,新北洋
4048,古德
4049,格志（Grozziie）
4050,硕方
4052,晨光（M&G）
4053,艾谱（AIPU）
4054,OKI
4055,商米（sunmi）
4056,神画（PIQS）
4057,aisino
4058,乐橙（LeChange）
4059,摩托罗拉（Motorola）
4060,惠朗（huilang）
4061,美源（MSThoo）
4062,鸿合
4063,美商（meetsun）
4064,极光尔沃
4066,虹光（Avision）
4067,音络（INNOTRIK）
4068,驰腾（chiteng）
4069,康佳（KONKA）
4070,龙视安（Loosafe）
4071,SNBC
4073,来钱快
4074,普联（TP-LINK）
4075,迪奥特莱斯
4076,AUCS
4077,高术
4078,UKCSIS
4079,美达罗捷（MDLogic）
4080,品术
4081,蒂彤
4082,优玛仕
4083,诺为（KNORVAY）
4084,大行（ASiNG）
4085,迪堡
4086,立象
4087,迪美瑞
4088,红叶（HONG YE）
4089,奥家（AOKIA）
4090,暴风
4091,VEZ
4092,视明通（COMPCCTV）
4093,MEMOBIRD
4094,优派（ViewSonic）
4095,紫光（UNIS）
4096,嘉尔祥电子（jexdz）
4097,华为（HUAWEI）
4098,业王
4099,加普威（JIAPUWEI）
4100,优丽可（UNIC）
4101,欣码（Sinmark）
4102,精益（Plustek）
4103,艾洛维（inovel）
4104,SK telecom
4105,HPRT
4106,威视达康（VSTARCAM）
4107,飞鹅
4108,奇砚（yiyan）
4109,zkteco
4110,沧田
4111,汉步
4112,微鲸
4113,清华美迅（UNISMAISON）
4114,启锐
4115,军视（JUNSHI）
4116,比比牛
4117,北恩（HION）
4118,经科（JK）
4119,日立（HITACHI）
4120,芯烨（Xprinter）
4121,思影（CINE）
4122,沧田金税
4123,齐富（QIFU）
4124,销邦（supoin）
4125,微麦
4126,然鹏
4127,西铁城（CITIZEN）
4128,创芝（CANZZI）
4129,帝防（DIFANG）
4130,思特佳图（STJIATU）
4131,美克司（MAX）
4132,鸿合（HiteVision）
4133,DSB
4134,优博讯（UROVO）
4135,小安华视（ANN）
4136,小明
4137,先锋（VAA）
4138,华视智能（H.VIEW）
4139,快麦（KUAIMAI）
4140,unv
4141,奥普达
4142,台喜
4143,惠斯特（Whist）
4144,广博（GuangBo）
4145,康艺（KANGYI）
4146,霸天安
4147,快麦（kuaimai）
4149,亿利达（elite）
4150,焊斧（HANAXE）
4151,智典
4152,美斯特（msisite）
4153,天地伟业（TIANDY）
4154,国保（Guub）
4155,五星
4156,易联云
4157,红光
4158,呈妍
4159,优力优
4160,DATALOGIC
4161,恩叶
4162,鑫顺
4164,豪艺（HOOYE）
4165,施乐（XEROX）
4166,立象（ARGOX）
4167,站岗王（ZGWANG）
4168,捷高（JCO ）
4169,英微（IN&VI）
4170,捷宇
4171,虎王（TIGERKING）
4172,米家
4173,思科（CISCO）
4175,点易拍
4176,精伦电子（Routon）
4177,泰力
4178,MINDEO
4179,天威（PrintRite）
4180,JAVES
4181,北洋（SNBC）
4182,资江（zjiang）
4183,zeco
4184,喵喵机
4185,乐佳达（LEJIADA）
4186,aa0
4187,卡卡洛（CACACOL）
4188,华旭金卡
4189,安爸
4190,丽标
4192,创想三维（Creality 3D）
4193,brother
4194,投美科技（TOUMEI）
4195,普天视（PTS）
4196,中本安防（Z-BEN）
4197,ScanHome
4198,锦宫（KINGJIM）
4199,图迈（tobuy）
4200,紫图
4202,维安视（wesecurity）
4203,利盟（Lexmark）
4204,驰球（ciiqsafe）
4205,碎乐
4206,实达（start）
4207,才为（caiwei）
4208,永发（YONGFA）
4209,新中新
4210,快朵小屋（KUAIDUOXIAOWU）
4211,范罗士（Fellowes）
4212,VHH
4213,暴享
4214,哈维诺曼（HAWIN）
4215,弘瑞（HORI）
4216,思普瑞特
4218,国威
4219,拉卡拉（LAKALA）
4220,中盈（ZONEWIN）
4221,艾斐堡
4222,标拓
4223,兄弟牌（BROTHER）
4224,达美（DYMO）
4225,映美
4226,普贴（PUTY）
4227,雪维特
4228,易捷通（E-jeton）
4229,Optoma
4230,MSThoo
4231,斑马
4232,君容
4233,KYOCERa
4234,CVTOUCH
4235,NB（NORTH BAYOU）
4236,VIZ-PRO
4237,得宝（diplomat）
4238,窝窝头（wowoto）
4239,川唯（CHUANWEI）
4240,Formlabs
4241,INNOIO
4242,精伦（Routon）
4243,国画
4244,哈尔普（help）
4246,黑石
4247,奈欧
4248,周视（ZOSI）
4249,SZGWSD
4250,米投
4251,中晶（microtek）
4252,智新（zisine）
4253,驰球
4254,福满门（Fumen）
4255,民德（MINDEO）
4256,威盾斯
4257,美视（GRANDVIEW）
4258,优丽可
4259,意锐（inSPIRY）
4260,卡西欧（CASIO）
4261,富尼（FUNI）
4262,MEGO
4263,猛犸（MAMMOTH）
4264,精伦电子
4265,索迈
4266,supoin
4267,skycolor
4268,ANYCUBIC
4269,盾牌（GUARDA）
4270,柏莱（OLEY）
4271,集大成
4272,雷盛（rayson）
4273,安工
4274,宝视来（BOXLIGHT）
4275,东方中原（Donview）
4276,神思
4277,富可视（InFocus）
4278,好会通（Meeteasy）
4279,MakerBot
4280,音络
4281,炫铭
4282,riso
4283,欧擎
4284,SISS
4285,紫薇星（ZIWEISATR）
4286,宏视道
4288,世达（star）
4289,锦宫（King Jim）
4290,POSTEK
4291,TCL
4292,看尚（Can）
4293,鼎发（dingfa）
4294,丽彩云投（LCVT）
4295,驰腾
4296,MAX
4297,威盾斯（WEIDUNSI）
4298,Touchjet
4299,RICOH
4300,聚合视讯（JOHE·LIVE）
4301,扫码哥（scanboss）
4302,富甲（FUJIA）
4303,WNK
4304,国威赛纳（CESLLER）
4305,四通
4306,安尔心
4307,粤港（yuegang）
4308,丽讯（Vivitek）
4309,鸿合科技
4310,威伦司
4311,乖乖博士（GuaiGuaiBoShi）
4312,立盾（LIDUN）
4313,维亮（VIVIBRIGHT）
4314,iData
4315,因科美（EACOME）
4316,优解（YOUJIE）
4317,风光（FENGGUANG）
4318,普乐士
4319,派克（PAIKE）
4320,XYZprinting
4321,威尔信
4322,冠叶科技（LEAFCROWN）
4324,创荣（CRE）
4325,铭安（MIANN）
4326,汇金机电
4327,艾能
4328,NEBULA
4329,成者科技（Changer Tech）
4330,乐金（LG）
4331,华录（Hualu）
4332,巨行（JUXING）
4334,悟印像
4335,天文（TEN-WIN）
4336,宏影（HONGYING）
4337,Elean
4338,经科
4339,华尚光电（farsun）
4340,智鹰牌（SMART EAGLE）
4341,固耐安（GOLDEN KNIGHT）
4342,卡尔
4343,THE ONE
4344,鸿运
4345,冠诺
4346,想米（XIANGMI）
4347,小灰兔
4348,好品诚
4349,康华（Kanghua）
4350,昶鸿
4351,朝友（ASATOMO)
4352,诺咪雅（Noomya）
4353,随锐（SUIRUI）
4354,科然
4355,3DTALK
4356,浩客（HawK）
4357,葩葩（Pa）
4358,科闪
4359,基士得耶（GESTETNER）
4360,研腾（yanteng）
4361,mAi
4362,CRMCR
4364,台石
4365,富立叶（CILICO）
4366,丽讯
4367,永邦（YONGBANG）
4368,中亿
4369,金京
4370,Polycom
4371,易视眼（EasyN）
4372,crn
4373,神盾（ICR）
4374,亿立
4375,宏燕
4376,MICROTEK
4377,ESALEB
4378,杰必喜（GBC）
4379,先擘
4380,碎乐碎纸机
4381,华鼎
4382,XED
4383,MAI
4384,unis
4385,益卡通
4386,太阳岛
4387,VSTARCAM
4388,EUG
4389,格林尼森（GREENISON）
4390,德菲洛（deferol）
4391,天色（TIANSE）
4392,致境
4393,华渥（HWO）
4394,网百（WangBai）
4395,众御（ZOYET）
4396,精伦
4397,GBC
4398,斯进科技
4399,毕索龙（BIXOLON）
4400,CESLLER
4401,达芬奇（Davinci）
4402,森灿
4403,合杰（HEROJE）
4404,赛唯（sinovision）
4405,典元（DIANYUAN）
4406,歌丽欧（GE LI OU）
4407,鹰牌（EAGLE'S）
4408,指南者
4409,HONXIN
4410,优玛仕（U-MACH）
4411,优通达（UTDCOM）
4413,尚视通
4414,唐信（Tansonic）
4415,理想（RISO）
4417,影配
4418,尚汇（shanghui）
4419,甬康达
4420,千页百汇（QUPA）
4421,研科数码（Icod）
4422,先奇（XIANQI）
4423,itc
4424,睿威仕（Riwyth）
4425,DINON
4426,创维（Skyworth）
4427,家威（Guardwell）
4428,容大
4429,航税（ZONEWIN）
4430,嘉福安（jfa）
4431,中维世纪
4432,欧睿迈（orimag）
4433,聚美视（Jumeishi）
4434,ZJiang
4435,网讯达（VNETPHONE）
4436,ARGOX
4437,万联（wanlian）
4438,BSC
4439,信鸽（XINGE）
4440,维亮
4441,英明仕（intimus）
4442,HDOS
4443,蓝胜卡顿
4444,MR.RIGHT
4445,智联天地（THIMFONE）
4446,优库
4447,科朗鑫盛
4448,VAA
4449,文立方
4450,杰宝大王（JIEBAOKING）
4452,L-mix
4453,慧梦
4454,欣技
4455,雄迈（XM）
4456,索顿
4457,金虎（JINHU）
4458,凯标
4459,优库（YOKO）
4460,肯辛通（Kensington）
4461,宝预（BYON）
4462,南天（Nantian）
4463,欧帝科（ODK）
4464,百佳一本（BAIJIAYIBEN）
4465,昱瑾
4466,天叶（Godleaf）
4467,symcode
4469,盾牌（Guarda）
4471,WANGLU
4472,嘉森（JIASEN）
4473,中兴（ZTE）
4474,霞光
4475,百佳萬利（WanLi）
4476,暴影威视
4477,智汇星
4478,雷现（LAEXAN）
4479,eComm
4480,伟文（wewin）
4481,爱立识
4482,先锋易讯（exunton）
4483,先临三维（SHINING 3D）
4484,雅马哈（YAMAHA）
4485,鑫杰科（xinjieke）
4486,优迩（YOUR）
4487,oxlasers
4488,ECHO
4489,千页百汇
4490,可得优（KW-triO）
4491,银新（YX）
4492,NET.AGE
4493,贝图（BEITU）
4494,英奎斯
4495,CZUR
4496,POSO2O
4497,GK
4498,IDV
4499,HXGC
4500,皓丽（Horion）
4501,PHOTOBEE
4502,光电通（OEF）
4503,ANBAOVOD
4504,纳影
4506,NXTUDY
4507,新大（SUANPAN）
4508,思可美（SICEM）
4509,Liverdol
4510,普瑞途（prealway）
4511,VVETIME
4512,亚尔亚（YEY）
4513,FARGO
4514,明盾（MINGDUN）
4515,拉克丝
4516,Tp.linone天捕
4517,贺氏爱宝（hes&aibao）
4518,普天
4519,SZHOMA
4520,三星（SHAN XING）
4521,枫林
4522,汇趣
4523,Yeastar
4524,CSQ
4525,盾威（Dunwei）
4526,金霸
4527,众焱
4528,吉丽（G-LEAF）
4529,志美
4530,KAICOM
4532,文仪易购（OAEGO）
4533,店铺专家
4534,汇金
4535,SATO
4536,唯彩（skypix）
4537,成宇时代
4538,惠朗（wilion）
4539,镭达（RADLL）
4540,昌文
4541,西玛（SIMAA）
4542,宏联（hongl）
4543,索利克（solic）
4544,金蝶（kingdee）
4545,众叶（SOONye）
4546,阿拉丁
4547,安尼威尔（ANEYWELL）
4548,杏双
4549,其它
4550,富士樱（FUSICA）
4551,傲发（AOFAX）
4552,明航
4553,蒙恬（Penpower）
4554,昌德讯
4555,同乐安视（Tollar Vision）
4556,安智星
4557,寒子城（Enhav）
4558,Kodak
4559,杰丽斯（JIELISI）
4560,沧田中税
4561,APPOTRONICS
4562,多易拍（DocExpress）
4563,技果（JIGUO）
4564,先尚（CimFAX）
4565,映普生
4566,海鑫格
4567,香山红叶（XIANGSHANHONGYE）
4568,海唯联
4569,灿影（canshine）
4570,安辔
4571,影辉（YINGHUI）
4572,古鳌
4573,商吉
4574,迦观
4575,有美食
4576,延中兴业
4577,奥普
4578,锐普（SCREENPRO）
4579,绿权（lvquan）
4580,机白金
4581,申坤
4582,清朗
4583,威科（WEIKE）
4584,比比狗（BIBIGOU）
4585,HiLEME
4586,创视之星
4587,中佳（ZHONGJIA STATIONERY）
4588,长视（longse）
4589,wiiboox
4590,纳米亚（Namias）
4591,Blueskysea
4592,美思奇（MSQ）
4593,多易拍（XINHAN）
4594,Ansjer
4595,恩特思
4596,锦昌精工（jcsafe）
4597,BRADY
4598,狼天下（LANGTEK）
4599,群英云
4600,聚安创想
4601,brandland
4602,欧菲通（OFT）
4603,艾特欧（aiteou）
4604,好事特（host）
4605,集光安防（Focus Vision）
4606,火辣椒（HUOLAJIAO）
4607,巨影（PMAX）
4608,富得乐
4609,HZZXDZ
4610,鼎易
4611,金点原子（GOLDATOM）
4612,普尼（PONY）
4613,Tenveo
4614,千帆（YIDU SAILS）
4615,欣技（CipherLab）
4616,鸿兴永利（hxyongli）
4617,魔屏（MOPING）
4618,LAMTOP
4619,鸿叶
4620,太尔时代（TierTime）
4621,振兴
4622,EASTFAX
4623,智络（zhiluo）
4624,砖投（Juneto）
4625,普飞（PUFEI）
4626,悠视
4627,汇博士
4628,艾瑞尔
4629,Sindoh
4630,亚伯兰
4631,星智惠
4632,轩泉
4633,美味不用等
4634,小耳朵
4635,HEFA
4636,程发（CenFa）
4637,科达
4638,美恒通（MEIHENGTONG）
4639,中创微
4640,百卫特
4641,锢力保（GLB）
4642,斑点狗
4643,华冠
4644,马氏帅马
4645,史泰博（Staples）
4646,德客
4647,和目
4648,Ring
4649,科若（Keruo）
4650,慧想（Thinkwise）
4651,火光（huoguang）
4652,霸仕（Bashi）
4653,益而高
4654,普印力
4655,普印力（PRINTRONIX）
4656,万播（WANBO）
4657,德意拍
4659,VPANEL
4660,摩觉（MOJO）
4661,哲林（Zhelin）
4662,中信安
4663,哲林（zhelin software）
4664,拓宾
4665,凯普（KAIPU）
4666,威谱
4667,麦尔迪（MAIRDI）
4668,佐西卡（zorsika）
4669,Attez
4670,森禹
4671,富鑫通
4672,力邦
4673,达乐
4674,徕坦（LIGHTANK）
4675,万隆
4676,一号防线（A LINE OF DEFENSE）
4677,融和（RONG HE）
4678,申瓯（Shenou）
4679,资讯卡（DATACARD）
4680,恒星智科技
4681,兴业
4682,随心付
4683,江能威视（Canavis）
4684,无纸
4685,王者塑封（WONFILM）
4686,辉扬（FIYEE）
4687,YILANDU
4688,亿科（YIKE）
4689,SENTER
4690,普叶
4691,办公逸
4692,babygo
4693,办公逸（bangongyi）
4694,长虹（CHANGHONG）
4695,谊宝（ISBARCODE）
4696,码研（MYBARCODE）
4697,悠米（umi）
4698,HOTUS
4699,极客人（GEEKPEOPLE）
4700,巨普光电（ZEBEX）
4701,互视达（HUSHIDA）
4702,简变（JIANBIAN）
4703,ACTIONTEC
4704,一眼通
4705,Starmach
4706,Nakabayashi
4707,驰怡（chiyi）
4708,盛图（Sheng T）
4709,徕印
4710,Beien
4711,RedGoldLeaf
4712,光阵
4713,芒通（montol）
4714,迈拓
4715,祥来鑫
4716,Fagoo
4717,绘威
4718,甲骨文天之印
4719,斯图卡（STUKA）
4720,感知者
4721,安太电子（Antai）
4722,优造智能（YOUZAOZHINENG）
4723,八丰
4724,YUANPENG
4725,THREELEAVES
4726,思迅
4727,咏翔
4728,千景
4729,Zenidea
4730,阿凡达（AFANDA）
4731,QQTCW
4732,卓鹿（ZHUOLU）
4733,易生（ESUN）
4734,中诺（CHINO-E）
4735,AIMEIER
4736,访客易
4737,SINRIOCODE
4738,光荣
4739,易利丰（elifo）
4740,销邦锋度（FINDO）
4741,Bepop
4742,融亚（RONEYE）
4743,文搏（WINBO）
4744,400畅听商机
4745,VESKYS
4746,鑫特旺（XINtewang）
4747,普霖
4748,谊和（YIHERO）
4749,光米
4750,先锐
4751,scanboss
4752,帝视尼（DSNNY）
4753,Focusview
4754,现代笔
4755,加士酷（Jacks cool）
4756,珀音特曼
4757,美硕（MEI SHUO）
4758,国王异象（KINGVISION）
4759,飞博士（Flybook）
4760,微乐投（weletou）
4761,中创美（CABL）
4762,惠鑫
4763,美国网件（Netgear）
4764,迅时
4765,安天下
4766,凡宝（FANBAO）
4767,鑫亿科
4768,译维（Ezscan）
4769,支尔成
4770,集怡嘉（Gigaset）
4771,易力佳
4772,3shape
4773,盈信
4774,立册
4775,全中王（quanzhongwang）
4776,欧瑞博（ORVIBO）
4777,NEST
4778,威而信（IKE）
4779,菊地（Kikuchi）
4780,longxu
4781,德力赛恩
4782,惠格浩
4783,狼之光
4784,文通科技
4785,飚王（SSK）
4786,天元（tengen）
4787,美冠（MICROWN）
4788,TOPSKYS
4789,wehans
4790,快易拍（XING DING YE）
4791,柏拉图
4793,RONGDA
4794,仙视（Goodview）
4795,极光三维
4796,云阔
4797,行之未来（XZWL）
4798,华德安
4799,东亿（DONGYI）
4800,SunCorp
4801,丽美（LEEMEI）
4802,优尼泰克（Unitech）
4803,VSON
4805,生E通
4806,InASK
4807,元浩（yuanhao）
4808,君霸
4809,云视通（CloudSEE）
4810,苏婕（SUOJO）
4811,CERLLER
4812,CITAQ
4813,瑞相包装（RUIXIANGBAOZHUANG）
4814,云可仕（YUNCOS）
4815,Crivo
4816,华维（kinghav）
4817,映力
4818,酷之影
4819,科立讯
4820,泰格（TECHBIRD）
4821,威码（VariMark）
4822,佳文（Cavon）
4823,守门神
4824,美硕（MEISHUO）
4825,威码
4826,豫创（Yucher）
4827,质冠（ZhiGuan）
4829,丽贴
4830,OnPOS
4831,BLOZI
4832,龍峰
4833,阮氏
4834,三维（3victor）
4835,菲格特
4836,朗蒂科（LANETCO）
4837,宝比万像（BAOBIWANXIANG）
4838,德佟
4839,万德
4840,迪码斯
4841,融得利（RONGDELI）
4842,品界（PINJIE）
4843,EZCast
4844,HTP
4845,BARCO
4846,飞兰投影
4847,tousei
4849,蒙银
4850,优尼格（YOUNIGE）
4851,ELEPHAS
4852,德生（Tecsun）
4853,远景达
4854,鹭岛宸芯（LU DAO CHEN XIN）
4855,亿美盾
4856,现代
4857,开码（K-MARKING）
4858,托利多
4859,OTOUCH
4860,LETATWIN
4861,VisionTek
4862,YZCX
4864,维山
4865,星光
4866,凯浮蛙（KFW）
4867,睿浩（Rayhunt）
4868,易美得
4869,舜普（SP）
4870,Gcord
4871,ZINWELL
4872,艾利丹尼森（AVERY DENNISON）
4873,DOAO
4874,因纳伟盛（CDINVS）
4875,时机威视（SIKVISION）
4876,一家优
4877,地创三维
4878,舒势
4880,酷瑞亚
4881,驰亨
4882,德翼智能
4883,德浩科视
4884,优必利
4885,非行（FEiX）
4886,京南创博
4887,歌派（GEPAD）
4888,晶固（JINGGU）
4889,川奇
4891,ICSP
4892,纽曼（Newmine）
4893,威泰克斯
4894,阿尔铁克（Artech）
4895,希来凯思（Silex）
4896,iGood
4897,泰格维视
4898,朗悦（longjoy）
4899,Anypos
4900,TollFree
4901,比特（bittel）
4902,智戈（ZHiGE）
4903,骆谱（LUOAPP）
4904,瓯利
4905,三绿国维（SUNLUGW）
4906,沃立方
4907,BocE
4908,白恩
4909,磐力（panpower）
4910,鑫码科技（XINMA）
4911,壹秘
4912,韦尔讯
4913,创易
4914,KCAMEL
4915,墨驰（mochi）
4916,信通（SENTER）
4917,数真
4918,山水（SANSUI）
4919,昕维
4920,小鱼易连
4921,COREYAS
4922,RAISE
4923,攀凌
4924,ICITEN
4925,艾力生（ORISON）
4926,海田
4927,OLIUA
4929,FABULOUS
4931,璇信
4932,安士佳（Ansjer）
4933,AIMU
4934,奥士达（OASTAR）
4935,UPO
4936,AUTOID
4937,立思辰（LANXUM）
4938,AFG
4939,CNIST
4940,BJB
4941,一顶三（one better than three）
4942,富利快（FULIKUAI）
4943,优铂（UPlatinum）
4944,IOTPEAK
4945,优锐
4946,速狗（SUG）
4947,狮安联讯（SECULINK）
4948,金图（Jintu）
4949,金视天（K-DayVideo）
4950,锐视威
4951,世纪光
4952,UFax2
4953,ZJHJTX
4954,铭挚
4955,酷霸（KOBRA）
4956,际庆科技（JIQINGTECHNOLOGY）
4957,ZVVO
4958,赛恩瑞德（sinret）
4959,贝斯格（besgard）
4960,NANHUA
4961,海狸伊格（EG Beaver）
4962,海微（Haiway）
4963,艾幕（AIMU）
4964,VFACE
4965,LD
4966,SANNCE
4967,欣悦（XINYU）
4968,惠爱家
4969,COTTEE
4970,AITGM
4971,悠络客（Ulucu）
4973,力码
4974,汉锦汉图
4975,航天双翼
4976,索飞
4977,仝盟
4978,欧叶
4979,太创
4980,摩图（MOTUVIEW）
4981,凌视（LinSee）
4982,HOLYDE
4983,Fanvil
4984,中研巡更
4985,卡文（KAWEN）
4986,中技
4987,艾亮
4988,快登
4990,XinDeLi
4991,钱掌柜（K-Tank）
4992,安斗士（Das Fighter）
4993,银叶（YinYe）
4994,ZLTeIe
4995,启美智联
4996,建伍（KENWOOD）
4997,利达信（LIDASON）
4998,Voicejoy
4999,方雅（FOUNYA）
5000,稚慧光
5001,中控国威
5002,铂通
5003,正元
5004,诚码（cenmascan）
5005,Makad
5006,慧海
5007,智浦（ZHIPU）
5008,顶尖
5009,HB
5010,YALE
5011,西融数据（XIRONGDATA）
5012,振通（ZTON）
5013,measy
5014,皇冠（danisa）
5015,驰鹏（CHIPENG）
5016,益多星（YIDUOXING）
5017,fengchi CF
5018,葡林（PULIN）
5019,达佰格
5020,红太阳（Redsun）
5021,ZIJIANG
5022,SEECUBE
5023,PW
5024,Telpo
5025,极钛星华
5026,秦端
5027,JG MAKER
5028,阅捷
5029,ENGONUS
5030,火匠
5031,海澜优选生活馆（Heilan Home）
5032,欣含宇通
5033,米客莱（MEKY）
5034,神州龙芯
5035,新富士（Newfuji）
5036,忆多丽（Omoidori）
5037,东际（EASTSCOPE）
5038,shangchen
5039,睿浩（Riehoo）
5040,艾德声（ADDASOUND）
5042,标映（BIOVIN）
5043,礼嘉（LIJIA）
5044,杰丽斯
5045,EB-LINK
5046,网络眼
5047,VHD
5048,D-creator
5049,鑫视丽（XSL）
5050,天波（Telpo）
5052,Cmovie
5053,石科（Scode）
5054,Clockgogo
5055,迅描（xunmiao）
5057,守卫神（SHOUWEISHEN）
5058,fiho
5059,GLLABEL
5060,百顺好（BOSSGOOD）
5061,迈拓（MATOO）
5062,FLYING VOICE
5063,henry
5064,TECOHOO
5065,飞瑞特（FreeMate）
5066,天桥（tianqiao）
5067,地球星
5068,杰尊（JIEZUN）
5069,御杰（YUJA）
5070,渴望（crave）
5071,新鲜世界（Fresh World）
5073,商客通
5074,MAJIEWL
5075,螺丝钉（LASDING）
5076,Maple
5077,威文科技（WEIWEN）
5078,倍加乐（Bijela）
5079,Yealink
5080,亲见
5081,F.L
5082,唐道（tangdao）
5083,美库
5084,虹安翔宇
5085,cld
5086,乐图（LOTOO）
5087,Cubify
5088,JINGLE
5089,肯·特·优（Camtue）
5090,深方图（FT）
5091,白领公社
5092,伟新（WEIXIN）
5093,若腾
5094,绿电（Lvdian）
5095,录典（LD LUDIAN）
5096,fangtek
5097,普伟
5098,高登尚（Golden Sound）
5099,RCA
5100,艾路摩
5101,RIBAO TECHNOLOGY
5102,航天斯达
5103,podoor
5104,X&X
5105,嘟嘟
5106,天香锦
5107,彩友乐（CAIUL）
5108,创硕（TECHAIN）
5109,耀致
5110,艾科朗（iClub）
5111,乐配乐数（LEPALS）
5112,正元智慧
5113,西星
5114,天顺（tianshun）
5115,装得快
5116,AZT
5117,REDS
5118,Hengyuan Albert
5119,美的卡
5120,Riqal
5121,WEEDO
5122,易度科技
5123,宏泰轩
5124,YINGXIN
5125,华威天宝
5126,喜胜
5127,准星
5128,唯衣宝
5129,缀林（zhuilin）
5130,乐标
5131,深纶科
5132,MGG
5133,普伦特（EasyThreed）
5134,小白
5135,印之友
5136,佰汇好（BAIHUIHAO）
5137,喜盛
5138,日灿（Rican）
5139,DCOMA
5140,DALNOS
5141,欧贝格（OUBEIGE）
5142,金菱一
5143,昌贸
5144,久派
5145,偶米（OMiMO）
5146,信通
5147,芯印
5148,品祺
5149,普法眼
5150,百维视（BEWISER）
5151,科芒
5152,粤扬（YUEYANG）
5153,麦恩
5154,田琪数影
5155,立标（Z-LABEL）
5156,合镁（hoRme）
5157,融星（RONGXING）
5158,Colortrac
5159,彦乐
5160,旺铺帮
5161,oline
5162,冠墨（guanmo）
5163,简数（JANS）
5164,湿井电器（wetwells）
5165,Tyless
5167,普斯迅
5168,THRIVE
5169,高科（GAOKE）
5170,音乐天使（MUSIC ANGEL）
5171,灏虹HH（haohong）
5172,联·技（LIANJI）
5173,欧拜（oposonic）
5174,柯豪高拍仪
5175,格立特（gelite）
5176,企艺通
5177,智和
5178,中展（ZHOGNZHAN）
5179,SETER
5180,东港
5181,鸿鹄鸣
5182,aao
5183,优扫
5184,斑马公园（ZEBRA PARK）
5185,埃森客（Ithink）
5186,豫新华
5187,whist
5188,奥束
5189,AUCTOPUS
5190,宇扬科技（YUYANGKEJI）
5191,南昊（NHII）
5192,得印（befon）
5193,华夏智信（IntelliData）
5194,EMPEROR
5195,法高阳光
5196,Zortrax
5197,影通（YINGTONG）
5198,NEWSCAN
5199,领域
5200,触灵（TreeE）
5201,子陌（ZIMO）
5202,多美（TAKARA TOMY）
5203,承码
5204,咕咕机（MEMOBIRD）
5205,佐凯（ZUOKAI）
5206,仁誉
5207,Zhimei
5208,昆普（KingPull）
5209,川正（CIZI-OP）
5210,爱耳目（IERMU）
5211,Kinghun
5212,联盾
5213,库范（Qoofun）
5214,酷发（COFAX）
5215,岡祈（Gangqi）
5216,柏为（BOWEI）
5217,MAGiCARD
5218,格之格
5219,盈丰
5220,阅满分
5221,哈曼卡顿（Harman/Kardon）
5222,IT-CEO
5223,Blueprinter
5224,PICKIT
5225,CS-POS
5226,YAST
5227,CIPHER-LAB
5228,卡杰（CAGIE）
5229,赛弗
5230,YunYong
5231,科印（KYN）
5232,JIAPUM佳普码
5233,汉米尔顿
5234,远平条码
5235,盛世丰
5236,银禧
5237,施耐德（Schneider）
5238,佳话坊（JIAHUA）
5239,安几（ANJI）
5240,旗子
5241,铭展（mbot 3d）
5242,新斯大（ZONINGSTAR）
5243,Riwwwo
5246,欧本（OUBEN）
5247,开仰
5248,晟拓（suntalk）
5249,优威视（youways）
5250,微深（VisenTOP）
5253,轻松熊
5254,BIQU
5255,POSTOUCH
5256,赛格（SIEGE）
5257,macoboge
5258,DreamMaker
5259,汉邦微图（Micro Truth）
5260,莱特斯
5261,恩智星（ENZHIXING）
5262,乐歌（Loctek）
5263,威而信王牌
5264,铭升（MINGSHENG）
5265,天兿
5266,奇文（QWMEET）
5267,華訊方舟（HXFZ）
5268,斯科德
5269,威标
5270,YOUMATE
5271,康达特（KONTACT）
5272,阿隆索（alonso）
5273,Woosim
5274,博雅英杰
5275,ZP-print
5276,PingAn
5277,米其林（MICHELIN）
5278,艾码森（AIMASEN）
5279,韦瑞固德（Verygude）
5280,大唐電信（DTT）
5281,科罗尔（keluoer）
5282,丰盈
5283,POSCN
5284,乐帆（LeFanT）
5285,Makesome
5286,冠众
5287,致威
5288,胜为（shengwei）
5289,尚展（SHANGZHAN）
5290,贝恩（BANSOT）
5291,中电博微（ECRIEE POWER）
5292,海瑞洋（HAIRUIYANG）
5293,HONGDAK
5294,N Mark
5295,AMIRO
5296,商至信（SHANGZHIXIN）
5297,腾达（Tenda）
5298,TANGO
5300,新灿
5301,艾吉恩（AIJIEN）
5302,野花（YEHUA）
5303,伟易达（Vtech）
5304,维派克（V-PACK）
5305,卡米（CARME）
5306,鲁查亚（nuxaya）
5307,统瑞
5308,京选
5309,鑫北洋（TBY）
5310,先科（SAST）
5311,柯绍
5312,意高
5313,简盟
5314,WellPay
5315,虹鼎（HOLION）
5316,映美佳
5317,英曼隆（iNMANLON）
5318,富顺达
5319,KIXIN
5320,博扬（BOYANG）
5321,中伟（ZHONGWEI）
5322,亦思文（isvirens）
5323,AIO Robotics
5324,财友
5325,解密者（DECRYPTERS）
5326,白雪（snowhite）
5327,SNOWHITE
5328,铱方
5329,云上铺
5330,VIKIS
5331,万利达（Malata）
5332,罗金马
5333,趋势科特
5334,POTEVIO
5335,傲锋（AOFENG）
5336,华谊（hmovie）
5337,佰记
5338,鸿达
5339,地牌
5340,领域（Leawin）
5341,赞采
5342,dostyle
5343,0+1
5344,AOPRE
5345,千变触控（QB touch）
5347,ATER
5348,凡拓（Funtuos）
5349,瑞俪通
5350,灼华（ZhuoHua）
5351,明加（MINGMORE）
5352,明庭（Mainstays）
5353,阳淳（youngch）
5354,银安
5355,myFAX
5356,加加林（JAJALIN）
5358,Asmix
5359,故事光
5360,思高
5361,arnest
5362,研造（INZER）
5363,e代
5364,SYBLE
5365,Vsee
5366,越创
5367,BLACKPOULO
5368,奥趣
5369,北京趋势
5370,C派
5371,色果
5372,智造宝
5373,AmazonBasics
5375,巡优
5376,莱盛
5377,乐星
5378,骁鼎
5379,蓝盾（LANDUN）
5380,ONTOP
5381,Cytech
5382,富沐
5383,leajoy
5384,Double Robotics
5385,ATOROR
5386,选哲（XUANZHE）
5387,艾德尼（ADNEEDS）
5389,万华（WANHUA）
5395,凌美（LAMY）
5396,百乐（PILOT）
5401,派克（PARKER）
5402,斑马牌（ZEBRA）
5403,英雄（HERO）
5405,三菱（MITSUBISHI）
5410,毕加索（pimio）
5412,国誉（KOKUYO）
5414,三年二班
5415,樱花（SAKURA）
5416,施德楼（STAEDTLER）
5418,uni
5420,真彩（TRUECOLOR）
5421,永生
5422,宝克（BAOKE）
5423,星朋
5424,信发（TRNFA）
5425,法拉蒙（faramon）
5426,辉柏嘉（Faber-castell）
5427,凯萨（KAISA）
5428,迅想（XUN XIANG）
5430,优和（UHOO）
5432,马利（Marie's）
5433,爱好（AIHAO）
5434,南国书香
5435,皇者.巴威（bivis）
5438,KACO
5442,成文厚
5443,猫太子（MAOTAIZI）
5444,马培德（Maped）
5449,金隆兴
5450,梦特娇（MONTAGUT）
5451,耐力（NIKO）
5452,中华
5453,新时达
5454,天之（Tianzhi）
5455,迪士尼（Disney）
5456,蒙玛特（Mont Marte）
5460,LAMY
5461,kinbor
5462,荣宝斋
5463,申士（SHEN SHI）
5464,红环（rotring）
5465,彩格（CHG C）
5466,万宝龙（MONTBLANC）
5467,派通（Pentel ）
5468,立信
5470,芬尚
5471,埃特（elite_value）
5472,思笔乐（STABILO）
5473,用友表单
5474,朗捷（longe）
5475,中盛画材（transon）
5476,正彩
5477,斯塔（STA）
5483,康颂（CANSON）
5484,马可（MARCO）
5488,金得利
5489,芬菲文创
5490,绍泽文化（ShaoZe Culture）
5491,Double A
5492,百乐（BAILE）
5493,玛丽（Maxleaf）
5494,白金（PLATINUM）
5495,六品堂
5496,彩格
5497,传美
5498,益而高（EaGLE）
5499,亚信
5502,乾越（qianyue）
5503,欧标
5504,金万年（Genvana）
5506,铭大金碟（MNDA）
5507,温莎牛顿（WINSOR&NEWTON）
5509,满誉（MYC）
5510,DUKE
5511,樱花
5512,斯图（sitoo）
5513,树德（Shuter）
5514,三合（SUNHEY）
5517,强林
5520,乐普升
5521,富得快（FUDEKUAI）
5523,啄木鸟（TUCANO）
5524,天派（TIANPAI）
5525,百利金
5526,欧唛（oumai）
5527,TEXAS INSTRUMENTS
5528,京呈
5529,连盛
5530,V4INK
5534,云之彩（YunZhiCai）
5535,探戈（TANGO）
5536,PLUS
5537,毕加索（PICASSO）
5538,扬帆耐立（YFHC）
5539,迈思
5541,晨好（CHENHAO）
5542,苏铁时光（soti time）
5544,George Willsons
5545,紫林轩
5546,欣格
5547,格美格
5548,无印良品（MUJI）
5549,北极熊（Polar bear）
5550,蜻蜓（TOMBOW）
5551,乐多（OHTO）
5552,前通（front）
5553,N次贴（STICKN）
5554,优尚钢笔（OASO）
5555,浪华
5556,科星
5557,百利金（Pelikan）
5558,鑫佰森
5559,歌珊
5560,安蔻（ANGOO）
5561,奥博（AOPO）
5562,金儿博士
5564,优凡文具（yoofun）
5566,手牌（SDI）
5568,百旺
5570,旗牌（Artline）
5571,Tombow
5573,柏伦斯（borrence）
5576,never
5577,多加（duga）
5579,赛润（Sairun）
5580,京造
5581,康百（KBEST）
5582,知印
5585,卓联（ZHUOLIAN）
5586,双羊牌
5588,花花公子（PLAYBOY）
5589,玛丽
5590,三菱
5591,TOUCHNEW
5592,倍方
5594,力武（liwu）
5595,御宝阁
5596,章紫光
5597,道林（DAOLEN）
5598,雄狮（SIMBALION）
5600,Verbatim
5601,彩印美
5603,易达（Esselte）
5606,富得快
5607,铨盛
5608,金谷
5609,飞兹（fizz）
5610,KOKUYO
5611,华杰
5612,百乐
5613,海歌
5614,秀普（Superior）
5615,锐意（Sharpie）
5616,法卡勒（FINECOLOUR）
5618,富美高（FolderMate）
5619,格瑞仕（grcez）
5620,LYRA
5621,U
5624,SHARPIE
5625,吴竹（KURETAKE）
5626,Touch mark
5627,铼德（RITEK）
5628,马利（Marley）
5629,博格利诺BOGELINUO
5630,掌握（GRASP）
5631,网易严选
5632,联华
5633,慕那美（monami）
5635,华昶（HUACHANG）
5636,本色
5637,永生（eosin）
5638,质印（ZHIYIN）
5640,高仕（CROSS）
5641,啄木鸟（WOODPECKER）
5642,佳印
5643,蜻蜓
5644,蓝果（languo）
5645,红杰（HONGJIE）
5647,佳美佳
5648,宁轩阁
5649,lamy
5650,智高（ZHIGAO）
5651,麦克赛尔（Maxell）
5653,赋比兴
5654,金豪（Jinhao）
5655,科思特（KST）
5656,高品乐
5657,monAmi
5658,TANOSEE
5660,道林
5661,纽曼（Newsmy）
5663,威禹（WY）
5664,远生（USign）
5665,艾利（AVERY）
5666,SAILOR
5667,奥韵（AOYUN）
5670,堂品
5671,罗地亚（Rhodia）
5672,米娅（MIYA）
5673,三奥
5675,纽赛（NUSIGN）
5676,藤井（fujii）
5677,TOUCH
5678,CET
5680,马可
5681,斯莫尔（SIMOER）
5683,三曼多
5686,萨搏（sabo）
5687,礼赞（LISEUR）
5688,益格（BEUG）
5689,优品课（Uoopink）
5690,鑫龙竹友（xinlongzhuyou）
5691,中华（ZHONGHUA）
5692,众望普惠（ZHONGWANGPUHUI）
5693,听雨轩
5694,添今堂
5695,曼能（MANNENG）
5696,凯诚七星彩
5697,栢利图（BOLEITUN）
5698,贝碧欧（Pebeo）
5701,班图
5703,senator
5705,MAGTIGER
5706,金领
5707,喜通
5708,初品
5709,欣乐（UPM Copykid）
5710,長詩（ChangShi）
5711,国俊众博
5712,三菱（Mitsubishi）
5713,德仕高（DISCO）
5714,樱花（YINGHUA）
5715,SCHNEIDER
5716,海特（Hite）
5717,佳翔
5718,PLATINUM
5719,周虎臣
5720,真彩（ZHENCAI）
5722,财智（CATCH）
5723,威迪文（WATERMAN）
5724,东亚（DONG-A）
5725,普林泰科（printec）
5726,时光行者（TIMEWALKER）
5728,金旗舰（FLAGSHIP）
5729,泛太克（FANTAC）
5730,奥罗拉（AURORA）
5731,天卓（TIZO）
5732,凌美
5733,变形金刚（The Transformers）
5734,乐橙
5735,欧斯洛（OUSSIRRO）
5736,至尚·创美（SCM）
5737,morning glory
5738,利蓝（LEADLAND）
5739,YOQUN
5741,普象（PUSUN）
5742,日本蜻蜓（TOMBO）
5744,博文（BoWen）
5745,凡高（fangao）
5746,锦成印刷（JINGCHENG PRINTING）
5748,一口米
5749,凯博（Campo Marzio Design）
5750,武京生
5751,中宣堂（zhongxuantang）
5752,百利文（Bailiwen）
5753,九千年
5754,pimio
5755,东禾
5756,東格
5760,Midori
5761,汉高百得（Pattex）
5763,金球（Gold Ball）
5764,汇东
5765,咖路（CARL）
5766,KAWECO
5767,玛丽（MALEE）
5768,珠友文化（Chuyu culture）
5769,华鸥
5771,龍之印
5772,毅力达
5773,湖颖
5774,银鹰
5775,SONIC
5776,联众
5777,欧迪办公（officedepot）
5778,皓博
5779,Filofax
5780,一得阁
5781,变形金刚（Transformers）
5782,艺雅（LYRA）
5783,格瑞士（GRCEZ）
5784,旗牌（Shachihata）
5785,犀飞利（sheaffer）
5786,渡美（Dumei）
5787,亚众
5788,万能通（W.N.T）
5789,思齐（SiQi）
5790,百爽（Baishuang）
5791,莫奈（Monet）
5792,树德
5793,罗氏
5795,前通
5796,D&S
5797,Pent
5798,马可（make）
5800,雅齐利（Yaqili）
5801,财霸（CAIBA）
5802,一立
5803,三菱鉛筆（MITSUBISHI）
5804,墨点
5805,科记文具（KEJEA）
5806,天之丽
5807,智高（CHICCO）
5808,用友
5809,联华（LENWA）
5810,联众（UME）
5811,丫米
5814,卓达（trodat）
5815,鲶鱼墨水
5816,得韵（DERWENT）
5817,图能
5818,富强
5819,ONLINE
5821,合式美（HESME）
5824,橘林
5825,丰丰（STATIONERY）
5826,臻言
5827,马格利特（Magritte）
5828,超时（CHoSCH）
5829,班歌
5830,高尔乐
5831,迅易快赢
5832,乐泰（loctite）
5833,Rhodia
5834,拜斯特（BAISITE）
5835,SDI
5838,康百
5839,front
5840,爱利华（OLFA）
5841,锦兔
5842,尤斯隆
5843,文谷（Wengu）
5844,米卓
5845,佐聿
5846,芮翔（RUIXIANG）
5847,能率
5848,polymaker
5849,万能通
5850,点石
5851,season
5854,四友
5855,和利金
5856,LETO
5857,超级飞侠
5859,晨芳（CHENFANG）
5860,CAGIE
5861,STICKN
5863,三木章
5864,晨鸣（chenming）
5866,湖韵
5867,北斗（dipper）
5869,芭比（Barbie）
5870,雅柯莱
5871,Lihit LAB.
5872,LIFE DOCUMENT
5873,塔奇丽特（Touchliit）
5874,益思（Yes）
5875,ELFINBOOK
5876,弓箭手（Arcarius）
5879,雄狮
5880,万彩（WanCai）
5881,青竹画材（CHINJOO）
5882,新绿天章
5883,GIOTTO
5885,名創優品（MINISO）
5886,宝虹
5887,大嘴猴（Paul Frank）
5888,金辉腾
5889,成田（NarIta）
5890,戈德（GUARD）
5891,东洋（TOYO）
5892,爱墨
5893,天屿
5894,艳阳天
5895,名爵（MOREJOY）
5896,宗茂（zongmao）
5897,俞唐
5898,奇乐（GIOTTO）
5899,变形金刚
5902,520
5903,劲牌
5904,国俊众搏（guojunzhongbo）
5907,缤乐美（PAPERATE）
5908,和日升
5909,钊盛
5911,银杉公子（YINSHANGONGZI）
5912,cobol
5914,PUKKA
5915,信诺
5916,震印（SHCOPY）
5919,贝多美（BeiDuoMei）
5920,高端（TECH-A）
5921,宝辉（BAOHUI）
5923,JONG IE NARA
5924,火鸡
5925,学朋
5926,天高（TWINGO）
5927,Hello Kitty
5928,渡边（GAMBOL）
5929,文正（winning）
5930,晨好（ch）
5931,雅文（Aria）
5932,久印
5933,绘儿乐（Crayola）
5935,铭昌泰
5936,抒写（SHUXIE）
5937,米娅（mia）
5938,墨客沁
5939,信诺（signew）
5940,西瓜太郎（Melonboy）
5943,依人（YIREN）
5945,趁早
5947,浩立信
5949,亮丽（SPLENDID）
5950,长书
5952,网易
5953,AMOS
5954,伊莎儿
5955,青联（qinglian）
5956,梅第奇（MEDICI）
5957,梅第奇
5958,梅第齐（MEDICI）
5960,金印九星光敏
5961,老人头（lotory）
5962,漫步时空
5963,HIGHTIDE
5964,柏莱斯（BLESSOF）
5965,柏顿
5966,盟品
5967,凌龍（Ling Long）
5968,巨门
5970,博通
5971,勤得利
5972,汪同和
5973,弘典
5974,优乐文具（ULO）
5975,尧牌
5976,拾光（misstime）
5977,RIGHT
5978,施莱登
5979,Congce
5981,小鱼儿
5982,卡杰
5983,J.Herbin
5984,摩本（MOBEN）
5985,纸中作乐
5986,开馨宝
5987,晨通（CHENTONG）
5988,马蒂斯
5989,蜻蜓（DRAGONFLY）
5991,卡乐宝（kalebao）
5993,北威（YAMAYO）
5994,百能（Bensia）
5995,成阳
5996,好字成（haozicheng）
5997,爱涂图（Artoop）
6000,艺美佳（IMACOLOR）
6001,勤得利（qindeli）
6002,XSTAMPER
6004,晨奇
6005,曼蒂克（Mandik）
6006,环球
6007,maruman
6008,悟生
6010,小灵精
6011,品卓好礼
6012,方菱（FANGLING）
6013,高宝（COBOL）
6014,禧御（XIYU）
6015,半句
6016,远图（YT）
6017,阿摩司（AMOS）
6018,信利（TRULY）
6019,鸿諾（HON）
6020,上心
6022,奥文
6023,智牌（ZHI PAI）
6024,Smingda
6025,南孚
6026,UNICORN
6027,视维德放大镜（SCHWEIZER）
6028,BAiLE
6029,品轩阁（pinxuange）
6030,瑞声达
6031,聚物酷（JUWUKU）
6032,杰思特（JEAST）
6033,TRANSFORMERS
6034,大手印
6036,恒品（HENGPIN）
6037,良山
6038,广友（GUANGYOU）
6039,雅鹏
6040,PAPERBOAT
6041,格式
6042,旗文
6044,UNIVERSITY OF OXFORD
6045,汇美影像（HYMN）
6047,SHVG
6048,红印
6049,一正（YiZHENG）
6050,奇丁
6051,好梦想
6052,畅承（CHANCHAIN）
6053,宏瑄
6055,HWAHONG
6056,步频（bupin）
6057,美磊（MeiLei）
6058,好悠慧
6059,清朴堂
6060,杰利（JIELI）
6061,逸之星
6062,金辉（PLUME）
6064,中柏
6065,正优
6067,吉利发（GILIFA）
6068,博金来（BOJINLAI）
6071,金富州
6072,双杰
6073,探戈
6075,欧伦
6076,智美环球
6077,益思（UPM Yes）
6079,上海利特（letersh）
6080,奇墨王
6081,捷省（JUSAVE）
6082,现代美（XDn）
6083,六鑫
6085,paperblanks
6086,悦利（richblue）
6087,弘羌
6088,MONTEVERDE
6089,太阳星（sun-star）
6091,玉禄纸品（YULU PAPER PAPER INDUSTRY）
6092,爱斯盛
6093,ISOLAB
6095,快力文
6096,東米
6097,ULO
6099,多利摩尔（DOLLIMO）
6100,淘禧（TX Taoxi）
6102,京辰
6103,丽珑
6104,蓝鸽（LNG）
6105,迪多（deflect-o）
6108,卡诺卡（CALOCAA）
6109,蒙奇奇（monqiqi）
6110,SONiC
6111,京潮港（JingChaoGang）
6112,万仕龙
6113,双诺
6114,另色鬼
6115,乐析
6116,三文堂（TWSBI）
6117,朗印
6118,金辉
6119,FGHGF
6120,豪玛（HERMA）
6121,迈家（maijia）
6122,天官牌
6124,钧博（Junbo）
6125,盈佳
6126,利邦
6127,北斗（DIPPER）
6129,戴记徽尚坊
6130,凤凰（Phenix）
6131,永大
6132,虹昇（HONGSHENG）
6133,熙立信（XiLixiN）
6134,雅丽
6135,银河如意（YIN HE RU YI）
6137,沃曼（Waldmann）
6138,考诺尔（KOH-I-NOOR）
6139,海医（Hey Model）
6140,爱卡乐（ICOLOUR）
6142,爱尚文房（AI SHANG WEN FANG）
6143,STALOGY
6144,国俊众博（guojunzhongbo）
6145,布谷鸟（cuckoo）
6146,驰丹卡（CHIDanKa）
6147,麒霁（qiji）
6148,浔雅轩
6149,轻奢莫品
6150,诗友
6151,Touchthree
6152,GAO SHANG
6155,优得佳（YOUDEJIA）
6156,弘文阁
6157,遵爵（POTENTATE）
6158,多利博士
6160,徽姑娘
6161,DAYCRAFT
6162,豫安宁
6163,苏品
6164,佳灵通（Clariton）
6165,海博信
6168,致旗
6169,KURETAKE
6170,蘭軒
6173,哲趣
6174,杜拉宝（DURABLE）
6175,清风
6176,富乐梦（FLOMO）
6178,天威立信
6179,HELLO KITTY（HELLOKITTY）
6180,LEUCHTTURM1917
6181,晨奇文具（CHENQI STATIONERY）
6183,博楷茂兴（BOKAIMAOXING）
6185,恒利源
6186,永友
6187,JUYA
6189,领岳（Led yue）
6190,征拓者
6192,御品宣
6193,SEASON
6197,御杰
6198,WINSOR&NEWTON
6199,Lark Pad
6200,佳星（JIAXING）
6201,鸣狮
6202,诺丽色（NORIS）
6204,芈悦
6205,艾克马（Aikema）
6206,乐上（LEXON）
6207,上济（Sungift）
6209,永益
6210,宝然
6211,千百代
6213,蜘蛛侠（SPIDER-MAN）
6214,翰司
6215,卧凰阁
6217,绘儿加
6218,宁宣宝阁
6219,可普（kepu）
6220,垒固
6221,达善
6222,特力虎
6223,慕拉（mulla）
6224,MYSCAN
6225,紫云网
6226,鑫方成
6227,欧领
6228,鑫莱美（Xinlaimei）
6229,TAT
6230,双维（SHUANGWEI）
6231,盟友
6232,森飞（senfei）
6233,丰丰
6234,赞扬（Praise）
6235,艾唯印
6237,丽图（Rito）
6239,艾利
6240,纸艺时代
6241,FUNGLOBE
6242,锦欣牌
6243,天使之音（Angelsounds）
6244,速销宝（sviao）
6245,拓普达
6247,英源（INYAN）
6248,派仕（Paisin）
6249,SOLOVE
6250,德艺堂
6251,红绿蓝
6252,婉约江南
6253,光奇
6255,清波（qingbo）
6256,Campus
6257,慕贝
6259,UHU
6260,港信（GANCIN）
6261,信必和（XINBIHE）
6262,燕赵万卷
6263,顽意屋
6264,比优米
6265,景星（jingxing）
6266,英力佳（YingLiJia）
6267,康大（CONDA）
6268,国增（GZ）
6269,三格田（SANGTY）
6270,钱多多（QD QIANDUODUO）
6271,湘期（XIANGQI）
6272,唯赐宝（witspal）
6273,白金丽人
6274,瑪爾森
6275,PAPER MATE
6276,博士（BOSHI）
6278,HA.BC
6279,元浩
6280,故宫
6282,丽碟（TODISC）
6283,德格夫（Daycraft）
6284,Classic Teddy
6285,滨宝
6287,鸵鸟
6289,UNISUN
6290,SAM
6291,竹咫斋
6292,grdsp
6293,GAMBOL
6294,Gambol
6295,美缔
6296,瑞普（reap）
6297,比克（BIC）
6298,飞联视野（feilianshiye）
6299,名笔世家
6300,辉航
6301,越来越酷（COOLCOLD）
6303,艾文格（AWG）
6304,亿觅（emie）
6305,百特（paiter.）
6306,乌纱帽
6307,一鼓作气
6308,金方圆
6310,尖兵
6313,高漫
6314,雅莎卡
6315,永实
6316,金万年 知道（KNOW）
6317,信鹏发（XINPENGFA）
6318,CMYKSUPPLIES
6319,柏之美
6320,雅岚（YaLan）
6321,百联臣
6322,連邦
6323,演绎（TALKSTORY）
6325,绘境（hui）
6326,碳墨轩（tamoxu）
6328,Hellokitty
6329,丹焜
6331,众石
6332,托瑞文房
6333,苏拉达（Surada）
6335,AMUSE
6336,SKB
6337,未来（Future）
6339,北星铅笔（KITA-BOSHI PENCIL）
6341,金美莱
6342,驿宝
6343,翰轩阁
6344,乐销购（LEXIAOLE）
6346,晟琪（SHENGQI）
6347,力路（LILU）
6350,一暖创意（YINUANCHUANGYI）
6351,华富鹰
6352,中大佳华
6353,宝溜溜（baoliuliu）
6354,巨匠
6355,派锐美科（Premec）
6359,touchfive
6360,嗣大
6361,飞毛腿
6362,TH
6363,美铿
6364,大皮院
6365,金佰铭（JBM）
6367,好顺（Horizon）
6368,好顺（HAOSHUN）
6371,HARVARD
6372,共升
6373,金雕（JinDiao）
6374,翠远
6375,colorway
6376,一碟红叶
6377,凤景（TL）
6378,KENY CLUB
6379,王梓
6380,余人（YUNREN）
6381,爱蓓优
6382,广美
6383,山
6384,雪山
6385,匯東（HUI DONG）
6386,鑫鼎达
6387,名动河山
6388,益乐购（EALGOU）
6389,太慕斯
6390,图润
6391,汇星文具
6392,文曦（vince）
6394,通立莱（TonLiL）
6395,梁溪信义
6396,IWAKO
6397,海之欧
6398,安内斯（ANEOS）
6399,hellokitty
6400,HELLOKITTY
6401,井田志
6402,旭龍山莊
6403,清宜坊（QINGYIFANG）
6404,UPEN
6406,大嘴猴（PAUL FRANK）
6407,频跃（pansyue）
6408,图盛（TUSHENG）
6409,事百顺
6410,粤勇
6411,万胶鼎
6412,晟邮（SHENG YOU）
6413,百轮（BirdRoom）
6414,小卡尼（XIAO KA NI · XIAO KA NI）
6415,威诺思（VERNOCE）
6416,克利欧（Cleo Skrilbent）
6417,宣青
6418,当果（dangguo）
6419,周贵和（zgh）
6420,虎彩
6421,全彩
6423,LILENG
6424,红星
6425,银河瑞雪（YinHe LuckySnow）
6429,永冠
6430,江博士（Dr.kong）
6431,利百代
6432,联普达（LIANPUDA）
6433,topcent
6434,H & MEI
6435,磅丹
6436,摩斯维（msvii）
6437,汝阳刘
6438,AP
6439,初心
6440,节优（JIEYOU）
6441,卓林（ZHUORM）
6447,凯豪（KINDHOARD）
6448,弗克风
6449,通必发（Tongbifa）
6450,喜登门
6451,亚信（CPJ）
6453,佐聿（ZL）
6454,新鵬宇（XPY）
6455,PAFULUO
6456,金展
6457,万达
6458,才状元（CaiZhuangYuan）
6459,尚珑
6460,光视达
6461,漢唐
6462,海森堡（HASEBO）
6463,伊达时（GATGS）
6464,Member's Mark
6465,佐聿（zuoyu）
6466,雪奥
6467,沁凌斋
6468,雅皮仕（APS）
6469,浙晟（zhesheng）
6470,AI-Gift
6471,恒超（HNCHO）
6472,奔途
6473,原加
6474,REEVES
6475,MEAD
6476,新代
6477,好运道
6478,沃克（WOKE）
6479,施华洛世奇（SWAROVSKI）
6480,天天见
6481,乐伊（Leyi）
6482,墨运堂（MOYUNTANG BOKU UNDO CO LTD）
6484,宜视宝（ESCHENBACH）
6486,文心（WenXin）
6487,易利文
6489,京印印务（Jingyin Printing）
6490,COMFAST
6491,妙卡
6492,華進
6493,生活演异
6494,ALTECO
6495,戚小米（QI XIAO MI）
6496,大创（daiso）
6497,龙岐
6498,亞興（YA XING）
6499,江起点（JIANGQIDIAN）
6500,梵瀚（FANHAN）
6501,雨博会展（YU BO HUI ZHAN）
6502,华韵礼遇
6503,宣和
6505,万帮（W&B）
6507,龙田（LONGTIAN）
6509,柏冠
6510,卡妮琪（CRANEKEY）
6511,童鸽
6512,喜盼
6513,娜菲依特
6514,沃贴客
6515,妙轩阁
6516,百利来（PORAI）
6517,伊达时
6518,小懒猪
6520,德致
6523,大千纸业
6524,秋乐
6526,NT CUTTER
6528,帕加马
6529,金晨鸣
6530,诺码（NM）
6531,物有物语（wuyouwuyu）
6532,艾普瑞斯
6536,笔下
6537,sunstar
6541,BARBIE
6542,里莜（live in you）
6544,HUI SHENG
6545,周文
6546,德米萨（Dimix）
6547,Yuki
6548,西语（XIYU）
6549,登峰
6551,嘉视图
6552,瑞丽（RAL）
6553,娄兴
6554,文章（WENZHANG）
6555,童橙映画
6557,淮星
6558,新格玛
6559,金太阳（GOLDEN SUN）
6561,得耳特
6562,GAO-SHANG
6563,派拿波
6565,京信
6566,闪乐（SHANLE）
6567,VISCONTI FIRENZE
6568,凯蒂卡乐（KIDDYCOLOR）
6569,爱雷博（ilabel）
6570,英华（YINGHUA）
6571,酷哥
6572,慕莲花
6573,蜂鸟
6574,利百代（Liberty）
6575,高乐士（KORES）
6576,思迈特（smato）
6577,weis
6579,博莹玥胜赢（YBYWINWIN）
6580,一点灵犀（YDLX）
6581,益通（Eton）
6582,Otto Hutt
6583,五千年（WUQIANNIAN）
6584,泽菲
6586,欧客欣（AUKEWIN）
6587,BQ百强
6588,诚倍
6590,如墨文房第五宝
6591,艾帛利（Abooly）
6592,金尖
6593,卓越佳印
6594,美邦祈富（BGI-WAPM）
6595,三兔（THREERABBITS）
6596,奔流（Benliu）
6597,奥德赛（AODESAI）
6598,ANEOS
6599,LEATHEROLOGY
6600,THE OPENBOX
6601,GIOTTO be-be
6603,必高（BIGAO）
6605,那鸿（Nahoo）
6606,容德和正
6607,金翼
6609,康铂（COMNPRO）
6610,牛津大学（University of Oxford）
6611,欧文
6612,俏雅
6613,快灵通（KLT）
6614,得力佳
6615,邦道
6617,PRIMO
6618,松柏
6619,Kensington
6620,易本天下（YIBEN WORLD）
6621,YOME
6625,双憬
6626,畅志U品
6628,欧文（OVAL）
6629,雅佳（AKAI）
6630,M.Graham & Co
6631,魔力斯奇那
6632,普麗猫（Primomo）
6633,MIQUELRIUS
6634,雅瑪頭（YAMATO）
6635,亦思文
6636,ten
6637,狮王（Lion）
6638,京氏
6639,优迈
6640,n9
6641,得本（Deben）
6644,巴特福拉（BTFL ART）
6645,思印
6646,晶华胶带 JH JINGHUA TAPE（JH JINGHUA TAPE）
6647,木雷（Muulee）
6648,善琏村
6649,顶贴（TOPSTICK）
6650,FPlife
6651,绘王（HUION）
6652,彩熙
6653,ZH
6654,SEMIRAMIS（勒马丝）
6655,葵花（kuihuap）
6656,天堂树
6657,志诚
6658,妙入神
6659,佳然
6660,超瑞科技
6661,laite
6662,宅小仙
6663,贝曼达（BEMANDA）
6664,SDLP
6665,欧鳄
6666,梵尚（VONSUN）
6667,永祥興
6668,礼意久久（LiYi99）
6669,陳百萬
6670,UEK
6671,奥林丹
6672,Pokemon
6673,启新（NEWRISE）
6674,Cmile
6675,圆一
6676,协和（KYOWA）
6677,LINE FRIENDS
6678,glass pen
6680,蜗牛向上
6681,艺术殿堂
6682,学子（xuezi）
6683,ICOM
6684,PXG
6685,联木（LianMu）
6686,标印（biaoyin）
6687,铭洋（Ming Yang）
6688,比其利
6689,派利（PAILI）
6691,报事贴（Post-it）
6692,夏梅（xiamei）
6694,海佳（HAIJIAV）
6700,火山星（Huoshanxing）
6701,AOZORA
6702,名人字画
6703,阿思卡（Asmix）
6704,KeIDAI
6705,菡蕊（HR Hanri）
6706,非比寻常（Unusually）
6707,斯格顿（Skeleton）
6709,顽意
6710,老人头（LAORENTOU）
6711,飞思扬循（feisiyangxun）
6712,多利（BENEFIT）
6713,GLOBE MPR
6714,恒佰利（HENGBAILI）
6715,御轩阁（yuxuange）
6717,阿尼戈尼（Annigoni）
6718,明瑞
6719,德旺（DeWang）
6720,喜金苹（sinkinp）
6721,葵雨
6722,靓之宝（Liangzhibao）
6724,光梦
6725,奥斯邦（Ausbond）
6726,环速（HUANSU）
6727,一墨相惜
6728,美都（Metro）
6729,巨讯科技
6730,玉尊华夏（yuzunhuaxia）
6731,菩璞
6732,简约派（Minimalism）
6734,信隆发（XINGLONGFA）
6735,朴坊（SIMPLE MILL）
6736,天天练（Tiantianlian）
6737,咔米嗒（KAMIDA）
6738,伟德（V-tech）
6739,沪模
6740,资联办公
6742,琪跃成（QI YUE CHENG）
6743,翰朗（HANLANG）
6744,尼奥尼（NYONI）
6745,黄昌典
6746,蘭寳斎
6747,朱水兵纸业
6748,小黄人
6749,美宁
6751,丽唯特
6752,善禧
6753,大头人（datouren）
6754,M&G
6756,墨一阁
6760,黄金搭档（OPTIMUM PARTNER）
6761,南方煜森（YSY）
6762,树朵
6763,蒙唐（MENGTANG）
6764,陈氏练字通
6765,共田
6766,美树
6767,南北双雁
6768,微漫制造
6770,良尚
6772,NEWHOPSON
6773,MASAUSTU
6774,诺辰
6775,里奈（RINA）
6776,王字
6777,BEAST KINGDOM
6778,驿嘉
6779,AKESR
6780,悦力
6781,酷印（KP KOOL PRINT）
6782,华扬纸业
6783,洪兴
6784,MOSSY OAK
6785,长草颜团子
6786,匠品
6787,axel weinbrecht design
6788,邦克仕（Benks）
6789,好学宝
6792,多林
6795,快揭
6796,姜思序堂
6799,益视宝
6800,如歌
6801,狮普（SHIPU）
6802,速达软件
6803,碧茂（BIMAO）
6804,koala（KOALA）
6806,威艾斯（vs）
6807,菲比（FABric Animals）
6808,KING LION
6809,枫之冠
6810,手捞坊
6812,狮马龙
6815,鸿泰（HOMTAI）
6816,酷渤（KKUBO）
6817,翠鸟
6818,柏洋（boyang）
6819,晨鸣祥云
6820,Printwindow
6821,新星（newstar）
6822,TA TA
6823,华腾富明（HUATENG FUMING）
6825,格物致知（GEWUZHIZHI）
6826,光辉
6827,森汇林
6828,泰南德（TAINANDE）
6829,超辉（CHAO HUI）
6830,礼意达
6831,黑啾（heycute）
6832,英力佳
6833,炫方
6834,千金（QIANJIN）
6835,博时
6837,山业
6838,多杰
6839,绿皇（KINGREEN）
6840,晚春
6841,勃朗（BOLANG）
6842,金友
6843,修鞋匠（xiuxiejiang）
6844,淘了吗
6845,USK
6846,楚天飞鹏
6847,北极针
6848,JADItoner.com
6849,Turbo
6850,OCB
6851,易聚利（EJULI）
6852,The Work Life Innovator
6853,百强（BQ）
6854,文烁
6855,倍量
6856,欧洋（NICEBAR）
6858,金蝶妙想
6859,诺邦（Nobon）
6860,New-YC
6862,RYUJIRUSHI
6863,聚和
6864,昌实
6865,君士轩（JUNSHIXUAN）
6866,初晨
6867,晨鸣共好
6868,金宝兄弟（Jinbaobrother）
6869,晨鸣柏洋
6872,新仕高（SUNCISCO）
6873,迪斯熊
6874,彩林轩（CAILINXUAN）
6875,帝马
6876,奥盛（AS）
6877,俊品（JUNPIN）
6878,观墨阁
6879,柏达通（BAIDATONG）
6881,添美丽
6883,东林（Copy paper）
6884,椰林牌
6885,鳯泉
6886,法品（FAPING）
6887,Limeworks
6888,雅阁轩
6889,Realtree
6890,曹张记宣纸（CAOZHANGJI）
6891,雪山（xueshan）
6892,特能
6893,ZLS
6896,Topi
6897,安妮
6899,致譽
6901,FUNNIMALS
6902,知识花园
6903,PHILIPPI
6904,SiPALS
6905,Derechte Scout
6907,金泓利
6908,磁立方（Magnet Cube）
6910,一支笔（a pen）
6911,保卫萝卜
6913,华夏万卷
6914,天坛
6916,老板牌
6917,新紫天章
6918,兰玛世（LUCK MOUSE）
6919,乐标（BRANDWork）
6920,pdmi
6921,益好
6922,布克（Buclas）
6923,剑桥（JIANQIAO）
6924,丝韵
6925,LOEWE
6926,史明克
6927,华驰（huachi）
6928,恒佳（Hengjia）
6929,福莱克（Fleck）
6930,PITCHIN
6931,众凡办公（Zhongfan）
6932,白象（WHITE ELEPHANT）
6935,诺辉（NUOHUI）
6936,古憶紫星
6937,nine sea
6938,雷諾兹（REANOLDSS）
6940,欣乐
6943,迈可贴
6944,魔法兜兜
6946,萬特佳（montegrappa）
6947,恒色（HENGSE）
6948,笔墨先锋
6949,丽丽普特
6950,朝起早
6951,FeelingCare
6952,匠艺
6953,必因必（BINB）
6954,旭泽（XUZE）
6955,晟琪（SHENG QI）
6956,瑞格
6957,明智（mingzhi）
6958,家舒乐
6959,八德（bade）
6960,唐寅（Tangyin）
6961,Touchtive
6962,Mt
6963,柯曼（colourmen）
6964,卓涵
6965,一橙
6966,TTAF
6967,信高（TATONE）
6968,明画
6969,白云翁
6970,典轩
6973,kocotree
6974,亿防
6975,第梵缇
6976,联星
6977,好易
6978,千千合
6980,颂捷
6981,久雄（JX）
6982,启都（cheedou）
6983,安俊
6985,未来世界
6986,如佳
6987,eom
6988,CJP
6989,永威（yong wei）
6990,优胶颂（OEA Ode of Excellent Adhesive）
6991,二星蓝（ERXINGLAN）
6992,CBA
6994,宣之觞（XUANZHISHANG）
6995,罗弗
6996,姿彩（Posture）
6997,Teenage Mutant Ninja Turtles
6998,讴丽瑟（O-LESER）
6999,远煌（YuanHuang）
7000,Clairefontaine
7001,舒展（Shuzhan）
7003,7CF
7004,Kocotree
7005,惠省（Hui province）
7006,蝙蝠侠
7007,木客优品（MUKEYOUPIN）
7008,kitpas
7010,铭塔（MING TA）
7011,赛杰（SAGEM）
7012,雅兰仕（EARISE）
7013,姚易君（YaoYiJun）
7014,优胜仕（USAMS）
7015,悦雅堂
7018,泓锦（HJSCCCD）
7019,Touchfour
7021,托马斯和朋友（THOMAS&FRIENDS）
7022,NAME PEN
7023,自由星
7024,Papier Tigre
7025,博目（BOOM）
7026,印帮网
7028,康森
7029,妈妈心选
7031,讯客
7032,卓诺
7033,奥西卡（AOXIKA）
7034,JQD
7036,旭龙（SUNLUX）
7038,怡灵
7039,众邦（ZHONGBANG）
7040,联兴丰
7041,美德时（Anymetre）
7042,Davi Atelier
7043,杉丹（shandan）
7044,大棠
7045,金谷轩
7046,叫我修吧（www.jwxba.com）
7047,HuXi
7048,宝慧仕
7049,伯多禄
7050,Rohrer&Klingner
7053,笨鸟先飞
7054,乐艾斯（LASYY）
7055,新讯
7056,科倍（Comby）
7057,Merries
7058,翘楚
7059,LIVERPOOL FOOTBALL CLUB
7060,阿尔莫（ARMOR）
7061,智尚（ZHISHANG）
7063,施巴（Sebamed）
7064,V-star
7065,珂珂依拿（COCCOINA）
7066,翟氏三炉
7067,逸信2088
7068,耐博（NAIBO）
7069,立阳（LY）
7070,JOINUS
7071,培乐多
7072,疯狂的麻麻
7073,银芯（yinxin）
7074,晶晰（JINGXI）
7076,华朗
7077,派琪（PAIQ）
7078,杨松源
7079,PICASSO ART PALACE
7080,佐澜哲（zuolanzhe）
7081,凯雪
7082,爱童宝
7083,Podor
7084,阳光天使
7085,乐加（LEJIA）
7086,九麟
7087,回忆
7088,奥迪双钻（AULDEY）
7089,heeton
7093,智派
7094,坐坐正（zuozuozheng）
7095,云檀
7096,光彩时尚
7097,哪里（nali）
7098,祺星
7099,歌柏
7101,启蒙（ENLIGHTEN）
7102,易合
7103,钓鱼台
7104,吉利發
7105,猫的天空之城（MOMISKY）
7106,卡斐乐（Cafele）
7107,好笔迹（HAOBIJI）
7109,绿巨能（llano）
7110,GMT
7111,畅捷通（Chanjet）
7113,贝恩施
7114,长城（GreatWall）
7115,著光（zhuguang）
7116,瑞鑫
7118,中联表单（Allycc）
7119,金响松（jinxiangsong）
7120,文熙阁
7121,启恒
7123,法适宝（Physiodose）
7124,超印（super print）
7125,奥睿科（ORICO）
7127,思漫优（Smanual）
7128,hape
7129,好乐星（Histar）
7130,COTS
7131,机乐堂（joyroom）
7132,蓝箭
7133,乖乖虎（Guaiguaihu）
7134,邮博（YOUBO）
7135,影家（CINE HOME）
7136,三暉
7137,金樽（Jinzun）
7138,童姿星
7139,御和書材
7140,金铭洋（jinminyang）
7141,净得丽（JING DE LI）
7142,ROLAND OJI
7143,七彩通（QICAITONG）
7144,御軒閣
7145,红旗舰（RedFLAGSHIP）
7146,传人
7147,欣百美（NEWBYME）
7149,百合缘（BAIHERE）
7150,五环
7152,辽印坊
7153,哈果家族（WeVeel）
7154,高仕杰（Goodsketch）
7156,wzMiDA
7159,ISIDO
7160,欧盛（OUSHENG）
7162,达斯尼（Dansny）
7163,旭展
7165,三胜
7166,泽盈（ZEYING）
7167,深汕
7168,CAIYOULE
7170,梦萌
7172,秒客
7173,冰暴
7174,The masters
7175,Elices
7176,乐猫（LECAT）
7177,MOVA
7178,威乐星（Well STar）
7181,王一品斋
7182,maak
7183,易兔（ITOL）
7184,康悦达（TJKYDKJ）
7186,酷MA萌（KUMAMON）
7187,德宇西
7188,粘力达（ZHANLIDA）
7189,輝力（HUILI）
7190,golove
7191,酷猴
7192,卡印美
7193,洛贝特
7194,Cosco
7195,右岸印象
7196,桂福堂
7198,TIE铁锚MAO（tiemao）
7200,热带森林
7201,可爱贴
7202,丽印
7203,古曼（GUMAN）
7204,东琴良品（DQLP）
7206,Targus
7207,JoanMiro
7208,自然之宝（Nature's Bounty）
7210,乐刻（leke）
7211,倍奥（bio-x）
7212,彼得·蓬然（peterpoint）
7213,猿人部落
7214,天蝸（TEAM WORK）
7215,阳光8点（YANGGUANGBADIAN）
7216,BISMARK
7217,STAD
7218,名润（MR）
7219,ELSTINKO
7220,奥美克（Aomeike）
7221,怡弘
7222,碳宝
7223,特力和乐（Holahome）
7224,夕琦宝贝
7225,久晨
7227,佐敦朱迪（Jordan&Judy）
7228,佑天兰（Utena）
7230,罗本德（LUOBENDE）
7231,小书经
7232,瓯南（ounan）
7233,曹一阁（CAOYIGE）
7234,simpleoa
7235,安达尔（Andaer）
7236,卡尔贝比（CAREBABY）
7238,千码
7239,YAONITING
7240,liquitex
7241,Hahnemühle
7242,NEWMAX TEC
7243,好字通
7246,爱克发（AGFAPHOTO）
7247,Artmate
7248,sdip
7250,IBM
7251,普享
7252,V’mo
7253,爱惊喜
7254,JS
7255,Drewchan
7257,三菱电机（Mitsubishi Electric）
7259,法比安诺（FABRIANO Boulique）
7260,晟旎尚品
7261,泰勒梅（Taylor made）
7262,清华同方（THTF）
7263,卡拉羊（Carany）
7265,风火轮（HOT WHEELS）
7266,茶花（CHAHUA）
7267,正义联盟（JUSTICE LEAGUE）
7268,澳贝（AUBY）
7271,Alba Botanica
7272,桃记
7273,富兰特
7274,萱雅斋
7278,祇树园（qishuyuan）
7279,颐和园（SUMMER PALACE）
7280,里伍
7282,Feliz！
7283,A.H&De
7286,京东（JINGDONG）
7288,会声会影
7289,管家婆
7290,京东
7291,Adobe
7292,茂日
7293,卡巴斯基（kaspersky）
7296,京东金融
7297,育林卫
7298,databoscn
7299,瑞星
7300,美萍
7302,畅捷通
7303,众途
7304,甲骨文
7305,NOD32
7306,速达
7307,18098
7308,Tableau software
7309,京东电器管家
7310,中星睿典
7311,东方微点（Micropoint）
7313,歌德塔（G DATA）
7314,KSBAO
7315,有赞（Youzan）
7316,聪信
7317,精斗云
7318,江民科技
7319,趋势云（TREND）
7320,YINGKEYU
7321,数据博世（databoscn）
7322,富翔智能（FU XIANG）
7323,苏亚星（Asiastar）
7324,YOZO
7325,趋势科技
7326,文电通
7327,360BUY
7328,古剑奇潭
7331,EasyRecovery
7332,腾鹰
7334,美咖
7336,BARTENDER
7338,宜安
7339,yuncheck
7340,苹美（PINGMEI）
7342,V8+终端安全系统
7345,老板必备
7346,云犀