47700,百雀羚（PECHOIN）
47701,欧莱雅（LOREAL）
47702,玉兰油（OLAY）
47703,自然堂（CHANDO）
47704,欧诗漫（OSM）
47705,一叶子（one leaf）
47706,御泥坊
47707,悦诗风吟（Innisfree）
47708,曼秀雷敦（Mentholatum）
47709,妮维雅（NIVEA）
47710,韩束（KanS）
47711,兰蔻（LANCOME）
47712,雅诗兰黛（Estee Lauder）
47713,WIS
47714,珀莱雅（PROYA）
47715,科颜氏（Kiehl's）
47716,资生堂（Shiseido）
47717,薇诺娜（WINONA）
47718,兰芝（LANEIGE）
47719,大宝（Dabao）
47720,雅漾（Avene）
47721,温碧泉（WETHERM）
47722,屈臣氏（Watsons）
47723,美迪惠尔（Mediheal）
47724,相宜本草（INOHERB）
47725,膜法世家（Mask Family 1908）
47726,美肤宝（MEIFUBAO）
47727,丸美（MARUBI）
47728,AHC
47729,碧柔（Biore）
47730,理肤泉（LA ROCHE-POSAY）
47731,水密码
47733,丝塔芙（Cetaphil）
47734,薇姿（VICHY）
47735,芙丽芳丝（Freeplus）
47736,碧素堂
47737,雪肌精（SEKKISEI）
47738,雪花秀
47739,欧珀莱（AUPRES）
47740,韩后（Hanhoo）
47741,资生堂
47742,花印（HANAJIRUSHI）
47743,贝德玛（BIODERMA）
47744,佰草集（HERBORIST）
47746,森田
47747,阿芙（AFU）
47748,蘭（LAN）
47749,美即（MG）
47750,露得清（Neutrogena）
47751,伊丽莎白雅顿（Elizabeth Arden）
47752,京润珍珠（gNPearl）
47753,无印良品（MUJI）
47754,莱斯璧（recipe）
47755,珂润（Curel）
47756,倩碧（CLINIQUE）
47757,同仁堂（TRT）
47758,自然共和国（NATURE REPUBLIC）
47759,娇韵诗（CLARINS）
47760,透真（LUCENBASE）
47761,蒂佳婷（Dr.Jart）
47762,SK-II
47763,后（The history of whoo）
47764,RE:CIPE
47765,芳珂（FANCL）
47766,高丝（Kose）
47767,肌美精（Kracie）
47768,麦吉丽（Mageline）
47769,千纤草
47770,苏秘37°（Su:m37°）
47771,玫琳凯（MARY KAY）
47772,海蓝之谜（LA MER）
47773,法兰琳卡（FRANIC）
47774,The history of 后（The history of Whoo）
47775,芭乐雅（Balea）
47776,赫拉（HOLA）
47777,水宝宝（Coppertone）
47778,城野医生（Dr.Ci.Labo）
47779,JAYJUN
47780,瑞倪维儿（Rinawale）
47781,旁氏（POND'S）
47782,片仔癀（PZH）
47783,美宝莲（MAYBELLINE）
47784,安热沙（Anessa）
47785,老中医（LAOZHONGYI）
47786,植物医生（Dr.Plant）
47787,伊诗兰顿（isilandon）
47788,姬芮（ZA）
47789,小迷糊
47790,颐莲（RELLET）
47791,菲诗小铺（The Face Shop）
47792,李医生（DOCTOR LI）
47793,春雨（Papa recipe）
47794,丽得姿（LEADERS）
47795,朵拉朵尚（Doradosun）
47796,DHC
47797,伊思（It’s skin）
47798,三生花
47799,伊思（it‘s skin）
47800,SNP
47801,瓷肌（SPA CHNSKIN）
47802,JMsolution
47803,碧欧泉（BIOTHERM）
47804,完美（PERFECT）
47805,梦妆（Mamonde）
47806,梵蜜琳（Thanmelin）
47807,香奈儿（Chanel）
47808,满婷（MANTING）
47809,CPB
47810,林清轩（Forest cabin）
47811,高夫（gf）
47812,锐度（DUNK）
47813,上海（SHANGHAI）
47814,雪完美（PXE）
47815,卡姿兰（Carslan）
47816,植美村（ZMC）
47817,美加净（MAXAM）
47818,悦木之源（Origins）
47819,依泉（Uriage）
47820,美康粉黛
47821,透蜜（Honey Snow）
47822,蓓昂斯（BYPHASSE）
47823,春纪（HARUKI）
47824,泊泉雅
47825,无限极
47826,瑾泉（JVJQ）
47827,果本
47828,欧缇丽（Caudalie）
47829,花肌粹（Flowery Land）
47830,雅丽洁（YALGET）
47831,极男
47832,嘉媚乐（CAMENAE）
47833,优资莱（UZERO）
47834,诗婷露雅（STEROREA）
47835,ZUZU
47836,娜丽丝（Naris up）
47837,玉泽（Dr.Yu）
47838,雅芳（AVON）
47839,牛尔
47840,韩后
47841,papa recipe
47842,韩纪
47843,蓝蜥蜴（blue lizard）
47844,希芸（syrinx）
47845,杰威尔（JVR）
47846,娥佩兰（OPERA）
47847,英树（INGLEMIREPHARM’S）
47848,馥蕾诗（Fresh）
47849,菲洛嘉（Filorga）
47850,迪奥（Dior）
47851,昭贵
47852,得鲜（the saem）
47853,羽西（YUE-SAI）
47854,米雅诗
47855,思亲肤（skinfood）
47856,呼吸37度（SUM:37）
47857,丹姿（DANZ）
47858,吉列（Gillette）
47859,谜草集（MICAOJI）
47860,黛珂（Cosme Decorte）
47861,芭妮兰（banila co）
47862,梵西（FONCE）
47863,莎娜（SANA）
47864,阿迪达斯（adidas）
47865,beauty buffet
47866,泊美（PURE＆MILD）
47867,柏氏（PAT'S）
47868,植物日记（Plants Diary）
47869,曼丹（Mandom）
47870,笛爱儿（daralis）
47871,佳雪（CATHY）
47872,mistine
47873,尊蓝
47874,立肤白（LIFB）
47875,曼珀雅（MANPOYA）
47876,安安金纯（A'Gensn）
47877,隆力奇
47878,瑷露德玛
47879,蜜浓（MINON）
47880,HomeFacialPro
47881,嘉娜宝（KANEBO）
47882,狮王（Lion）
47883,庭秘密（TSTTIN'SECRET）
47884,丹雪尼兰（danxuenilan）
47885,水之蔻
47886,乐敦（ROHTO）
47887,波斯顿（BOSION）
47888,比芭美（BIBAMEI）
47889,馥珮
47890,珀薇
47891,悠莱
47892,萱姿
47893,稚优泉（CHIOTURE）
47894,一枝春（OneSpring）
47895,EAORON
47896,芳丹薄罗（FOUTAINEBLEAU）
47897,茵芙莎（IPSA）
47898,高姿（COGI）
47899,佑天兰（Utena）
47900,露兰姬娜（ROLANJONA）
47901,九美子（JIMMI）
47902,伊贝诗
47903,活泉（VAQUA）
47904,九叶草
47905,奥洛菲（OLEVA）
47906,如新（Nu Skin）
47907,贝佳斯（Borghese）
47908,VENSE（唯恩诗）
47909,气韵
47910,冰美人（BMERY）
47911,茱莉蔻（Jurlique）
47912,谜尚（MISSHA）
47913,九朵云（cloud 9）
47914,修正
47915,澳佳宝（Blackmores）
47916,草木之心
47917,葵儿（CUIR）
47918,安科丽（ANKELIFE）
47919,欧舒丹（L'OCCITANE）
47920,奥尔滨（ALBION）
47921,珊珂
47922,依祈
47923,Dreamtimes
47924,依云（evian）
47925,荟宝
47926,新面孔（NEW FACE）
47927,植村秀（Shu-uemura）
47928,比度克（BeDOOK）
47929,珀薇（BOVEY）
47930,善草纪
47931,安利（Amway）
47932,兰瑟（LANSUR）
47933,美素（MAYSU）
47934,英尚（INSONG）
47935,我的美丽日记（MY BEAUTY DIARY）
47936,马应龙八宝
47937,汇美舍（PrettyValley）
47938,上海
47939,名膜壹号（mecmor）
47940,赫恩（H&E）
47941,Ream
47942,英国AA网
47943,RAY
47944,可丽金（COLLGENE）
47945,自然之名
47946,优理氏（UNES）
47947,HABA
47948,Ray
47949,肤美灵
47950,樱古（YINGGU）
47951,阿琪思
47952,姬存希
47953,玛丽黛佳（MARIE DALGAR）
47954,雅莱贝斯（ELABEST）
47955,苏菲娜（Sofina）
47956,迪凯瑞（DEKREI）
47957,丝芙兰（SEPHORA）
47958,凡茜（Fanxishop）
47959,怡思丁（ISDIN）
47960,寻荟记
47961,创尔美（Trauemy）
47962,尤妮佳（unicharm）
47963,伊肤泉（EVE CHARM）
47964,韩婵
47965,润百颜
47966,自然兰（ZIRANLAN）
47967,婷美（TIMIER）
47969,玛莎妮娜
47970,玥之秘
47971,婵真（Charmzone）
47972,圣蜜莱雅（SUNSSHEN）
47973,宝拉珍选（Paula's Choice）
47974,多芬（Dove）
47975,冰菊（Bing Ju）
47976,半亩花田（Little Dream Garden）
47977,梦希蓝
47978,舒适（Schick）
47979,雪本诗
47980,军博仕（JunBoShi）
47981,薏仁（Naturie）
47982,泉兮（QUARXERY）
47983,艾樱（Anyenyway
47984,韩美肌（Hanmeiji）
47985,怡丽丝尔
47986,philosophy
47987,Elta MD
47988,可伶可俐
47989,欧丽源
47990,绿叶（Green Leaf）
47991,瓷妆
47992,婴国天使（inguoangel）
47993,SHANGPREE
47994,施丽芬
47995,丽颜肌（LIYANJI）
47996,木瓜膏（Lucas）
47997,魔盒
47998,碧丝芙
47999,敬修堂
48000,小林（KOBAYASHI）
48001,Rosette
48002,蛇毒（Spa treatment）
48003,兰赞
48004,碧柔（BIORE）
48005,土家硒泥坊
48006,瞳话（Pretale）
48007,DR.WU
48008,纳益其尔（Nature Republic）
48009,欣兰（DMC）
48010,Eau Precieuse
48011,re:cipe
48012,香蒲丽（Shangpree）
48013,安安纯新
48014,石泽研究所（ishizawa）
48015,春娟（CHUNJUAN）
48016,Fibroin
48017,云南白药（YUNNANBAIYAO）
48018,芭妮兰（banilaco）
48019,蝶芙兰
48020,香蕉船（BananaBoat）
48021,露姬婷（ROSETTE）
48022,伊芳妮（yifangni）
48023,雅诗泉（ARSYCHLL）
48024,花田美芙
48025,韦香儿（WEIXIANGER）
48026,欧树（Nuxe）
48027,马油（LOSHI）
48028,KOOGIS
48029,冰王
48030,爱心
48031,吾诺（UNO）
48032,赫莲娜（HELIANNA）
48033,奥蜜思（ORBIS）
48034,Sisley
48035,VIVLAS
48036,安肤士
48037,博姿（Boots）
48038,悠珂思（ukiss）
48039,私信
48040,伊索（AESOP）
48041,凡士林（Vaseline）
48042,依泊姿
48043,俏十岁（CHOISKYCN）
48044,艾玛丝（amoURCe）
48045,玛姬儿
48046,欧莱雅
48047,可贝尔（COBOR）
48048,苏芊（Sukin）
48049,呼吸37（Su:m37&#730;）
48050,思姬（SIJI）
48051,贵妇（DIAFORCE）
48052,修丽可（skinceuticals）
48053,彼得罗夫（PETERTHOMASROTH）
48054,洗颜专科
48055,POLA
48056,贝玲美（BEILINGMEI）
48057,相伊萱草
48058,凌仕（LYNX）
48059,雪玲妃（Xuelinfe）
48060,韩菲诗（HAFEISI）
48061,玫莉蔻（morningskin）
48062,white
48063,星期四农庄（thursday plantation）
48064,我的美丽日志
48065,VOODOO
48066,兰亭（lantern）
48067,圣雪兰（XSHOW）
48068,柏集堂（POJEADO）
48069,壹博士
48070,卡尼尔（Garnier）
48071,索璞（surpro）
48072,芊茗草
48073,沃尔玛（Walmart）
48074,歐泉琳（LQUALYN）
48075,esthe dew
48076,万宁（mannings）
48077,御姿泉（Royal  ziquan）
48078,悦宝莱（y）
48079,舒友阁（SHU YOU GE）
48080,ELE
48081,协和
48082,秀美资源（X·Beautiful）
48083,妍瑟
48084,freezeframe
48085,SUIKONE
48086,米蓝晞（Milensea）
48087,Swisse
48088,BXB
48089,梦蜗
48090,珍碧泉（ZORBEETHER）
48091,SNAIL WHITE
48092,军献（JUN XIAN）
48093,肌水
48094,美白方程式（WHITENING XEQ）
48095,A.by Bom
48096,吾尊
48097,丽氏同芳
48098,cerave
48099,卓尔诗婷（GORISTEN）
48101,安娜柏林（Annemarie Borlind）
48102,Spa treatment
48103,格兰玛弗兰（Glamourflage）
48104,欧美姿（OMEIZI）
48105,cure
48106,养生堂
48107,孩儿面
48108,修本（XIUBEN）
48109,格丽松（Guerisson）
48110,佰魅伊人（Baimiss）
48111,尼古罗斯
48112,兰亭（LANTERN）
48113,奢悦（S.yue）
48114,泽平
48115,师夷家
48116,森田（MORITA）
48117,丽普司肽（lipostides）
48118,姬莱雅（JILAIYA）
48119,美肌颜（mergian）
48120,黛诗涵
48121,梦诗丽
48122,素萃（Sucui）
48123,伊诗润
48124,盛田屋
48125,Dermaroller
48126,蓝秀（LANSHOW）
48127,智美蜗牛（RASNAT）
48128,东洋之花（tayoi）
48129,亮丽莱
48130,仟佰草（THOUSAND HERBALS）
48131,左颜右色
48132,La Prairie
48133,瑞斯美（La Estephe）
48134,韩惑
48135,思兰朵（clando）
48136,倩滋（QIANZI）
48137,本草珍绿（BENCAOZHENLV）
48138,艾丽素（waliy）
48139,普拉缇娜（PILATEN）
48140,水护嘉（SHUIHUJIA）
48141,卡莎灡（kasanrin）
48142,倩姿（QIANZI）
48143,惑丽客惑丽客（Holika Holika）
48144,欧蕙（OHUI）
48145,金缕梅（Thayers）
48146,Naturie
48147,豆乳（MISS FACE）
48148,伊蒂之屋（ETUDE HOUSE）
48149,do me care
48150,魔盒（NextBox）
48151,LAMER
48152,贝德玛（Bioderma）
48153,Ziaja
48154,傾姿堂
48155,植物智慧（botanical wisdom）
48156,古芳斋（gufangzhai）
48157,施巴（sebamed）
48158,彼丽（BEELY）
48159,索诺兰（sololand）
48160,魔力鲜颜
48161,崎之刀（QIZHIDAO）
48162,法蒂姿（FADIZI）
48163,御泥坊男士
48164,宝姿莱（BAOZILAI）
48165,Beauty Buffet
48166,千妇恋（CHIFURE）
48167,蕾珂美（Renkomay）
48168,柳丝木（Ositree）
48169,迪奥
48170,迪豆
48171,赛贝格（Dr Sebagh）
48172,肤稚美（fuzhimei）
48173,娜迪奥（NATIO）
48174,巧迪尚惠（Qdsuh）
48175,Natio
48176,多乐可（DORCO）
48177,德妃（DERMAFIRM）
48178,宫灯
48179,韩佳妮（HAN JIA NI）
48180,膜派（mopair）
48181,英吉利（YingJiLi）
48182,太阳社（太陽社）
48183,unny
48184,欧莉典雅
48185,Bb LABORATORIES
48186,Lululun
48187,Lanna
48188,荟名门（Bursonae）
48189,趣乐活（trilogy）
48190,可莱丝（clinie）
48191,杰士派（GATSBY）
48192,多媚卡雅（do me care）
48193,德国世家（Dr.Hauschka）
48194,植肤秀
48195,Nursery
48196,熊猫小白（Panda.w）
48197,伊诗露（esthe dew）
48198,美颜御方（meiyanyufang）
48199,花语密草
48200,伽优（JOUO）
48202,易真（YIZHEN）
48203,瑞莱欧（REALLOE）
48204,Skin Nutrient
48205,贺本清（Herbacin）
48206,莱薇尔（LAVER）
48207,欧妃（OPHY）
48208,Holika Holika
48209,爱丽小屋（ERISE HOUSE）
48210,小蜜蜂（Burt's Bees）
48211,军医生
48212,力蒙
48213,Alovivi
48214,名士（Ming Shi）
48215,飞利浦（PHILIPS）
48216,HOLIKA
48217,自然旋律
48218,蒂欧尼
48219,伟仕
48220,蜜思肤（misifu）
48221,蓓欧菲（Bioeffect）
48222,娜诗丽（Nursery）
48223,汤姆逊（THOMSON）
48224,维纳斯蒂尔（RILASTIL）
48225,Tsubu night pack
48226,我的花果园
48227,ziaja
48228,Annemarie Borlind
48229,伊欧诗（EOS）
48230,伊丽丝雅（Ilisya）
48231,御颜秀品
48232,帅派（SHUAIPAI）
48233,西姿
48234,肌肤之食（skinmenu）
48235,羽悦本草（YUYUEBENCAO）
48236,茜茜焕颜（CC）
48237,佳澜（CHEUREUX）
48238,芷轩堂
48239,莱妮雅（NANEA）
48240,璞静馨（PUREDERM）
48242,Ajuste
48243,万芙宝
48244,姜力
48246,北海道马油（LOSHI）
48247,柏卡姿（BOGAZY）
48248,碧迪皙（PDC）
48249,娜丽丝（Narisup）
48251,十月天使（Annunication）
48252,Timeless
48253,原泥动力（laharpower）
48254,英吉利（yingjili）
48255,吻序（WENXU）
48256,梵颜（FOYAGE）
48257,SexyLook
48259,JM Solution
48260,尤妮佳（MOONY）
48261,BEAUTYBUFFET
48262,格丽斯（CRLINESS）
48263,100%PURE
48264,博朗（BRAUN）
48265,赫尔希
48266,hilook
48268,法雅姿（FRAZA）
48269,贝美（Bioluxe）
48270,安瓶（CEMOY）
48271,Melty Wink
48272,白后
48273,魅魔
48274,西铂（CCPT）
48275,too cool for school
48276,朴致（PURZEAL）
48277,妍密码（YANMIMA）
48278,蜂花（BEE&FLOWER）
48279,艾珂薇（ACWELL）
48280,自然哲理（Philosophy）
48281,蝶恩佳
48282,百利（BAILI）
48283,季德胜
48284,Avigers
48285,靓丽星
48286,韩熙贞（HEXZE）
48287,ROC
48288,G&M
48289,丽颜世家（LICEKO）
48290,阿帕齐（apache）
48291,云妞
48292,悠宜（UNNY CLUB）
48293,妮傲丝翠（NeoStrata）
48294,丽颜世家
48295,碧唇（Blistex）
48296,水韵颜
48297,吕妃（LVFEI）
48299,思妍丽（Decleor）
48300,LiLiA
48301,梵婕缇（FAIJETY）
48302,兰絮（LANXU）
48303,诗丽堂（SilkTone）
48304,白大夫（DOCTOP BAI）
48305,穆乐（MUHLE M）
48306,观察
48307,北海道（Loshi）
48308,薇风（WELLFON）
48309,悦宝莱（YUEBAOLAI）
48310,TAKAMI
48311,黛瑞塔
48312,ROYAL
48313,梦蔻
48314,领舞
48315,长生鸟
48316,毕生之研
48317,彩虹莱妃尔（rainbow）
48318,春鹿（chunlu）
48319,植观
48320,芭妮兰
48321,菲依珂（feieak）
48322,帅一点
48323,兰蝶蜜（LANDIEMI）
48324,京城之霜（CREME OF JING CHENG）
48325,Trilogy
48326,SKT
48327,芯漾（Core Yang）
48328,玛丽欧倍思酷（Mario Badescu）
48329,亲润
48330,安敏滋
48331,巨型一号
48332,幻颜草（Huangyancao）
48333,紫云妃（ZIYUNFEI）
48334,北极泉
48335,飞科（FLYCO）
48336,悦芙媞（Hapsode）
48337,LACUES
48338,2N
48339,中涵国际（IF）
48340,本草语露
48341,美帕（MEDSPA）
48342,W.Lab
48343,百幽草
48344,孔凤春
48345,SAKURA SPC
48346,兰碧泉
48347,珂莱欧（clio）
48348,欧莉娜（OULINA）
48349,Ble de Fonty
48351,天姿国色
48352,瑷微丹
48353,玛茜 MQAN
48354,施丹兰（STENDERS）
48355,五羊（FIVERAMS）
48356,505
48357,Parrs
48358,奇姬
48359,IMG
48360,基茵壹号
48361,妍瑕（YANXIA）
48362,惠之本铺
48363,本草仕佳
48364,慕漾（MOUENE）
48365,格润丝（Green skin）
48366,Thann
48367,小蜜坊（Manuka bee）
48368,珂莱欧（CLIO）
48369,可可星（KOCOSTAR）
48370,艾惟诺（Aveeno）
48371,卿素（QinSu）
48372,蝶莲娜
48373,经典·美回春（JDIMHCN）
48374,贝拉小蜜蜂（BELLA BEE）
48375,丽容
48376,ett
48377,北尾化妆品（KITAO COSMETICS）
48378,愛蘭歌娜（Algn）
48379,妹滋（ZiSST）
48380,贝览得（beautyblend）
48381,金稻
48382,焕我生活（Omeolife）
48383,爱诺玛亚（AROMA）
48384,秀碧（Contractubex）
48385,卧佛牌
48386,索尔
48387,lullage
48388,肤魅尔（FMER）
48389,药师堂（Yakushido）
48390,ZOZ
48391,Daylong
48392,森林雅舍
48393,ce本草
48394,A1
48395,圣安（SANAN）
48396,沐仙湾（Moon Shower）
48397,MXP
48398,yufeige
48399,全棉时代（PurCotton）
48400,金泰康
48401,花妍丽（faceyarn）
48402,甜竹（Tanzoon）
48403,EGO
48404,熊猫炯炯侠
48405,澳赞（Oadmire）
48406,丹牧
48407,大力人
48408,悠斯晶（yuskin）
48409,诱颜（YYOOYAILL）
48410,DR.MARY
48411,豆腐の盛田屋（Morita house mask）
48412,THE OOZOO
48413,CANMAKE
48414,MdoC
48415,CATHY DOLL
48416,Platinum Label
48417,DOVO
48418,Natures Beauty
48419,肤草集（FUNCGGI）
48420,苏贝泉
48421,完美姿道
48422,时通
48423,可文茜（Kevinchy）
48424,俏诺
48425,卡莉兰（KALILAN）
48426,BOKER
48427,茵草汇（ecophy）
48428,天美纪
48429,CNP
48430,锐变
48431,名欧
48432,蜜蜜妆源
48433,忆丽贝萝（Yili Balo）
48434,熙亚美
48435,TOUCHBeauty
48436,亞菲兒（Lauyfee）
48437,史努比
48438,IRHEAYA
48439,蓝紫根
48440,奇士美（kiss me）
48441,南法风
48442,落健可兰
48443,韩曦（HANXI）
48444,澳啵啵
48445,XEQ方程式
48446,形蔻（XINGKOU）
48447,花鉴
48448,珍世昌
48449,南极圈
48450,安悦（BioSecure）
48451,瓷美玉肌（CIMEIYUJI）
48452,橘滋（JOJOZEN）
48453,JOJOZEN
48454,妤赛璐（ESEENLO）
48455,知医堂（ciytan）
48456,Member's Mark
48457,凝米
48458,依豆（YIDOU）
48459,上流（SHANGLIU）
48460,红印（red seal）
48461,美伶秀（MEILINGXIU）
48462,SAUSAND'O
48463,VisHya
48464,完美芦荟胶
48465,蝶舞娜斯
48466,CHARMCN
48467,返颜春
48468,宝利肤
48469,优采
48470,美主人
48471,安宝笛
48472,俏龄密码
48473,赞玛氏
48474,菩古玛丽（PUCOMARY）
48475,阮的印象
48476,阮的印象（MY IMPRESSION）
48477,恬新
48478,槿梵（Gemvan）
48479,欧芙特（OOFT）
48480,eticuti
48481,斯勤
48482,姿优雅（ZYOYA）
48483,美若康
48484,康维佳
48485,肌稚
48486,澳格菲（Orgefy）
48487,陶博士
48488,anumi
48489,依莱丽（YILAILI）
48490,金元
48491,究雅（Ju ya）
48492,优蕴（U.YUN）
48493,曙兴
48494,呵美
48495,艾那美（iona&beauty）
48496,玉式美（yushimei）
48497,众乐康健（ZHONGLEKANGJIAN）
48498,济生堂
48499,庄迪
48500,露媚安（LUMEA）
48501,夫洁美宝（FUJIEMEIBAO）
48502,魅力唯她
48503,诺必行
48504,韩恩（HANEN）
48505,谷芭（KOOBA）
48506,优美孕（beautiful pregnant）
48507,艾暖（inuan）
48508,T.P.O
48509,顺和安堂
48510,LABIOTTE
48511,ARSOA
48512,时千寻SNR
48513,子初（Springbuds）
48514,亮友
48515,珍视明
48516,斯利安
48517,香味共和国
48518,NIVEA BABY
48519,芙选
48520,蓓氏（bmxouz）
48521,LID
48522,圣罗兰（YSL）
48529,纪梵希（Givenchy）
48530,阿玛尼（ARMANI）
48534,迪奥（dior）
48535,魅可（M.A.C）
48536,范思哲（VERSACE）
48537,汤姆.福特（TOM FORD）
48538,古驰（GUCCI）
48540,蜜丝佛陀（MAXFACTOR）
48541,露华浓（Revlon）
48544,菲拉格慕（Ferragamo）
48547,宝格丽（BVLGARI）
48551,爱马仕（HERMES）
48553,博柏利（BURBERRY）
48556,莫杰（MARC JACOBS）
48557,火烈鸟
48558,BOB
48561,YSL
48562,Calvin Klein
48563,火烈鸟（FLAMINGO）
48566,祖玛珑（jomalone）
48567,Hold live
48573,雅邦
48578,井田（Canmake）
48582,完美日记（PERFECT DIARY）
48585,糖果小姐（Miss Candy）
48587,玫珂菲（MAKE UP FOR EVER）
48589,安娜苏（Anna sui）
48591,凯朵（KATE）
48592,健美创研
48593,妙巴黎（Bourjois）
48594,NARS
48596,connubial
48597,克丽丝汀迪奥（DIOR）
48598,高田贤三（KENZO）
48599,大卫杜夫（Davidoff）
48600,祖·马龙（Jo Malone）
48602,MAC
48603,娇兰（Guerlain）
48604,Dior
48606,3ce
48607,贝玲妃（Benefit）
48610,Larastyle
48611,赫拉（Hola）
48613,ZFC
48615,Sweet Color
48616,高柏诗（GOPAS）
48617,朵色（DVZ'）
48623,VDL
48624,尚惠（SUHU）
48627,ETUDE HOUSE
48628,法颂
48629,BOSS
48630,爱茉莉（Amore）
48632,KIKO
48634,大创（daiso）
48635,迪奥（eddaDior）
48636,柔色（rouse）
48637,三宅一生（ISSEY MIYAKE）
48638,NYX
48646,芭比波朗（Bobbi Brown）
48648,氣味圖書館（SCENT LIBRARY）
48650,浪凡（LANVIN）
48652,冰希黎（Boitown）
48653,贝丽丝（PRESTIGE）
48655,杜嘉班纳（Dolce&Gabbana）
48658,OPI
48659,玻儿（populart）
48662,PMODA
48663,谢馥春
48665,ZEESEA
48666,爱敬（kerasys）
48667,VNK
48668,诗佩妮（Spenny）
48671,索菲欧（SOFFIO）
48672,魅丝蔻（MSQ）
48674,缪缪（MiuMiu）
48675,萌黛儿（Moon Story）
48676,蔻依（Chloe）
48678,深蓝彩妆（BLEUNUIT）
48679,极密
48681,倩盼（CHARMPAN）
48682,欧菲姿（OFFICE）
48683,novo
48685,蓝色之恋（BLUE LOVE）
48686,dior
48687,亦博（IOPE）
48693,俏美人（CoolBetty）
48695,karen murrell
48697,润民康（RMK）
48698,谜尚（Missha）
48699,霞飞（Sofea）
48702,CLUB
48703,小城伊香（Xiaochengyixiang）
48704,DERMACOL
48707,绿缘萝（GREEN MAGIC VINE）
48710,伊夫圣罗兰（YSL）
48713,卡婷（CATKIN）
48714,凯特（KATE）
48715,Christian Louboutin
48716,奥丝儿（aosier）
48717,云钻（Yunzuan）
48718,芬呢欧（veaneor）
48719,莎琪丽（SAKINRE）
48721,16BRAND
48722,美潮（Maychao）
48724,芮可（REC）
48725,Urban Decay
48726,巴黎草莓（Embryolisse）
48727,MISS ROSE
48728,澳兰黛（AOCILENDA）
48731,虞琳娜（YULYNA）
48732,韩水仙（HINSOCHA）
48733,婷美（GRACEWELL）
48734,人鱼之水
48735,韩粉世家（HI-FACE）
48736,江原道（Koh Gen Do）
48737,Laura Mercier
48738,欧丽丝（OULISI）
48740,维维尼奥（VIVINEVO）
48741,双立人（ZWILLING）
48743,COLOURPOP
48744,BBIA
48745,安泽秀（A）
48748,珀蕾
48749,DIor
48750,傲丽（Covermark）
48751,亚玛迪
48752,DIOR
48754,思薇娜（SIVANNA COLORS）
48756,toorune
48757,艾德（AIDE）
48759,未见（WEE JEAN）
48761,韩妮采（Heynature）
48764,艾诺琪（ENERGY）
48765,和风雨（hefengyu）
48766,纪梵希（Givenchy）（（Givenchy））
48767,帝飞（DIFEI）
48768,花之物语
48769,芦丹氏（SergeLutens）
48772,纵美（ZONGMEI）
48774,by nanda
48775,膜玉（candymoyo）
48776,百蕾适（Blistex）
48778,兰可欣
48780,韩宝贝（HanBaoBei）
48784,万宝龙（MONTBLANC）
48785,ReFa
48786,POY-SIAN
48788,SKIN79
48789,爱敬（AEKYUNG）
48790,UNNY
48791,SUQQU
48792,番茄派（TOMATO PIE）
48795,芬尚
48797,伊夫·圣罗兰（Yves Saint Laurent）
48798,井田化妆（CANMAKE）
48799,奥薇黛诗（Aoweidaishi）
48801,网易严选
48803,美丽誓颜
48804,妆甄（ZZSKIN）
48806,奕香
48807,dayshow
48808,独爱（DU.AI）
48809,奥丁（ODIN）
48811,派克古丽（PEKCVLE）
48812,LUNA
48813,天艺
48814,Kiss me
48815,曼思 （MILD'S）
48818,KRYOLAN
48819,浮生若梦（MAKE UP FOR EVER）
48820,欧蒙（oputemon）
48821,香娜露儿（CHANTELLE）
48822,RE·CLASSIFIED
48823,雪菲伊人
48824,莫斯奇诺（MOSCHINO）
48825,明艳（Meiko）
48827,美丽妮（MEILINI）
48828,PAUL&JOE
48829,露娜（LUNA）
48832,贝特优美
48833,今之逸品（KINEPIN）
48834,KATE
48835,唯资（VEECCI）
48837,菲丽菲拉（peripera）
48838,凯伊秀（Bio-essence）
48840,大内密探（Agent Provocateur）
48841,LB
48842,瑞士玫瑰（Rote Fabrik）
48844,伊卡露诗（ICARLUS）
48845,NudeFace
48849,美卡芙优（MAKE-UP FOR YOU）
48851,名爵（MINGJUE）
48852,罗意威（LOEWE）
48856,Karen Murrell
48857,艾丝珀（eSpoir）
48860,suki girl
48862,蜜丝婷（Mistine）
48863,卢卡斯（lucas）
48865,JOYJULY
48866,Milani
48867,七晨
48868,贝印（KAI）
48869,秋霞
48870,恋意（LIANYI）
48871,森溪
48872,AVANCE
48873,艾炫（eaxay）
48874,熹药堂
48875,crinty
48876,Cyber Colors
48877,褚铁匠（smithchu）
48878,DAS
48879,花皙蔻（CLORISLAND）
48880,kiss me
48881,christian louboutin
48883,日月晶采（LUNASOL）
48884,颜素真
48885,LOOK  BACK
48887,美联臣（MEILIANCHEN）
48891,OFRA
48892,ALMEA
48893,Creed
48894,BlingBelle
48895,蔚丽吧（Beauty Bar）
48896,艾丝珀（Espoir）
48897,贝玲妃（benefit）
48899,锋昂
48901,ZA
48903,iznna
48904,倩颂伊（qiansyi）
48905,丽丽贝尔
48906,KAT VON D
48908,查名一猫
48909,维娜丝（VINAS）
48910,芭黎元素
48911,芬龄
48912,imate
48913,尚丰（Sfeng）
48914,JILL STUART
48915,RockBeauty
48916,斯欧雪（SIOUx）
48917,叶语（MEDTALK）
48918,ZOREYA
48919,珂芝蓝（Kezblue）
48920,妮雅丝
48922,黛皙蔻
48924,雅萌（YA-MAN）
48925,花の物语
48926,Victoria
48927,巴巴罗莎（babaluosha）
48928,逍遥王
48930,宝丝汀
48931,植物主义
48932,黄金棒（BEAUTY STICK）
48933,美利诺妍（LA PERSONAL）
48934,V FAU
48939,三本（SEMBEM）
48940,韩蔻丝（HANKOUSI）
48941,初夏堂
48944,色彩尚变（SECAISHANGBIAN）
48945,PINX
48946,蔻辰（CORZEN）
48947,奥罗拉（loradew）
48948,美联臣（Munion）
48950,moteliner
48951,Mote
48952,超萌色
48953,2099
48955,依氏之谜（YESMET）
48956,FaSoLa
48957,艾米尔（AMIIR）
48958,FOCALLURE
48959,拉美拉（LAMEILA）
48961,美帝思（MAY-DEZZ）
48962,朴银妃
48964,诺美姿（NUOMEIZI）
48967,舒蔻
48968,集致（JIZHI）
48970,Elain Arden
48971,轩谛（ChettiRouge）
48972,巧女人
48973,RCMA
48974,娇源（BEAUTYSAY）
48975,玉丽（EFFI）
48976,美丽指数（Meilizhishu）
48978,Sivte
48979,777（THREE SEVEN）
48981,露华萱（LUHUAXUAN）
48982,欧唯美
48983,KVG
48984,韩雅（ANYA）
48986,爱玥
48987,雄男
48988,俊丽妮
48989,帝旋
48990,仙宝丽（SYNBOTANIX）
48991,为伴
48992,海蒂尔（HediR）
48993,芭淇（BOQITS）
48994,涵贝尔
48995,小奥汀（littleondine）
48998,偶觉
48999,Hello Kitty
49000,棉森
49001,阿美妮（imate）
49002,奕度
49003,舞动奇迹
49004,万般媚（Wbanm）
49005,DUP
49006,查明一猫
49007,DOCEER
49008,多彩丽人（DUOCAILIREN）
49009,形象美
49010,珂颜堂
49013,国际香氛（IAA）
49014,欧采黛（Ocada）
49015,美空（MOOKOO）
49016,Dr.G
49017,美奥迪菲（MYOSOTIS）
49019,GoodSky
49020,Mejikaliner
49023,R·S NAIL
49024,匠の技（Mr.Green）
49027,善悦（shanyue）
49028,悠葆丽（UBONITO）
49029,康茵美（KYM）
49030,德沃思（DEWOS）
49031,NACO
49032,蒙芭拉（monplay）
49033,奇美
49035,PF79
49038,Toyear
49039,美派（MEIPAI）
49040,卡奇色彩（KCKC COLOR）
49041,墨雅（JIEMEIZIYANGYE）
49042,娜赛儿（LASTAR）
49043,Barry M
49044,VOCE
49048,欧碧莲（OBLEAR）
49049,宝妮尚丝（BONNECHANCE）
49050,COLOUR FEEL
49051,舒耐
49052,NEXT BEAUTY
49053,仙卡
49055,艾琳（A）
49056,B-finn
49057,Tiannuo
49058,美非凡
49059,卡贝露
49061,QSTREE
49064,艾美坊
49065,大吉
49066,东田（DONGTIAN）
49067,BSIMONE
49069,Aqua queana
49071,益若翼（KOJI）
49073,Anymood
49074,DHV
49075,DearColor
49076,嘉露（JiALU）
49078,大头人（datouren）
49079,探月
49081,纪皙妍（GITRILY）
49083,NEWDERMO
49084,亨丝
49085,贝芙缇
49087,彩变
49088,日出倾城
49089,玛莉吉亚（MALIZIA）
49090,qtebody
49091,HORSEMAN
49092,Real Techniques
49093,骄彦氏
49094,美妆蛋（beautyblender）
49095,维娜芝（VERNALOVE）
49096,天籁美
49097,媚诗（MEISHI）
49099,蔻狄丽（KouDili）
49101,Lucas Papaw Ointment
49103,欧贝斯（obeis）
49104,美继
49105,syNeo
49107,嫣润（YUMROUN）
49108,FUTAEDE NIGHT
49109,漾姬（YANGJI）
49110,COVO
49112,媝妮
49113,RapidLash
49116,丹玫儿（DANMEIER）
49117,美人鱼
49118,MeiSLand
49120,Dr.Massing
49121,珀申（pearlscent）
49124,璐比（LUBI）
49125,YOLENDO
49126,爱迪安娜·杰妮（Aidianna Jenny）
49127,BAUO
49128,爱肤者（IFZA）
49129,cosmetea
49130,诱芷
49132,Aekyung Age20's
49133,美丽自助
49134,汐可
49135,狄芙DFU
49137,CHOI'S
49139,IX
49140,蜜蜂的故事（Bee's Story）
49141,俏唇（CHAPSTICK）
49142,麦媞
49143,海岳
49144,彩棠
49145,LOVEINDESERT
49146,草木良品
49147,Tom's of Maine
49148,Philbaby
49149,柏美姿（BOMIC）
49151,Bioderma
49153,芬颂
49154,米卡（MECOR）
49155,丸奈
49156,迪士尼（Disney）
49158,加加林（JAJALIN）
49160,迪斯（Desleep）
49161,Tripollar
49163,Pritech
49164,苏子
49165,Silk'n
49166,马洛里（Mallory）
49167,爱德华（EDWARD）
49168,四万公里
49170,慕金（SMOOTHSKIN）
49171,七素
49215,朗仕（Lab series）
49221,丁家宜（TJOY）
49222,他能量
49223,舒适
49232,蔻臣士（KOPFTONS）
49233,娇韵诗
49235,OTW
49238,焕醒
49241,师夷家（shiyijia）
49255,索芙特（softto）
49256,马丁（Martin）
49262,Balea
49267,契尔氏
49269,汉萱本草（HANXUAN HERBAL）
49278,莱蔻（LAIKOU）
49281,麦芙迪（MANFRIEND）
49288,婉丝（SOFTSILK）
49293,果木肌密
49298,扶妍泊（FUYANBO）
49300,忢（W.Reflex）
49305,瑞倪维儿
49307,千秋明月（QianQiuMingYue）
49308,艾杜斯顿（ATTUSID）
49310,爱茜玛
49311,欧佩（ou pei）
49314,蒂花之秀
49315,LEOZVAOS
49319,雅丽洁
49320,郁美净
49322,韩伊（CO.E）
49323,谷崎
49324,Bolin Webb
49325,劲霸（K-Boxing）
49326,酷曼（Kuman）
49328,酷曼（kuman）
49330,芮薇塔（RevitaSkin）
49331,安公主
49333,HLN
49334,莱蔻
49336,祖梵（Jovan）
49339,吉速（Gigabite）
49341,JAY Z
49342,NYCE NEW YORK COSMETIC EXPERIENCE
49344,D二次方（DSquared2）
49347,优资莱（UZRO）
49348,HOPECK
49351,蓝伯来（LANBOTO）
49352,韩马仕（hanmasi）
49353,婷美 | 美肌
49358,嘉年华（GINAVE）
49359,丘米尼
49360,萨布萨布（SABUSABU）
49367,dana
49368,飘牧（piaomu）
49369,禾泊秀
49371,VERA WANG
49372,伊韵泉（CHARME SOURCE）
49373,力仕康
49375,依妍（URIYEA PROFESSIONAL）
49376,润颜
49380,吾杰
49382,shaan
49383,芮薇塔（RevitaLash）
49384,名蔻（MINGKOU）
49385,京薇（JINGWEI）
49388,花王（KAO）
49389,花王（Merries）
49390,Crabtree & Evelyn
49393,LIZ CLAIBORNE
49394,MARIONNAUD
49395,水芝澳（H2O）
49396,LANRYAN
49399,水循环（REOCLE）
49400,雅仕堂（YSITANG）
49401,Eucerin
49404,爱诺（ainuo）
49406,乐力（Osteoform）
49407,赫拉（Hera）
49411,Gianfranco Ferre
49415,雅莱蒂诗
49416,阿诗古（Askuu）
49419,白如雪（bairuxue）
49421,雅腾（YATENG）
49422,芬迪（FENDI）
49424,奢睿（Aa Kode+）
49425,Faberge
49429,Living Nature
49431,帝宁（Denim）
49432,米温特
49433,艾缇纶丝（Attirance）
49434,HALSTON
49435,冰媞（BINGTI）
49438,伊立白
49439,韩鹭（hanlu）
49442,佳美净
49443,景天丽雪
49446,卡地亚（Cartier）
49450,植萃集
49451,Paul Sebastian
49452,赤野
49453,莱玫（LaMilee）
49457,酷锐（KURUI）
49459,色彩日记（colour diary）
49462,二爷新汉方
49463,舒适达
49464,J.P.G.
49465,Phat Farm
49466,wims8
49468,自然之谜（Z）
49470,席妮
49471,多多小屋（Do Do house）
49472,松下（Panasonic）
49473,冰丽（BINGLI）
49474,芳草集（Arboreal）
49475,米温特（Miviento）
49479,QSHAVE
49480,研春堂（YANCHUNTANG）
49481,柏黛雅（Bodaiya）
49482,红贝缇（foretty）
49483,帕科（PACO RABANNE）
49486,周仰杰（Jimmy Choo）
49487,雨果博斯（HUGO BOSS）
49489,ANY MOOD
49490,舒丽莎（SULISA）
49491,芳香瓶（growing tree）
49492,BACC
49493,索肤宝（Suofubao）
49494,馨月格格（XINYUEGEGE）
49495,爱克仕
49496,晓姿（AXXZIA）
49497,晶皙兰（GICYLAN）
49499,马丁（MADING）
49500,棠溪塘
49501,Cien
49502,燕肌（PERFECT STAGE）
49503,东方之姿（ORIENT MAGIC）
49504,纽西之谜（geoskincare）
49507,摩洛哥阿甘油（DermArgan）
49508,MIAMI BEACH
49509,蔻后（KORRQUE）
49512,竹珍（ZHUZHEN）
49513,津植村
49514,Azzaro
49515,美颜琼（MeiYanQiong）
49516,妮维雅
49518,拉美拉
49519,7DAYS MASK
49520,玛诗珂 臻帝（MUSK COLLECTION）
49523,Aramis
49524,荷里卡（helika）
49526,eos
49527,赫拉（HERA）
49528,爱维诗（IVIUSE）
49530,美颜秘笈
49531,千姿
49533,Medicura
49535,贝博洛斯（Byblos）
49537,无添加
49540,黛莱美（DaiLaiMei）
49542,克莱氏（CLEXC）
49545,魅爵（Mogicxx）
49547,仙维娜（SIVIA）
49548,稀拉克儿（Ciracle）
49550,Polo ralph lauren
49551,采诗（Caisy）
49552,亚缇克兰（Urtekram）
49554,鑫缘
49558,LG
49559,欧惠（OHUI）
49560,玉人图
49562,贞采源
49566,榄菊
49567,滴露（Dettol）
49569,维达（Vinda）
49570,爱马斯（AMMEX）
49571,妙洁
49572,白云清洁（BAIYUN CLEANING）
49574,皎洁
49575,佛山市施达清洁设备有限公司（CT CORPORATION LTD.）
49576,逸柯（EYKOSI）
49577,鑫宝鹭
49578,3M
49579,宝洁（P&G）
49580,清风
49581,雷达（Raid）
49582,爱生活
49583,汰渍（TIDE）
49584,格林盈璐（GREENYELLOW）
49585,心相印（Mind Act Upon Mind）
49586,金纺
49587,一口米
49588,洁云（Hygienix）
49589,宜洁（yekee）
49590,SP SAUCE
49591,白猫
49592,菲洛施（Frosch）
49593,魅洁
49594,名創優品（MINISO）
49595,乾越（qianyue）
49596,蓝月亮
49597,皇宇（solunar）
49598,金范（JINFAN）
49599,扇牌
49600,小禾
49601,爱丽思（IRIS）
49604,爱尚品
49605,威猛先生（Mr Muscle）
49606,洁仕宝
49607,奥妙（OMO）
49608,洁柔（C&S）
49609,心居客（XINJUKE）
49610,依来洁（yilaijie）
49611,和匠（Worldlife）
49613,小米妈妈（xiaomimama）
49614,超能
49615,六神
49616,可心柔（COROU）
49617,得宝（TEMPO）
49618,帮你（BangNi）
49619,茶花（CHAHUA）
49620,妙洁（MIAOJIE）
49621,达豪
49622,CB
49623,e洁
49624,沤迈宝
49625,INADAYS
49626,维恩克
49627,洁家（JIEJIA）
49628,斯洁（SIJIE）
49629,未来（VAPE）
49630,卡秀（Kax）
49631,宝帝洁（baodijie）
49632,绿柏薇（L'Arbre Vert）
49633,幽趣（YOUQU）
49634,香馜
49635,家英
49636,克威尔（Stockwell）
49637,天地通
49638,尔美
49639,欧凯斯（OKISS）
49640,双庆（ShuangQing）
49642,蓝汰
49643,盼超
49644,曾师傅
49645,Leifheit
49646,健之素
49647,绿伞
49648,inomata
49649,妙管家（Magic Amah）
49650,菲玛斯（famous）
49651,影享
49652,淘乐士
49653,迪门子（DMG）
49654,碧丽珠（Pledge）
49655,轻生活
49656,威露士（Walch）
49657,lysol
49658,兰古仕（Langushi）
49659,无忧乐
49660,佳益
49661,碧浪
49662,迈家（maijia）
49663,当妮（DOWNY）
49664,爱格（aige）
49665,森力佳
49666,谋福（CNMF）
49667,阿斯卡利（ASCARI）
49668,沃牧
49669,利临
49670,慕逸适（moist）
49671,金卷（jinjuan）
49672,梦佳居
49674,爱家净
49675,博生
49676,蓝帆（bluesail）
49677,云绵家恋（YUNJINJIALIAN）
49678,安速（ARS）
49679,好吉利（HAOJL）
49680,简沃
49682,丽能（Nenrte）
49683,拜灭士
49684,animo
49685,优易可
49687,沃塔森
49688,欣世洁力
49689,普润（PU RUN）
49690,康宇
49691,超宝（CHAOBAO）
49692,百家好世
49693,添奇（TIANQI）
49694,DP久量（Duration power）
49695,LZL
49696,SHERINGHAM PRIME
49697,尚居美家
49698,绿净
49699,ABEPC
49700,盈璐
49701,平安大通
49702,康吉
49703,惠留美（elmie）
49704,妈妈壹选
49705,半笙
49706,金佰利（Kimberly-Clark）
49707,莎朗
49708,开心妈妈（Happy Mom）
49709,贝克曼博士（Dr.Beckmann）
49710,百丽（BaiLi）
49711,天帐
49712,舒洁（Kleenex）
49713,芭比兔（Ms.Bunny）
49714,芳新（Forever New）
49715,夏本
49716,plazotta seit 1893
49717,高乐氏（clorox）
49718,萌小纳（Mengxiaona）
49719,能臣
49720,优妙
49721,优の生活大师（UdiLife）
49722,老管家
49723,斯珂林（sikelin）
49725,拜乐（Biokiller）
49726,好佳舒（HJS）
49727,一踏鹏程
49728,Frosch
49729,泉力（QUANLI）
49730,京唐
49731,乾竞（QIANJING）
49732,真柑净
49733,德倍洗
49734,洁勒（JIELE）
49735,高乐氏（CLOROX）
49736,欣蜜儿
49737,坂云
49738,橘子工坊（orangehouse）
49739,洁柔
49740,乐福然
49741,Home-enrich
49742,白领公社
49743,洁度（jiedu）
49744,泉林本色
49745,启初
49746,佳士杰
49747,利快（Guzzini）
49748,舒肤佳
49749,爱之佳（Amoretto）
49750,维优净
49751,御衣坊
49752,鹤彩
49753,LEC
49754,瑞帝（RUIDI）
49755,普瑞来（Purell）
49756,孟夫人
49757,潔而亮
49758,骥龙
49759,鞋保姆
49760,亮晶晶
49761,宜可诚（Ecostore）
49762,香约
49763,劲涤（JINDI）
49764,余氏堂
49765,优洁士
49766,花弄影
49767,哥伦布斯（COLUMBUS）
49768,斯图（sitoo）
49769,雪莲手套（SNOW LOTUS GLOVES）
49770,拓朴（TOPOTO）
49771,凯利蔻（KIRIKO）
49772,思乐智
49773,稻草屋
49774,KOKUBO
49776,色豆（SEDOU）
49777,阁来美
49778,雕牌
49779,彦页（YANYE）
49780,宝露露（pororo）
49781,美丽雅（MARYYA）
49784,喜来乐
49785,soffell
49786,GUARDSMAN
49787,洁芙柔（JIFRO）
49788,奥妙（aomiao）
49789,山峰
49790,奔奔鹅（Ben Ben goose）
49791,洁宜佳
49792,傻宝
49793,净得丽（JING DE LI）
49794,汤玛斯（TONMAS）
49795,Fumakilla
49796,花王乐而雅（KAO）
49797,尚奇
49798,耐品（NAIPIN）
49799,贞喜气
49800,聪妈
49801,乾卫（qianwei）
49802,良之筑
49803,赛彩（Saicai）
49804,纳爱家（naaijia）
49805,利得（RDE）
49806,多益得（AllClean）
49807,惠利丰（Netto）
49808,GZBITYHN
49809,优妙客
49810,迪美旺（Dimeiwang）
49811,山鬼（sandokkaebi）
49812,ewee
49813,欧润哲
49814,CEDAR GREEN
49815,PEDAG
49816,诗吉丽（SHIJILI）
49817,ihouse
49818,尚洁
49819,kleenex
49820,贝薇美
49821,久洁（Jojell）
49822,奇强（keon）
49823,南极人（Nanjiren）
49824,绿纳康
49825,克林莱
49826,伊之恋（YIZHILIAN）
49827,Hopelife
49828,巴斯夫
49829,蜀东
49830,台塑生医（Dr's Formula）
49831,志高（CHIGO）
49832,红兔子（HONGTUZI）
49833,微力达
49834,访客（FK）
49835,洛娃（Reward）
49836,MUHI
49837,池田模范堂（MUHI）
49838,热带森林
49839,强生（Johnson's baby）
49840,DigiMax
49841,八月花
49842,锦怡
49843,捷福世（JIEFUSHI）
49844,坦龙（Tanlong）
49845,康倍宝（Campbell）
49846,洁能
49847,欧宴
49848,sanada
49849,妮飘（Nepia）
49850,卡特莱得
49851,万畅（wanchang）
49852,净乐奇（JOLECH）
49853,健格（JIANGE）
49854,物有物语（wuyouwuyu）
49855,HUA LIU LIU
49856,CCKO
49857,步步洁
49859,花仙子（FARCENT）
49860,振兴
49861,沫拉（mola）
49862,八韵草（BAYUNCAO）
49863,shucare
49864,壹号桌（yihaozhuo）
49865,玛丽弟弟（MARRY BROTHER）
49866,玫沃宝（Mavobo）
49867,杭泰（HANGTAI）
49869,灰姑娘
49870,ASVEL
49872,幻超
49873,祥音
49874,乐杰（leclean）
49875,舒奇士
49876,李施德林（LISTERINE）
49877,中盐（CHINA SALT）
49878,DRRASHEL
49879,格奇
49880,集上诚品
49881,富培美
49882,锦牧
49883,乐服（leefuu）
49885,美洁卫
49886,俏代美（QIAODAIMEI）
49887,格瑞卫康（GREENWELCOME）
49888,水之坊（SHUIZHIFANG）
49889,固本
49890,盎睐玛特
49891,四发电器（Sifa Electrics）
49892,手心缘（Palmlove）
49893,丽尚
49894,碧爱家（Bestguard）
49895,MR CLEAN
49896,德威莱克
49897,欧丽家
49898,贝亲（Pigeon）
49899,诚成
49900,强生（Johnson）
49901,POLLET
49902,万迈（wanmai）
49903,拜耳（BAYER）
49904,瀚希
49905,好媳妇（okaywife）
49906,宜之莱
49907,万友
49908,VAPE
49909,熙卡丽（XIKALI）
49910,TARRAGO
49911,黛娜摩（DynaMop）
49912,"Hachiman.kasei co.,ltd. plastic products"
49913,菲亚莉（PHIALEE）
49914,灭康
49915,Umbra
49916,齐独
49917,联昌
49918,晖宏
49919,启威
49920,绿盒子
49921,其他
49922,蓝鲲（LANKUN）
49923,海纳斯（HANASS）
49924,洁然
49925,妇炎洁
49926,阿司倍鹭（ASVEL）
49927,康多多（CONDOR）
49928,固武长
49929,nak
49930,s-quito free
49931,瑞亿（RuIyi）
49932,欧唛（oumai）
49933,伟复
49934,妍草堂
49935,斐亚诺（FAJENO）
49936,美舒洁
49937,花椰菜
49938,南
49939,顺胜
49940,嘉耐特（JIANAITE）
49941,洛丽芙
49942,SODASAN
49943,撩远
49944,灯下
49945,发科达
49947,鑫科阳
49948,有乐（YouLe）
49950,草木香
49951,美家友（MJY）
49952,述物
49953,昌顺（CNP）
49955,阡佰家
49956,绿牌
49957,苏兹（suzy）
49958,e之梦（Edream）
49959,通仙（tongxian）
49960,鹊桥仙
49961,爱屋格林
49962,Tatcha
49963,大鹏
49964,Equate
49965,佳能（Glad）
49966,宫诺（GoogNuo）
49968,蓝浣熊（bluecoati）
49969,乐扣乐扣（LOCK&LOCK）
49970,遇见香芬
49971,勿相忘
49972,会汕
49973,格易美
49974,若巧
49975,嘉斯嘉
49976,和光堂（Wakodo）
49977,南北双雁
49978,必酷蕾（Bcoole）
49979,心容
49980,酷洁诗（eco max）
49981,卓艺庭
49982,厚创
49983,宜嘉居（Yijiaju）
49984,彥页（YANYE）
49985,哈贝利
49986,天骏（Tianjun）
49987,舒潤（SHURUN）
49988,娇妍（JOLLy）
49989,桶帅
49990,靓影
49992,阿玛施（AMASS）
49993,珍氏美（HBZY）
49994,净立方（Net cubic）
49995,京美（JM）
49996,喜客多
49997,倍尔特斯
49998,素邦（subang）
49999,画情
50000,滴洁（AXION）
50001,PAKCHOICE
50002,洁康
50003,菲享
50004,瑞诺瓦之爱（Renova）
50005,詩樂氏（Swashes）
50006,七彩龙
50007,宜净
50008,瑞沃（SVAVO）
50009,安全地带（THe SAFETY Zone）
50010,托兰（TOLAN）
50011,安尚（AN SHANG）
50012,XinGFA
50013,海澜优选生活馆（Heilan Home）
50014,维康（wecan）
50015,AEROGARD
50016,艺术蜗居
50018,UCK
50019,圣兰德
50020,无尘氏
50021,优顺达（YSDE）
50022,洁比世
50024,NITOMS
50025,都倍力（DOPLAY）
50026,CHAO JIE LIANG
50027,INI
50028,壹念
50029,喜福会（XIFUHUI）
50030,品纳（PINA）
50031,SANDOKKAEBI
50032,OMINO BIANCO
50033,我买网
50034,三邦
50036,晔康（YEKANG）
50037,艾能
50038,淑芽
50039,宝莹（Persil）
50040,Oxi Clean
50041,慈品
50042,Arnest
50043,赫曼（erma）
50045,讴美
50046,金佰利商用（KIMBERLY-CLARK PROFESSIONAL）
50049,梦家
50050,OBB
50052,共邦95
50054,客乐得（KELEDE）
50056,FAMACO
50057,Aveeno Baby
50058,Renova
50060,波斯猫（CAT）
50061,家杰（Jj）
50062,百露（BELO）
50063,W5
50064,JM
50065,帕可丽（Palclean）
50066,京东良品
50067,双飞人
50068,arnest
50069,依莲花
50070,环保妈妈
50071,爱特福84
50072,杰德和艾莉丽（Jed & Alily）
50073,美家生活（home maid）
50074,梵美乐（Familoves）
50075,金鱼（GoldFish）
50076,新天力（OTOR）
50077,murchison hume
50078,seiwa-pro
50079,WillCity
50080,UPIN
50081,豪顺
50082,杜霓
50084,比思达（BIBEST）
50085,优易可（UNIC）
50088,手护神（Athena）
50089,SMAC
50090,呵贝适
50091,金利娴子（Kinglxs）
50093,Burt's Bees
50094,PORORO
50095,时间煮雨（SHIJIANZHUYU）
50096,豪德（HOWARD）
50098,邦怡
50099,无比滴
50100,鳄鱼宝宝（CrocoBaby）
50101,金利娴子（Kinglixianzi）
50102,蓝雨滴（LianZH）
50103,DOMOL
50104,力士（LUX）
50105,RMK
50106,UYEKI
50108,源盾智能（YUANDUN INTELLIGENCE）
50109,萱草
50110,如诺
50112,Febreze
50113,坚尔美（JIANERMEI）
50115,敏胤
50116,perloplast
50117,Small egg
50118,Getter（getter）
50119,盛屏（SHENGPING）
50120,丹米尼
50121,啵乐乐（Pororo）
50122,ATEX
50123,超活水
50124,洁乐美
50125,PITTA MASK
50126,甘尼克宝贝（Babyganics ）
50127,逸康（EASYCARE）
50128,朗森
50129,康丰（KANGFENG）
50130,YOUSHITA
50131,新艺
50132,延升（YANSHENG）
50133,优尔（YOUo）
50134,纯妃（Chunfei）
50135,Earthwise
50136,冰晶花（BINGJINGHUA）
50137,裕友（YUYOU）
50138,爱慧洗（EARTHWISE）
50139,御传堂
50140,丽芙（LifeVC）
50141,DIAN
50142,woly
50143,极简净
50144,PiPPER STANDARD
50145,SCOTTIE
50146,杜优克
50147,KOWA
50148,近江蔓莎（OMI）
50149,蒸汽宝（SteamCare）
50150,茱蒂斯（Judith）
50151,兴和（KOWA）
50153,舒德尔玛
50154,OUO
50155,美佳多
50156,兰夫尼（lenfene）
50157,深呼吸
50158,凤全
50160,嘉莉芳
50161,乐雪儿
50162,蕊之魅
50166,文博（WenBo）
50167,奕辰
50170,易家宜（YIJIAYI）
50173,易拖王（ytw）
50174,Astonish
50175,优芬（YOU FEN）
50177,贴贴福
50178,睡的香
50179,白元（HAKUGEN）
50180,欧本（OUBEN）
50181,纳丽雅（Naliya）
50182,Kirkland Signature
50183,PIAFLOSS
50185,阿萨姆
50186,larasoft
50187,金博仕
50188,家利宝
50189,可心柔 V9（COROU V9）
50190,浦菲（Pufei）
50191,禄洗（Luzil）
50192,28天的秘密
50193,洁柏力
50194,那惠
50196,full circle
50197,彩坤
50198,千鸿（qianhong）
50199,竹颜
50200,溢冰（YIBING）
50202,吕笑（LVXIAO）
50203,舒禾（SUWO）
50204,纳居（NAJU）
50205,家来纳
50206,朗森清朗
50207,和畅（HC）
50208,Goodturn
50209,添宁（TENA）
50210,欣洁家
50211,森
50212,然禧（Yanhee）
50213,隆华（LONGHUA）
50215,乐逸仕（LEYISHI）
50216,标奇
50217,Moosh
50218,加州宝宝（California baby）
50219,聚满福
50220,艾贝尔
50221,润荷（Runhe）
50222,可可熊（KEKEXIONG）
50223,可拉熊
50224,水肌肤（sweet carefor）
50225,易龙（Elong）
50226,曼维（Monvezo）
50227,麦天
50228,友来福
50229,开馨宝
50230,燿淘（yaotao）
50231,澳·莱文（AOLAIWEN）
50232,安宝力电器（ANBREE）
50233,快媳妇（KUAIXIFU）
50236,敬雅（JIYA HOMEWARE）
50238,太太乐
50239,舒太太（SHUTATA）
50240,魔乐
50241,奥天姿（Ability）
50242,美安（Market America）
50243,法克曼（Fackelmann）
50244,鸿迪（HONGDI）
50245,舒康（shukang）
50246,云保
50247,艾茜（iSSY）
50248,洗之魅（xi zhi mei）
50249,BLACKSMITH K
50250,乡间生活（COUNTRY LIFE）
50251,乐易行
50252,艾妻
50253,爱勒（AIREER）
50254,herbalife
50255,粉兰之家
50256,兰诗（LAUTEE）
50257,优诺洁
50259,LUC LIFE
50260,品桂
50261,妙艾堂
50262,志动
50263,倍奥（bio-x）
50264,家至宝
50265,绿岛（Green island）
50266,宏工
50267,YOULET
50268,爱博（AIBO）
50269,超人（SID）
50270,陆盛（lusheng）
50271,宝丽（EVERTOP）
50272,家柏饰
50273,萨夫百德（SAFEBET）
50274,氢爱天下
50277,阿卡佳
50278,明朗
50279,满芝堂
50280,Inomata
50281,绿岛（Greenisland）
50283,双伟（shuangwei）
50284,诺爵（ROYGRA）
50285,给力士
50286,veltamin
50287,净可立（GK-GermKiller）
50291,迪胜（disheng）
50292,职峰
50294,吉福康
50295,家家宜
50296,雅氏（Yeah’s）
50297,尔腾（erteng）
50298,新陵（sinle）
50299,安质
50300,iChoice
50301,房屋医生
50302,手心宝贝（Palmbaby）
50303,九九香（jiujiuxiang）
50304,居优乐（juyoule）
50305,确邦
50306,今上
50308,博丽雅（BOLIYA）
50309,泰禾
50310,正能量（POSITIVE ENERGY ZNZN）
50311,D牌
50312,上海药皂（SHANGHAI YAOZAO）
50313,狮山（ShiShan）
50314,DaNuo
50315,BETTER LIFE
50316,花仙露
50317,木北屋（MuBeiWu）
50318,519（Five One Nine）
50320,简然
50321,奥古
50322,爱妮佳（Ineeds）
50323,HOOLFINE
50324,清洁航母（CLEANHM）
50325,五月天
50326,bad air sponge
50327,一品净
50328,顺嘉利（Sugali）
50329,巧助手
50330,梵特
50331,膳道
50332,捷力威（JIELIWEI）
50334,米尼（miny）
50335,米上
50336,好家生活
50337,三花（Sanhua）
50338,利雨
50339,相模（Sagami）
50340,素足快适
50341,硕源（shuoyuan）
50342,兔の力
50343,掸尘迎新
50344,芭克
50345,鸿顺（HONGSHUN）
50346,三次元
50347,禧天龙（Citylong）
50348,佳能（Canon）
50349,一帆
50350,润本（RUNBEN）
50351,亲皙（ARAU）
50352,炎禹
50353,Seiei
50355,美舒洁（meishujie）
50356,匠品
50357,HOSON1943
50358,HERYSH
50359,庄太太
50361,TRG
50362,品栀（PIN ZHI）
50363,源然（yuanran）
50364,红凡
50365,洗立昂
50366,权健（Quanjian）
50367,灰尘勿扰
50368,口吕品（Colvp）
50369,Parfums de Provence
50370,可易
50371,久姐妹（JIUJIEMEI）
50372,U2
50373,SCD
50374,贝贝熊
50375,ST化学
50376,欧轩
50377,格苒杰
50378,居之岛（JSHOP）
50380,美卓（MEIZHUO）
50383,然萃维（Nature‘s Way）
50384,日本汉方
50385,华居尚品
50386,JAPAN GALS
50387,艾蒂斯（ARTS.HOME.ids）
50388,猫助手
50389,ZOOMREAL
50390,TSUNEO
50391,帕洛驱蚊（Para'Kito）
50392,丽特舒（Restance）
50394,振信（zhenxin）
50395,汉方
50396,旺德芙（wangdefu）
50397,扬美
50398,宏宇洁
50399,吉尔佳（jierjia）
50400,RACEKISH
50401,泊欧涤（bio-D）
50403,梦思园（MENGSIYUAN）
50404,申江（SJ）
50405,Royal Latex
50406,Lifedays
50408,维妮（Winnin）
50409,衣管家
50410,依彤
50411,WKT
50412,邦廸（BAND-AID）
50413,初心
50414,达人
50415,佐优
50416,净美莱
50417,卡芙尼诗（C.E.C）
50418,鼎洁盛世
50419,乐万家（LEWANJIA）
50420,朵酷
50421,龙角散
50422,苏诺
50423,木野村
50426,汇丰信佳
50427,洁特好（Jietehao）
50428,grab green
50429,V-white
50430,植护
50431,都洁
50432,绿威
50433,DMF
50434,尚水（good like）
50435,百易特
50436,消博士
50437,木上
50438,古达
50439,微狼（WEIWOLF）
50440,龙剑（LONGJIAN）
50441,world life
50442,歌丽
50443,清来
50445,中洁者（Medium clean）
50446,乔之宇
50447,趣玩
50448,MKS
50449,开爽
50450,BLACKPOULO
50451,佰饰（baishi）
50452,比尚
50453,岚宝德源
50454,GDX
50455,梯信（TIXIN）
50456,柏松
50457,sunbeam
50458,战臣（JANSON）
50459,润溪（Runxi）
50460,喔的（WODE）
50462,JOYSBIO
50463,班工（bangong）
50464,RCR
50465,思谜卡（SIMIKA）
50466,MF
50467,Munchkin Latch
50468,雅琪朵（argital）
50469,世龙
50470,森迷
50471,SONKIN
50472,典元（DIANYUAN）
50473,欧美洁
50474,华美日用
50475,家适宝
50476,bangruiB
50477,大家擦（DaJiaCa）
50478,端兰
50479,依米（YIMI）
50480,回福堂（HUIFUTANG）
50481,BEANBEANLOVE
50482,欧雅香（ouyaxiang）
50483,景湖
50484,龙虎
50485,安塞尔（ansell）
50486,长青藤（CHANGQIGNGTENG）
50487,Bubba Blue
50488,小久保
50489,澄果（ClearFruit）
50490,芯然纸坊
50491,萍晴
50492,艾格丽（Aigoli）
50493,美优美
50494,点魅
50495,OHROPAX
50497,纳川（NC）
50498,益欣（YIXIN）
50499,Alpecin
50500,丽确（LIQUE）
50501,乐快
50502,侨优
50503,洋健家居
50504,斯德勒斯
50506,爱护（Carefor）
50507,爱宝适
50508,朝美（CM）
50510,璞帝妃（PETITFEE）
50511,欣巢
50512,空消（KONGXIAO）
50513,益居
50514,亲纳
50515,绿家人（LVJIAREN）
50516,碧乐士
50517,泰昌源
50519,宝优妮
50520,NAKAYA
50521,纳爱斯
50522,家易美
50524,科立纯（clinicians）
50525,飞羽
50526,润欣
50527,润标
50528,德泰克
50529,WEIJIESI
50530,Fsdhair
50532,惠氏（Wyeth）
50533,凯浦林（Kipling）
50534,巨头
50535,莱德斯（ROYDX）
50537,嘉柏兰
50538,小精灵
50539,完涤（Wanderer）
50540,千百纳（QBN）
50541,起典
50542,HAOFANGBIAN
50543,灿碟（CANDIE）
50544,西希家（ASISSY）
50545,SEPTONA
50546,KARIN HERZOG
50547,洁沃（GEHWOL）
50549,澳芝泉（OZISA）
50550,顺美
50551,爱薇瑞
50552,申星
50553,NEUTRO ROBERTS
50554,TSUKAMOTO
50555,纽麦（niu mai）
50556,雅克菱
50557,永民（YONGMIN）
50558,唐易
50559,GLITTER FRIENDS
50560,力洁（LIJIE）
50561,米时代（Rice Day）
50562,inWE·JIA
50563,蜈蚣王
50564,当家1选
50566,WMF
50567,康铭
50568,袋鼠（Aussie）
50569,强迪（Qiangdi）
50571,邦多芙
50572,糖颜
50573,金童（Jintong）
50574,红医堂
50575,DAWN
50576,熙秀
50577,格菱乐（Glinl）
50578,KADISS
50579,英力特
50580,居都（househelper）
50581,JDMCARE
50582,棉柔时代
50583,凝香公主（NINGXIANGGONGZHU）
50585,文丽（Wenli）
50586,1905
50587,喜詩（Airwick）
50588,优庭
50589,越龙兴
50590,粤龙
50591,邦禾
50592,众恒（ZHONGHENG）
50593,吉越
50594,亮标
50596,九喜
50599,宅一起
50600,北杉（BEiSHAN）
50601,豫友
50602,依铂雷司（E-PALACE）
50604,红宝坊宝掸
50605,爱乐维（Elevit）
50609,猫胡子
50612,立白净博士（DR.Jabez）
50613,淘套（TaoTo）
50614,菩璞
50615,迈辉（Maihui）
50616,钧成
50617,溪尚云
50619,盾王（DUNWANG）
50621,立本（liben）
50622,芜琼花（Scarle）
50623,沐丝
50624,Shea Moisture
50625,美铿
50626,Sanada Seiko
50627,柯澳特
50628,蔻芙
50629,伊思是（it‘s skin）
50630,其它
50631,大蜗宝（daiwobo）
50632,老爹（OldPAPA）
50633,满趣健（Munchkin）
50634,宫薰
50635,查利
50636,森林人（Senlere）
50637,英玛仕（ENGMARSS）
50638,迪沙菲密亚
50639,百露（Belo）
50640,博仕之家
50643,婼丝黛儿（ROSDaIL）
50644,凡斯
50645,敬辉
50646,芳菲丽特（FOFILIT）
50647,liaana
50648,多贝洁
50649,欧客欣（AUKEWIN）
50650,超级猫（Supercat）
50651,柏洗寳
50652,ETERNUMO
50653,开普特（KPT）
50654,洁尔佳
50655,利其尔（Richell）
50656,山水（SANSUI）
50657,茹旭康（RUXUKANG）
50659,芙贝乐（FBL）
50660,托里伯奇（Tory Burch）
50661,乐艺佳（LEYIJIA）
50662,久洁灵（X-Joyclean）
50663,WCNET
50665,THE AROMATHERAPY CO.
50666,庭馨
50667,圣家洁（SHENGJIAJIE）
50668,尚品宣印
50669,淘家洁（TAOJIAJIE）
50673,创信
50674,普方（PURE FUN）
50675,幸福阳光（sunelement）
50676,霏羽
50677,锦上花
50678,油垢洁
50679,恒灿
50680,巴厘虎（Balitiger）
50681,酷沃菲卡
50682,友和（youhe）
50683,易·时代
50684,奈米銀絲
50686,扶氏堂
50687,佳简X橱
50688,绿房子
50690,方小丫（FANGXIAOYA）
50691,柯杰
50692,卓蓝雅（ZOOLY）
50693,七之莲
50694,寳麗（EVERTOP）
50695,泡泡精灵（bubble）
50696,元荣
50697,丹尼尔（Dannir）
50698,郁然（YURAN）
50699,Mitsuei
50700,紫蜻蜓（Purple Dragonfly）
50701,豪丰
50702,大赏（COSME）
50703,阔步
50704,NUK
50706,珂洛雪（Consier）
50707,铸家（HOMEPURE）
50708,VTyee
50709,君泉（JunQuan）
50710,博馥（BOWLFRESH）
50712,FunMas
50714,易适康（ezcare）
50715,凌峰（lingfeng）
50716,清宝适
50717,巴锡
50718,花草童话
50719,道酬
50720,帝梵
50721,Q-tips
50723,七日爱（Qiriai）
50724,日贝诗（ribeishi）
50726,夏蛙
50727,楚（SANJUN）
50728,裕隆
50729,星家园（SinGee）
50730,玖居（JIUJU）
50731,Fabuloso
50732,左右
50733,博若莱（BORUOLAI）
50734,JOSEPH JOSEPH
50735,POKO
50736,霸洁露（bajielu）
50737,王妃
50738,洁诺仕
50739,WOODSON
50740,赛生（scisen）
50741,天华成
50743,玖爱佳
50744,海之汉方
50745,凛然（Linran）
50746,京科国草
50747,圣久
50748,phrlipu
50749,RAPAS
50750,TOPO
50752,Rockcellan
50753,御坊堂（yufangtang）
50754,Boelter
50755,藤印象
50757,Nature Wellbeing
50758,麦迪生
50759,雷边是也
50760,丽恩知（LIENZHI）
50761,雨柔梦
50762,kIMIANDY
50763,啦哄（Lohom）
50764,魅丝蔻（msQ）
50765,PHOOS
50766,洁净
50767,Bluetex
50768,安康信
50769,东正（DONGZHENG）
50770,弗兰（mistiq）
50771,宾利王子（BENTLEYPRINCE）
50772,今皓
50773,RIO
50774,樱爱（SAKURA LOVE）
50776,蓝致
50777,Daisy Leaf
50778,MARX
50779,顺浩堂（SHUNHAOTANG）
50780,虎猫（Ecat）
50781,MOMBEF
50782,逗儿（DOUER）
50783,京东众筹
50784,伊在家（YiZaiJia）
50785,贝滋娃娃
50786,免邮（mianyou）
50787,南洋袋鼠
50788,HOLLOWAY HOUSE
50789,羞羞兔（Shy rabbit）
50790,高先生（GaoXianSheng）
50791,蒂艾诗
50792,家家净
50793,杰夫人
50794,火火蝉
50795,欧瑞森（OURUISEN）
50797,鼎历（DINGLI）
50798,苏宇（SY）
50799,MEDICOX
50800,汉田生医（MEDICLHANTIAN）
50801,碧克
50802,爱可酷她
50803,甲正王
50804,婧氏
50805,蓝莲花
50806,奥尼亚（aoniya）
50807,佳粉
50808,basicare
50809,BETENSH
50810,嘉臣（GIACHAM）
50811,MIG
50812,汰涤宝（Ty-D-Bol）
50813,青蛙王子（FROGPRINCE）
50814,teelishar
50815,Ecotools
50817,Duit
50818,钻技（ZUANJ）
50819,蓝杉
50821,贝娜婷（Penaten）
50822,尚锦（shangjin）
50823,御清堂尚品
50824,EnerVite
50825,百字
50826,驰虹
50828,拾锦
50829,卡蒂芙（KDF）
50830,拜杰（BJ）
50832,速都
50833,Boots
50834,tescoma
50835,亿美家品（emc）
50836,nature return
50837,SABON
50838,特惠美（tehuimei）
50839,Marvis
50840,加品惠
50842,勃金（bojin）
50844,魅蝴（MEIHU）
50846,美美爱
50847,燕丽（YL）
50848,B&y
50849,胜诺商城
50850,新鲜世界（Fresh World）
50851,探戈（TANGO）
50852,七感觉
50853,汉世刘家（hanshiiujia）
50854,安俊
50855,千趣会（senshukai）
50856,优普爱
50857,帕加马
50858,舒痕
50859,一默
50860,HAIXIN
50861,纳彩（nacai）
50862,伊藤の良品
50863,美露华（Meiluhua）
50864,云禹
50865,福宁虫控
50866,美丽之叶（BEAUTIFUL LEAVES）
50867,贝贝怡（Bornbay）
50868,KeyWay
50869,up-hunceo
50870,家的感觉
50874,三芳
50875,Newbark
50876,Zoli
50877,cosmos
50878,倍加洁
50879,费娜蒙（Pfinomann）
50881,知竹
50882,龙士达
50883,优源
50884,王麻子
50885,思景（SIJING）
50886,奇力康
50889,乐婴泉
50890,卡莱饰（Car lives）
50891,居梦坞
50892,金号（KING SHORE）
50893,健安喜（GNC）
50894,家必洁
50895,德宝城
50896,琴叶（Q&Y）