九牧,九牧集团有限公司,九牧集团有限公司，创立于1990年，总部位于福建，是目前国内大型的卫浴洁具产品制造商和供应商之一，同时也是《陶瓷片密封水嘴》国家标准的起草和制定单位，“全国五金制品标准化技术委员会厨卫五金分技术委员会”秘书处。集团旗下品牌“JOMOO九牧”荣获“中国名牌”、“中国驰名商标”、“中国节水产品认证”等多项国家级荣誉。2017年9月，人民网舆情监测中心公布“中国陶瓷品牌影响力大数据排行榜”，九牧卫浴品牌活跃度、用户相应度、终端口碑、品牌影响力均排在行业首位 。2017年，九牧以178.36亿元的品牌价值进入2017年“中国500最具价值品牌”榜单，连续6年蝉联行业第一 
箭牌,箭牌,箭牌是美国箭牌糖果有限公司（WmWrigleyJrCompany）的简称，公司成立于1891年，由小威廉.瑞格理创办，是国际糖果业界的领导者之一和全球最大的口香糖生产及销售商。箭牌糖果（中国）有限公司为其在中国设立的独资企业。目前在广州经济技术开发区、广州市番禺区和上海市松江工业区分别设有三家工厂。美国箭牌糖类有限公司是国际糖果业和全球最大的口香糖生产商，产销口香糖、薄荷糖、硬糖、软糖以及棒棒糖等多样化产品。公司在超过40个国家开展业务，产品行销世界上超过180个国家，其中“黄箭”和“白箭”品牌已有110多年的历史。箭牌公司长期致力于让“箭牌融入生活每一天”，产品具有相当高的知名度和品牌美誉度。
ARROW,绿箭侠,《绿箭侠》（Arrow）是由戴维·纳特执导的美国动作冒险类电视连续剧，由斯蒂芬·阿梅尔、凯蒂·卡西迪、薇拉·贺兰德、科林·萨尔蒙、约翰·巴洛曼等主演。《绿箭侠》改编自“DC漫画”，讲述了亿万阔少奥利弗·奎恩遭遇海难，困于小岛五年后被渔民救起，重返故乡斯塔灵市。奥利弗在炼狱岛上揭开了父亲参与的一场恐怖计划，同岛上的雇佣兵、黑手党、恐怖分子之间发生的故事。 《绿箭侠》第一季于2012年10月10日在CW电视台首播，第二季于2013年10月9日首播。第三季于2014年10月8日首播，第四季于2015年10月7日首播，第五季于2016年10月5日首播，第六季于2017年10月12日首播。 
潜水艇,潜艇,潜艇或称潜水船、潜舰是能够在水下运行的舰艇。 潜艇的种类繁多，形制各异，小到全自动或一两人操作、作业时间数小时的小型民用潜水探测器，大至可装载数百人、连续潜航3-6个月的俄罗斯台风级核潜艇。按体积可分为大型（主要为军用）、中型或小型（袖珍潜艇、潜水器）和水下自动机械装置等。 大型潜艇多为圆柱形，船中部通常设立一个垂直结构（舰桥），早期称为“指挥塔”，内有通讯、感应器、潜望镜和控制设备等。如今的深海潜艇或专业潜艇常已无此设计。 自第一次世界大战后，潜艇得到广泛运用，担任许多大国海军的重要位置，其功能包括攻击敌人军舰或潜艇、近岸保护、突破封锁、侦察和掩饰特种部队行动等。潜艇也被用于非军事用途，如海洋科学研究、抢救财物、勘探开采、科学侦测、维护设备、搜索援救、海底电缆维修、水下旅游观光、学术调查等，超级富豪甚至用为海下移动豪宅。潜艇是公认的战略性武器（尤其是在裁军或扩军谈判中），其研发需要高度和全面的工业能力，目前只有少数国家能够自行设计和生产。特别是弹道导弹核潜艇更是核三位一体的关键一极。潜艇也是较早期就有的匿踪载具。潜艇的噪音降至90分贝左右就可以“淹没”在浩瀚的海洋背景噪音中，就不是当代声纳所能侦测的。 
Submarine,submarine,
摩恩,摩恩,摩恩的系列产品种类齐全，适应于各种场所的需要，广泛应用于中高档住宅、高级酒店、别墅、公寓、商务办公楼及各类公用建筑。在美国本土及加拿大地区的水暖器材行业和普通居民中，摩恩产品妇孺皆知，摩恩(Moen)亦是整个北美洲知名度和社会公众指明购买率很高的品牌。在世界上，摩恩产品以其精湛的技术，先进的工艺，完美的售后服务而倍受世界各地用户的偏爱，并享有极高的声誉。公司的理念是：Buyitforlooks.Buyitforlife。摩恩公司在为用户提供优质产品的同时为用户提供5年保修，摩恩龙头凡出现滴漏问题均可享有5年责任担保。1939年 美国摩恩的创始人艾尔·摩恩发明了世界上第一把单把手冷热水混合水龙头，人们将这一发明与爱迪生发明电灯、贝尔发明电话相提并论，被国际上著名的”FORTUNE”杂志评为20世纪美国100项最优秀的发明之一。摩恩公司于1994年进入中国市场，并在上海外高桥保税区建立了第一个销售公司。随后的几年时间里，美国摩恩公司先后在上海、北京、广州和重庆建立了办事处，其销售网络已经覆盖了中国300多个城市。 摩恩又引进豪室（Showhouse）龙头品牌，全面抢占高端市场。
科勒,扬·科勒,扬·科勒（JanKoller），1973年3月30日出生于捷克布拉格，捷克足球运动员，场上司职中锋。 扬·科勒曾效力于布拉格斯巴达、多特蒙德、摩纳哥等俱乐部。扬·科勒代表捷克国家男子足球队打进55球，是捷克国家队历史上的头号射手，曾杀进2004年欧洲杯半决赛。 2011年，扬·科勒宣布退役。 
KOHLER,kohler,kohler（科勒）公司于1873年成立，总部设在美国威斯康星州Kohler，是美国最古老、最大的私有公司之一。美国科勒公司科勒公司是厨卫产品、高档室内装饰产品、发动机和发电系统的全球领先者。
法恩莎,法恩莎卫浴,法恩莎卫浴是一种卫浴品牌。法恩莎是意大利一个盛产陶瓷的著名小镇这里出产的陶瓷透出一股唯美、优雅、艺术的气息。20世纪初，与毕加索齐名的现代派画家马蒂斯（Matisse）到意大利陶瓷之乡法恩莎游历，寻求艺术灵感，在一次漫无目的的街头漫步之际，神秘邂逅一位美丽的少女，为少女的美深深打动，在巨大的创造灵感和热情的推动下，意大利设计师创作了一幅极具魅力神韵的作品，并将其命名为《法恩莎少女》，一时间《法恩莎少女》唯美优雅的艺术风格轰动了整个艺术界，法恩莎品牌由此孕育而生。
FAENZA,Faenza,
TOTO,toto,TOTO公司由日本人大仓和亲于1917年创立，最初名为东洋陶器株式会社，随后更名为TOTO。在中国地标性建筑，中国国家游泳中心（水立方）、北京奥运会的主体育场（鸟巢）、上海环球金融中心中，均可见TOTO的身影。无论是尖端技术实力体现的诺锐斯特·间，还是带来水洗健康体验的卫洗丽。无论是带动行业节水风潮的4.8升节水坐便器，还是水力发电龙头、海洁特瓷砖。无论是智洁技术、超漩式冲洗，还是SMA恒温、EcoMAX技术，TOTO的产品和技术给用户带去智能卫浴体验的同时，更将环保与节能融入到生活之中，并获得了节水贡献奖、环保贡献奖等众多奖项。
恒洁卫浴,恒洁卫浴,恒洁卫浴是广东恒洁卫浴有限公司卫浴品牌，品牌诞生于1998年，经过多年的发展已经成为一款国内知名的卫浴品牌。 
惠达,惠达,惠达卫浴股份有限公司（股票简称：惠达卫浴，代码：603385）始创于1982年。于2017年4月5日上午在上海证券交易所成功上市，成为综合卫浴首家A股主板上市企业。惠达卫浴实施全球化运营战略，构建了完善的销售和服务体系。为全球消费者提供一站式综合卫浴解决方案。惠达卫浴股份有限公司始建于1982年，是中国规模最大，历史最悠久的卫浴家居用品企业之一，中国卫浴的龙头企业。目前，惠达集团拥有总资产13亿元，职工10000余人，17条天然气隧道窑生产线，年产“惠达”牌卫生陶瓷900多万件，产品已形成系列中高档200多个品种，并逐步形成了卫生陶瓷、墙地砖、塑料配件、压克力浴缸、五金配件等多元化、系列化、多品种、全配套生产经营的全国大型卫浴企业集团。惠达是全国建筑卫生陶瓷行业首家获得“中国驰名商标”、“中国名牌”、“国家免检产品”三项国家鼎级称号的企业。惠达集团自1995年以来连续多年在全国同行业保持生产规模、经济效益、出口创汇等多项指标第一。
高仪,高仪,德国高仪（FriedrichGroheAG&CoKG）集团是世界著名的卫浴产品与系统供应商及环球性出口商。成立于1936年，在全球140个国家拥有代表办事处，另有12家生产工厂及17家营业附属公司。是全球卫浴唯一一个获得最佳设计团队红点大奖。高仪占有大约8%的世界市场份额，是欧洲以及世界最大的领先卫浴设施制造商。
GROHE,高仪,德国高仪（FriedrichGroheAG&CoKG）集团是世界著名的卫浴产品与系统供应商及环球性出口商。成立于1936年，在全球140个国家拥有代表办事处，另有12家生产工厂及17家营业附属公司。是全球卫浴唯一一个获得最佳设计团队红点大奖。高仪占有大约8%的世界市场份额，是欧洲以及世界最大的领先卫浴设施制造商。
四季沐歌,四季沐歌,四季沐歌集团创建于2000年，2012年5月21日于沪市A股主板上市，是中国航天事业战略合作伙伴 。主要业务有集成热水机（热水、采暖） 太阳能（热水、采暖、制冷、光伏发电）、空气能、净水机（净水/软水）、电热水器、厨房电器、卫浴五金、生活电器、智能穿戴设备等产品的研发、制造、销售及服务 。
松下,松下,松下（Panasonic），是日本的一个跨国性公司，在全世界设有230多家公司，员工总数超过290493人。其中在中国有54，000多人。2001年全年的销售总额为610多亿美元，为世界制造业500强的第26名。Panasonic的中文为“松下”（早期叫National，1986年开始逐步更改为Panasonic，2008年10月1日起全部统一为Panasonic）由日本松下电器产业株式会社自1918年松下幸之助创业，发展品牌产品涉及家电、数码视听电子、办公产品、航空等诸多领域而享誉全球；该企业品牌跃入《世界品牌500强》排行榜。松下于2012年10月31日宣布2012财年(2012年4月～2013年3月）的合并最终损益（按照美国会计标准）预期从盈利500亿日元下调为亏损7650亿日元。
Panasonic,松下,松下（Panasonic），是日本的一个跨国性公司，在全世界设有230多家公司，员工总数超过290493人。其中在中国有54，000多人。2001年全年的销售总额为610多亿美元，为世界制造业500强的第26名。Panasonic的中文为“松下”（早期叫National，1986年开始逐步更改为Panasonic，2008年10月1日起全部统一为Panasonic）由日本松下电器产业株式会社自1918年松下幸之助创业，发展品牌产品涉及家电、数码视听电子、办公产品、航空等诸多领域而享誉全球；该企业品牌跃入《世界品牌500强》排行榜。松下于2012年10月31日宣布2012财年(2012年4月～2013年3月）的合并最终损益（按照美国会计标准）预期从盈利500亿日元下调为亏损7650亿日元。
欧琳,欧琳,OULIN欧琳 是一个散发着浓郁欧洲风情的品牌。自1994年筹建以来，OULIN欧琳就一直致力于将欧式、高端入厨理念引入国内。产品线包括高端整体橱柜、智能美学厨电、健康精工水槽及水处理、时尚整体家居等。源于德国的工艺设备、设计理念、管理专家及严密的品质把控体系与OULIN欧琳国际化研发团队的持续创新相得益彰，为全球800多万户用户带来更为尊贵的时尚、快乐生活体验。设计的优势和产品品质的保障，确定了OULIN欧琳“厨房界奔驰”的地位，成为中国厨房行业的翘楚。 
汉斯格雅,汉斯格雅,总部设在黑森林地区希尔塔赫的汉斯格雅公司始于1901年，历经百年发展，在卫浴界赢得了极佳的声誉，成为技术、设计和可持续性发展领域中的创新领袖之一。汉斯格雅制造的龙头、花洒和淋浴系统等创新产品不但让浴室的功能更加齐全，而且让沐浴享受更加舒适，且浴室空间更加美观。
美标,美标,美标的历史可以追溯到1872年。那一年，JohnB.Pierce在美国马萨诸塞州Ware地区开始经营一家洋铁制品的商店。JohnB.Pierce凭借他在这家商店里积累的商业技能，随后开创了PierceSteamHeatingCompany，而这家公司于1892年和另外两家公司合并成为AmericanRadiatorCompany。美标，作为亚太地区卫浴产品装配的提供者，为顾客提供美丽和谐的卫浴环境设计方案。它们也同样应用于豪华宾馆，高级住宅，一流的办公楼和公共设施中。
安华,安华,安华镇位于浙江省诸暨市西南部，地处诸暨、义乌、浦江三县（市）要冲，距诸暨市区20公里。是一个历史悠久、文化昌盛的古镇。
悍高,悍高,
莱尔诗丹,莱尔诗丹,公司于2002年在温州成立，经过六年的拼搏，于2008年底在“中国卫浴水暖五金产业基地”、“中国卫浴水暖五金出口基地”广东鹤山市址山镇投资第二家工厂并将公司总部迁至广东，全面提高产品品质及品牌价值，注册为“鹤山市安得利卫浴有限公司”。
卡贝,卡贝,卡贝是卡贝科技股份有限公司旗下的品牌，注册号是6843168
东鹏,东鹏,深圳市东鹏饮料实业有限公司拥有功能饮料、植物饮料、清凉饮料、豆制品、水和陈皮蜜饯等各类产品 。深圳市东鹏饮料实业有限公司南宁生产基地项目位于高新区明华路，项目总投资约5.3亿元，配备6条生产线，包含瓶装生产线和利乐生产线，年产能达20万吨。项目建成投产后预计年产值超过8亿元，年税收约4000万元，提供就业岗位500多个。 
华帝,华帝,华帝股份有限公司（股票代码002035）成立于2001年11月28日，其前身中山华帝燃具有限公司成立于1992年4月。股份公司主要从事生产和销售燃气用具、厨房用具、家用电器及企业自有资产投资、进出口经营业务。华帝产品已形成灶具（燃气灶、沼气灶）、热水器（电热水器、燃气热水器和太阳能热水器）、抽油烟机、消毒柜、橱柜等系列产品为主的500多个品种，燃气灶具成为中国灶具领导品牌，燃气热水器、抽油烟机分别进入全国行业三强。2006年4月28日，华帝股份获批成为北京2008年奥运会燃气具独家供应商；2008年3月，华帝股份成为北京奥运会祥云火炬制造商。
苏泊尔,苏泊尔,浙江苏泊尔股份有限公司是中国最大、全球第二的炊具研发制造商，中国厨房小家电领先品牌，是中国炊具行业首家上市公司（股票代码002032）。苏泊尔创立于1994年，总部设在中国杭州，在杭州、玉环、绍兴、武汉和越南胡志明市建立了5大研发制造基地，拥有10000多名员工。苏泊尔是中国炊具行业首家上市公司。苏泊尔拥有明火炊具、厨房小家电、厨卫电器三大事业领域，丰富的产品线，全面满足厨房生活需求。旗下生产的炊具及生活家电产品销往全球41个国家和地区，压力锅、炒锅、煎锅、蒸锅连续多年国内市场占有率稳居第一；电饭煲、电压力锅、电磁炉、电水壶市场占有率也跃居行业第二的领先地位。 
希箭,希箭,希箭是湖南金洁美科技有限公司旗下的品牌，注册号是：12339925 
名爵,MG,MG（名爵）全称MorrisGarages，成立于1924年是一个源自英国的汽车品牌，公司以生产著名的MG系列敞篷跑车而闻名，MG跑车向来以独特的设计、做工精细和性能优良而著称。MG之父是威廉·莫里斯，这个靠4英磅起家的英国伍斯特的自行车修理工，在1910年建立了莫里斯车库（MorrisGarages），简称MG。十年后，他从汽车经销改为制造和研发。1920年第一辆莫里斯汽车在小镇考利被制造出来。至此MG走上了辉煌的汽车研发之路。威廉·莫里斯执着于自己的汽车工业家的梦想，一生致力于汽车和慈善事业，曾经被授予诺非尔德勋爵称号。
九牧王,九牧王,九牧王(601566)是中国领先的商务休闲男装品牌企业，公司核心产品九牧王男裤及茄克已经占据市场领导者地位。经营九牧王品牌的男裤、茄克及其它服饰类产品。截至2011年，公司主导产品九牧王品牌男裤综合市场占有率连续十二年位居全国第一，商务休闲男装综合市场占有率连续两年位居全国第一，茄克综合市场占有率连续四年位居全国第二（以上市场占有率来自中华全国商业信息中心对全国重点大型零售企业、商业集团的统计数据）。
joxod,joxod,兴达建材（中国）有限公司系港商独资企业，创办于1989年，公司厂区面积150亩，现有标准化厂房19幢，建筑面积11万平方米；办公综合楼1幢，建筑面积3500平方米；员工宿舍楼5幢，建筑面积2.5万平方米
海尔,海尔,海尔集团创业于1984年，是全球大型家电品牌，目前已从传统制造家电产品的企业转型为面向全社会孵化创客的平台。在互联网时代，海尔致力于成为互联网企业，颠覆传统企业自成体系的封闭系统，变成网络互联中的节点，互联互通各种资源，打造共创共赢新平台，实现攸关各方的共赢增值。 2017天猫双十一“亿元俱乐部”榜单显示，海尔位列第三名。 
Haier,海尔,海尔集团创业于1984年，是全球大型家电品牌，目前已从传统制造家电产品的企业转型为面向全社会孵化创客的平台。在互联网时代，海尔致力于成为互联网企业，颠覆传统企业自成体系的封闭系统，变成网络互联中的节点，互联互通各种资源，打造共创共赢新平台，实现攸关各方的共赢增值。 2017天猫双十一“亿元俱乐部”榜单显示，海尔位列第三名。 
尊驰,尊驰,尊驰的外形改造是出自于意大利PINFARINA设计公司的手笔。全新华晨尊驰有接近C级轿车的高大体形和宽敞空间，有充沛的动力传动系统，有功能全面的各种附件，有多达5种不同配置的车型选择，具有非常高的性能价格比。
正山,正山,有正山也就有外山，正山外山之争起源于桐木关内小种红茶和其他地区的低海拔小种红茶。最终，桐木关自然保护区凭借悠久的历史底蕴，成功注册了正山小种地理标识，正山外山之争落下帷幕。正山，意味着只有桐木关保护区内的才叫正山。也就是说正山小种，甚至金骏眉都要是桐木关内的才能称为正统。正山茶业保护区内的龙头企业，其研发的金骏眉红茶，掀起了新一波的红茶复兴。
乐家,乐家,Roca乐家卫浴作为全球十大卫浴洁具品牌和最大的卫浴生产商之一，1917年由乐家兄弟创立于激情与灵感迸发的西班牙。其总部和全球设计中心、创新中心设在西班牙巴塞罗那。Roca乐家公司是以生产和销售高档洁具为主，包括瓷砖、暖气系统和空调产业。产品在全球最顶尖的酒店及高档住宅中得到了广泛的采用。Roca乐家洁具公司目前在四大洲的16个国家设有40多家工厂，在50多个国家设有营业机构，业务遍及全球100多个国家和地区，为世界各地提供一应俱全的浴室用品，现已成为全球最大的卫浴产品集团公司。
Roca,ROCA,ROCA（乐途/乐卡宝贝）是源自香港的母婴用品品牌。由深圳市美儿乐母婴用品有限公司在中国大陆区域全权独家代理和销售。ROCA产品涵盖奶瓶、奶嘴、水杯、婴儿汤匙、牙胶、奶粉格等哺喂系列用品。
华艺,华艺,华艺，男，大专学历，，1979年9月参加工作，1994年4月加入中国共产党。
菲尔特,菲尔特足球俱乐部,菲尔特足球俱乐部（SpVggGreutherFürth）是德国职业足球俱乐部，成立于1903年，现为德国足球乙级联赛球队，球队位于巴伐利亚州的菲尔特。
阿萨斯,阿萨斯,阿萨斯是网页游戏《赛尔号》中的精灵，2014年5月主线任务中出现的精灵，是索伦森的主人，波塞冬的宿敌。
ASRAS,ASRAS,公元1873年，德国ASRAS阿萨斯诞生。优质的钢材、精湛的技术，赋予阿萨斯独特的个性：气质超群、坚韧而不畏侵蚀、不断追求完美与平衡。作为世界的卫浴专家，阿萨斯在传承德国优秀传统与工艺的同时，以无可挑剔的卓越品质，行业领先的研发技术，精益求精的制造工艺，以及时尚前沿的艺术设计，使阿萨斯精神在百年传承中成为经典。“ASRAS阿萨斯”，以世界顶级品质和简约、自然、质感的生活理念，而独树一帜，倍受赞誉。 
欧派,欧派,江山欧派门业股份有限公司是一家集研发、生产、销售、服务于一体的专业木门制造企业，是上海证券交易所主板上市公司（2017年2月10日上交所A股上市，证券简称：江山欧派，证券代码：603208 ）。公司位于“中国木门之都”——中国江山。 
迈勒,迈勒,
帝王洁具,帝王洁具,帝王洁具于1994年在四川省简阳市成立，是我国卫浴十大品牌之一，是一家集设计、研发、生产、销售高品质卫浴及配套产品为一体的现代化大型卫浴集团，是国内颇具影响力的亚克力洁具制造商，同时也是我国最早一批的知名卫浴品牌。迄今为止，帝王洁具已经拥有21年的发展历程，成为我国国产卫浴品牌中历史悠久、实力强大、影响力广泛的知名卫浴洁具生产企业，同时多年跻身中国十大卫浴品牌前五名，厂址位于四川省简阳市贾家工业园区。
安住,安住,RomanDietscheGmbH成立于1873年，是一家拥有近140年悠久历史的德国公司，提供符合“德国制造”精神的优质卫浴产品。公司坐落于德国西南巴符州山区黑森林地区，该地区在德国有着“工匠摇篮”之称，孕育了包括打铁、制革业和钟表业等至今仍可称得上是真正传统手工业的艺术，今天，人们在世界各地都能体验到具有德国黑森林传统工艺之美的优质产品。
普乐美,普乐美,普乐美—国际高端厨卫品牌，水龙头十大品牌企业 。引进德国技术，在中国主要生产厨卫龙头、花洒、普乐美水槽、挂件、角阀、地漏等。普乐美传承欧洲精湛工艺，融合全球最新科技，专注不锈钢水龙头、花洒、普乐美水槽、挂件等厨卫五金解决方案。产品以304不锈钢为主材，其经久耐用、安全健康、节能环保、易于保养等方面的优越性超越其他材料生产的产品，成为全新一代的健康卫浴产品。将引领卫浴行业发展新方向。
3M,3M公司,3M公司全称MinnesotaMiningandManufacturing（明尼苏达矿务及制造业公司），创建于1902年，总部设在美国明尼苏达州的圣保罗市，是世界著名的产品多元化跨国企业。3M是全球性的多元化科技企业，创建于1902年，素以勇于创新、产品繁多著称于世，生产数以万计的创新产品，在医疗产品、高速公路安全、办公文教产品、光学产品等核心市场占据领导地位。3M为全球近200多个国家的客户提供产品及服务，其产品已深入人们的生活，从家庭用品到医疗用品，从运输、建筑到商业、教育和电子、通信等各个领域，极大地改变了人们的生活和工作方式。
绿太阳,绿太阳,绿太阳是湖南省株洲市满篮子蔬菜种子公司引进的西瓜品种，由辽宁省沈阳市圣地亚种业有限公司选育栽培。中晚熟有籽西瓜品种，抗病性强，深绿花皮，条道清晰，圆形，大红肉，单瓜重10—15公斤，开花后33—35天左右成熟，中心糖度13%，皮薄且坚韧，口感好，极耐储运，商品性好，亩产5000公斤左右。 
白色恋人,白色恋人,白色恋人（しろいこいびと），是北海道札幌市的石屋制果株式会社出产的一种巧克力夹心薄饼。它由两片薄饼（法语：languedechat）中间夹白色巧克力的「白い恋人ホワイト」，和夹着牛奶巧克力的「白い恋人ミルク」两种，及后有黑巧克力口味，味道较甘，没有白巧克力般甜。包装是由白色和水色为基调的设计，中间配以利尻岛的利尻山照片。
SOLUX,SoLux,SoLux是一种已经取得专利的光源，发明于2003年。 不同于白炽灯、日光灯，它可以发出明亮柔和的光线，使被照物更能能反应本身的颜色。它的造价比一般的LED光源更低，并且不含汞，很环保。这种灯主要用于家庭、办公室、博物馆、画廊、摄影工作室、医院、美发沙龙。
联塑,联塑,
欧普照明,中山市欧普照明股份有限公司,欧普照明是一家创新型快速发展的公司，成立于1996年8月，是一家集研发、生产和销售于一体的全球化照明企业。现有员工5000多人。产品涵盖家居、商照、电工、光源等领域，主要的产品节能灯、吸顶灯、支架、筒射灯、LED照明等系列产品的国内市场占有率已处于领先地位，同时，欧普自主品牌产品的海外业绩也相当喜人。2009年9月，欧普照明正式成为2010年上海世博会民企馆参展企业。
KARAT,KARAT,Karat，珠宝首饰以及黄金行业术语，用来表示金子的纯度。
志高,志高空调,广东志高空调有限公司创建于1994年 ，总部位于珠江三角洲工业重镇佛山市南海区，是一家以家用和商用空调生产、销售为主的大型现代化企业集团。经过十余年的不断发展与壮大，现公司占地面积近300万平方米，年产能达1000万套，名列南海工业经济综合实力百强榜首。总部拥有两大工业园，并在泰国、越南、博茨瓦纳、尼日利亚等国家设有多家合作工厂，市场营销网络遍布全球100多个国家和地区，是目前中国最大的民营空调生产基地和出口创汇企业之一。
Grohe,高仪,德国高仪（FriedrichGroheAG&CoKG）集团是世界著名的卫浴产品与系统供应商及环球性出口商。成立于1936年，在全球140个国家拥有代表办事处，另有12家生产工厂及17家营业附属公司。是全球卫浴唯一一个获得最佳设计团队红点大奖。高仪占有大约8%的世界市场份额，是欧洲以及世界最大的领先卫浴设施制造商。
道尔顿,约翰·道尔顿,约翰·道尔顿（JohnDalton，1766年9月6日－1844年7月27日），英国化学家、物理学家。近代原子理论的提出者。他所提供的关键的学说，使化学领域自那时以来有了巨大的进展。附带一提的是道尔顿患有色盲症。这种病的症状引起了他的好奇心。他开始研究这个课题，最终发表了一篇关于色盲的论文──曾经问世的第一篇有关色盲的论文。后人为了纪念他，又把色盲症叫做道尔顿症。 道尔顿一生宣读和发表过116篇论文，主要著作有《化学哲学的新体系》两册 。
莫顿,莫顿,莫顿是分支进化精灵，可以进化为古利安和隆米尔。机械系，本届机械王者，30级的时候拿去进化舱进化，分别需要100黄晶矿进化成吉利安，或者25的甲烷燃气进化成隆米尔11级个体36可以捕捉，10级个体34可以捕捉。
格森,格森,
和成卫浴,和成卫浴,和成卫浴（hcg）创立于1931年，是全球著名的的卫浴生产厂商，享“世界十大卫浴厂商之一”的美誉。作为全球最大的单体静音马桶生产商之一，和成已经成为专业领导及多元化经营的现代企业，领导卫浴、橱柜及给水铜器等制造业界，横跨建筑、精密陶瓷、瓷砖、炉具及住宅设备等生立领域。经历半个多世纪的耕耘，HCG已成为世界卫浴巨人。HCG单体静音马桶更是产量创世界第一，秉承“诚意、创意、满意”工作理念的和成人，如今已将HCG塑造成为一个世界性的名字。
HCG,人绒毛膜促性腺激素,人绒毛膜促性腺激素是由胎盘的滋养层细胞分泌的一种糖蛋白，是由α和β二聚体的糖蛋白组成的。人绒毛膜促性腺激素(HCG)αβ，由合体滋养细胞合成。分子量为36700的糖蛋白激素，α亚基与垂体分泌的FSH（卵泡刺激素）、LH（黄体生成素）和TSH（促甲状腺激素）等基本相似，故相互间能发生交叉反应，而β亚基的结构各不相似。β-HCG与β-LH结构相近，但最后24个氨基酸延长部分在β-LH中不存在。
惠尔顿,惠尔顿,WellDon/惠尔顿”儿童汽车安全座椅是“中、加（加拿大）合资”企业惠尔顿公司的主导专利产品，其中文名为“惠尔顿”；公司产品在欧洲、韩国、日本等全球30多个国家和地区的中高端市场均颇具口碑，设计风格与产品品质都深受客户的认可；同时也是国内最早经欧洲权威认证机构——TNO认证并全线通过ECER44/03、ECER44/04国际公认的认证标准的品牌产品之一。“welldon/惠尔顿”是国内唯一一家实施椅身组件“全注塑”工艺的产品，使其产品在结构标准性、组件稳定性、产品耐用度和使用安全性都是其他工艺难以达到的。“welldon/惠尔顿”的心愿就是让所有的宝宝在乘车时都能得到属于他们的专业保护，让所有人都关心宝宝的乘车安全。“welldon/惠尔顿”将为儿童汽车安全座椅的推广和普及而不懈努力。
中宇,中宇,中宇是公司品牌的名称，分为”中宇资讯“、”中宇卫浴“和“中宇房地产”。
好来屋,好来屋,好来屋烘焙，2013年成立于北京，主营西点美食为主的面包、蛋糕等烘焙产品。好来屋烘焙经营范围以学生、白领等为主要消费人群。截至目前，好来屋烘焙在中国大陆已达50多家直营店、连锁店，拥有300多名员工，在全国有着较高的品牌知名度和美誉度。 
津上,津上,
康佳,康佳,康佳即康佳集团（英文名：KONKA），成立于1980年5月21日，前身是“广东光明华侨电子工业公司”，是中国改革开放后诞生的第一家中外合资电子企业。康佳集团主要从事彩色电视机、手机、白色家电、生活电器、LED、机顶盒及相关产品的研发、制造和销售，兼及精密模具、注塑件、高频头、印制板、变压器及手机电池等配套业务，是中国领先的电子信息企业。
KONKA,KONKA,康佳(KONKA)集团成立于1980年5月21日，前身是“广东光明华侨电子工业公司”，是中国改革开放后诞生的第一家中外合资电子企业，初始投资4300万港元。1991年，康佳集团改组为中外公众股份制公司。1992年，康佳A、B股股票同时在深圳证券交易所上市，现有总资产近百亿元、净资产近四十亿元、总股本12.04亿股，华侨城集团为第一大股东。
欧路莎,欧路莎,ORANS欧路莎卫浴中国十大卫浴品牌、卫浴品牌企业十强，中国厨卫百强，行业相关标准的起草和制定单位之一。始创于1998年，是我国发展较快的集研发、生产、销售、服务为一体的高科技企业之一，现拥有上海、台州、佛山三大生产基地共五个规模化生产工厂，总占地面积26万平方米，员工2000多人。主要生产电脑蒸汽淋浴房、桑拿房、简易淋浴房、按摩浴缸、智能座便器、浴室柜、陶瓷洁具、五金龙头等卫浴洁具系列产品，年产能可达500余万件。
尚品宅配,尚品宅配,尚品宅配成立于2004年，是广州尚品宅配家居用品有限公司旗下品牌，是一家强调依托高科技创新性迅速发展的家具企业。
心海伽蓝,心海伽蓝,心海伽蓝是佛山市伽蓝洁具有限公司旗下的卫浴品牌，是以浴室柜为主，淋浴房、马桶、陶瓷洁具、五金龙头等为辅的整体卫浴品牌。心海伽蓝于2004年推出中国市场，经过多年的发展，在行业中有“中国实木浴室柜第一品牌”之称，现在是佛山浴室柜联盟会长单位，为众多卫浴企业的榜样和方向标。
便洁宝,便洁宝,便洁宝是中国星星集团公司的一款智能座便器，便洁宝公司依托星星集团的雄厚实力，在引进世界先进水平的智能座便器生产技术的基础上，投入了大规模的自主研发生产。
金牌厨柜,金牌厨柜,厦门金牌厨柜股份有限公司于1999年创立，定位“更专业的高端厨柜” ；拥有行业唯一的国家级厨房工业设计中心；中国五金制品协会厨房设备分会会长单位；福建省及厦门市橱柜业商会创会会长单位；厦门厨卫百亿产业集群的龙头企业。 厦门金牌厨柜股份有限公司在上交所上市 ，A股简称：金牌厨柜 。A股代码：603180 。
沃特玛,沃特玛,沃特玛商城又名厦门沃特玛网络科技有限公司成立于2011年，由“全球通”商务联合投资成立的电子商务公司。沃特玛旗下买卖提网电子商务平台。买卖提网电子商务平台是一个涵盖了商品批发、零售、旅游、服务的综合性平台商城，创建于2011年，与“全球通”全面合作，致力于联合打造特色的全球网络购物品牌商城。网站利用全球通品牌现有实体网络，强强联手，努力创建地域分布广、地方特产全、服务网点多的新型互联网商城，为顾客提供网上“一站式”的购物场所。以顾客的快乐购物体验、商品品质保证和优质的售后服务为公司的核心价值，以创新的经营方式实现公司高速发展和经济效益更大化。
好亿家,好亿家,《好亿家》是一款Android平台的应用。
鹰卫浴,鹰卫浴,YING（鹰卫浴品牌）创立于1994年，是国内历史最悠久、最具实力的卫浴品牌之一。品质、设计、环保是YING的核心优势。YING致力于节水环保产品研发，以精益求精的制造工艺和环保时尚的产品设计，倾力打造YING品牌国际化的卓越品质。主要生产陶瓷卫生洁具、压克力浴缸、冲浪缸、淋浴房、蒸汽房、实木浴室柜、PVC浴室柜、全铜质镀铬龙头、不锈钢盆及五金挂件等卫生间全配套产品，以及瓷质饰釉砖、抛光砖、釉面砖、瓷片、外墙砖、广场砖等系列产品。
TEM,TEM,透射电子显微镜（英语：Transmissionelectronmicroscope，缩写TEM），简称透射电镜，是把经加速和聚集的电子束投射到非常薄的样品上，电子与样品中的原子碰撞而改变方向，从而产生立体角散射。散射角的大小与样品的密度、厚度相关，因此可以形成明暗不同的影像。通常，透射电子显微镜的分辨率为0.1～0.2nm，放大倍数为几万～百万倍，用于观察超微结构，即小于0.2微米、光学显微镜下无法看清的结构，又称“亚显微结构”。
爱适易,爱适易,爱适易是世界500强知名企业美国艾默生电气有限公司旗下品牌。爱适易公司是一家总部设在美国威斯康辛州的跨国公司，是世界上最大的食物垃圾处理器销售商和制造商，每年爱适易公司生产的食物垃圾处理器超过600万台，日产量超过2万台，在世界各地，爱适易公司均拥有最大的市场份额，并且在质量方面拥有极好的口碑，全球80%以上的食物垃圾处理器都出自爱适易公司。
J.ESTINA,J.ESTINA,J.ESTINA于2003年创立于韩国，是以曾是意大利公主兼保加利亚王妃的吉奥瓦娜公主为形象而诞生的全球奢侈品品牌。提倡优质时尚生活方式，专长于饰品，手袋配饰等的J.ESTINA立志让每一位拥有她的女孩都变成公主。在中国北京、上海均有实体店 。
索菲亚,索菲亚,索菲亚是历史上首个获得公民身份的一台机器人。索菲亚看起来就像人类女性，拥有橡胶皮肤，能够表现出超过62种面部表情。索菲亚“大脑”中的计算机算法能够识别面部，并与人进行眼神接触。
吉博力,玛莎拉蒂Ghibli,玛莎拉蒂Ghibli为意大利汽车制造商玛莎拉蒂（Maserati）推出的车型，第一代于1967年面世，2013年4月于上海车展全球首次亮相的为Ghibli第三代车型，并与同年11月的广州车展上市推出三款车型：Ghibli、GhibliS和GhibliSQ4，售价89.8万元起。Ghibli搭载3.0LV6汽油发动机，其中动力最强的车型为GhibliSQ4，拥有301kW（410hp）的最大功率，0至100km/h加速时间仅为4.8秒，最高车速可达284km/h。全新玛莎拉蒂Ghibli将感性的意大利设计、极致的动感驾驶乐趣和无与伦比的日常舒适驾乘体验融于一身，能更好地满足日益差异化的消费者需求。
德众,德众,德众，主持人。主持上海教育电视台《特别传真》、《学子》栏目。
朗派,朗派,朗派由义乌市智趣家居用品有限公司于2016年06月07日在中国商标网注册的商标；商品服务:纸;卫生纸;平版印刷工艺品;文具;书写工具;绘画材料;教学材料（仪器除外）;笔记本或绘图本;印刷品;书籍装订器;
希朗,希朗,希朗，男，生于新罗宪康王时代（875～885），是一位佛教信仰者。
摩普,摩普,MOPO/摩普是深圳市智能通电子有限公司旗下品牌，品牌产品以移动电源为主，包括：数码手机移动电源，笔记本移动电源，太阳能移动电源，太阳能充电包，无线充电器。
MOPO,mopo,MOPO/摩普是深圳市智能通电子有限公司旗下品牌，品牌产品以移动电源为主，包括：数码手机移动电源，笔记本移动电源，太阳能移动电源，太阳能充电包，无线充电器。摩普可为客户提供从产品的ID设计、电路研发、到模具开发及生产制造的一条龙服务。
东陶,东陶,东陶 公司 是一个生产、销售民用及商业设施用卫浴及相关设备的厂家。追求高品质、高工艺水平，使用户享受卫生、健康、舒适的生活是我们一贯追求的目标。东陶公司致力于保护珍贵的水资源，创造和保持舒适的生活环境，发展一体化组合结构的卫生设备产品，本公司正不断的增强自身产品实力，开拓着新的市场空间。
杉本,杉本,杉本是全球MRO综合服务商，从事国内贸易，代理国内外5，00000余种知名工业品牌的产品，服务企业、工厂、以及个人用户，为各类企业及代理商做好查询、询价、报价、订货和分销全配套服务。
蒙娜万娜,蒙娜万娜,这一幅是被法国拿破仑家族秘密收藏200年的裸体《蒙娜丽莎》首次浮出水面，这幅画蒙娜万娜的名字事实上叫做《蒙娜万娜》。让研究达·芬奇的专家们大感惊讶。
丽维家,丽维家,丽维家集团创建在于对互联网客户对定制家具需求的深度理解，以及利用定制家具核心本质与互联网技术结合的深度应用基础上打造的全国一站式定制家具O2O平台。丽维家专注于定制家具的电子商务业态发展和品牌打造，打破定制家居产品不可网购的传统思想，率先推出中国首个基于互联网的定制家具O2O平台。
兰缪,兰缪,兰缪就是优品生活（北京）科技有限公司，成立于2008年，是UnlimitedBrandsLtd在中国的全资子公司，负责LAMIU品牌在中国的多渠道营销。UnlimitedBrandsLtd投资商包括日本最大的电子商务公司、手机零售公司、证券公司等；其董事及顾问团队来自美国的Victorias，Secret、Coach，日本的华歌尔、千趣会、Cecile、QVC、乐天等公司的前任及现任高层。
贝斯,贝斯,贝斯（Bass）是乐队中一般必不可少的乐器之一，它在乐队中主要担任低音声部，有时也作即兴独奏。传统爵士乐一般都采用原声贝司（即低音提琴）来体现它的原始风味。而在现代爵士乐（特别是融合爵士）中经常运用电贝斯或电子合成器中的合成贝斯音。如今电声乐器的广泛发展与流行使乐队这个词发生了巨大的变化，人数减少了，通常4人即可组织一个乐队，分别由节奏（架子鼓）、低音（贝斯）、和弦（吉他）、主旋律（键盘）。电声乐队中的BASS其实就是低音吉他，全称应该叫BASSGUITAR。应用谱号：低音谱号，不宜调高八度记谱。外观：BASS形状与通常电吉他很相似，略重一些，音阶处于低音位置，因此琴弦相当粗，弦张力相当大，因此拨弦的力量要比吉他大得多。
GWT,GWT,GoogleWebToolkit（GWTWebToolkit，简写：GWT） ，是一种允许开发人员使用Java编程语言快速构建和维护复杂但性能高的JavaScript前端应用程序的工具集，能够降低开发难度，尤其是与EclipseGoogle插件结合使用时，优势更明显。有了GWT可以使用Java编程语言编写AJAX前端，然后GWT会交叉编译到优化的JavaScript中，而JavaScript可以自动在所有主要浏览器上运行。 有了GoogleWebToolkit工具包(GWT)，可以使用Java编程语言编写AJAX前端，然后GWT会交叉编译到优化的JavaScript中，而JavaScript可以自动在所有主要浏览器上运行。在开发过程中，您可以用JavaScript按习惯的相同“编辑-刷新-查看”循环快速反复，还有另一个好处就是能够调试和逐行单步调试Java代码。准备好进行部署后，GWT会将Java源代码编译到优化且独立的JavaScript文件中。使用GoogleWeb工具包可以轻松地为现有网页或整个应用程序构建一个Widget。
伟星,伟星,伟星集团，创建于1976年9月，总部位于浙江省经济发达的温州与宁波区域之间的台州古城——临海市。经过近三十年持续稳健发展，现已成为产业专业化、信息网络化、经营国际化、管理规范化的国家级集团公司。形成了以服装辅料、新型建材、房地产、工艺饰品为四大支柱产业，集商贸、金融投资、光学制品为一体的经营格局；建立了临海伟星辅料工业园、临海伟星高新技术工业园、深圳坂田伟星工业园、上海奉贤伟星工业园；开辟了覆盖国内各大中城市和辐射欧、美、亚、非、大洋洲五大洲的营销网络。
碧水源,碧水源,碧水源创建于2001年，注册资本88576.8866万元，由归国留学人员创办于中关村国家自主创新示范区。碧水源是国家首批高新技术企业、国家第三批创新型试点企业、首批中关村国家自主创新示范区创新型企业、科技奥运先进集体，致力于解决水资源短缺和水环境污染双重难题。
弗林斯,托尔斯滕·弗林斯,托尔斯滕·弗林斯（TorstenFrings，1976年11月22日－），曾任德甲云达不来梅足球俱乐部一线队助理教练，现任德甲达姆施塔特足球俱乐部主教练，前德国国家足球队著名球星，场上司职后腰，曾为国家队出场过79次。 
蒙娜丽莎,蒙娜丽莎,《蒙娜丽莎》是意大利文艺复兴时期画家列奥纳多·达·芬奇创作的绘画作品，收藏于法国卢浮宫博物馆。 该画作的主要内容，表现了女性的典雅和恬静的典型形象，成功地塑造了资本主义上升时期一位城市有产阶级的妇女形象。 《蒙娜丽莎》代表了文艺复兴时期的美学方向；该作品折射出来的女性的深邃与高尚的思想品质，反映了文艺复兴时期人们对于女性美的审美理念和审美追求。 每年到卢浮宫鉴赏《蒙娜丽莎》作品的人数，大约有600万左右。 1952年，德国发行首枚《蒙娜丽莎》邮票。 
多美吉,多美吉,多美吉是治疗不能手术的晚期肾细胞癌的药物，应该根据医生建议，根据患者具体情况综合考虑，选择适宜治疗手段。
HSPA,HSPA,HSPA英文全称为HSPAHigh-SpeedPacketAccess。WCDMA的R99和R4系统能够提供的最高上下行速率分别为64kbps和384kbps，为了能够与CDMA1XEV-DO抗衡，WCDMA在R5规范中引入了HSDPA，在R6规范中引入了HSUPA，HS-DPA和HSUPA合称为HSPA。HSDPA（高速下行分组接入）在下行链路上能够实现高达14.4Mbit/s的速率。通过新的自适应调制与编码以及将部分无线接口控制功能从无线网络控制器转移到基站中，实现了更高效的调度以及更快捷的重传，HSDPA的性能得到了优化和提升。HSUPA（高速上行分组接入）在上行链路中能够实现高达5.76Mbit/s的速度。基站中更高效的上行链路调度以及更快捷的重传控制成就了HSUPA的优越性能。HSPA+（增强型高速分组接入）是HSPA的强化版本。HSPA+比HSPA的速度更快，性能更好，技术更先进，同时网络也更稳定，是目前LTE技术运用之前的最快的网络。
马斯科特,马斯科特,（MASTEIKO）马斯特科是澳大利亚新南威尔士州城市。位于悉尼市区南8公里，濒植物湾北岸，人口1.8万，为大悉尼市主要工业区之一，有各种轻工业和电器用具、飞机制造等工厂，主要民航机场所在地。
贝朗,贝朗,贝朗卫浴（Bravat）是德国百年卫浴品牌Dietsche旗下的高端卫浴子品牌。
Julia,京香julia,京香JULIA 是一名日本AV女优，1987年5月25日出生于日本埼玉县，身高是158cm，星座是双子座，2010年4月出道。
杜拉德,杜拉德,
维卫,维卫,维卫，汉语词汇，拼音为wéiwèi，是连接、护卫的意思。出自《晋书·陶璜传》。
朗斯,朗斯,朗斯（Lens）位于法国北部，是加来海峡省（Pas-de-Calais）的一个行政区，是皮卡第大区（Picarde）的一个比较大的城市，人口约三万五千。是朗斯－列埃文（Lens-Liévin）联合行政区（下属36个行政单位，人口25万）的一部分；朗斯与杜埃（Douai）又构成了杜埃－朗斯都市群（1999年的人口为55万）。
LENS,Lens,《Lens》是一本以影像为阅读方式的出版物，以图文结合的叙述方式，关注不断变化的现实、永恒不变的人性、人文艺术和生活美学，主题是营造最具影像冲击力的品质生活。
新柳城,新柳城,朝阳大学旁，500万平城南生活样板区新柳城项目总体简介——生态之城/文化之城/和谐之城/魅力之城/繁荣之城500万平方米超级生活城，打造第三代城市生活样板区，铸造崭新的城市副中心新柳城项目位于辽宁省朝阳市城区南部，青龙山脚下，大凌河上游，南至朝阳大学，北临友谊大街，西至东山村，东临柳城广场，是朝阳独有的上风上水之地。项目总规划用地面积5平方公里，规划建设用地3平方公里，公园及绿化用地1000亩，道路及配套设施用地1000亩，由朝阳盘龙企业集团与北京泛华企业集团联合倾力打造。未来的新柳城将是拥有花园洋房、别墅、公寓、多层、小高层住宅和多元性会所、度假村、五星级酒店以及100万平米商业聚集区的现代新城，未来城市南部的核心区和新型的现代都市中心。
过江龙,过江龙,《过江龙》是由张彻执导，董志华、徐小健等主演的剧情片。该片讲述了民国一方军阀师长想要霸占唱戏名旦，剧团的几个男孩子保护她免遭欺凌，与师长周旋，最后杀了师长为民除害的故事。 
汉斯顿,汉斯顿,深圳市汉斯顿净水设备有限公司是一家集研发、生产和销售净水器为一体的国家高新技术企业。经过多年的发展，公司现拥有GPAN超滤膜技术和反渗透净水器研发能力、5个发明专利、20个外观专利、20个实用新型专利。 汉斯顿在水处理设备制造和自动控制领域里的先进技术和丰富经验，博取全球行业技术之长，采用进口原料和模具，设计出适应中国市场的系列产品：厨房净水器、中央净水器、直饮净水器、纯水机、商用纯水机，能量直饮水机，在中国同行业内处于领导地位。
黑森林,黑森林,黑森林（德语：Schwarzwald）是德国最大的森林山脉，位于德国西南部的巴登-符腾堡州。黑森林的西边和南边是莱茵河谷，最高峰是海拔1493米的菲尔德山（Feldberg）。
原野,原野,《原野》话剧改编自曹禺先生经典名著《原野》《原野》是中国现代文学史上最杰出的戏剧大师曹禺先生的经典名著。这部创作于1937年的经典名著，是曹禺先生唯一一部描写中国农村的作品，其风格显然不同于他的其他代表作，如《雷雨》、《日出》、《北京人》。这部作品已经和现实主义有了区别。这个冤冤相报、看似简单的复仇故事，蕴涵着阔大渊深的人物情感并展现出复杂鲜明的人物性格：它不仅仅揭露了封建社会的黑暗，表现被压迫、被摧残的农民对美好生活的向往，还更深地发掘了人性的复杂多面性。
斐格,斐格,斐格专为21世纪旅行者设计的MCM将精巧的设计和耐用材料合二为一，到采用强烈色彩且效果出众的款式。该品牌旗下拥有众多精致手包，实用且潮流的行李包，功能商务包，柔软和时尚的小型皮具等产品，所有这些均采用诸如真皮，织物和样式独具一格的皮革制造
爱迪生,托马斯·阿尔瓦·爱迪生,托马斯·阿尔瓦·爱迪生（ThomasAlvaEdison，1847年2月11日—1931年10月18日），出生于美国俄亥俄州米兰镇，逝世于美国新泽西州西奥兰治。发明家、企业家。 爱迪生是人类历史上第一个利用大量生产原则和电气工程研究的实验室来进行从事发明专利而对世界产生重大深远影响的人。他发明的留声机、电影摄影机、电灯对世界有极大影响。他一生的发明共有两千多项，拥有专利一千多项。 爱迪生被美国的权威期刊《大西洋月刊》评为影响美国的100位人物第9名。 
EDISON,EDISON,EDISON是男星陈冠希的英文名。
辉煌,辉煌,辉煌是一个汉语词汇，读音为huīhuáng，指光辉灿烂的；杰出的；在某些方面做出有所成就的事。辉煌可代称金银珠宝。
时龙,时龙,时龙，汉语词语，拼音是shílóng，解释是指良马，骏马，出处于《后汉书·光武帝纪下》。
上司,上司,上司，汉时对三公的称呼；上级长官。见《晋书·华谭传》：“又在郡政严，而与上司多忤。”
菲斯朗格,菲斯朗格,菲斯朗格是一家专业从产品研发、生产、销售、服务为一体的综合性大型企业。其工厂多年来一直从事卫浴OEM代工，以高标准的产品和优质的服务为欧美地区的多个国家提供卫浴产品OEM代工服务，是德国顶尖卫浴品牌在中国唯一的OEM合作伙伴。由于长年受欧洲洗浴文化的熏陶，深刻感受德国人对产品做工的严谨和高标准，菲斯朗格自成立以来，便专注于研发优质环保的卫浴五金产品，以精益求精的制造工艺和环保时尚的产品设计，倾力打造Vohsrunge品牌国际化的卓越品质。
OSD,OSD,多义词：1、on-screendisplay的简称即屏幕菜单式调节方式。一般是按Menu键后屏幕弹出的显示器各项调节项目信息的矩形菜单，可通过该菜单对显示器各项工作指标包括色彩、模式、几何形状等进行调整，从而达到最佳的使用状态。2、OneSpaceDesigner的简称是惠普公司为解决自己内部的需求可通过网络进行平行处理、协同设计。3、OSD：ObjectStorageDevice，提供存储资源。
Duravit,duravit,Duravit成立于1817年，GeorgFriedrichHorn在德国黑森林赫恩伯格（Hornberg）建立了一个小型制造陶器的工厂。如今Duravit提供全方面的卫浴产品，包括卫生陶瓷、浴室家具、浴缸、SPA系统等，已从一家小型陶器制造工厂发展到今天全球知名的卫浴产品制造商。同时，Duravit产品也适用于公共及半公共场所。
易家,易家,易家是除儒，道，法，名，杂，农，墨，阴阳，纵横，小说家这10家之外的一家，只由于先秦时对《周易》的研究当时已经形成了一种独特的哲学，所以可以称为易家。
汉轩,汉轩,汉轩，本名陈棒森1943年10月生，原名自北，号汉轩，亦号桑园农夫，湖南祁东人，任职于祁东县委宣传部
英尚,英尚,英尚创立以来，致力于为皮肤保养抗衰需求提供最好对策，以高端科技，产品质量为命脉，追求百分百健康，完美自然为经营理念。
Morning,morning,2016年6月电视动画《温暖的印记》OP，收录于日本乐队雨のパレード2016年7月20日的专辑《You》中
友莱卫浴,友莱卫浴,友莱(YOROOW)卫浴，主要从事水龙头，花洒，浴室柜，花洒厂，水龙头厂，卫浴厂家， 洁具，全铜龙头，阀芯等的研发。 友莱卫浴有限公司的前身为友莱卫浴洁具制造厂，位于中国水暖生产基地：福建南安市。友莱是高档水龙头、花洒等五金水暖的生产厂家。 
狮鹫,狮鹫,狮鹫（Griffin）是一种传说中的生物。长有狮子的躯体与利爪、鹰的头和翅膀，是相当有名的奇幻生物。因为狮子和鹰分别称雄于陆地和天空，狮鹫被认为是非常厉害的动物。《龙与地下城》、《英雄无敌》、《魔兽争霸》、《七龙纪》等游戏也有叫“狮鹫”角色。
伽尔纳,迦尔纳,迦尔纳（कर्ण）是印度神话史诗《摩诃婆罗多》中人物，太阳神苏利耶之子，持斧罗摩的徒弟，是太阳神苏利耶（Surya）与凡人女性贡蒂（Kunti）所生的不死英雄。
风沙渡,风沙渡,“风沙渡”是江苏宜兴宜兴阳羡路上的一家小吃店。2011年6月红遍全国，这都要归功于一篇今年江苏高考的满分作文《拒绝平庸》。
摩尚,摩尚,Mosun摩尚是韩国著名的数码配件品牌主营手机配件批发代理。
卫宁,卫宁,卫宁；播音主持，女，汉族，中共党员，北京人。毕业于中国政法大学国际经济法专业。
艾莱美,艾莱美,艾莱美以“万能、简约”的形象进入市场，主打功能性和便捷化装修风格；以“韩国科技、一流品质”为依托，强调产品技术含量和环保品质；以“多品种、低成本”为经营导向，不断挑战市场底线，降低装修成本的同时带来更具震撼的装饰效果。艾莱美的诞生，开创中国家居装饰市场新纪元，为日益庞大的家居建材行业带来新的利润爆发空间。
航标,航标,航标是助航标志的简称，指标示航道方向、界限与碍航物的标志，包括过河标、沿岸标、导标、过渡导标、首尾导标、侧面标、左右通航标、示位标、泛滥标和桥涵标等。是帮助引导船舶航行、定位和标示碍航物与表示警告的人工标志。
康恩,康恩,康恩，中国最具知名度的格斗选手，中国职业搏击里程碑式人物，中国首位获得WBC职业金腰带的职业搏击传奇拳王。
KOEN,Koen,Koen是泰国乐队团体K-Otic成员。K-Otic简介：泰国乐队团体K-Otic，共五名成员。K-Otic中有两个泰国人、一个日本人、一个韩国人，还有一个是日泰混血K-OTIC
帕佳图,帕佳图,Lapagayo，品牌名。时尚手袋品牌。
Lapagayo,lapagayo,Lapagayo，源于风车国度荷兰的著名休闲时尚品牌，创立于上世纪八十年代，品牌以其紧贴时尚的休闲风格和健康积极的品牌文化，让Lapagayo在欧洲消费者中享有极高的声誉。
西屋,西屋,西屋是指西屋电气公司（WestinghouseElectricCorporation）又译威斯汀豪斯公司，1886年1月8日，由G.威斯汀豪斯在美国宾夕法尼亚州创立。
帝隆,帝隆,帝隆 于2009年11月28日在中国商标网注册的商标；商品服务:(牛、羊等)的生皮;裘皮;伞;手杖;动物项圈;香肠肠衣;家具用皮装饰;伞.;
DURAVIT,duravit,Duravit成立于1817年，GeorgFriedrichHorn在德国黑森林赫恩伯格（Hornberg）建立了一个小型制造陶器的工厂。如今Duravit提供全方面的卫浴产品，包括卫生陶瓷、浴室家具、浴缸、SPA系统等，已从一家小型陶器制造工厂发展到今天全球知名的卫浴产品制造商。同时，Duravit产品也适用于公共及半公共场所。
策恩,策恩,策恩是一家拥有百年制鞋经验的品牌企业，制鞋工艺始于19世纪80年代的旧上海，发展于20世纪40年代的伦敦，回归于21世纪初的世界皮具之都——广州。是目前中国唯一一家有着贵族血统的设计理念和国际精湛制鞋工艺背景的高端鞋类品牌。2011年开始投身于电子商务行列，以其“更精致、高品位、轻时尚”的产品理念享誉互联网，成为中国成长最快、最具代表性的鞋类品牌之一。
上龙,上龙,上龙是一种已灭绝海生爬行动物，属于上龙科，生存于侏罗纪晚期。上龙是一种大型掠食性动物，以鱼类、鱿鱼、以及其他海生爬行动物为食。上龙在正式命名前被称为“妖怪”，在大约2亿—1.45亿年前的侏罗纪，它们是海洋中的高级掠食者。上龙是上龙科中最先发现的，这主要是理查·欧文的贡献，他在1841年对这种动物进行了研究并予以命名为上龙。较有名的上龙亚目爬行动物有滑齿龙、克柔龙，现时已知最大的上龙亚目生物为北极圈附近斯瓦尔巴德岛发现的斯瓦尔巴德上龙，根据其化石残骸推测有十多米。上龙的化石曾发现于英格兰、墨西哥、南美、澳大利亚、接近挪威的北极地区萨达沙地方。
洛凌,洛凌,《洛凌》是在红袖添香网连载的古装言情小说，作者是蓝若玫瑰琳。
艾肯,艾肯,美国数学家。1900年3月9日生于美国新泽西州的霍博肯，1973年3月14日卒于美国圣路易斯。1923年毕业于威斯康星大学，1939年获得哈佛大学博士学位。艾肯在1937年提出题为《自动计算机建议》的备忘录。他在国际商业机器公司的资助下于1944年8月研制成功世界第一台通用自动计算机──“自动程控计算机”。
Elkay,ELKAY,创立于1920年的美国艾肯公司（Elkay），总部设在芝加哥，其业务和机构分布世界各地，如北美洲、中美洲和中国等。艾肯的产品线包括不锈钢水槽、橱柜、高档水龙头和冷却饮水机等。迄今，艾肯在全球已拥有4500多名雇员。
现代,现代,现代成立于1947年，为韩国汽车品牌，主要生产suv及普通家用轿车，排量为1.6~2.7L之间的车型。
MODERN,modern,ModernUI，指微软开发的Windows8操作系统中所带的一种全新风格的界面设计，它的前身即是MetroUI.它在Windowsphone系统以及Windows8/8.1中被大量采用。
洗之朗,洗之朗,“洗之朗”是西安三花良治电器有限公司旗下的洁身器品牌，目前国内市场上著名的洁身器品牌之一，也是最优秀的国产品牌。
KDF,KDF,KDF用于活性炭过滤设备中具有明显的抑菌效果，美国环境保护署（USEPA）将KDF处理介质定为“微生物抑制装置”。KDF适用于氯气处理过的市政自来水，KDF水处理介质符合环保要求，是目前较为理想的水处理方法。其原理是利用氧化还原反应，KDF与水中氧化性有害物质进行电子交换，把许多有害物质变为无害物质。KDF目前有两种主要产品：KDF55和KDF85。KDF55处理介质使用反冲洗装置且寿命长，受污染时可用盐酸清洗。用KDF55处理介质可以进行高纯水生产预处理，在厨房水龙头到工业冷却水处理中均可应用。
赫恩,赫恩,赫恩英文名Heun生日1958-05-26场上位置前锋曾效力于爱尔福特红白足球俱乐部
邦克,邦克,伊斯兰教法学的一种概念，是阿拉伯语اﻵذان一词的中文音译，又称为宣礼，唤礼。是提醒和召唤人们做礼拜的专用念词。邦克是伊斯兰教拜功仪礼，五番拜、聚礼和会礼前，穆安津(宣礼员）在清真寺宣礼塔上用阿拉伯文诵念宣礼词，召唤穆斯林速来礼拜。诵念宣礼时面向麦加的天房，手堵两耳，速度要缓，声音要高。在成千上万的清真寺宣礼塔上持续宣唤已有1400多年的历史，这种独特的宣礼方式，每天多次明确重申信仰真主和伊斯兰教义的内容。
科大讯飞,科大讯飞,科大讯飞股份有限公司（IFLYTEKCO.LTD.），前身安徽中科大讯飞信息科技有限公司，成立于1999年12月30日，2014年4月18日变更为科大讯飞股份有限公司 ，专业从事智能语音及语言技术研究、软件及芯片产品开发、语音信息服务及电子政务系统集成 。拥有灵犀语音助手 ，讯飞输入法 等优秀产品。科大讯飞信息科技股份有限公司现任董事长兼总裁为刘庆峰先生。科大讯飞信息科技股份有限公司是一家专业从事智能语音及语音技术研究、软件及芯片产品开发、语音信息服务的国家级骨干软件企业，主要股东包括：中国移动、中科大资产经营有限公司、上海广信、联想投资、盈富泰克等。语音技术实现了人机语音交互，使人与机器之间沟通变得像人与人沟通一样简单。语音技术主要包括语音合成和语音识别两项关键技术。让机器说话，用的是语音合成技术；让机器听懂人说话，用的是语音识别技术。此外，语音技术还包括语音编码、音色转换、口语评测、语音消噪和增强等技术，有着广阔应用空间。2017年6月，入选《麻省理工科技评论》2017年度全球50大最聪明公司”榜单。 2017年11月9日，科大讯飞年度发布会在北京召开。从教育到医疗，从客服到智能家居，再到移动手机端和车载环境，在2017年的年度发布会上，科大讯飞一口气发布了多个领域里10款以上的人工智能产品。 
霍尼韦尔,霍尼韦尔,霍尼韦尔国际（HoneywellInternational）是一家营业额达300多亿美元的多元化高科技和制造企业，在全球，其业务涉及：航空产品和服务、楼宇、家庭和工业控制技术、汽车产品、涡轮增压器以及特殊材料。霍尼韦尔公司总部位于美国新泽西州莫里斯镇。霍尼韦尔是一家国际性从事自控产品开发及生产的公司，公司成立于一八八五年，有超过百年历史的国际公司，一九九六年，被美国"财富"杂志评为最受推崇的20家高科技企业之一。是一家销售额为333.7亿美元(2011年度)，在多元化技术和制造业方面占世界领导地位的跨国公司（500强排名280位）。宗旨是以增加舒适感，提高生产力，节省能源，保护环境，保障使用者生命及财产从而达到互利增长为目的。为全球的楼宇，工业，航天及航空市场的客户服务。霍尼韦尔国际公司是一个拥有多元化制造技术的领导者，服务于世界各地的客户，包括航天产品及服务、工业和家庭楼宇控制技术、汽车产品、涡轮增压器以及特种材料。霍尼韦尔在全球100多个国家/地区拥有116000员工，以满足客户，力争成为世界自控先驱，从而实现互利增长的目标。2017年6月7日，2017年《财富》美国500强排行榜发布，霍尼韦尔排名第73位。 
Honeywell,霍尼韦尔,霍尼韦尔国际（HoneywellInternational）是一家营业额达300多亿美元的多元化高科技和制造企业，在全球，其业务涉及：航空产品和服务、楼宇、家庭和工业控制技术、汽车产品、涡轮增压器以及特殊材料。霍尼韦尔公司总部位于美国新泽西州莫里斯镇。霍尼韦尔是一家国际性从事自控产品开发及生产的公司，公司成立于一八八五年，有超过百年历史的国际公司，一九九六年，被美国"财富"杂志评为最受推崇的20家高科技企业之一。是一家销售额为333.7亿美元(2011年度)，在多元化技术和制造业方面占世界领导地位的跨国公司（500强排名280位）。宗旨是以增加舒适感，提高生产力，节省能源，保护环境，保障使用者生命及财产从而达到互利增长为目的。为全球的楼宇，工业，航天及航空市场的客户服务。霍尼韦尔国际公司是一个拥有多元化制造技术的领导者，服务于世界各地的客户，包括航天产品及服务、工业和家庭楼宇控制技术、汽车产品、涡轮增压器以及特种材料。霍尼韦尔在全球100多个国家/地区拥有116000员工，以满足客户，力争成为世界自控先驱，从而实现互利增长的目标。2017年6月7日，2017年《财富》美国500强排行榜发布，霍尼韦尔排名第73位。 
Pablo,PABLO,伯爵”贝西、乔·帕斯（JOEPASS）和艾拉·费茨杰拉德的录音占了PABLO唱片的大部分，到上个世纪80年代末期，PABLO和它的附属厂牌PABLOLIVE、PABLOTODAY一共发行了数百张专辑，虽然大部分是全新录音，但仍有许多唱片获得了广泛好评。1987年，移居瑞士的诺尔曼·格兰兹把PABLO卖给了FANTASY。
中盐,中盐,中盐是中国盐业的领袖品牌，2006年9月，中国盐业总公司正式推出了“中盐”品牌，并逐步把旗下分属三十余家盐制品企业的30多个品牌统一到“中盐”品牌名下。随着中国盐业总公司打造强势品牌战略的实施，“中盐”品牌正在成为中国名牌、国际盐行业的知名品牌。
MI,熔融指数,熔融指数是一种表示塑胶材料加工时的流动性的数值。它是美国量测标准协会(ASTM)根据美国杜邦公司惯用的鉴定塑料特性的方法制定而成，其测试方法是先让塑料粒在一定时间（10分钟）内、一定温度及压力（各种材料标准不同）下，融化成塑料流体，然后通过一直径为2.095mm圆管所流出的克（g）数。其值越大，表示该塑胶材料的加工流动性越佳，反之则越差。
HPCC,HPCC,HPCC，HighPerformanceComputingandCommunications（高性能计算与通信）的缩写。
怡口,怡口,1925年，美国怡口净水诞生，发明并专利注册了家用全自动软水机，总部位于美国明尼苏达州首府St.Paul（圣保罗）市，已拥有11个全球生产基地及销售公司，4个研发中心。 为了满足中国乃至亚太地区快速增长的民用水处理市场需求，2007年，怡口在中国大陆设立了全球第六家生产基地，并同期在新加坡设立了投资巨大的研发中心，以向亚洲，特别是中国市场提供更多专为适应当地水质特点的产品，满足中国消费者提高生活品质的需要。美国怡口净水是MarmonWater/BerkshireHathaway下属企业。 
寻乐,寻乐,《寻乐》是一部近代现代类的小说，作者是琉璃若邪，小说仍在连载中，连载网站是晋江文学城。
四维,四维,物理学中以维度来形容时空坐标的数目，四维即四个维度，它是由无数个三维组成的，而三维是由无数个二维组成的。其他高维度的组成方式以此类推。三维以上的维度统称高维度。
swell,swell,swell，英语单词，是一个不及物动词，意思是肿起，肿胀。
晏维,晏维,晏维，出生于江西南昌，中国大陆女主持人、VLADY主持团员，毕业于湖南大学新闻专业 。2005年荣获湖南卫视金鹰之星《美丽中学生》冠军。2009年荣获长沙国际名车展车模亚军 。2010年9月19日，晏维在星姐总决赛中荣获冠军 ；同年开始在湖南卫视担任主持人。2011年起担任湖南娱乐频道《好女人》主持 。2012年晏维和马睿一起主持了《我是大赢家》这档节目 。2014年担任青海卫视《遥控星料理》主持人 。2015年担任《我是歌手》台湾盲人歌手萧煌奇的芒果经纪人 。
BWT,BWT,BWT文件是由Blindwrite生成的镜像文件。Blindwrite5之前的版本可以制作BWT镜像文件，同时生成BWI信息文件。
朗,朗,朗，是一个汉语词汇，为汉语言法定规范简化字，字音读lǎng。基本意义是明亮，响亮等。可组词为朗朗上口，朗诵。
LANG,lang,lang-解压或者释放exe程序，释放出一个文件夹lang，代表着语言文件，以驱动程序的exe为例，我们安装的时候会发现语言是可以选择的，所有信息都是包含在lang文件夹内的。
科德林,科德林,科德林（LewisCodling），英格兰籍足球运动员，现效力于艾伯里斯特夫，在场位置为前锋。
卫洗丽,卫洗丽,卫洗丽是由TOTO发明的智能马桶盖(在普通马桶上也能够安装) ，集便盖加热、温水洗净、暖风干燥、杀菌为一体。是微电脑控制、舒适卫生、人性化的现代产品。无论男女老少在方便之后，卫洗丽智能温水都可以按您的需求前后调节，或摆动着对臀部进行冲洗。如果是冬天，恒温座便盖令您任何时候坐上去都是暖暖的，便后还会吹出温暖的风将屁股烘干，可有效保持关键部位的清洁，大大减少妇科疾病和肛肠类疾病的产生机会。它会照顾到家庭的每个成员，对于痔疮男、小龄童、老人家都非常适用。关注日本和全球的酒店和较高端场所，频频出现TOTO卫洗丽，日本的国民品牌，对于中国新一代年轻人，使用卫洗丽也意味着一种时尚。卫洗丽的价格空间选择非常大，可以从2千多元到3万多元。不过3万多元的是一款智能全自动座便器，就是把卫洗丽和坐便器结合在一起的产品，除了卫洗丽的所有功能，还有全自动的一个功能:人一靠近，便盖会自动打开，人走了后自动冲洗、自动关闭。它还有一个遥控器，和卫洗丽一样，可以遥控便盖的开关。它还能自动判断节省冲水，男士小便是4L水，其它冲洗是6L水。在国际上，卫洗丽能用到10年以上，且无一例细菌感染投诉。
欧睿宇邦,欧睿宇邦,欧睿宇邦 是上海宇邦厨具有限公司旗下的品牌之一，上海宇邦厨具有限公司是国内一家具有多年行业经验的资深厨具公司。它拥有一支集设计、生产、加工、安装于一体、以先进的设备为框架、以雄厚的技术力量和精湛的加工工艺为动力的专业团队，目前已经成为上海最具有竞争力的厨具生产商之一。公司创建于2000年，经过十余年的不懈努力与坚持，公司已为超过千万户万家庭提供厨房解决方案，服务范围已覆盖上海、厦门、南京、长沙、杭州、无锡、苏州、宁波、温州、福州、扬州、重庆、西安、昆明、北京、成都、大连等城市。 
水美乐,水美乐,水美乐是台湾著名净水器品牌AQUAMELON的中文名称，隶属于源自台湾的霖居国际集团。集研发设计、专利授权、生产制造、创新营销、售后服务为一体，生产工厂先后通过ISO9001，ISO14001，OHSAS18001体系认证。净水器系列产品通过美国NSF，中国MA、3C等认证。 
塞纳春天,塞纳春天,塞纳春天项目位于文昌西路与甘八路交汇处北侧约800米，是由扬州天成房地产开发有限公司投资开发的，容积率0.74，绿化率32.8%，一期推出联排、双拼和独栋房源，共54户。双拼面积232平方米，联排别墅面积194-212平方米。将推出54套联排、双拼和独栋房源，74套商铺和公寓房源。
坚朗,坚朗,坚朗（KINLONG），全球建筑五金领域的著名品牌，是广东坚朗五金制品股份有限公司旗下的品牌。传统建筑五金品牌进入电子商务领域的成功典范之一。
圣托玛斯,圣托玛斯,圣托玛斯是美国著名的品牌。成立于1904年，公司涉及的主要领域为：陶瓷卫浴，家具，家居装饰，冶金，化工医药以及金融。总部位于美国圣地亚哥，是由英裔移民创办的家族企业。
舒耐特,舒耐特,舒耐特是宁波舒耐特不锈钢制品有限公司注册的一个水槽 品牌。
SONATA,sonata,
嘉熙,朱佳希,朱佳希，1991年3月8日出生于上海市黄浦区，中国内地女演员、歌手、模特。2010年，朱佳希因参加并获得《百威音乐王国》全国亚军而出道。此后，她参加了一系列的综艺选秀节目。2014年，朱佳希出演了银幕处女作《笔仙惊魂3》；同年，她还出演了个人的首部网络剧《包笑公堂》。2015年，朱佳希主演了剧情片《整容前规则》 ；同年，她还主演了惊悚片《僵尸归来》 。2016年，朱佳希领衔主演的都市爱情喜剧片《粉红佳人之致命情人》上映 ；2017年，朱佳希获得了北京国际电影节电影市场网影盛典暨IFF网影盛典年度十佳演员 。
我乐,我乐,我乐，高圆圆代言品牌。专注于构筑健康时尚的家居生活，全面引进德国IMA全自动生产线，“E0”级环保、欧洲优质五金，将欧洲设计和德国工艺结合。 
OL,OL,OL是英文“OfficeLady”的缩写，中文解释为“白领女性”或者“办公室女职员”，通常指高学历、高压力、高收入的职业女性，OL打扮衣着入时，且具备一定办事能力，美丽与智慧兼备。
古达,古达苗族彝族乡,隶属贵州省赫章县，与毕节、纳雍两县相接壤，古境内峰峦重叠，沟壑纵横。地势西高东低，最高海拔2350米，最低海拔1230米。古达有着丰富的植物资源、水能资源、矿产资源和旅游资源，古达还有着厚重的历史文化和文物古迹。
百德嘉,百德嘉,百德嘉，卫浴品牌，拥有150000平方米的现代化生产基地，是集设计、研发、生产、销售于一体，专注于整体卫浴系统化解决方案的中德合资企业。品牌旗下产品包括高品质的卫生陶瓷洁具、浴室家具、休闲卫浴、五金龙头、五金挂件和相关配件。
BDC,BDC,BDC是中兴公司运动数据处理中间件是负责对知康能耗仪LivePod原始数据进行解析、验证、分析和计算，并最终通过WEBSeverics/API等接口提供给业务系统。
溪岸,溪岸,溪岸是东丽湖万科城五期新品，作为2011年全新产品，占据万科城中绝佳的地理位置。
金莎丽,金莎丽,中山市莎丽卫浴设备有限公司创立于1997年，是一家集生产、销售简易淋浴房（屏）、整体淋浴房、电脑蒸汽淋浴房、淋浴柱、淋浴花洒浴室柜、按摩浴缸等整体休闲卫浴产品为一体的生产销售型企业。
SALLY,sally,Sally是美国烹饪机器人开发公司Chowbotics推出可做沙拉的机器人。Sally可以使用20种食材制作出1000多种不同的沙拉，每款沙拉的制作时间仅为60秒。
韩宝,韩宝,韩宝，男，主任医师，1949年生，北京马应龙长青肛肠医院（北京长青肛肠医院）院长，主任医师（正教授）1980年毕业于中国人民解放军第四军医大学医疗系。
丰华,丰华,.丰盛华美。出自晋陆云《赠郑曼季往返》诗之五：“琼瑰非寳，尺牍成珍，丰华非妙，得意惟神。”《魏书·毕众敬传》
阿波罗,阿波罗,阿波罗是百度发布的名为“Apollo（阿波罗）”的向汽车行业及自动驾驶领域的合作伙伴提供的软件平台。发布时间是2017年4月19日，旨在向汽车行业及自动驾驶领域的合作伙伴提供一个开放、完整、安全的软件平台，帮助他们结合车辆和硬件系统，快速搭建一套属于自己的完整的自动驾驶系统。 而将这个计划命名为“Apollo”计划，就是借用了阿波罗登月计划的含义。2018年2月15日，Apollo无人车亮相2018年中央电视台春节联欢晚会广东珠海分会场。在春晚直播中，百余辆Apollo无人车跨越港珠澳大桥。 2018年4月19日，百度Apollo开放平台正式发布Apollo2.5版本。 
索夫,索夫,索夫，男，是一名足球运动员，场上位置是中场。
托美,托美,
TOMO,Tomo,螺旋断层放射治疗系统TOMO是集IMRT（调强适形放疗）、IGRT（影像引导调强适形放疗）、DGRT（剂量引导调强适形放疗）于一体，其独创性的设计使直线加速器与螺旋CT完美结合，突破了传统加速器的诸多限制，在CT引导下360度聚焦断层照射肿瘤，对恶性肿瘤患者进行高效、精确的治疗。
惠维,惠维,字书乡人，号墨韵轩主，一九五四年生于西安灞桥。自幼酷爱书画，其作品特点是：“大气磅礴，抱朴藏拙”。
高德,高德,高德是国内领先的数字地图内容、导航和位置服务解决方案提供商。自2002年起步以来，经过十二年的不懈努力和艰辛探索，积累了扎实的技术，构筑了地图行业高壁垒，公司在各项业务取得重大发展的同时成为行业翘楚。2010年，高德提出了向移动互联网转型的战略，依托在汽车导航市场取得的领先地位，在产品、服务和商务模式上继续不断创新，迅速构建起支撑各类产品和服务海量用户的“地图云服务”平台，努力实现基于“四屏一云”业务构架的“移动生活位置服务门户”战略。2013年5月，高德获阿里巴巴2.94亿美元投资，双方达成战略合作协议。2014年4月，高德正式与阿里巴巴集团达成并购协议。 
英皇,英皇,英皇是对英国男性君主的一个称谓。这个称呼是专指1877年以後，1948年以前的四位英国君主。英皇的完整头衔为：“联合王国及其海外治领的国王及印度皇帝陛下”（KingoftheUnitedKingdom&theBritishdominionsbeyondtheSeasEmperorofIndia）；“爱尔兰国王陛下”（KingofIreland）
喜米,喜米,喜米又称稻米，用于中国传统喜事习俗中，表达送礼圆满，吉祥、祝福。举凡嫁娶喜庆、新居入厝、开市纳采、生子满月都会用米或米制品贺喜。如汤圆、麻糬、油饭。至今仍延续着古老的中国传统文化，寓意“子孙满堂、金玉良缘、多米多发”。
LONGER,LONGER,LONGER，歌手：Babyface所属专辑：《Playlist-Mecury》发行时间：2007-09-18
摩科斯特,摩科斯特,摩科斯特 是厦门倍杰特科技股份公司 （证券代码：870087） 旗下厦门致杰智能科技有限公司 打造的智能卫浴品牌。 MOEXT 是MostExcellent 的缩写意为极致杰出 致力于研发研发生产销售全球杰出 的智能卫浴设备产品 ，以技术实力持续改善国人的卫浴生活品质。 
尊龙卫浴,尊龙卫浴,广东省尊龙洁具有限公司是佛山市一家集生产、营销、研发、信息、服务为一体的大型综合性企业。专业生产卫生洁具、厨具水暖、蒸汽房、按摩缸系列卫浴产品。
汇泰龙,汇泰龙,汇泰龙装饰材料有限公司成立于1996年，是一家有着十八年五金卫浴产品生产经验的专业装饰材料公司，公司以生产高档五金卫浴产品为主，集设计、开发、生产、营销为一体，产品几乎覆盖建筑装饰全方位的配件组合，为装饰行业提供配套服务。公司致力于产品功能与设计的完美体现，产品在全国各地大型建筑项目级地产楼盘项目中被广泛应用，以卓越的品质，良好的市场信誉及完善的售后服务体系获得了优良的使用评价，成为国内建材行业知名企业。
网易严选,网易严选,网易严选，网易旗下原创生活类自营电商品牌，于2016年4月正式面世，是国内首家ODM（原始设计制造商）模式的电商，以“好的生活，没那么贵”为品牌理念。严选通过ODM模式与大牌制造商直连，剔除品牌溢价和中间环节，为国人甄选高品质、高性价比的天下优品。 
国米,国际米兰足球俱乐部,国际米兰足球俱乐部（FootballClubInternazionaleMilano，简称inter）是一家位于意大利北部伦巴地区米兰市的足球俱乐部，成立于1908年3月9日，现征战于意大利足球甲级联赛。国际米兰的成立来自于“米兰板球与足球俱乐部”（即现在的AC米兰俱乐部）的一部分会员分流出来后成立国际米兰。球衣由蓝色和黑色两种主要颜色组成。因为俱乐部成立之初即向全世界所有球员敞开大门，所以称之为“国际”俱乐部。国际米兰曾为“意甲七姐妹”之一，也与AC米兰和尤文图斯两支球队并称为北方三强。与AC米兰这支同样来自米兰的俱乐部之间的碰撞被称为“米兰德比”，和来自都灵的尤文图斯之间的对决则称为“意大利国家德比”。国际米兰是唯一一支拿过五冠王（欧冠、意甲、意大利杯、意大利超级杯和世界俱乐部杯）的意大利联赛球队 。2016年6月7日，苏宁集团董事长张近东在南京宣布旗下苏宁体育产业集团以约2.63亿欧元的总对价，通过认购新股和收购老股的方式，获得意大利国际米兰足球俱乐部68.55%的股份 。
汉派,汉派,
Desdemona,Desdemona,
固比德,固比德,固比德卫浴是中国知名卫浴品牌，生产占地面积5万平方米，拥有佛山和开平两个生产基地，公司现有员工200多人，产品涵盖陶瓷洁具、五金龙头、卫浴配件、休闲洁具、浴室家具、挂件、面盆、坐便器、浴室柜等。“品质品德至臻至善”脍炙人口，风行大江南北，这既是固卫浴的品牌口号，也正是固比德致力于打造的生活方式。固比德卫浴是一家建立有持续发展能力的生命型企业，企业经过10多年的发展，已经稳健地发展为国内知名的卫浴品牌，并且是“中国卫浴行业十大品牌”、“质量服务诚信AAA单位”。对此，固比德卫浴负责人表示说：“我们把满足消费者的现实和潜在需求价值看得比单纯追求经济目标重要得多。”也正是这种豁达和开放的精神使固比德卫浴逆势飞扬，建立起了牢固的赢取未来的能力和优势。
帕尼斯,帕尼斯,帕尼斯是奥地利的一名足球运动员，场上位置中场。
白鸟,白鸟,白鸟（Mammillariaherrerae），仙人掌科乳突球属。球状，初单生后群生，通体被软白刺包被，球质很软。花直径2—3.5厘米，淡红中带点紫色，也有白色小花，果实圆形，洋红色。 
格雷诺,格雷诺,格雷诺是著名男裤服装品牌！格雷诺男裤整体运营策略为两条腿走路，一方面做专业的单品男裤批发，另一条路就是面对山东省内各大商场开直营店。主要联营的商业系统是，烟台振华商业系统、潍坊中百系统、济南银座这几个比较大的商业系统。
zbom,志邦橱柜,志邦厨柜股份有限公司成立于1998年，作为中国厨柜行业的领先者，是国内著名的橱柜产品制造基地，集产品研发、生产、销售为一体的专业化橱柜企业。目前志邦拥有35万平方米超大规模现代化厨柜制造基地，年产能36万套。全套引进亚洲先进德国豪迈全自动智能数控流水线，包括豪迈全自动数控纵横开料锯、豪迈全自动四端封、CNC数控加工中心、CNC钻孔中心，德国温康纳真空模压机等进口设备。 
SINOS,sinos,sinos（深圳神农氏）创建于九二年创办湖北神农架，是第一家进入神农架开发绿色食品的企业。同时，获批国际食品安全HACCP和ISO9001-2000双重国际认证。主要生产蜂蜜、蜂胶、蜂王胎等近百种蜂产品，在不断的发展中，创建“始祖神农氏”、“蜂颜坊”、“蜂品集”三大品牌。
福乐明,福乐明,福乐明是一种洁身器，具有冲洗人体下身排便部位的功能并可充当坐便器坐圈使用且与坐便器配套使用的装置。
乐瑞,乐瑞,乐瑞是复荣集团旗下核心品牌，其英文品牌是FLORY，是一个在全球三十多个国家获得注册的国际知名卫浴品牌。
元媛,元媛,元媛，作家禾马出版社的一名作家，自称元小媛。其作品一般都在红樱桃和水叮当出版。与禾马的作家米璐璐、若欢是很好的朋友。三人一起在网上开了一个blog，名为“女人心机”
泰歌,泰歌,泰歌原名代晶，全能型音乐人，梦之音艺术中心CEO，童星小臭臭父亲，代表作品《你是太阳我是星星》《不要问我累不累》等。
东芝,东芝,东芝（Toshiba），是日本最大的半导体制造商，也是第二大综合电机制造商，隶属于三井集团。公司创立于1875年7月，原名东京芝浦电气株式会社，1939年由东京电气株式会社和芝浦制作所合并而成.东芝业务领域包括数码产品、电子元器件、社会基础设备、家电等。20世纪80年代以来，东芝从一个以家用电器、重型电机为主体的企业，转变为包括通讯、电子在内的综合电子电器企业。进入90年代，东芝在数字技术、移动通信技术和网络技术等领域取得了飞速发展，成功从家电行业的巨人转变为IT行业的先锋。
TOSHIBA,东芝,东芝（Toshiba），是日本最大的半导体制造商，也是第二大综合电机制造商，隶属于三井集团。公司创立于1875年7月，原名东京芝浦电气株式会社，1939年由东京电气株式会社和芝浦制作所合并而成.东芝业务领域包括数码产品、电子元器件、社会基础设备、家电等。20世纪80年代以来，东芝从一个以家用电器、重型电机为主体的企业，转变为包括通讯、电子在内的综合电子电器企业。进入90年代，东芝在数字技术、移动通信技术和网络技术等领域取得了飞速发展，成功从家电行业的巨人转变为IT行业的先锋。
HHSN,HHSN,辉煌水暖集团品牌标识是注册商标“HHSN”和品牌中文名称“辉煌”的有机结合。商标“HHSN”，源自于“HH”和“SN”的组合。
洪丰,洪丰,洪丰，从医20年，参加过数千台的心脏外科以及胸部外科手术，有丰富的临床实践.，回国后开展了复杂先天性心脏病的矫正术冠心病冠脉旁路移植术和微创伤心脏不停跳下冠脉旁路移植术肺减容术等项目。
康雅乐,康雅乐,康雅乐 ，创立于2007年，申请人广州市迅创金属制品有限公司。主要产品有建筑用金属架;家具用金属附件;金属家具部件;床的金属附件;金属的衣服挂钩;金属陈列架; 
紫逸,紫逸,
德沃,德沃,安托万·德沃，法国人，曾效力球队：布洛涅足球俱乐部，格尼翁足球俱乐部，勒阿弗尔足球俱乐部
古玛,古玛,由潘海天工作室·天工造悟打造的九州新系列作品《九州·启天录》中的角色形象。同时，该角色也成为九州即将复刊的杂志《九州不幻想》的第一位虚拟小编辑，主要职责是卖萌。
法迪奥,法迪奥,法迪奥是一家近二十年从事高端不锈钢产品自主研发与智造的专业品牌商，是美的、富士康的高端合作伙伴，同时也是全国最大的高端不锈钢的供应商之一，年产值近6个亿。法迪奥传承佛罗伦萨完美设计理念，款款国际设计名师巅峰之作，缔造田园古典和简约现代两大设计风格，提供了可享用半个世纪的品质保障和永久无甲醛释放的健康保障，真正为您的家人健康负责。 
金字塔,金字塔,金字塔在埃及和美洲等地均有分布，古埃及的上埃及、中埃及和下埃及，今苏丹和埃及境内。现在的尼罗河下游，散布着约80座金字塔遗迹。大小不一，其中最高大的是胡夫金字塔，高146.5米，底长230米，共用230万块平均每块2.5吨的石块砌成，占地52000平方公尺。石块之间没有任何黏着物，靠石块的相互叠压和咬合垒成。国王哈佛拉的金字塔前，还矗立着一座象征国王权力与尊严的狮身人面像。埃及金字塔是古埃及的帝王（法老）陵墓。世界七大奇迹之一。数量众多，分布广泛。开罗西南尼罗河西古城孟菲斯一带的金字塔是占有集中的一部分。 埃及共发现金字塔96座，最大的是开罗郊区胡夫的三座金字塔。 约从公元前3500年开始，尼罗河两岸陆续出现几十个奴隶制小国。约公元前3100年，初步统一的古代埃及国家建立起来。古埃及国王也称法老，是古埃及最大的奴隶主，拥有至高无上的权力。他们被看做是神的化身。他们为自己修建了巨大的陵墓金字塔，金字塔就成了法老权力的象征。因为这些巨大的陵墓外形形似汉字的“金”字，因此我们将其称之为“金字塔”。在胡夫拉金字塔前，还有一尊狮身人面像守卫着法老们的陵墓。现在的尼罗河下游，散布着约80座金字塔遗迹。
PYRAMID,pyramid,生日：1992年5月10日全名：CharicePempengco（夏莉丝·本贝克)原名：charmaineclarice出生名称：RelucioPempengco（瑞路可·本贝克）身高：4'11"（150cm）职业：歌手国籍：菲律宾出生地点：菲律宾勒官那省的圣彼得县(SanPedroLaguna)音乐风格：Pop，R&B，Soul（流行音乐，节奏布鲁斯，灵魂）参加综艺节目：Starking071013奥普拉脱口秀（共五次）发展时期：2007—现在唱片公司：华纳音乐最喜欢的歌手：惠特尼休斯顿，玛丽亚凯莉，席琳迪翁。最喜欢的专辑：惠特尼休斯顿的所有专辑最喜欢的情歌：《Onemoretime》
HKU,香港大学,香港大学（TheUniversityofHongKong），简称为“港大（HKU）”，是一所位处中华人民共和国香港特别行政区的国际化公立研究型大学，通常被认为是亚洲最具名望的大学之一，有亚洲“常春藤”之称 。其奠基于1910年3月16日 ，次年3月30日正式注册成立，是香港历史最悠久的高等教育机构。建校初期，香港大学规模极小，自1912年3月11日正式开学，到1916年12月举行首次毕业典礼，仅有23名毕业生。1948年4月9日后，学校秩序重建与结构转型并举，步入高速发展的黄金时期。2017年12月15日，香港大学校务委员会任命国际著名光电学家、美国工程院院士、中央研究院院士、中国科学院外籍院士张翔教授为香港大学第16任校长 。截至2017年12月，香港大学有十所学院，以英语为教学语言。它在经济、金融、会计、生物医学、牙医、教育学、人文学科、法学、语言学、政治学与社会科学等领域展现出较强的科研实力。 香港大学也是全球第一个界定出SARS病原体的科研单位 。同时，香港大学为Universitas21、环太平洋大学联盟、中国大学校长联谊会、京港大学联盟成员 ，AACSB及EQUIS认证成员。在2018年QS世界大学排名中位列第26位 ，于2016-2018年连续三年在THE世界国际化大学排名中位列世界第3位，亚洲第1位 。其中，香港大学牙医学院于2016-2018年连续三年QS全球排名第1位 ，香港大学经济及工商管理学院MBA2010-2017年连续8年被《经济学人》评为亚洲第1名 ，香港大学法学院2018年THE全球排名第18位，亚洲第1位 。
EM,EM,EM是日本硫球大学比嘉照夫教授发明的微生物技术，取自“EffectiveMicroorganisms”（有效微生物）的缩写。它是将包括好氧菌及厌氧菌在内的多种有益微生物通过独特的发酵技术有机地整合在一起，其中各微生物在增殖过程中互生共长，形成一个功能强大的整体，发挥“有益分解”、“抗氧化”等多方面的作用。
帅康,帅康集团,帅康集团坐落在杭州湾南岸宁波市余姚境内，是中国家电行业中以生产厨卫家电系列产品为主，以资产、技术、产品、管理为纽带，以帅康集团有限公司为核心，由32家企业组成的现代企业集团。总部地点：宁波余姚。
柏川,柏川,天籁纸鸢的耽美小说《天王》主要人物之一，天王巨星，影帝，音乐人，皇天集团的股东之一。十五岁出道，是演艺界的里程碑，也是《天王》主角浅辰从小到大唯一的偶像。有双重人格，第一人格温柔具有绅士风度，理智冷静；第二人格冲动单纯，时常以一头红发出现，且有飙车喝酒泡同性恋酒吧的乐趣。前任女友为展倩。在《天王》中后期，恋人是浅辰。《花容天下》中主要人物重莲的转世。外号白菜，菠菜。
欧文,凯里·欧文,凯里·欧文（KyrieIrving），1992年3月23日出生于澳大利亚墨尔本，拥有美国/澳大利亚双重国籍，职业篮球运动员，司职控球后卫，效力于NBA波士顿凯尔特人队。 凯里·欧文于2011年以选秀状元身份进入NBA，新秀赛季当选最佳新秀；2014年首次入选全明星正赛先发阵容，并当选最有价值球员；2014-15赛季入选最佳阵容第三阵容；2015-16赛季随骑士队获得NBA总冠军。凯里·欧文于2014年代表美国队参加男篮世界杯，随队获得冠军并当选MVP。
先机,先机,先机是一个汉语词汇，意思是关键的时机，决定未来形势的时机。
果敢,果敢,果敢全称“缅甸掸邦果敢自治区”，首府老街市，位于缅甸与中国之间的掸邦高原，紧邻中国云南省，西临萨尔温江与木邦相峙，东与中国云南省镇康县、沧源佤族自治县、耿马傣族佤族自治县接壤，北面是龙陵县、潞西市，南以南定河与佤邦相对，面积约2700平方公里。国境线约250公里。 果敢在籍人口约25万，其中90%人口为华人（缅甸谓之果敢人、果敢族），为主要缅北华人聚居区。果敢地区原为中国领土，隶属中国云南省。1894年，中、英双方重新划定边界，在伦敦签订了《中缅边界条约》规定果敢地区为中国领土。1897年，中、英双方在北京重议边界问题，英国强迫中国与其签订了《续议滇缅界务条约附款》，将果敢地区划入英属缅甸。 果敢曾经（1989年-2009年）有高度的自治权，通行果敢语（汉语），流通人民币，通讯采用中国移动号码，电力由南方电网通过云南电网向老街变电站输送。2015年3月26日，缅甸军方宣布已控制整个果敢地区，对果敢地区采取了融入缅甸的政策。 
都市诱惑,都市诱惑,《都市诱惑》是连载于起点中文网的一本综合其它类小说，作者是佳。
艾克,时间刺客,时间刺客·艾克是网游《英雄联盟》第125位英雄。艾克是一个叛逆而又聪明的坏小子，同时也是一个天不怕地不怕的小神童，靠着自己的发明创造混迹于祖安的黑暗街道。在游戏中艾克是一个擅于长期作战的强力游击型刺客，可以凭借自己的高机动性以及减速和击晕等控制技能将敌人撕成碎片。如果他在战斗当中处于劣势，那么这位来自于祖安的天才少年可以让时间倒退几秒，再试身手。 艾克适合走单人路，扮演小型团战中的刺客角色，在智商上和策略上碾压敌人，最后用闪烁突进，简单粗暴地痛扁对手。 
帝煌,帝煌,《帝煌》是一部连载在纵横中文网的奇幻修真类小说，作者神梦追忆。该小说内容主要讲述了一名青年复活后如何一步步揭开神话时代的故事。
豪斯顿,豪斯顿,
沐王府,沐王府,明代世袭黔国公，黔国公府位于如今的胜利堂，而翠湖柳营又是沐家“别业”。因沐氏在滇久，威权日盛，尊重拟亲王；故百姓称黔国公府为沐王府。
欧帝泷,欧帝泷,
海德曼,海德曼,场上位置：门将合同到期：2007-06-30身高：190厘米体重：89公斤惯用脚：右脚出生地：斯德哥尔摩(瑞典)国籍：瑞典曾效力球队：安科纳足球俱乐部，斯德哥尔摩AIK足球俱乐部
慕乐,慕乐,慕乐，读音mùlè，汉语词语，基本意思为犹慕悦。
惠生活,惠生活,惠生活是苏州麦萌信息科技有限公司旗下的自主研发的产品之一，为用户提供全新的消费体验和理财方式。惠生活是一种赚钱式生活消费类App，惠生活颠覆传统消费模式，以消费创造财富，以分享创造收益。惠生活为千千万万实体商企寻找出路而请命。在互联网手机平台免费开店，为每个人实现财富的增长而奋斗。 
沃尔芬,沃尔芬,沃尔芬始创于2016年6月，是一个互联网家装品牌，该品牌由线上、线下、家装设计施工三个板块组成，采用工厂直供和线上线下结合双模式运营理念，致力于向消费者提供整体家装的解决方案 。
荣事达,荣事达,荣事达是中国知名的家电品牌，其主导产品为洗衣机、电冰箱，同时涉及小家电、太阳能热水器、空气能热泵热水器、厨卫电器、电动车、智能手机等多元化产品。“荣事达”是“中国名牌”和“中国驰名商标”，2006年经中国品牌研究院权威评估“荣事达”品牌价值超过26亿元，位居中国最具价值驰名商标排行榜第54位，名列中国白色家电行业的前茅。伴随着中国的改革开放，经历了二十多年市场的风雨，“荣事达--Royalstar”已经成为一代中国人美好生活的印记。目前，合肥荣事达三洋电器股份有限公司是“荣事达”品牌的管理权人，同时拥有冰箱、洗衣机、微波炉品牌使用权。2014年3月 ，成立“荣事达品冠之家”，打造厨卫家装建材电器为一体的一站式综合购物平台。
威万事,威万事,自1995年创建以来，一直致力于厨房、浴室、客厅挂架、拉篮系列等装饰五金产品的开发设计、生产及销售、拥有自己的产品开发体系及研发生产基地，是国内同行业规模最大的企业之一，并得到同行认可的权威性和导向性的地位。威万事五金有限公司不断引进国内外先进技术和设备，逐步创立了同行业的第一品牌。在世纪之交、威万事人为了加强企业的竞争优势，对原企业进行了大规模的注资扩张与技术改造，相继成立了威万事拉丝厂、电镀厂、导轨厂、威万事销售公司并组成了威万事五金有限公司。公司在董事会的领导下，经过公司全体同仁的辛勤努力，企业取得了稳健、高速的发展，获得了令人瞩目的成绩。公司拥有面积十万余平方米的现代化工厂区，产品已涉及厨房、浴室、客厅挂架、拉篮、商用设备及食品机械等三大类九个系列五百余种品种。远销欧美、澳大利亚、东南亚、非洲等国家和地区，并已取得专利30余项。
左邻,左邻,
吉百居,吉百居,吉百居是一家集研发、设计、专业生产与销售为一体的家居用品类综合企业。
总司令,总司令,总司令，是一个汉语词汇，拼音是zǒngsīlìng，是指部队的最高指挥官，发号军令的统帅。按级别和职能不同，分为整个军队的总司令、军种的总司令等。
法兰尼,法兰尼,法兰尼净水器发源于法国，成立于1870年法国巴黎，法兰尼净水器成立之初主要发展方向是家用净水器行业，1890年成立商用净水事业部，加大在海水淡化，污水处理方面的净化，成为19世纪唯一的净水器生产厂家，法兰尼被国际品牌联盟和万国品牌网授予净水行业品牌世家，生产国际第一台纯水机，国际第一台厨房净水器，国际第一支超滤膜，国际第一支RO膜的净水器生产厂家。 
陶的卫浴,陶的卫浴,泉州市陶的卫浴洁具有限公司，位于海峡西岸经济区内的古城泉州。是一家集卫浴产品及配件设计、研发、制造、销售和服务为一体的综合性企业。公司依托具有32年历史的专业卫浴产品制造企业作为生产基地。公司创立于1979年，经过34年专业卫浴产品研发、生产制造的经验累积和严格的品质管理体系的建立，公司与全球各地的顶级卫浴品牌保持着长期的战略合作伙伴关系。产品热销欧美、东南亚等数十个发达国家，并与美国、德国、西班牙、英国等国家的全球顶尖级卫浴品牌科勒（KOHLER）、汉莎（HANSA）、乐家（ROCA）、Bristan、DELTA、CIA、科诺纳（CORONA）、UPT形成长期的OEM/ODM战略合作伙伴关系，享有较高的行业声誉。
博士,Bose,BOSE是全美国最大的扬声器厂家之一，总部坐落在美国麻省，单是从事研究开发的工程师就有几百人，是一家全资独立公司。产品在汽车音响领域和航天科技领域也同样有着出色的表现。除了民用产品，Bose在专业音响领域也有广泛的开拓。Bose专业音响系统成功地应用于大型体育场馆、多功能会议厅、教堂、高端酒店和品牌旗舰店等。
Doctor,doctor,doctor是一个英语单词，可以用作名词和动词，可以翻译为医生、大夫，等等。
奇帝,奇帝,《奇帝》是奇帝流年创作的网络小说，发表于起点网。
QD,QD,NOKIA公司推出的一款经典智能游戏手机，N-GAGEQD的前身是NOKIAN-GAGE手机。以著名的S60第一版系统（不同于如N70之后的第二版）为操作平台，可以下载更新极多的掌上游戏和软件。
Cleaner,清洁工,故事的主人公是个有洁癖的男人，恰好他的工作正能满足这一癖好——清理犯罪现场。在一次清理工作中，他无意间发现了一个可能与真正的凶手有关的秘密。然而随着调查的慢慢深入，他竟然发现其中竟然还牵涉到了自己的家族……
奥利,奥利,奥利，是2000年澳大利亚悉尼夏季奥运会吉祥物之一。与Syd和Millie形成组合体，从本届奥运会开始，吉祥物开始由单一变成群体。
尼采,弗里德里希·威廉·尼采,弗里德里希·威廉·尼采（德文：FriedrichWilhelmNietzsche，1844年10月15日—1900年8月25日，享年55岁），德国人，著名哲学家、语言学家、文化评论家、诗人、作曲家、思想家，被认为是西方现代哲学的开创者，他的著作对于宗教、道德、现代文化、哲学、以及科学等领域提出了广泛的批判和讨论。他的写作风格独特，经常使用格言和悖论的技巧。尼采对于后代哲学的发展影响极大，尤其是在存在主义与后现代主义上。在开始研究哲学前，尼采是一名文字学家。24岁时尼采成为了瑞士巴塞尔大学的德语区古典语文学教授，专攻古希腊语，拉丁文文献。但在1879年由于健康问题而辞职，之后一直饱受精神疾病煎熬。1889年尼采精神崩溃，从此再也没有恢复，在母亲和妹妹的照料下一直活到1900年去世。尼采主要著作有《权力意志》《悲剧的诞生》《不合时宜的考察》《查拉图斯特拉如是说》《希腊悲剧时代的哲学》《论道德的谱系》等。 
德乐思,德乐思,德乐思，德国籍，男，1938年8月出生，国际著名数学家，中国科学院—马普学会计算生物学伙伴研究所首任执行所长、德国比勒菲尔德大学顾问。德乐思教授2005年全职来华工作，组建中国科学院和德国马普学会合作共建的计算生物学伙伴研究所，德乐思教授于2012年获得2011年度中华人民共和国国际科学技术合作奖。
荣洁,荣洁,荣洁，1964年11月生人。教授，博士，博士生导师。1992-1994年在俄罗斯国立克拉斯诺亚尔斯克大学任教，1998-1999年在俄罗斯国立普希金俄语学院作访问学者，2005-2006年在俄罗斯莫斯科大学作访问学者。黑龙江大学第二届杰出青年基金获得者，连续四届黑龙江大学中青年骨干教师。曾任湘潭大学文学与新闻学院特聘教授。《俄罗斯文艺》编委。
高赞,高赞,高赞，读音gāozàn，汉语词语。释义为高声附和、赞同。
艾美特,艾美特,艾美特电器（深圳）有限公司母厂于1973年在台湾省创立，并于1991年在深圳设立主要生产基地，注册资本2375万美元，厂房建筑面积12.5万平方米，现有员工将近8000人。公司专业生产电风扇、电暖器、换气扇、电磁炉、电水煲等系列精致小家电，产品走在各领域的顶尖水平。艾美特产品在英国、法国、美国、加拿大、日本、韩国等全球60余国和地区销售，30多年来与10余家国际知名品牌的合作经验，使艾美特成为自制率高达95%的全球知名小家电企业。1997年艾美特品牌正式在中国市场推广。据中华全国商业信息中心2004年数据显示，艾美特电暖器销量已位居国内第一，电风扇销量连续四年稳居国内前三名，电磁炉跻身国内前十名。
碧然德,碧然德,碧然德BRITA，全球领先的饮用水优化品牌，在许多国家它已经成为滤水壶的代名词。自1966年碧然德集团发明首个家用滤水壶以来，这个德国家族企业的业务如今已遍及五大洲的60余个国家，拥有18家国内和国际子公司、股份公司、销售和工业合作伙伴，并在德国、英国和瑞士设有多个制造工厂。 
科凡,科凡,科凡总部位于中国工业设计示范基地--广东工业设计城，是一家集家居研发、设计、智造、服务为一体的全屋定制解决方案服务商。 科凡坚持设计报国为战略，以设计创新为驱动、科技定制为手段， 运用云技术实现C2B大规模定制，全力打造“大设计+智慧产业链”。 
容声,容声,容声冰箱是海信科龙旗下品牌，海信科龙电器股份有限公司是中国最大的白电产品制造企业之一，创立于1984年，总部位于中国广东顺德，主要生产冰箱、空调、冷柜和洗衣机等系列产品。1996年和1999年，公司股票分别在香港和深圳两地发行上市。目前，海信、科龙、容声三大品牌的主导产品，从技术研发、工艺质量、生产制造、物流运输、市场销售等各个环节充分共享资源，整体布局，各有侧重，协同运作，均衡发展，形成各自独特的产品风格和优势，培养各自鲜明的品牌个性，全面满足不同国度和地域、不同特征和偏好的消费者的需求。
板芙,板芙镇,板芙镇隶属于广东省中山市，位于中山市南部，东傍五桂山，西临西江，南连珠海，北枕中山城区，因地处板尾水与芙蓉沙而得名。以家具、鞋业、服装、化工、电光源等为主要产业，境内有金钟山郊野公园、滨江路带状公园等旅游景点。截至2012年，全镇面积82.01平方公里，常住人口8.33万人，户籍人口3.54万人。 2012年，板芙镇地区生产总值61.78亿元，固定资产投资总额18.82亿元。三次产业结构比例为6.52:59.07:34.41。板芙镇获“广东省卫生镇”、“广东省技术创新专业镇”、“广东省教育强镇”、”全国环境优美镇“等称号。 
南极人,南极人,南极人，成立于1997年是中国最早成立的内衣企业之一，首创保暖内衣产品，开创了中国内衣行业发展的新道路。历经18年的成长蜕变，南极人已经在内衣、母婴、服装、床品&布艺、厨品、鞋品、服饰配件、户外、家电等9大品类的55大类目产品线中取得突出的成绩，签约国民好媳妇海清，共同为国人带来“全品类消费品王国”，努力打造让用户尖叫的产品，创造极致的用户体验。南极人每年卖出上亿件/套的产品，为几亿人提供舒适、优质的日常生活所需。2014年双十一，南极人取得了单天1.8亿元的销售成绩，是南极人转型互联网企业后，模式创新的最强有力证明。2016年双十一，南极人取得了5.4亿元的销售业绩，再次刷新了历史记录！
乐洁士,乐洁士,乐洁士是广州乐洁士环保科技有限公司品牌，致力提升人类生活品质。经过多年的努力，公司已经成为一家集产品设计、研发、生产及销售为一体的科技型企业。
素歌,素歌,中世纪罗马天主教会的祈祷歌曲，又称“格列高利”，也称“格列高圣咏”。
邦悦,邦悦,邦悦（盐酸阿扎司琼注射液），适应症为用于细胞毒类药物化疗引起的呕吐。
嘉宝,葛丽泰·嘉宝,葛丽泰·嘉宝（GretaGarbo/GretaLovisaGustafsson，1905年9月18日-1990年4月15日），生于瑞典斯德哥尔摩，瑞典籍好莱坞影视演员 。1926年，葛丽泰·嘉宝拍摄在好莱坞的第一部默片《激流》。 1930年她出演了个人首部有声电影《安娜·克里斯蒂》，并获得第三届奥斯卡最佳女主角提名 。1935年，葛丽泰·嘉宝主演电影《茶花女》和《安娜·卡列尼娜》，凭借《茶花女》获得第10届奥斯卡奖最佳女主角提名 。1939年的《妮诺奇嘉》使葛丽泰·嘉宝第三次提名奥斯卡奖最佳女主角。1941年拍完电影《双面女人》后，葛丽泰·嘉宝宣布息影。1955年，葛丽泰·嘉宝获得第27届奥斯卡终身成就荣誉奖。1990年4月15日因肺炎于美国纽约逝世。1999年，美国电影学会将葛丽泰·嘉宝选为百年来最伟大的女演员第五名  。
飞利浦,飞利浦,飞利浦，1891年成立于荷兰，主要生产照明、家庭电器、医疗系统方面的产品。飞利浦公司，2007年全球员工已达128100人，在全球28个国家有生产基地，在150个国家设有销售机构，拥有8万项专利，实力超群。2011年7月11日，飞利浦宣布收购奔腾电器（上海）有限公司，金额约25亿元。2011年10月17日，飞利浦电子发布了第三季度财报，第三季度净利润同比下滑85.9%；同时宣布，飞利浦将在全球范围内裁员4500人。2013年1月底，飞利浦消费电子业务已全部剥离，将聚焦优质生活，医疗和照明设备行业。北京时间2014年12月17日，飞利浦宣布，将以12亿美元收购美国医疗设备制造商Volcano公司。
PHILIPS,飞利浦,飞利浦，1891年成立于荷兰，主要生产照明、家庭电器、医疗系统方面的产品。飞利浦公司，2007年全球员工已达128100人，在全球28个国家有生产基地，在150个国家设有销售机构，拥有8万项专利，实力超群。2011年7月11日，飞利浦宣布收购奔腾电器（上海）有限公司，金额约25亿元。2011年10月17日，飞利浦电子发布了第三季度财报，第三季度净利润同比下滑85.9%；同时宣布，飞利浦将在全球范围内裁员4500人。2013年1月底，飞利浦消费电子业务已全部剥离，将聚焦优质生活，医疗和照明设备行业。北京时间2014年12月17日，飞利浦宣布，将以12亿美元收购美国医疗设备制造商Volcano公司。
五道杠,五道杠,“五道杠”是湖北省武汉市设立的少先队总队长队标。武汉市在区、市两级设立总队，并建立相应的四道杠、五道杠。2011年5月的“五道杠少年”事件，让这个本来很正常的一个少先队队标，引发全国范围的大讨论。
贝特,贝特,汉斯·贝特（HansBethe，1906年7月2日－2005年3月6日），美国物理学家，犹太人，1967年诺贝尔物理学奖获得者。贝特于1906年出生于德国的斯特拉斯堡（二战后划归法国至今）。后在法兰克福接受教育，师从物理学家索末菲(ArnoldSommerfeld)学习理论物理。为逃避纳粹迫害，贝特于1935年离开欧洲来到美国。贝特因在1938年解释了为什么恒星能够在长时间里向外释放如此之多的能量而获得诺贝尔奖。他对问题采取刨根问底的研究方法，有“战舰”的昵称。
BETA,beta,Beta，目前普遍认为是“测试”的意思。广义上对测试有着三个传统的称呼：Alpha（α）、Beta（β）和Gamma（γ），用来标识测试的阶段与范围。Alpha指的是内测，即现在说的CB，即开发团队内部测试的版本或者有限用户的体验测试版本。Beta指的是公测，即针对所有用户公开的测试版本。而做过一些修改，成为正式发布的候选版本时（现在叫做RC-ReleaseCandidate），叫做Gamma。
mti,MTI,MTI是翻译硕士专业学位，为适应社会主义市场经济对应用型高层次专门人才的需求，国务院学位委员会批准设置的翻译硕士专业学位。MTI（MTI=MasterofTranslationandInterpreting）是2007年1月，MTI是我国目前20个专业学位之一。
九井,九井,九井村，地名。湖南省永州市道县审章塘瑶族乡九井村。
HC,HC,HC是多种意义的缩写，它们分别是：梁柱的断面尺寸、花茶、汽车行业术语、喝彩、胡扯、很差、虎扑体育论坛、人名缩写、磁性材料专业术语、医学（超声）、一个网络电台、魔都罪恶装备著名玩家、化学物质、辅助软件、暗黑破坏神、HonorCode、Health-Canada。
皇冠,皇冠,皇冠是丰田集团旗下一款中大型车汽车品牌。丰田皇冠于1955年1月1日在日本下线，已经有超过第13代车型，国产皇冠发动机为2.5L、3.0L和4.3L三种，前二者均为V6缸24气门设计，4.3L发动机则为V型八缸。配置DualVVT-i进出气门双向智能正时可变系统。使发动机的进气效率、燃油经济性、动力性能都有很大提高，马力更加强劲。底盘方面，采用了四轮全独立悬架，舒适性很好。
帝都,北京,北京，简称“京”，是中华人民共和国的首都、直辖市、国家中心城市、超大城市、国际大都市，全国政治中心、文化中心、国际交往中心、科技创新中心，是中国共产党中央委员会、中华人民共和国中央人民政府、全国人民代表大会、中国人民政治协商会议全国委员会、中华人民共和国中央军事委员会所在地，也是中部战区司令部驻地。北京位于华北平原北部，背靠燕山，毗邻天津市和河北省。北京的气候为典型的北温带半湿润大陆性季风气候。北京是首批国家历史文化名城和世界上拥有世界文化遗产数最多的城市，三千多年的历史孕育了故宫、天坛、八达岭长城、颐和园等众多名胜古迹。早在七十万年前，北京周口店地区就出现了原始人群部落“北京人”。公元前1045年，北京成为蓟、燕等诸侯国的都城。公元938年以来，北京先后成为辽陪都、金中都、元大都、明、清国都。1949年10月1日成为中华人民共和国首都。北京被全球权威机构GaWC评为世界一线城市 。联合国报告指出，北京人类发展指数居中国城市第二位 。2017年，北京人均可支配收入达到57230元，社会消费品零售总额11575.4亿元 。北京住户存款总额和人均住户存款均居全国第一 。2017年，北京高新技术企业达到20183家。 福布斯2017年“中国大陆最佳商业城市排行榜”排第3位。 2015年7月31日，国际奥委会主席巴赫宣布北京携手张家口获得2022年冬季奥林匹克运动会的举办权。北京由此成为全球首个既举办过夏季奥运会又将举办冬季奥运会的城市。
马谛氏,马谛氏,马谛氏苏格兰威士忌是这几年席卷台湾的新品牌。不过短短四年多的时间，销售量由月销三千瓶突飞猛进到去年的四百五十万瓶，让向来是第一品牌的约翰走路深深受挫，不得不在今年推出第一支针对台湾消费者量身定做的广告应战。
阿笨猫,阿笨猫,中央电视台曾经播放了26集动画片《阿笨猫》，受到了广大观众的广泛关注与喜爱，阿笨猫已成为家喻户晓的卡通形象，在网上用“阿笨猫”来命名的人不计其数。《阿笨猫全传》是作者在动画片《阿笨猫》脚本的基础上重新撰写而成并首次由接力出版社推出，由“阿笨猫与外星小贩”、“阿笨猫与气功大师”、“阿笨猫与发明家”三部分组成。该书想象奇特，故事诙谐，情节一波三折，人物栩栩如生，幻想色彩浓郁，读来令人捧腹。作者以幻想的人物和故事映照现实，亦真亦幻，给人以生活的启迪和人生的思考。
鼎傲,鼎傲,《鼎傲》是连载于起点中文网的网络小说，作者是上古风公爵。
派斯,何塞·安东尼奥·派斯·埃雷拉,何塞·安东尼奥·派斯·埃雷拉（英语:JoséAntonioPáezHerrera，西班牙语:JoséAntonioPáezHerrera）（1790年6月13日——1873年5月6日）委内瑞拉政治家、军事家、独立战争领袖、曾三次担任委内瑞拉总统。派斯1790年出生于委内瑞拉的阿卡里瓜，1810年参加独立战争，1817年加入西蒙·玻利瓦尔的爱国军，1821年参加卡拉博博战役，之后获少将军衔并被任命为委内瑞拉地区的行政长官，1829年领导分离大哥伦比亚共和国的运动，次年委内瑞拉宣布独立，派斯当选为第一任总统，1839年第二次当选为总统，1849年被迫流亡海外，1859年回国，1861年再度成为总统，1863年下台，后流亡美国，1873年在纽约逝世。
卡德维,卡德维,卡德维是欧洲第一品牌钢板浴缸，淋浴盆生产厂家。是目前世界上唯一能生产3.5毫米厚钢板浴缸的厂家，占领了60%的德国市场和40%欧洲市场，欧洲五星级酒店则全部使用卡德维的浴缸。为了不断满足人们对浴室品质及个性化的追求，卡德维致力于为用户提供丰富多彩的优质产品。
达,达,达，da，从辶（辵）从羍、原以羍指代很好的生育能力，后引申为大（羍）道通畅，行人（辵）互不相遇。羊子初生名羍。小曰羔。未成羊曰羜。大曰羊。凡生子始生较难，后稷为姜嫄始生子，乃如达出之易，故曰先生如羍，云如羊子之生（生无不易者）。以羍训逹，凡故训传之通例如此。假借也。达是形声字，辶（chuò）为形，大为声。达的繁体也是形声字，辶为形，羍（dá）为声。达的本意是在大路上行走，有通达、畅通之意。还由畅通的意思引申出了通显、显贵等意。 
奇爱,奇爱,奇爱是由湖北奇爱网络科技有限公司独立开发的一款移动社交类的应用！历经6个月时间开发，2014年1月18号正式上线！此应用一经推出，深受广大网友喜欢。
GA,Ga,GA神经节脑苷脂是遍布全身的一种复合糖脂，是细胞膜的重要组成部分。它们参与细胞（尤其是在大脑中）的结构与功能，有助于促进脑部神经元的生长和连接，DHA帮助胎儿大脑发育。
德莱尼,德莱尼,一次可怕的大爆炸撕裂了卡利姆多的上空。巨型飞船埃索达从天而降，坠毁在艾泽拉斯大陆上。高贵的德莱尼人依靠空间飞船埃索达逃离破碎的外域，找到了安全的港湾。联盟英勇抗击燃烧军团的事迹感动了德莱尼人，他们决定加入联盟，夺回他们破碎的家园。致视生命，信奉圣光的德莱尼人打算召集勇士对抗燃烧军团，并阻止他们可怕的燃烧远征。尽管只能依靠勇气和对圣光的坚定信仰来武装自己，德莱尼人仍期望寻找到盟友，并引导他们迎向艾泽拉斯的天空之外的命运。
蓝鲸,蓝鲸,蓝鲸（学名：Balaenopteramusculus）是一种海洋哺乳动物，属于须鲸亚目。共有四个亚种。蓝鲸被认为是已知的地球上生存过的体积最大的动物，长可达33米，重达181吨。蓝鲸的身躯瘦长，背部是青灰色的，不过在水中看起来有时颜色会比较淡。与其他须鲸一样，蓝鲸主要以小型的甲壳类（例如磷虾）与小型鱼类为食，有时也包括鱿鱼。通常蓝鲸白天需要在超过100米深度的海域来觅食，在夜晚才能到水面觅食。蓝鲸在晚秋开始交配，并一直持续到冬末，雌鲸通常2-3年生产一次，在经过10-12个月的妊娠期后，一般会在冬初产下幼鲸。四大洋均有分布。
梦芭莎,梦芭莎,梦芭莎为时尚供应链管理机构衣路集团旗下核心网络零售平台，2006年12月创立，是中国地区拥有自主品牌的垂直电商平台和时尚产品购物平台。梦芭莎拥有产品设计、品牌推广、供应链全球化、全方位采购、品牌管理、物流配送等综合能力，在美国洛杉矶、纽约，中国香港、上海、广州和北京设有多个设计及产品管理中心，覆盖男装、女装、童装、内衣及化妆品事业等多个领域。梦芭莎致力于为中国消费者提供国际化的时尚产品，环球时尚梦想成真。 
DuranRyan,DuranRyan,DuranRyan是一家世界上著名度极高的龙头品牌，也是德国久负盛名的厨房水龙头生产商和制造商。DuranRyan产品外观以艺术设计见长，致力于追求产品与空间的协调一致，使用者人产品的和谐统一，是德国高端洁具巨头，呈现奢华典雅的浴室空间文化。其中厨房龙头，更与世界最负盛名的德国当代并驾齐驱，与欧洲90%的橱柜生产商保持着紧密的合作。多年来，德国DuranRyan对产品技术，设计，制造领域里的创新和发明得到了行业内的广泛的肯定和称赞，一共获得有关产品质量产品设计环保等各类奖项累计超过70个。
CC,张柏芝,张柏芝，1980年5月24日出生于中国香港，中国香港影视女演员、歌手。1998年出演个人首部电影《喜剧之王》 。1999年发行个人首张EP《任何天气》，并凭借歌曲《星语星愿》获得关注。2000年获得第22届十大中文金曲最有前途新人金奖。2002年凭借韩国电影《白兰》获得韩国电影大钟奖最佳女主角奖提名，成为首位入围韩国三大电影节之一的华人演员。2003年凭借爱情喜剧片《河东狮吼》获得港台最受欢迎女演员金奖 。2004年凭借爱情片《忘不了》获得第二十三届香港电影金像奖最佳女主角奖 。2006年发行专辑《醇经典》，同年告别乐坛。2011年重返乐坛并发行单曲《曾经》。2012年主演喜剧片《河东狮吼2》 。2014年发行MV《该是时候》 。2016年主演动作片《失控·幽灵飞车》 。2017年主演电视剧《如果，爱》 
台基,台基,台基，是19世纪80年代在上海、苏杭、和天津等地开设的专供男女偷情的“小客寓”，又称“花客栈”、“转子房”。起初是从小戏班子借台演戏，租借的基地发展而来，所以有“台基”这一名称，像这类的小客栈在上海英法租界多至二三百家，这一行业的兴旺反映社会需求的盛行不衰，这在中国是前所未有的现象。
沃勒,沃勒,姓名：沃勒英文名：JonatanValleTrueba
凯萨琳,凯萨琳,凯萨琳是一个善良的人，但是在圣诞节前夕，依甜因为玛丽姑妈的诱导，变成了一个自私自利的人。为了让依甜变成原来的依甜，最后她用自己的善心以及三位仙子的帮助下，感动了幼年好友嚣张跋扈的依甜，使她们重归于好。
Catherine,catherine,歌曲收录于2005年陶喆发行的第四张专辑《太平盛世》
MUYU,muyu,沐鱼Muyu”品牌于2008年10月创立，是国内时尚女包品牌，专为追求时尚，彰显个性都市新女性设计。融合传统与创新，高性价比，全面赋予女性“坚持自我，追逐潮流”的新主张。2008年10月正式创立沐鱼muyu品牌，成为杭州亚葵贸易有限公司主打品牌。沐鱼一直崇尚时尚与性价比完美结合而成的高品味，觉得只有这种高价值升的时尚文化才能在风云变幻的流行舞台上不退潮流。自我与时尚同在，以一种灵感源的形式来解析时尚。时尚为女人而生，一只包包，一个故事；一个女人，一个传奇。上帝从不吝啬于对女人的宠爱，致力于只为女人而打造。推崇女人去追求梦想，追求时尚，追求独立自主全新价值观。洗净岁月的铅华，你的每一个转身，依然沉醉迷人。
COSO,COSO,COSO是美国反虚假财务报告委员会下属的发起人委员会（TheCommitteeofSponsoringOrganizationsoftheTreadwayCommission）的英文缩写。1985年，由美国注册会计师协会、美国会计协会、财务经理人协会、内部审计师协会、管理会计师协会联合创建了反虚假财务报告委员会，旨在探讨财务报告中的舞弊产生的原因，并寻找解决之道。两年后，基于该委员会的建议，其赞助机构成立COSO委员会，专门研究内部控制问题。1992年9月，COSO委员会发布《内部控制整合框架》，简称COSO报告，1994年进行了增补。
贝蒂娜,贝蒂娜,贝蒂娜BettinaBeauty是德国品牌。是一家现代化的、可靠的化妆品公司。SC是德国生产护发、身阼护理和香水产品的最大厂家之一，其分公司已遍布世界70多个国家，气味是可以在人的记忆中保甾最久的东西！采用天然植物配方，蕴含独特香水成分，用后令您飮发出欧洲风愔的迷人淡淡幽香，且香味持久达8小时，常用可转为体香。SC是欧盟第二大化妆品生产集团，旗下产品门类齐全，尤其以各种时尚的、透着名贵香水气味的、高品质沐浴和润肤产品而闻名。
越浴,越浴,越浴（英语：Vietland）是指中国古代百越族所居住的地方。百越族遍布于中国南方各地。在中国历史上，整个广大的江南之地，即所谓“交趾至会稽七八千里”，在秦汉以前都是百越族的居住地。 越浴和每一个人的感情总是会越来越慢，好像一个人的出现就是为了听我，我们把未遇见彼此前的前尘往事分享给你听，于是这感情似乎就越来越沉淀。谁也不能保证会不会又像每个人的相遇一样，只是为你陪你走过这一段必然要走的艰辛的一段路
欧德宝,欧德宝,ODBOOM（欧德宝）-----创建于1916年，源自历史悠久，现代化工业发达的德国巴登-符腾堡州海德堡古城，总部设在树木繁茂的内卡河畔，公司拥有世界顶尖级的研发机构及团队，与哈佛大学、剑桥大学、牛津大学、海德堡大学、麻省理工大学等世界名校合作建立试验站，并长期建立科研战略合作关系，共享科研成果。
纤微,纤微,纤微（xiānwēi），亦指细微的事物。
ARCO,ARCO,Arco源于意大利语（音乐术语，意为在演奏弦乐器时，在某些时候以弓拉代替以手拨弦），只是一个音乐符号，用来告诉那些弦乐演奏者们回归到弓的使用上来，而不要一味强调手指的运用。这样优雅的转移从某些方面很好的诠释了Arco的音乐，从容不迫，而又变幻美丽。木吉他，贝斯，鼓，似乎Arco轻轻松松就创造出了轻弱而美妙的音乐氛围，但是在那些看似淡然的音乐下面却隐藏着压抑着的伤感，就像暗夜里的蝴蝶，在漆黑的玫瑰花园里起舞，而周围，充满了Arco优美的吉他旋律，简单而柔软的鼓和贝斯，还有ChrisHealey那种性别模糊带着淡淡惆怅的歌声。伦敦三人组合Arco，成立于上世界90年代。成员：吉他手兼主唱chrishealey、贝斯兼吉他手davidmilligan、打击乐手兼chris的双胞胎兄弟nickhealey。
KAD,KAD,简介Kademlia的简称，一种基于P2P理念的新型网络拓扑结构，主要的目标是做到不需要服务器和改善可量测性。官方网站在2004年2月27日正式发布的eMulev0.42b中，Kad开始正式内嵌成为eMule的一个功能模块，这个版本的主要新增功能就是支持Kademlianetwork（简称Kad）。eMule以前版本连接的是传统eD2knetwork，该网络的特点是用户运行eMule时，首先连结到一个服务器，通过该服务器用户连结到其它Clients进行下载。对于Kad用户不需要连结服务器，而是直接连结到Clients。因此，Kad也被称之为Serverlessnetwork（无服务器网络）。Kad具有传统eD2k所不具备的优势，虽然还处于开发阶段，但从长远角度看，Kad将更具发展潜力。eMulev0.42b版本同时支持传统eD2k以及Kad。安装后用户可以从连结选项中自行选择使用或不使用Kad，也可以两者同时使用。现有ED链接对两种network完全通用。进行文件搜索时，需要选择Kad(对应Kademlia)或server(对应eD2k)。这一版本还存在一定的问题，主要是系统资源占用量较老版本有所加大，另外存在一定程度的MemoryLeak(内存泄漏)。
德立淋浴房,德立淋浴房,德立，成立于1996年，是专业设计、制造、销售淋浴房及其配套产品的专业厂家，已获国级25项淋浴房产品专利，坚持全球顶级标准选材原则，开发了二十多个产品系列，一千多种非标产品
隆福泽,隆福泽,
兰花,兰花,兰花（学名：Cymbidiumssp.）：附生或地生草本，叶数枚至多枚，通常生于假鳞茎基部或下部节上，二列，带状或罕有倒披针形至狭椭圆形，基部一般有宽阔的鞘并围抱假鳞茎，有关节。总状花序具数花或多花，颜色有白、纯白、白绿、黄绿、淡黄、淡黄褐、黄、红、青、紫。 中国传统名花中的兰花仅指分布在中国兰属植物中的若干种地生兰，如春兰、惠兰、建兰、墨兰和寒兰等，即通常所指的“中国兰”。这一类兰花与花大色艳的热带兰花大不相同，没有醒目的艳态，没有硕大的花、叶，却具有质朴文静、淡雅高洁的气质，很符合东方人的审美标准。在中国有一千余年的栽培历史。 中国人历来把兰花看做是高洁典雅的象征，并与“梅、竹、菊”并列，合称“四君子”。通常以“兰章”喻诗文之美，以“兰交”喻友谊之真。也有借兰来表达纯洁的爱情，“气如兰兮长不改，心若兰兮终不移”、“寻得幽兰报知己，一枝聊赠梦潇湘”。1985年5月兰花被评为中国十大名花之四。 
恋爱季节,恋爱季节,《恋爱季节》是2013年香港电视广播有限公司推出的时装爱情单元剧，由关永忠监制，马国明、胡杏儿、徐子珊、吴卓羲、胡定欣、梁烈唯、王浩信、罗仲谦、梁靖琪领衔主演。此剧为2013年“爱的季节”呈献电视剧。此剧共有四个季节的主线剧情：四季之春、四季之夏、四季之秋、四季之冬。每个单元为五集，共20集。2013年2月11日首播 。
百山,百山,
金沙江,金沙江,金沙江，是中国长江的上游。因江中沙土呈黄色得名。又名绳水、淹水、泸水。川藏界河。金沙江的发源地（即长江的发源地）20世纪70年代定于青海省唐古拉山主峰各拉丹冬雪山，正源沱沱河。2008年调查确立当曲的上源且曲为正源，发源于唐古拉山脉东段北支5054米的无名山地东北处，行政隶属玉树州杂多县结多乡。当曲与源于格尔木市的唐古拉山镇的沱沱河汇合后，称通天河。长江干流流经治多县、曲麻莱县、称多县，玉树县，于玉树州直门达（称多县歇武镇直门达村，巴塘河汇入口）以下，始称金沙江 。金沙江穿行于川、藏、滇三省区之间，其间有最大支流雅砻江汇入，至四川宜宾纳岷江始名长江。从青海省的河源至宜宾市干流河长3481千米（一说3364公里 ），流域面积50.2万平方千米（一说47.32万平方公里 ），约占长江流域面积26%。年平均流量4750立方米/秒。以降水补给为主，地下水和冰雪融水补给为辅。金沙江落差3300米（一说5100米 ），水力资源一亿多千瓦，占长江水力资源的40%以上。干流是规划有多级梯级水电开发。金沙江流急坎陡，江势惊险，航运困难。由于河床陡峻，流水侵蚀力强，金沙江是长江干流宜昌站泥沙的主要来源。名片图：金沙江云南省德钦县段
图恩,图恩,图恩瑞士西部城市。在伯尔尼东南、阿勒河出图恩湖处。人口3.6万（1980）。建于十二世纪。有陶瓷、手表、金属加工等工业。游览地。伯尔尼阿尔卑斯山的登山起点。有建于十二世纪的古堡，现为博物馆。
武皇,武皇,武皇，霹雳布袋戏虚拟人物。雄才大略的人界枭雄，统辖集境三宫六殿十八楼，心思缜密，具有卓越的领导魅力与政治手腕，与一页书交情匪浅，惟城府深沉、生性多疑且不信任他人，曾大举诛杀昔日功臣以致遭刁七爷与三宫之主秘谋反叛，被困吸功石多年。复出後便开始扫荡叛逆、剪除异己，且怀有极大野心，妄想扩充集境版图、占领苦境武林，却也因为手段残暴无情，以致昔日受害者、甚至好友皆变成对立的敌人 。
汐岩,汐岩,《汐岩》是起点中文网连载的言情小说，作者是辛牧洋。
柯氏安琪,柯氏安琪,柯氏安琪于2004年推出中国市场，是广东省佛山市柯氏股份有限公司旗下的卫浴旗舰品牌。目前公司旗下拥有三大控股子公司，主要开发生产浴室柜，淋浴房、陶瓷洁具、五金龙头等相关配套的卫浴用品及设备等。经过多年的发展，全国前列，在行业中拥有不凡的知名度，是中国卫浴行业标准起草单位。柯氏安琪承诺成为一名负责和积极的企业公民，通过自主创新，不断改善经营，为社会发展做出贡献。柯氏安琪坚信企业是社会的一个重要部分，并致力于与员工和当地社会一道改善人们工作和生活的质量。
花之家,花之家,
LA MIU,兰缪,兰缪就是优品生活（北京）科技有限公司，成立于2008年，是UnlimitedBrandsLtd在中国的全资子公司，负责LAMIU品牌在中国的多渠道营销。UnlimitedBrandsLtd投资商包括日本最大的电子商务公司、手机零售公司、证券公司等；其董事及顾问团队来自美国的Victorias，Secret、Coach，日本的华歌尔、千趣会、Cecile、QVC、乐天等公司的前任及现任高层。
汉尊,汉尊,《汉尊》是连载于起点中文网的历朝历代类小说，作者是Love无新。
柯尼卡,柯尼卡,柯尼卡（KONICA），是一个日本品牌，成立于1873年，前身为小西屋六兵卫店。主要从事相片行业。2003年8月，柯尼卡与美能达合并，成为现在的柯尼卡美能达。
小尼宅配,小尼宅配,小尼宅配隶属于北京黎明文仪家具有限公司，位于北京市通州区国家环保产业园区，占地150000平米，注册资金10100万人民币，拥有员工1800多人。公司引进了代表国际先进水平的木工机械设备，有德国HOMAG双端封边机、意大利EB120电子开料锯、德国HPP11/38电子开料锯、意大利CNC加工中心、意大利CEFCA-UV辊涂自动油漆生产线、意大利CEFCA全自动封闭喷漆生产线、芬兰进口中央吸尘设备等。
正念,正念,“正念的意思，就是觉照，同时它也意味着深入地观察。“Sati”(梵文：smrti)这个巴利语单词的意思是“止”和“保持对某个对象的觉照”。vipassana”(梵文：vipasyana)这个巴利语单词的意思是“为了观察某个对象而深入其中”。当我们完全地觉知并深入地观察某个对象的时候，能观和所观的界限就逐渐地消失了，能观和所观成为一体。这就是禅观的本质。只有当我们契入某个对象并与它成为一体的时候，我们才能真正地理解它。站在外面去观察某个对象是不够的。这就是为什么这部经提醒我们要即身观身、即受观受、即心观心和即法观法的原因。” 
鹰帝斯,鹰帝斯,鹰帝斯 （EDSI）卫浴采用美国进口机芯配件，集开发生产于一体，是能够独自研发和生产整体智能坐便器的企业，拥有经验丰富资深设计师组建的设计团队，覆盖了从产品设计、原料采购、产品生产、产品销售到售后服务的每个环节。 
尚田,尚田,尚田镇地处奉化区 境东南部，以平原为主，是中国草莓之乡、浙江鳗竹之乡和著名的布龙之乡。辖区面积156平方公里，总户数14486户，总人口43648人，下辖76个行政村，1个居委会。交通便捷，省道甬临线和沿海大通道同三线高速公路纵贯全镇。镇城区内基础设施配套齐全，电力资源充沛，供水宽裕，有万方以上水库43座，通讯设施完善，开通了万余门程控电话和移动电话。
文洁,文洁,文洁，女，汉族，前美国亚裔小姐冠军，是高凌风的第二任妻子，他们有一女儿葛晓洁。文洁曾在《烟雨蒙蒙》(1986版)中饰演方瑜，《庭院深深》(1987版)中饰演简梦珂。
唐域,唐域,《唐域》是连载于起点中文网的网络小说，作者是风清竹逸。
卡迪欧,卡迪欧,
宫野,宫野,宫野，男。1964年底毕业于北京大学数力系（研究生）。先后在核工业部北京401所、西南物理研究院从事计算物理和等离子体物理方面的科研工作，1984年调入大连理工大学物理系从事教学与科研工作。现任职研究员、博士生导师。负责承担多项国家自然科学基金面上、重点及重大项目。自1980年以来，在国内外重要学术刊物，如《物理学报》、《Phys.plasmas》、《J.Phys.D:Appl.Phys.》、《Vacuum》等上发表论文70余篇，其中30多篇被SCI和EI检索收录。
Helio,Helio,Helio公司是由韩国的韩国SK电信和美国的EarthLink公司合资组成的无线网络运营商，同时生产适应其网络服务的手机终端，主要业务在3G网络，目标市场为喜欢拥有属于自己特色的无线网络服务青年群体。据说现在它的服务用户数量已经接近10万人。
麦乐,麦乐,麦乐是画手泡沫的原创兽设，是一只黄色的耳廓狐，爱吃汉堡，布丁和奶茶，爱好是吃。2015年4月4日出生，特长是卖萌，经常去偷东西吃。和绒子是好朋友。有一个哥哥叫诺栗。听力很好所以经常去偷听别人的对话。给他好吃的食物可以买通他【虽然没人这么做】。为了吃会放弃一切。
SY,SY,SY是一个缩写，有多种含义。一是squareyard平方码。二是SteamYacht蒸汽机快艇SyrianArabRepublic，叙利亚。
锦湖,锦湖轮胎,来自韩国的锦湖轮胎历史源于1960年。目前已成为全球大型轮胎制造企业之一。锦湖轮胎拥有完备生产线，覆盖乘用车轮胎、商用车轮胎、高科技轮胎等多个类别。锦湖轮胎除拥有辐射全国的上海销售总部外，设立了南京工厂，并在2005年完成南京二期工厂建设。此外，锦湖于2006年设立天津工厂以及研发中心、2007年设立长春工厂、2008年南京TBR工厂建成投产，至此，锦湖轮胎在中国的年生产规模达到3000万条。 2011年3.15晚会曝光了锦湖轮胎掺回收料致轮胎品质下降。 2018年3月2日，青岛双星与韩国产业银行为首的锦湖轮胎债权团达成一致，青岛双星将以增资方式持有锦湖轮胎45%的股权，并成为其控股股东。 4月1日，韩国锦湖轮胎工会表决最终同意将公司出售给中国青岛双星。 
倾臣,倾臣,倾国权臣，女扮男装，欺凌幼帝。这就是聂然的穿越新身份。是孤光照此身，肝胆皆冰雪的凛冽，还是饱食而邀游，泛若不系舟的悠然？纵然失却一切，也要今日得意今日欢。
六骏,六骏,六骏是汉语词汇，拼音是liùjùn，意思是唐太宗征战时所骑过的六匹骏马。
世达,世达,SATA世达是美国APEX集团在中国的全资子公司，主要经营手工具、汽保设备和个人劳防用品。用于汽车维修、保养，能源建设，轨道交通，机械制造，电子电工等众多行业。 SATA世达创立“终身保用”服务 ，已成为手工具服务标准；整合APEX集团技术成果 ，推出具有专利技术和创新理念产品 ；引进APEX在工程设计和整车服务方面经验，将业务拓展至汽保设备。SATA世达关注人的安全和健康 ，其个人劳防用品，方方面面的周到设计，满足专业人员在各类特定作业环境中的安全保护需求。  
SATA,SATA,SATA（SerialAdvancedTechnologyAttachment，串行高级技术附件）是一种基于行业标准的串行硬件驱动器接口，是由Intel、IBM、Dell、APT、Maxtor和Seagate公司共同提出的硬盘接口规范。2001年，由Intel、APT、Dell、IBM、希捷、迈拓这几大厂商组成的SerialATA委员会正式确立了SerialATA1.0规范，在当年的IDFFall大会上，Seagate宣布了SerialATA1.0标准，正式宣告了SATA规范的确立。
DAVE,Dave,中文拼写：戴夫，戴维名字含义：所爱的人，有时写作Davey，David的昵称。
百字,百字,百字，读音bǎizì，汉语词汇，很多字的意思。
惠而浦,惠而浦,“惠而浦”是惠而浦公司（WhirlpoolCorporation）的旗下品牌，创立于1911年，总部位于美国密歇根州的本顿港，是世界上最大的大型家用电器制造商之一。其白色家电产品已连续11年保持全球市场占有率领先。惠而浦旗下拥有WhirlpoolMaytagKitchenAidJenn-AirAmanaBrastemp和Bauknecht等众多知名国际品牌，业务遍及全球170多个国家和地区，在全球拥有47个生产基地，26个研发中心和4个设计中心。百年来，美国惠而浦集团始终致力于为全球消费者提供品质卓越的家电产品，其产品涉及洗衣机/干衣机、微波炉、冰箱、空调、灶具抽油烟机、洗碗机、油热汀及家庭厨房垃圾处理机等9大系列。美国惠而浦公司是世界大型家用电器制造商，创立于1911年，总部位于美国密歇根州的奔腾港。公司致力于为全球消费者提供品质卓越的家电产品，业务遍及全球170多个国家和地区，在全球拥有73000名员工。
Whirlpool,whirlpool,Whirlpool是由计划、制作和销售游戏而办的一个品牌。ファナティックス（fanatic）有限公司该品牌以制作AVG为主，以“萌”作为主风格，剧情轻松愉快。
汉唐盛世,汉唐盛世,汉唐盛世是汉朝和唐朝时文治武功及国际声望较强盛，所以人们将汉唐两朝出现的盛世统称为汉唐盛世。在中国封建社会2000多年的历史长河中，国家统一、文化昌明、武功强盛、国威远播，是汉唐两朝的共同特点。汉朝有文景之治、汉武盛世等，而唐朝则有贞观之治、开元盛世等。但是，两个王朝在处理中央与地方关系方面，选择的却是截然不同的路径。西汉王朝在汉初地方分权的背景下走的是中央集权化不断加强的道路，唐王朝则在初期高度中央集权的背景下走的是地方分权化趋势不断增强的道路。汉朝和唐朝在中国社会发展和中华民族形成的历史中占有非常重要的地位。华夏族在汉朝时期逐渐被称为汉族，汉朝为华夏文明的延续和挺立千秋做出了巨大贡献，铸就了《史记》、《汉书》、汉乐府、造纸术等伟大的著作与发明。唐朝由于对海外的巨大影响，在宋代时，“唐”就已经成了东南海外诸国对中国的代称。历宋、元至明，外国将中国或与中国有关的物事称之为“唐”。不仅以“唐”作为“中国”之地的代称，而且称中国人为“唐人”，中国人在国外建立的唐人街享誉海内外。
绿林,绿林,绿林（lùlín），地名，绿林位于湖北京山西北。见《汉书》卷九九下《王莽传》《后汉书》二一刘玄传。后来以绿林泛指结伙聚集山林之间反抗政府或抢劫财物的有组织集团。词义同“绿林好汉”，“绿林豪客”。
HYUNDAI,Hyundai,中文名为：现代（汽车品牌）现代成立于1947年，为韩国汽车品牌，主要生产suv及普通家用轿车，排量为1.6~2.7L之间的车型。
VOVO,vovo,蜗蜗（VOVO）是一款基于IP的统一通信客户端软件，支持即时通信、语音/视频通话、视频会议、文件共享、文件传输、电子白板等多种协同办公功能，可应用于手机、电脑、可视电话、平板电脑、机顶盒等终端。
蔚风,蔚风,蔚风，校园青春小说《忆年谨仅于此》中人物。 
新飞,河南新飞电器集团有限公司,河南新飞电器集团有限公司（简称新飞集团）是一家生产经营家用电器、专用汽车、旅游酒店等多个行业及产品的国有控股企业，原隶属河南省新乡市，后经国家批准，划转中航工业集团公司。新飞集团的前身是1964年由多家企业重组设立的新乡市无线电设备厂，配套生产军用通讯车；1984年转产电冰箱等家电产品；1994年经股份制改造设立新飞集团。2011年7月，新飞集团整体划转中航工业，由中航工业机电系统有限公司直属管理。2017年11月1日起，新飞因经营不善而向政府递交重整申请，濒临倒闭，新飞已停工，厂区内除保安外已处于无人状态，仓库和车间均贴上封条。 
居莱雅,居莱雅,居莱雅集团成立于1968年， 总部设在德国哈根市，是智能卫浴品牌，在欧洲许多国家已经成为智能卫浴的代名词。 
吉宝,吉宝,吉宝是网页游戏《赛尔号》中的一种精灵。光系，吉宝在塔克星光之城，整点出现。拥有四散光波、水晶之柩、圣洁寒冰、极光领域等光系高等攻击。吉宝在20级进化为吉娜，40级进化为吉娜斯。
JIBAO,JiBao,《JiBao》是一款IOS平台的应用。
九乾,九乾,九乾，汉语词汇，拼音jiǔqián，意指九天。高远的天空。
米未,米未传媒,米未传媒致力于互联网内容的生产、开发及衍生。“有趣”是米未传媒唯一的套路，不止“有趣”是米未传媒更高的追求。2016年11月，米未传媒荣登2016艺恩中国泛娱乐指数盛典“中国文娱创新企业榜TOP30”。 2016年12月，米未传媒被由商界传媒集团主办的第十二届年度商业模式中国峰会评为“2016年度新锐商业模式”。 2017年1月，米未传媒在传媒内参发布的2016“指尖综艺榜”上被评为“2016年度十大霸道内容创业公司”。 2017年1月，米未传媒被品途商业评论评为“2016中国创业企业爆发力100强”。 
足道,足道,20世纪三十年代国外医学界开始对足部按摩展开研究。美国人古哈姆女士于1938年出版了《足的故事》一书。几乎与此同时，在中国教区工作的法籍瑞士人玛萨佛雷特女士也对足道进行了深入的研究。她在获得了中国足部按摩的图谱和密码后，出版了《未来的健康》一书，引起了西方医学界的震惊。近十几年来，中国的足部按摩研究有了突破性进展。1982年中国人创立了足部按摩的专业机构"国际若石健康研究总会"并推广若石足部健康法。
德勒,德勒,德勒是彝族专有姓氏，彝族共祖“笃米”（居木乌乌，阿普笃慕）之第五子第七世孙阿德布后裔。世居云南、贵州、四川三省。
DELE,dele,西班牙语DELE考试的全写：DiplomasdeEspañolComoLenguaExtranjera，英语是DiplomasofSpanishasaForeignLanguageexamination，作为一门外语的西班牙语水平考试，相当于国外的托福、雅思考试，与SIELE同属于西班牙语等级水平考试。该文凭证明持有者西班牙语的语言能力水平，且被西班牙教育部、文化部、体育部正式承认，并获得国际性认可。
人文,人文,人文就是人类文化中的先进部分和核心部分，即先进的价值观及其规范。其集中体现是：重视人，尊重人，关心人，爱护人。简而言之，人文，即重视人的文化。人文，是一个动态的概念。《辞海》中这样写道：“人文指人类社会的各种文化现象”。我们知道，文化是人类或者一个民族、一个人群共同具有的符号、价值观及其规范。符号是文化的基础，价值观是文化的核心，而规范，包括习惯规范、道德规范和法律规范则是文化的主要内容。人文是指人类文化中的先进的、科学的、优秀的、健康的部分。广义讲，泛指文化；狭义讲，专指哲学，特别是美学范畴。人文分类：文化、艺术、美学、教育、哲学、国学、历史、法律（俗称规矩）。
Coway,COWAY,COWAY是韩国的生活环境家电公司，自1989年5月2日成立以来，COWAY在韩国水质净化，空气净化和卫浴行业始终占据着领先地位。COWAY秉承为用户提供优质环境科技健康生活理念，产品畅销全世界各个国家和地区。 
绿秀,绿秀,绿秀果皮嫩绿，圆润无尖，油亮有光泽，果型棒状顺直，长35~40厘米，直径5~6厘米，果肉厚，果腔小，单瓜重500克以上。
春暖花开,春暖花开,《春暖花开》是八一电影制片厂出品的一部反映现代女性坚强独立的现代励志情感电视剧，由戚健导演，彭三源编剧，潘虹、李明启、李小冉、赵峥等主演。该剧讲述了一个女人的蜕变，经过种种坎坷艰难，最终从一个傲气柔弱的娇娇女转变为泼辣坚强的女强人的故事。2011年6月5日，该剧在浙江卫视“中国蓝”剧场上星播出。
布兰登,布兰登,布兰登是加拿大曼尼托巴省的第二大城市，这座城市位于沿阿西尼博因河。
蒙特,munto,《MUNTO》（也有中文翻译为《仰望天空的少女眼中的世界》）是京都动画于2003年推出的一部奇幻风格的OVA。作为京都动画的首部原创作品，《MUNTO》第一部就因宏大的世界观和细腻的镜头表现赢得了赞誉，尽管在商业上并不是特别成功，但其制作水准足以令同时期多数OVA相形见绌。2005年，京都动画带来了《MUNTO》的第二部《MUNTO～穿越时空之壁》。《穿越时空之壁》延续前作的剧情，更加入了天上界的势力斗争，气势宏大的魔神大战也是不容错过的卖点。制作班底依然是前作的原班人马。2009年，原定制作的《MUNTO》第三部改为TV动画，共9集。前6集是前两部OVA的重复，后3集是新的内容。并制作了最终剧场版，作为整部动画的结尾。新作剧场版命名为《天上人和アクト人（最后的战役天上人和亚克托人最后的战斗）》，2009年4月18日至5月1日在日本上映。
系家,系家,系家，读音xìjiā，汉语词语，指世家。
LUCCIO,LUCCIO,LUCCIO，德国专业石英石水槽生产商品牌。
开源,开源,开源是一个汉语词语，读音kāiyuán，常与“节流”连用，意思是开辟收入的新来源；节制支出；减少消耗。这个词语出自《荀子·富国》。
威乐,威乐,2004年2月23日，天津一汽基于NBC平台的新款紧凑型三厢轿车威乐下线，与威姿一样源自在欧美持续热销的丰田ECHO/Yaris；以动力、空间、安全、操控、舒适五大性能全面完美平衡为鲜明特点。成为天津一汽丰富产品线，促进产品的自主研发的重要一步。威乐的上市一度对飞度、千里马、西耶娜和嘉年华的销售构成了冲击，也是经济型家用车中不错的一种选择。
阿斯卡利,阿斯卡利,英伦手造跑车品牌ASCARI，在迁址到英国Banbury的工厂之后推出全新的超级跑车KZ-1。
ASCARI,阿斯卡利,英伦手造跑车品牌ASCARI，在迁址到英国Banbury的工厂之后推出全新的超级跑车KZ-1。
心力,心力,心理社会能力（简称心力）是有效地处理日常生活中的各种需要和挑战的能力，是个体保持良好的心理状态，并且在与已-己、人-己、人-人、人-事、人-物的相互关系中表现出适应和积极的行为能力。它由四个方面的内容组成：情绪管理能力、人际沟通能力、自我认知能力以及社会适应能力。而这四大核心能力中包括16条关键经验。
OPPO,OPPO,OPPO是更多年轻人选择的拍照手机品牌 。国产手机越来越受青睐，在中国，更多年轻人选择OPPO拍照手机。十年来，OPPO一直专注手机拍照的技术创新，开创了“手机自拍美颜”时代；全球超过2亿年轻人正在使用OPPO拍照手机。 据权威数据机构IDC统计，OPPO2016年已成为中国手机市场出货量第一品牌。 
莫耶,莫耶,莫耶，女，原名陈淑媛，笔名白冰、椰子、沙岛，1918年出生于福建省安溪县崇善里东溪乡（今安溪县金谷乡溪榜村），是一位老革命家、女作家。代表作品有《延安颂》。1986年5月7日因病在兰州军区解放军总医院逝世。
慕心,慕心,《慕心》是一部由作者文下有心所创作的玄幻小说。
康熙,爱新觉罗·玄烨,爱新觉罗·玄烨（1654年5月4日—1722年12月20日），即清圣祖（1661年—1722年在位），清朝第四位皇帝，清定都北京后第二位皇帝。年号康熙。蒙古人称他为恩赫阿木古朗汗或阿木古朗汗（蒙语“平和宁静”之意，为汉语“康熙”的意译）。西藏方面尊称为“文殊皇帝”。顺治帝第三子，母亲为孝康章皇后佟佳氏。康熙帝8岁登基，14岁亲政，在位62年，是中国历史上在位时间最长的皇帝。执政初期，国内国际形势非常严峻。面对严峻局势，他坚持大规模用兵，以实现国土完整和统一。康熙帝少年时就挫败了权臣鳌拜，完全夺回朝廷大权，开始真正亲政的阶段。成年后康熙帝坐镇北京取得了对三藩、沙俄的战争胜利；消灭在台湾的明郑政权；三征噶尔丹，并取得胜利；创立“多伦会盟”取代战争，联络蒙古各部；意图以条约确保清朝政府在黑龙江的领土控制。 在政治上加强中央集权；注意休养生息，发展经济，笼络汉族士人。但是康熙帝标榜仁政，到了晚年倦勤，出现吏治败坏的现象。另外，众位皇子因为废太子事件而争夺皇位，对康熙帝晚年政治产生了不良影响。康熙帝是统一的多民族国家的捍卫者，奠定了清朝兴盛的根基，开创出康乾盛世的大局面，有学者尊之为“千古一帝” ，康熙六十一年（1722年）农历十一月十三日崩于畅春园，终年68岁。庙号圣祖，谥号合天弘运文武睿哲恭俭宽裕孝敬诚信功德大成仁皇帝，葬于景陵。传位于第四子胤禛。
达恩,斯科特·达恩,斯科特·达恩，是一名英格兰足球运动员。
NS,任天堂Switch,NS，全名NINTENDOSWITCH，是任天堂游戏公司于2017年3月首发的旗舰产品，主机采用家用机掌机一体化设计。新机不锁区，支持1920*1080电视输出和1280*720掌上输出。港版NS于2017年3月3日发售，台版NS于12月1日发售。 这是前社长岩田聪最后一部参与开发的硬件产品，该产品将成为未来任天堂娱乐事业蓝图的中心。NS首秀获得强烈反响，预告片YouTube首日播放量超一千万回，一度登顶YouTube播放榜首，风头压过美国大选。 公开的NS游戏中，已超过60款游戏宣布将会支持中文。 《时代》评2017十大数码产品NS力压iPhoneX登顶 。NS自2017年3月上市以来，仅用9个月就卖出超过1400万台，超过WiiU1350万台的累积总销量。 截至2018年3月末，Switch全球累计销售1779万台、软件6897万份。 
齐勒,罗恩·罗伯特·齐勒,罗恩·罗伯特·齐勒（德语：Ron-RobertZieler，1989年2月12日－），是德国足球运动员，司职守门员，曾效力于德甲的汉诺威96足球俱乐部。北京时间2016年6月3日，英超冠军莱斯特城足球俱乐部官方宣布，球队正式签下汉诺威主力门将齐勒，蓝狐直接支付了350万欧元的解约金，双方签约4年。 2016年7月，齐勒回归德甲，加盟了斯图加特足球俱乐部。 
多灵,多灵,多灵专注于为客户提供家庭智能安防系统产品、解决方案和服务，为国家认证高新技术企业，是国内家庭安防领域领导者。
dorlink,多灵,多灵专注于为客户提供家庭智能安防系统产品、解决方案和服务，为国家认证高新技术企业，是国内家庭安防领域领导者。
天森,天森,天森服饰是中国驰名商标，中国知名无缝美体内衣，衬衫及保暖内衣系列品牌，天森服饰于2000年通过了ISO9001质量体系认证，并誉为”金华市著名商标”产品经国家针织产品质量检验中心”检验为优等品·天森服饰历经十余年风雨磨砺，在激烈的市场竞争中脱颖而出，现已成为蜚声海内外的知名服装品牌，远销欧洲、澳洲、日韩、东南亚等国家和地区，深受欢迎！浙江天森服饰有限公司创建于1998年，位于浙江省义乌市义北工业园区。是一家集开发，设计，生产，销售于一体的服装品牌企业以无缝美体内衣，衬衫及保暖内衣系列为主导产业的无区域集团。公司总投资5000多万元，是金华市大企业大集团之一。
豪臣,豪臣,豪臣是汉语词语，拼音háochén，意思是权势显赫的臣僚。
爱赏,爱赏,
蓝牡丹,蓝牡丹,蓝牡丹组合由孟庭苇和高宇蓁两人组成，两人在台湾拍摄民视《意难忘》公视《没有情人的情人节》获得了最佳民视奖。
学霸,学霸,擅长学习，分数很高的学生。又是专指在期末测试或者重大考试中，考前进行突击学习的人群。学习刻苦，无时无刻不在学习，并且能在众人都考砸的情况下轻松高分的人。能够承受常人无法忍受的痛苦和压力。原意：指凭借势力把持、垄断教育界或学术界的人或者是指学校的霸主。亦称学阀，为中性词。
缇诺,缇诺,缇诺的人物设定是ムラナコ，声优是青木纪子
SFA,SFA,SFA（销售能力自动化）是CRM客户关系管理系统的一个业务组件。SFA是在销售过程中，针对每一个客户、每一个职业领域、每一个销售机会、基于每一个人员行动的科学、量化的管理和分配；可以有效支持销售主管、销售人员对客户的管理、对销售机会的跟踪；能够有效销售规范、实现团队协同工作。SFA在欧美地区已有15多年的应用历史，是企业销售管理的基本工具之一。
壹品印象,壹品印象,壹品印象是一家粤菜餐馆，位于台江区苍霞路13号青年会广场3楼。
鑫诺伟天,鑫诺伟天,鑫诺伟天，是成都伟天家居用品有限公司的一个品牌，伟天家居用品有限公司是一家致力于个性化家居定制网络销售服务平台的专业公司。公司主要提供以家装基础的整体橱柜、整体衣柜衣帽间、整体书房书柜、整体鞋柜玄关柜、整体卫浴等整体家居产品的设计、生产、安装和售后，全方位打造个性化集成家居定制平台。公司聚集了一批具有多年行业经验的高级设计与管理人才，利用现代化网络销售平台，降低产品销售成本，让实惠真正体现在每一套产品中，打造家居行业全新销售模式，致力于品牌的成长与发展。公司95%以上的产品由工厂直接到客户手中，没有任何中间环节。公司以为顾客提供高品质的个性化集成家居生活为己任，以更优惠的价格得到更优质的产品，努力打造适合顾客个性化需求的家居生活方式。
三星,三星,三星集团是韩国最大的跨国企业集团，同时也是上市企业全球500强，三星集团包括众多的国际下属企业，旗下子公司有：三星电子、三星物产、三星航空、三星人寿保险等，业务涉及电子、金融、机械、化学等众多领域。三星集团成立于1938年，由李秉喆创办。三星集团是家族企业，李氏家族世袭，旗下各个三星产业均为家族产业，并由家族中的其他成员管理，集团领导人已传至李氏第三代，李健熙为现任集团会长，其子李在镕任三星电子副会长。2016年5月25日，华为公司在美国和中国提起对三星公司的知识产权诉讼，包括加州北区法院和深圳中级人民法院。7月21日，三星在北京知识产权法院起诉华为技术有限公司专利侵权，停止生产、销售mate8等机型，索赔8050万 。9月6日，据道琼斯消息，在已出货或到达消费者手中的约250万部Note7手机中，有70%电池为由子公司：三星SDI（SAMSUNGSDICO.LTD.）供应，剩下的部分则采用了中国新能源科技有限公司（ATL）的电池 。10月，三星集团排2016年全球100大最有价值品牌第7名。 10月，三星电子在召回GalaxyNote7手机后又宣布停止销售该手机，几乎宣布了这款旗舰手机的“死刑”，此举或令三星损失170亿美元 。12月9日，三星准备在美国升级软件，永久禁用GalaxyNote7手机。 2016年11月4日晚间消息，三星电子美国公司宣布，将主动召回280万台特定型号的顶部开盖洗衣机。 
SAMSUNG,三星集团,三星集团是韩国最大的企业集团，包括85个下属公司及若干其他法人机构，在近70个国家和地区建立了近300个法人及办事处，员工总数20余万人，业务涉及电子、金融、机械、化学等众多领域。
甘斯,甘斯,美国著名的社会学家，提出许多重要观点。
龙润,龙润,龙润，是汉语词汇，出自《清异录·龙润》，解释为雨的别称。
R,卢卡尔·伯恩斯坦,卢卡尔·伯恩斯坦（ルガール・バーンシュタイン，RugalBernstein）、也有翻译为怒加·班舒泰恩（RugāruBānshutain）。他是SNK（现SNKP）旗下格斗型对战游戏《TheKingOfKighters》中登场的虚构人物，通常作为BOSS出场，部分作品中可操作。卢卡尔最初是基于【最强最凶悍的Boss】这个概念创造的角色。他的战斗风格偏向力量型，作为KOF系列第一作的BOSS（94）首次登场。他的苗字（姓）是英语和德语混合发音而来的。英语统一为【バーンスタイン】，舞台发音为【ベルンシュタイン】。
安凰,安凰,
洲际,洲际,洲际是一个汉语词语，拼音是zhouji，意思是岸边。
冰尊,冰尊,冰尊(BENSHION)净水器是世界净水器的发明者和领导者，被誉为“世界净水至尊”，是全世界公认最顶级的净水器，一直是皇家贵族和高端人士的专属生活必用品，冰尊净水器所推出的每一款产品均代表着行业的权威，是“高端、大气、上档次”的代名词。冰尊净水器一直被模仿，却从未被超越! 1998年，冰尊入选《德国金融时报》评选的“世界净水器十大品牌”。2003年，冰尊入选《纽约邮报》评选的“世界净水器十大品牌”。2005年，冰尊水务集团入选德国名企500强。2014年2月，由世界卫生组织，世贸组织、欧盟净水协会共同举行评选的《2014年世界十大净水器排名》中，冰尊再次获得“世界净水至尊”称号！到2013年止，冰尊水务集团已参与183项德国、欧盟与国际净水标准的制定，拥有465项净水专利，并在世界各地共建立53个净水科学研究室，其中有多个研究室与海德堡大学、剑桥大学、耶鲁大学等世界知名大学建立学术研究关系。 
休谟,大卫·休谟,大卫·休谟（DavidHume，公元1711年4月26日—公元1776年8月25日），苏格兰不可知论哲学家、经济学家、历史学家，被视为是苏格兰启蒙运动以及西方哲学历史中最重要的人物之一。虽然现代学者对于休谟的著作研究仅聚焦于其哲学思想上，但是他最先是以历史学家的身份成名，他所著的《英格兰史》一书在当时成为英格兰历史学界的基础著作长达60至70年。历史学家们一般将休谟的哲学归类为彻底的怀疑主义，但一些人主张自然主义也是休谟的中心思想之一。研究休谟的学者经常将其分为那些强调怀疑成分的（例如逻辑实证主义），以及那些强调自然主义成分的人。休谟的哲学受到经验主义者约翰·洛克和乔治·贝克莱的深刻影响，也受到一些法国作家的影响，他也吸收了各种英格兰知识分子如艾萨克·牛顿、法兰西斯·哈奇森、亚当·斯密等人的理论。
陶谷,陶谷,陶谷（903年－970年），本姓唐，字秀实，邠州新平（今陕西彬县）人，北宋大臣。陶谷早年历仕后晋、后汉、后周，曾先后担任单州判官、著作佐郎、监察御史、知制诰、仓部郎中、中书舍人、给事中、户部侍郎、兵部侍郎、吏部侍郎、翰林学士承旨等官职。北宋建立后，陶谷出任礼部尚书，后又历任刑部尚书、户部尚书。开宝三年（970年）病逝，追赠右仆射。
DWZ,dwz,DWZ富客户端框架(jQueryRIAframework)，是中国人自己开发的基于jQuery实现的AjaxRIA开源框架。DWZ富客户端框架设计目标是简单实用、扩展方便、快速开发、RIA思路、轻量级。
无,无,无，日本动漫《火影忍者》中的人物。土之国岩隐村的第二代土影，以阴谋和政治而闻名的“智将”，拥有超越于血继限界的血继淘汰——尘遁，并将其传授给徒弟第三代土影大野木，生前与二代水影同归于尽。死后被药师兜秽土转生，被迫参加第四次忍界大战，最终宇智波鼬解开了秽土转生，灵魂升天。
博蒙,博蒙,博蒙是法国勃艮第大区约讷省的一个市镇，属于奥克塞尔区塞格莱县。
DFI,DFI,德国汉堡DFI学院，是一所培养国际性复合型传媒设计人材的高等专业学院。学院下设广告与平面设计、动态影像设计、交互媒体设计、品牌设计等专业方向，多年来，DFI学院以其卓越的教学水平、先进的教学理念和丰富的国际办学经验确立了其行业中的领先地位，为全世界培养了逾千名优秀的广告与设计人才，成为欧洲传媒设计领域的名校，德国著名广告人MichaelHoinkes、设计师NikoTziopanos等都毕业于该校。
禾场,禾场,禾场（hécháng），是一个汉语词汇，意思是指脱粒和扬晒庄稼的场地。
科曼达,科曼达,科曼达（KOMANDI）是浙江砂普精密机械有限公司生产的钣金加工设备品牌。
格非,刘勇,刘勇，男，笔名“格非”，生于1964年，江苏镇江丹徒人。1981年考入上海华东师范大学中文系，毕业后留校任教，先锋文学代表作家之一 。2000年获文学博士学位，并于同年调入清华大学中文系。现为中国作家协会会员、清华大学中文系教授。著有《格非文集》、《欲望的旗帜》、《塞壬的歌声》、《小说叙事面面观》、《小说讲稿》等。他的中篇小说《褐色鸟群》曾被视为当代中国最玄奥的一篇小说，是人们谈论“先锋文学”时必提的作品。
小松树,小松树,小松树原是电影《雷锋》里的插曲，将小松树和儿童进行类比，小松树需要阳光雨露的滋养才能长大，毛泽东思想哺育们，快快长大。歌曲具有鲜明的时代特点。
臣枫,臣枫,臣枫，服装品牌，法国的服装王国，曾为上流社会的贵族女性量身制造世界上最奢华矜贵的时装，并创下一段光辉历史，臣枫继承了法国高级女装的传统始终保持着高级华丽的设计路线做工精细迎合上流社会成熟女性的审美品味象征着法国时装文化的最高精神也奠定了臣枫在巴黎时装界的极高地位。
雅美姬,雅美姬,雅美姬是医疗美容机构，24小时开放，医院院训美丽就是竞争力。
航天晨光,航天晨光,航天晨光股份有限公司于1999年9月30日成立，并于2001年6月15日在上海证券交易所上市。公司注册资本为29970.3万元，股票简称“航天晨光”，股票代码为“600501”。
太阳海,太阳海,太阳海项目位于旅顺口区革新街57-97号（太阳沟五十六中学后），项目占地面积74169平米，总建面积为89003平米，容积率1.20%，绿化率35%，可容纳总户数842户。规划有12栋10-24层低密度小高层和高层住宅。面积区间为50.67-143.59平米。
fairyland,fairyland,《fairyland》（梦游仙境）是日本歌手滨崎步第36张单曲，2005年08月03日于日本发售。
悦康,悦康,悦康，读音为yuèkāng，汉语词语，指安乐。出自《至广陵于马上作》。
沃尔玛,沃尔玛百货有限公司,沃尔玛百货有限公司，即沃尔玛公司（WalMartInc.）（NYSE：WMT），是一家美国的世界性连锁企业，以营业额计算为全球最大的公司，其控股人为沃尔顿家族。总部位于美国阿肯色州的本顿维尔。沃尔玛主要涉足零售业，是世界上雇员最多的企业，连续4年在美国《财富》杂志世界500强企业中居首位。沃尔玛公司有8500家门店，分布于全球15个国家。沃尔玛在美国50个州和波多黎各运营。沃尔玛主要有沃尔玛购物广场、山姆会员店、沃尔玛商店、沃尔玛社区店等四种营业方式。2013年11月25日，任命国际业务部主管董明伦（DougMcMillon）接任杜克（MikeDuke）为沃尔玛总裁兼首席执行官，该任命从2014年2月1日起正式生效。 2014年12月11日，海外媒体称沃尔玛将关闭约30%的中国门店。沃尔玛12月2日对中国区管理层以重组进行了裁员。 2014年12月沃尔玛非常重视对其公司不当行为的指控。 2016年6月29日，沃尔玛表示将向美国所有消费者开放两日达免费送货服务，这是沃尔玛在这一服务上的再一次拓展。 北京时间2016年7月20日晚与全球同步发布了最新的《财富》世界500强排行榜 。2017年6月7日发布的2017年《财富》美国500强排行榜，沃尔玛连续第五年蝉联榜首。2017年7月20日发布的《财富》世界500强排行榜，沃尔玛连续四年排名第一位。 
瑞尼斯,瑞尼斯,瑞尼斯RENST卫浴始创于2000年座落于驰名中外的“中国水暖卫浴产业基地”——广东省开平市水口镇。经过10余年的兢兢业业与努力拼博瑞尼斯已发展成为一家集设计、制造、加工、成品、销售、完善的售后服务体系于一身的多元化企业。并且于2008年正式进军电子商务。
帝鸿,黄帝,黄帝（公元前2717年-公元前2599年）：古华夏部落联盟首领，中国远古时代华夏民族的共主。五帝之首 。被尊为中华“人文初祖”。据说他是少典与附宝之子，本姓公孙，后改姬姓，故称姬轩辕。居轩辕之丘，号轩辕氏，建都于有熊 ，亦称有熊氏。也有人称之为“帝鸿氏”。 史载黄帝因有土德之瑞，故号黄帝。黄帝以统一华夏部落与征服东夷、九黎族而统一中华的伟绩载入史册。黄帝在位期间，播百谷草木，大力发展生产，始制衣冠、建舟车、制音律、创医学等。 
DI HONG,DI HONG,帝鸿（DIHONG），品牌名字错误，是来自瑞典的手表品牌，位于瑞典东南部城市乌普萨拉（Uppsala）。多彩的尼龙表带，轻薄的表身、干净的表盘塑造了DH腕表百搭的书卷味的气质。在国外，它被称作是全球最热的腕表品牌，在Facebook和Twitter上都有粉丝群。
特洁尔,特洁尔,特洁尔是一家以研发设计、规模生产、全球化营销为一体的高品质智能化卫浴企业。以构建世界家庭卫浴生活新概念，为全球人民提供健康、舒适、精致的卫浴生活为己任，立志成为世界智能卫浴产品的先行者。其核心高科技产品--全系列、多品种特洁尔智能马桶，以英伦的典雅为设计元素，德意志的精湛技术为蓝本，法兰西的前卫时尚为市场导向，正在引领着全球家庭和高档场所卫浴消费新潮流。
法耐,法耐,全球化时代，环保理念越来越被世界各国所关注，公司以其时代化的发展眼光，推出了主导产品——法耐“绿色”服饰，其面料采用天然植物纤维，做到了自然与科技的完美结合。
FANAI,FANAI,FANAI（法耐）是意大利法耐国际鞋服有限公司，成立于2012年1月4号，创始人zhouyongcan是一位固特异制鞋艺术家。
巧爱,巧爱,
LEP,LEp,LEP（LightEmittingPlasma）是由美国LUXIM公司推出新一代等离子光源，它不同于传统的金卤灯、高压钠灯、无极灯，也不同于LED光源，完全是新一代的发光原理，光效综合利用效率可达99%。
梦驰,梦驰,
Metoo,Metoo,“Metoo”是深圳市汇森玩具有限公司创立的毛绒玩具咪兔自主品牌。
玛丽,布鲁·玛丽,布鲁·玛丽（ブルー・マリー）是SNKPLAYMORE旗下对战型格斗游戏《饿狼传说》、《TheKingOfFighters》（拳皇）系列中登场的虚构人物。角色原型通常被认为是龙珠中的人造人18号，声优为生驹治美。
MARIE,marie,Marie是出自于迪士尼的第20部经典动画电影，《猫儿历险记》，TheAristocats。这部电影在1970年圣诞节前夕首度在美国剧院推出上映。本片的故事发生在法国巴黎，一位贵妇人与她养的猫儿们住在豪宅。她总共有四只贵族猫，分别是猫妈妈杜翠丝，以及她的三只小猫：柏里欧、杜洛斯以及玛丽。贵妇决定把所有的遗产都优先留给她养的猫儿们，没想到管家艾吉偷听到她和律师的对话，便心怀不轨决定要除掉猫儿们，让自己有机会分得贵妇的财产。管家艾吉便在某夜偷偷把猫儿们载到乡下丢弃，杜翠丝和三只小猫儿于是流落在巴黎近郊的荒野。还好她们遇上一只名叫欧马的野猫，他和他的一堆野猫朋友们，共同帮助贵族猫们重返家园，粉碎管家艾吉不轨的阴谋，而且野猫欧马和猫妈妈杜翠丝日久相处之下也产生一段恋情，最后自然也有十分圆满的结果。
凡马,凡马,凡马，即指普通的马。
蒙蒂略,瓦拉特·达米安·蒙蒂略,瓦拉特·达米安·蒙蒂略（WalterDamianMontillo），1984年4月14日出生于阿根廷拉努斯，阿根廷足球运动员，司职攻击型中场。2014年1月29日，山东鲁能泰山俱乐部官网宣布蒙蒂略正式加盟球队。 北京时间2016年12月22日晚巴甲博塔弗戈足球俱乐部官方宣布，32岁的前山东鲁能外援蒙蒂略加盟球队。 北京时间2016年12月23日上午，山东鲁能俱乐部官方宣布蒙蒂略离队。蒙蒂略效力山东鲁能泰山期间共计出场次数96次，时间6797分钟，进球21个。与球队一起夺得2014足协杯冠军、2015超级杯冠军。 2017年6月29日，瓦拉特·达米安·蒙蒂略因伤宣布退役。 11月11日，蒙蒂略宣布将在2018年1月复出。 
荣江,荣江,荣江，现任东海县实验中学校长、党总支书记，男，中共党员、中学高级教师，1964年8月生于江苏东海。
五福星,五福星,五福星是嘉禾电影公司为了对抗最佳拍档电影系列而拍摄的。五福星系列以它强烈的香港本土喜剧元素，和超豪华的明星阵容，华丽的电影制作，让它在之后的几年和最佳拍档系列一直霸占的电影票房的前列位置；包括《奇谋妙计五福星》《福星高照》《夏日福星》《最佳福星》《福星闯江湖》《五福星撞鬼》《运财五福星》等诸多耳熟能详的系列电影。
岱岳,岱岳,岱岳是泰山的别称。
HOFFNUNG,Hoffnung,德国哥特摇滚组合以泪洗面（Lacrimosa）第十二章录音室专辑，于2015年11月6日发布
莱卡,莱卡,Logo寓意为：我爱水。LAICA秉承意大利先进工艺为人们提供最好的饮用水。1974年，LAICA成立于意大利，产品线由滤水壶、体脂秤、体重计、料理秤、婴儿秤、塑身美容与医疗用品等品项组成；LAICA为欧洲第一之电子秤品牌；并于1995开始研发的家用滤水壶产品，意大利LAICA拥有36年制造经验，曾为多个其他欧洲品牌代工，LAICA是意大利最大同时也是欧洲市场成长率最快的品牌。意大利LAICA可称为全方位的健康精品领导品牌。意大利LAICAS.p.A.成立于1974年，莱卡品牌产品得到了全球知名的权威认证机构，如：欧洲LGA食品级认证、欧洲LGA卫生标准认证、欧洲LGA品质标准认证、德国TUV食品级认证等的认证，在竞争激烈的净水壶品牌中拔得头筹，成为国际净水壶品牌的标志性企业。 
浪淘沙,浪淘沙,浪淘沙，词牌名，原为唐教坊曲。刘禹锡、白居易并作七言绝句体，五代时始流行长短句双调小令，又名《卖花声》。28字，前后片各四平韵，多作激越凄壮之音。《乐章集》名《浪淘沙令》。入“歇指调”，前后片首句各少一字。复就本宫调演为长调慢曲，共一百三十四字，分三段，第一、二段各四仄韵，第三段两仄韵，定用入声韵（唐宋人词，凡同一曲调，原用平声韵者，如改仄韵，例用入声，原用入声韵者，亦改作平韵）。《清真集》入“商调”，韵味转密，句豆亦与《乐章集》多有不同，共一百三十三字，第一段六仄韵，第二、三段各五仄韵，并叶入声韵。 
LIWU,liwu,《liwu》是一款壁纸美化类软件，运行环境支持Android2.1。
奥克斯,奥克斯,奥克斯是奥克斯集团有限公司旗下品牌，是于2002年5月份投资10亿元成立的全资子公司，
AUX,AUX,
静距离,静距离,《静距离》，是一档电视综艺节目。《静距离》的最后一期，你有什么想对李静说的，让我们以最独特的方式告别《静距离》。现在又有非常静距离来代替当年的静距离。
DeeMo,deemo,《Deemo》是由RayarkInc.发行的一款音乐手机游戏，于2013年11月13日发行。该游戏已于2016年6月24日登录至PlayStation®VITA平台，新增加了过场动画，后日谈以及诸多新要素。NintendoSwitch《DEEMO》的上架日期为2017年9月21日。 并于2018年2月15日更新至v1.1（没有联动曲包，曲目等同于v3.1，增加按键模式）。4月25日更新到v1.2（CollaborationCollection（联动曲包）&M2UXNicodecollectionVOL.2&Icecollection，等同于v3.2减去上面三个曲包），共255首曲目。该游戏与公司于2012年发行的《Cytus》不同的是，《Deemo》是一款不折不扣的钢琴节奏作品，同时还辅以了相当精致的剧情铺垫：小黑人（Deemo）与天降少女（Alice）的意外邂逅，敲响了指尖下的琴弦之音，推开了童话旅程的序幕。
亚细亚,亚洲,亚洲（字源古希腊语：Ασία；拉丁语：Asia），曾译作“亚细亚洲”和“亚西亚洲”，是七大洲中面积最大，人口最多的一个洲。其覆盖地球总面积的8.7%（或言总陆地面积的29.4%）。人口总数约为40亿，占世界总人口的约60.5%（2010年）。亚洲绝大部分地区位于北半球和东半球。亚洲与非洲的分界线为苏伊士运河。苏伊士运河以东为亚洲。亚洲与欧洲的分界线为乌拉尔山脉、乌拉尔河、里海、大高加索山脉、土耳其海峡和黑海。乌拉尔山脉以东及大高加索山脉、里海和黑海以南为亚洲。大陆东至白令海峡的杰日尼奥夫角（169°39′7″W，66°4′45″N），南至丹绒比亚（103°31′E，1°16′N），西至巴巴角（26°3′E，39°27′N），北至切柳斯金角（104°18′E，77°43′N），最高峰为珠穆朗玛峰。跨越经纬度十分广，东西时差达11～13小时。西部与欧洲相连，形成地球上最大的陆块欧亚大陆。亚洲是世界三大宗教佛教、伊斯兰教、基督教的发源地。
皇帝尼,皇帝尼,
SUNDYLEE,SUNDYLEE,SUNDYLEE，中文译为“圣帝尼”，是深圳市圣帝尼环保科技有限公司的英文品牌名称。
多朋,多朋,“多朋”是北京迅联互通科技有限公司推出的一款基于LBS地理位置的移动社交产品。
IK,IK,IK准适用于额定电压不超过72.5kV的电器设备外壳对外界机械碰撞的防护分级，仅适用于对外界机械碰撞防护分级有专门要求的外壳。
纳斯尔丁,纳斯尔丁,新疆画院院长，国家一级美术师克里木·纳斯尔丁先生是新疆维吾尔族土生土长的写实主义艺术家，在中国美术界堪称久负盛名，是新疆画坛的领军人物。
唐科,唐科,唐科，男，汉族，1965年9月出生，广西全州人，1990年9月加入中国民盟，1986年7月参加工作，本科学历，现任桂中治旱乐滩水库引水灌区建设管理局总工程师。
清源,张清源,张清源（清源），资深影视制片人，音乐制作人，中国云南彝族男歌手。2005年至11年先后发表三张唱片《非80后》、《哈一哟》、《放开你的痛》。现任烽云传媒CEO，曾担任大电影《光辉岁月》制片人，出品何炅2015年大电影《栀子花开》。
UEE,金宥真,金宥真（U-IE），1988年4月9日出生于大邱广域市，韩国女歌手、演员、主持人、模特，毕业于成均馆大学。2009年，以二期成员身份加入女子组合AFTERSCHOOL出道并发行数位单曲《Diva》，出演的SBS水木剧《原来是美男啊》 。2010年组合发行第三张单曲《Bang!》。2011年，凭借电视剧《鹊桥兄弟们》获得KBS最佳新人演技奖 。2012年初搭档李章宇主持KBS《音乐银行》 。2013年，参演MBC周末剧《黄金彩虹》，饰演乐观直率的“金百元”，凭借该作品夺得2013年MBC演技大赏特别部门女子优秀演技奖 。2015年主演《浩九的爱情》 。2016年，主演《结婚契约》 、《不夜城》 ，凭借《结婚契约》获得MBC演技大赏特别企划部门女子最优秀演技奖 。2017年，与原经纪公司合约到期，正式从AFTERSCHOOL毕业，与YULEUM签订专属合约 ，同年，主演爱情喜剧《manhole》 。2018年，主演爱情喜剧《入赘丈夫吴作斗》 。
金座,金座,江户幕府直辖的金币铸造发行所。位于江户常盘桥门外（今之日本银行所在）。属勘定奉行支配，其长官曰“御金改役”，由后藤四郎兵卫家世袭。
KOB,苏婉浓·孔迎,SuvanantKongying，昵称Kob，出生于1978年7月22日。泰国演员、主持人，是泰国人心中的玉女。Kob为泰国7台原三大台柱之一。1994年出演的《晨之星》是泰国史上最高收视排行榜第2名，而1997年出演的《花样木兰》居该排行榜第5。2009年荣登泰国谷歌搜索热门女明星第一。同年和男友结婚，丈夫为政界名人DanupornPoonakan（Brook），2011年诞下一女儿，2014年儿子出生。《家族禁爱》是Kob淡出演艺圈的最后一部剧。2016年复出，与索纳拉姆·泰匹塔克合作《浪淘沙》。 
方威,方威,方威，1973年出生，辽宁沈阳人， 辽宁省第十届人民代表大会代表、辽宁省人民检察院检察监督员、辽宁省教育基金会理事会理事，辽宁省“五一”劳动奖章获得者、辽宁省优秀民营企业家、辽宁省“抗洪救灾先进工作者”、抚顺市“杰出民营企业家”、抚顺市“明星民营企业家”。曾贿选为第十二届全国人民代表大会代表（辽宁代表团）。2016年胡润百富榜，方威以300亿财富排名第53位。 
DIMA,Dima,歌手：Zaho语言：英语所属专辑：Dima（EditionSpciale）发行时间：2008-12-01 
mind,mind,词义辨析care，mind这两个动词均有“介意，在乎”之意。care指对某事感到关切、操心或忧虑，主要用于否定句或疑问句。mind通常用于否定句、疑问句或条件句中。也可用在答复询问的肯定句中。指因某事打扰、感到不满而表示反对。
唐岛,唐岛,唐岛，又名陈家岛，在今青岛市灵山卫附近唐岛湾之中。唐岛很小，只有0．07平方千米，但是它十分有名，相传唐朝时候唐太宗亲自率领水师东征，曾在这个岛上，所以叫唐岛。后来金朝进攻宋朝，宋朝节节败退，直退到长江以南，首都也由北方的开封迁到南方的临安（今杭州），金朝占据着北方包括今天的青岛一带，金兵与南宋作战多年，但是难以攻破长江一带，于是金朝计划由海上派一支大军南下，从钱塘江直接攻击南宋首都临安。
浪道,浪道,
xp,Windows XP,WindowsXP是Microsoft在2001年10月25日推出的基于X86、X64架构的PC和平板电脑使用的操作系统，包括商用及家用的台式电脑等，大小为575MB~1GB。其名字“XP”的意思是英文中的“体验（Experience）”，是继Windows2000及WindowsME之后的下一代Windows操作系统，也是微软首个面向消费者且使用WindowsNT5.1架构的操作系统。
晨微,晨微,《晨微》是槿辰创作的网络小说，发表于晋江文学网。
首府,首府,首府，古称“首邑”，在中国行政区划概念中，“首府”通常特指我国少数民族自治地区的政治、经济、文化、教育中心。在我国行政区划概念中，“首府”特指民族自治地方的行政中心，我国自治区和自治州的行政中心都称作首府，例如，自治区中的内蒙古自治区的呼和浩特市、宁夏回族自治区的银川市、新疆维吾尔自治区的乌鲁木齐市等，以及自治州中的恩施土家族苗族自治州恩施市等。“首”作为形容词包含有“首要的”、“重要”的含义，就“府”的涵义而言，含有驻地的意思。在境外语言环境中（如欧系语言），首府通常翻译为“Capital”，例如在美国，“首府”常指联邦成员政府所在地（美国各州的首府）。
易居,易居,“易居”（Easyhouse）智能家居隶属晴天科技实业有限公司旗下“易居Easyhouse”智能家居理念。易居智能家居（香港）专门服务于智能家居市场，为用户提供更方便、更安全、更舒适的智能化居住环境（“Easyhouse”易化你的生活居于荣耀地位）。
巨制,巨制,巨制是一个汉语词汇，拼音为jùzhì，基本意思是指伟大的作品，规模比较大的作品。
心晴,心晴,心晴平台是由广州市博顺计算机科技有限公司基于成熟的云计算技术、移动互联网技术以及运营商通信技术，为用户提供一站式心理健康全程服务，建立心理健康服务O2O平台，打造国内心理健康第一道防线。
KODA,KODA,(KODA)KnockOutDiscountAccumulatorKODA的全称是KnockOutDiscountAccumulator，也被称为Accumulator，国内翻译为累计期权。(这是错误的，实际上它的名字应该叫作“股票（或其它）挂钩累计期货掉期合约”，这是因为如果是期权，则购买者有权不行使。）这是一种极其复杂的金融衍生产品，它可以和外汇、股票、石油期货等挂钩，通常合约的期限为一年。
明庭,明庭,明庭是一个汉语词汇，基本意思是古代帝王祭祀神灵之地；圣明的朝廷。
金龟子,金龟子,金龟子属无脊椎动物，昆虫纲，鞘翅目，是国内外公认的难防治的土栖性害虫。除危害梨、桃、李、葡萄、苹果、柑橘等果树外，还危害柳、桑、樟、女贞等林木。常见的有铜绿金龟子、朝鲜黑金龟子、茶色金龟子、暗黑金龟子等。金龟子是金龟子科昆虫的总称，全世界已记载有3万余种北美大约有1200种我国目前已记录约1800种。这类害虫种类多、分布广、食性杂、生活隐蔽、适应性强、生活史长短不一很难防治，可以在除了南极洲以外的大陆发现。不同的种类生活于不同的环境，如沙漠、农地、森林和草地等。 
迪岛,迪岛,
乔伊,乔伊的奋斗,《乔伊的奋斗》是由美国二十世纪福斯电影公司发行，由大卫·O·拉塞尔执导，詹妮弗·劳伦斯、罗伯特·德尼罗、布莱德利·库珀、埃德加·拉米雷兹领衔主演的传记剧情片。影片的故事改编自真人真事，讲述了家庭主妇乔伊·曼加诺凭借发明的魔术拖把而白手起家的故事。影片于2015年12月25日在美国上映 。
BW,BW,BW，口袋妖怪游戏《口袋妖怪黑白》（pokemonBlackWhite)的缩写，也是其改编动画（pocketmonsterBestWishes）的英文缩写，口袋妖怪黑白（口袋妖怪BW），是由任天堂于2010年秋季发行的两款NDS掌机游戏，是口袋妖怪的第五世代正统续作，新作以脱胎换骨的革新性内容引人瞩目，包括游戏内容以及全部精灵以及游戏性都得到了极大的提升。2011年4月26日，任天堂第一季度财务报告，《口袋妖怪黑·白》全世界销量达到1151万套。
快乐鱼,快乐鱼,快乐鱼是香港快乐鱼有限公司的简称。香港快乐鱼有限公司成立于2007年，是一家专业服务客户、率先为客户提供个性化影像制品的文化传播公司。
柏一,柏一,柏一是马来西亚华文文坛出版长篇小说最多的作家，另署名泊依。她出生于马来西亚霹雳州怡保，祖籍广东鹤山。柏一专著15种长中短篇小说与散文集，其中5种在中国河北及台湾出版。柏一长篇小说《画城倾情》拍摄版权售予中国影视公司；《北赤缘》由中国编剧改编电影剧本。她曾获国内外文学奖约30项，包括大马优秀作家一等奖、花踪散文首奖、全国长篇小说、亚洲周刊全球短篇小说、亚细安微型小说优胜奖等。柏一也在大马及中国各报章刊物长期撰写专栏及小说，曾先后担任报社商业主编、总编辑等职务，为大马华文作家协会多届理事与副秘书长，任职马来西亚房地产建筑发展集团企业文化经理。
文燕,刘文燕,刘文燕，女，1968年12月8日出生，河北人，北京电视台节目主持人，主持公益栏目《真情互动》（更名为《真情》）栏目。该节目每集介绍一个弱势人物，呼吁社会给弱势群体关怀。文燕也因此工作被评为“慈善之星”、“北京市扶危助残先进个人”、“北京市残奥会无障碍形象大使”等，并获得“全国百佳电视艺术工作者”、“北京市十佳电视艺术工作者”“金话筒”等多项称号。
格莱达,格莱达,格莱达，全球厨房食物垃圾处理及水净化行业的领导者，我们致力于人类居住环境的改善事业，孜孜不倦。自1927年世界上第一台有机垃圾处理机在美国发明以来，人们一直试图将这项科技应用于实践，以造福人类。1934年，GladoreTM创始人之一BradCancelosi先生创造性地发明了厨房垃圾处理机，并将这种理念结合到人类环境保护的研究中去。自此，GladoreTM（格莱达）给予传统厨房一个全新的诠释并成功成为厨房垃圾处理机的代名词。
GLADORE,gladore,格莱达，全球厨房食物垃圾处理及水净化行业的领导者，我们致力于人类居住环境的改善事业，孜孜不倦。
杰美,杰美,
红田,红田,红田（fieldredstone）主要产于上坂和中坂的红色田坑石。
悦享,悦享,“悦享”由时尚星光（北京）传媒股份有限公司出品，一款“时尚生活方式短视频日报+一健式购买T2O应用”
优爵,优爵,优爵，ULTRA-PETCOMPLETE，美国宠物食品专注品牌。美国斯米尔宠物食品公司旗下的天然健康之宠物食品品牌，始创于1994年。
Constant,constant,constant是一个英语单词，可以用作形容词和名词，可以翻译为不断的、持续的，等等。
华多,华多,让-安东尼·华多 (Jean-AntoineWatteau，1684—1721)是法国18世纪洛可可时期最重要的也最有影响力的一位画家。他画了大量带有喜剧色彩的作品，而且还发明了一种浓郁的富有哲理的爱，而且都有背景相衬托。1684年10月10日生于法比交界原属佛兰德斯的瓦朗谢讷，是一个烧砖瓦窑为生的农村手工业者的儿子。他于1702年到巴黎，最初在画店里当学徒，为趣味不高的雇主临摹一些销路旺盛的意大利、荷兰的古典作品。后来，在舞台美术家吉洛(ClaudeGillot，1673—1722)的工作室当助手，这使他对戏剧发生了浓厚的兴趣。
浅酌,浅酌,浅酌是一个汉语词汇，拼音qiǎnzhuó，意思是浅斟，浅饮。
泉途,泉途,泉途，是一个汉语词汇，拼音为quántú，亦作“泉涂”。泉下；地下。指阴间。
CB,CB,CodeBlocks是一个c++的集成编译环境，也是是ACM/ICPC竞赛（大学生程序设计竞赛）的c/c++推荐编译器。
高第,安东尼奥·高迪,安东尼奥·高迪，西班牙建筑师，塑性建筑流派的代表人物，属于现代主义建筑风格。设计过很多作品，主要有古埃尔公园、米拉公寓、巴特罗公寓、圣家族教堂等。高迪一生的作品中，有17项被西班牙列为国家级文物，7项被联合国科教文组织列为世界文化遗产。 
欧巴德,欧巴德,
Aubade,Aubade,Aubade是隶属于1958年创立的法国欧巴德内衣公司，意为晨曲，是一个以诱惑为关键词、歌颂并帮助女性施展魅力、在世界上享有极高知名度的奢华内衣品牌，是法国高贵、优雅的象征。
莉莉丝,莉莉丝,莉莉丝（Lilith；希伯来语：לִּילִית‎，Lîlîṯ），原先是美索不达米亚神话的人物。在犹太教的拉比文学中，她被指认是《旧约》的人类祖先亚当的第一任妻子，由神在同一时间用同样的泥土创造了她与亚当，因不满亚当而离开伊甸园，后来成为诱惑人类和扼杀婴儿的恶魔。 10世纪成书的圣经外典《本司拉的知识》中记载，莉莉丝，Lilith，也作Lilit，名字来自希伯来文“Lailah”，意思是“夜”。在欧洲民间传说，她的女儿们都是恶魔，被称之为莉莉（Lilin）或莉莉姆（Lilim），是代表淫欲的梦魇女妖（Succubus），多在夜晚出没，常常进入人类的梦境诱惑他们并使之梦遗。有时，莉莉丝会和她们一起行动。 
厨先生,厨先生,厨先生，台湾土著焖涮锅，初始于台湾，传承于香港。厨先生水晶锅创始于1988年，传承浓厚的台湾饮食文化。
MR.CHU,Mr.Chu,《Mr.Chu》是韩国Apink组合迷你四辑《PinkBlossom》的主打曲目，由SEION作词，二段横踢作曲，发行于2014年3月31日。该曲有两个版本，Mr.Chu(OnStage)和Mr.Chu。此曲获得2014年4月9日ShowChampion冠军2014年11月16日，SBS人气歌谣最小MC金裕贞翻唱此歌作为自己的MC申告式。2014年11月23日，Apink做客人气歌谣。郑恩地赞赏金裕贞，并说金裕贞很可能可以很好的和Apink合作。作为下一个洪瑜暻。2015年2月18日，Apink在日本发行《Mr.Chu(OnStage)》日文版。
KABEI,Kabei,Kabei（母亲Kabei），日剧名，是由导演山田洋次执导，吉永小百合、浅野忠信、坛玲、东三津五郎、志田未来主演的影视作品。于2008年上映。
幸福鱼,幸福鱼,《幸福鱼》，作词李文奎，作曲李文奎，编曲薛云贻。
金点原子,金点原子,金点原子是中山市金点原子制锁有限公司的简称，该公司位于广东省中山市小榄镇，是一家专业生产摩托车锁、自行车锁、防盗门锁、汽车锁及各种挂锁系列的企业。金点原子产品广泛应用于交通、家庭、商厦等方面，具有良好的防盗性。
新九州,新九州,新九州 是以国内第一奇幻架空世界九州为基础，拥有全新历史线和时间线的东方奇幻架空世界体系。新九州基于“九州”奇幻世界的基础设定进行了优化，着重于向外远航，开拓更大的疆域，形成一个崭新的九州世界。新九州将开启一个百舸争流、激扬海域的时代，一个九州大陆各族扬帆出海、乘风破浪的时代，发生多系列或铁血王权或奇遇探险或平凡英雄的故事。
安之星,安之星,安之星为深圳市安吉尔实业有限公司旗下净水器品牌，公司产品分为八大系列，分别是：迷你星系列-龙头净水器、厨卫星系列-超滤净水器、净屋星系列-前置阻垢器、启明星系列-橱下纯水机、智慧星系列-壁挂纯水机、海王星系列-商务纯水机、天王星系列-直饮机、文曲星系列-管线机。 
穆迪,穆迪公司,穆迪公司（Moody's）成立于1900年，由JohnMoody创立，位于美国纽约曼哈顿，该公司是著名的债券评级机构。穆迪投资服务公司最初是邓白氏（Dun&Bradstreet）的子公司，2001年邓白氏公司和穆迪公司两家公司分拆，成为独立上市公司。穆迪公司的创始人是约翰·穆迪，在1909年首创对铁路债券进行信用评级。1913年，穆迪开始对公用事业和工业债券进行信用评级。目前，穆迪在全球有800名分析专家，1700多名助理分析员，在17个国家设有机构，股票在纽约证券交易所上市交易（代码MCO）。
SIXTEEN,sixteen,JYP新女团生存选秀节目《Sixteen》预告于2015年4月10日公开，紧张气氛吸引视线。朴振英表示“JYP不是要打造包装出来的明星，而是追求健康又自然的明星 ”，4月13日将公开候补的16名成员，值得期待。16名成员分别为：林娜琏、俞定延、Momo（平井桃）、Sana（凑崎纱夏）、朴志效、Mina（名井南）、宋珉英、朴智媛、金多贤、孙彩瑛、周子瑜、李彩衍、金恩书、Somi（全昭弥）、李彩领、Natty 。
Hamilton Beach,Hamilton Beach,HamiltonBeach（汉美驰）是来自美国的西式厨房小家电品牌，已有超过100年的悠久历史。HamiltonBeach（汉美驰）拥有456项专利，在咖啡机、搅拌机、烤箱、慢炖锅、华夫炉、多士炉、电熨斗、挂烫机产品领域一直处于世界领先水平。至今仍保持着美洲最佳品质和安全公司的记录。HamiltonBeach（汉美驰）从上世纪80年代后期就开始把目光转向中国，并经过严格的程序和标准选择了中国区的合作伙伴，开始向中国转移生产，2000开始正式转移。2007年全面停止自己在美国的生产。至此，HamiltonBeach全面完成了向中国转移的战略。
CaCa,Caca,Caca巴西籍足球运动员。
姚星,姚星,
CARMINE,carmine,《carmine》是一款IOS平台的应用。
云纹,云纹,云纹，古代中国吉祥图案，象征高升和如意，应用较广。作为印染专业用语，是指不同深浅层次过渡自然的花纹，在铜辊雕刻年代，云纹是由带麻点的云纹钉敲打出来的，故此名沿用下来。云纹是印染专业用语，是指不同深浅层次过渡自然的花纹，在铜辊雕刻年代，云纹是由带麻点的云纹钉敲打出来的，故此名沿用下来。
香凝,香凝,香凝，广州电台主持人，毕业于星海音乐学院，其作品多次在全国及省、市获奖。
踊跃,踊跃,踊跃，汉语词汇。拼音是yǒngyuè，是指形容情绪激烈，争先恐后，比喻做某事积极。
恩宝,恩宝,“恩宝”是上海铎圣自控设备有限公司旗下卫浴品牌，于2004年创建，产品涵盖生产感应洁具，感应水龙头，感应小便器，感应蹲便器，感应淋浴器，全自动干手器，感应器IC卡一卡通等。 
Joie,Joie,Joie，是来自英国的婴幼儿用品品牌，中文译名巧儿宜，进入中国后成为国内知名的婴幼儿用品品牌，主要产品包括婴儿手推车、汽车安全座椅、儿童餐椅、游戏床。Joie（巧儿宜）品牌名称蕴含英语“Joy”喜悦的原意，意指伴随着幸福感而来的喜悦。
YIPAI,yipai,《yipai》是一款Android平台的应用。
中标,中标,中标是指招标人向经评选的投标人发出中标通知书，并在规定的时间内与之签订书面合同的行为。中标人的投标应当符合下列条件之一:(1)能够最大限度地满足招标文件中规定的各项综合评价标准;(2)能够满足招标文件的实质性要求，并且经评审的投标价格最低但是投标价格低于成本的除外。 
万湖,万湖,万湖是德国柏林西南施特格利茨-策伦多夫区的一个分区，此分区是柏林的最西端。
艺朵,艺朵,艺朵是石家庄焦氏商贸有限公司一种与茶道相关的品牌，品牌所在地台湾
帝梦轩,帝梦轩,1922年ForestoBargi先生创立了帝梦轩DIMENSIONI。以高质量的印染、绣花面料及成衣水洗的技术、精湛的工艺，细节的专注，以及严格的服装设计构造、规范化生产，让科技与服装设计相融合的精神，在帝梦轩得到了最好的诠释。
德尔沃,保罗·德尔沃,保罗·德尔沃（PaulDelvaux)1897年生于比利时的昂台特。这位画家曾长期探索自己的艺术道路。直到1935年前后，他一直徘徊于新印象派和表现派之间。在该时期中，乔治·德·基里柯和和内·马格利特的双重影响在使他明白自己处境的同时，还促使他加入了超现实主义派。从那以后，他的目的不再是重现外部世界，为它录下真实的形象，而是发掘自身生活深处的亲切、秘密方面。客观现实只有在作为他梦幻的环境时，才会引起他的兴趣。就是在梦幻之中，产生了地点和人物的奇特相遇。无论是它们之间的关系，还是它们的相互对比，都成为往往郁郁不乐的诗歌。庙宇，月亮城，马路或公共广场，无家具的房间，在这些环境中，我们看到同一类型的妇女。她们年青漂亮，时而裸体，时而穿着镶有花边和树叶的衣服，或者大褶长裙。这种人物形象时时萦绕在画家的心头。
奔天,奔天,《奔天》是清风鸟儿写的网络小说连载于起点中文网。
标靶,标靶,标靶Target，供做射击目标的物品，可以是靶纸、木材上的一块白斑、铁罐等等。
桑夏,桑夏,桑夏太阳能股份有限公司成立于1998年，是专业从事太阳能热利用产品的研发、生产和销售的高新技术企业。公司以“创世界品牌，建百年桑夏，以产业报国”为发展愿景，弘扬“坚持、激情、超越”的企业精神，紧跟时代步伐，潜心经营，综合实力位居行业前列，是中国太阳能热利用行业领军企业之一。公司为首批家电下乡企业，2009年成为中国乒乓球队合作伙伴。桑夏一直注重科技投入和品牌建设，建有江苏省光热组件与控制工程技术中心，拥有60多项专利，承担了多项国家及省级科技计划项目。桑夏商标在50多个国家和地区进行了注册。桑夏品牌先后被认定为中国太阳能热利用著名品牌、江苏省著名商标、江苏名牌、中国驰名商标；首批获得“国家免检产品”称号；被评为“中国太阳能热利用产业十大领军品牌”。桑夏公司通过了ISO9001、ISO14001、OHSAS18001等管理体系认证，并成为行业内首批“AAAA”最高级别标准化良好行为企业。公司被认定为江苏省企业信息化示范单位、江苏省首批“创新型企业”，荣获江苏省质量管理奖。公司连续评为AAA资信企业、省质量诚信企业、重合同守信用企业，并成功入选政府绿色采购清单。桑夏产品通过了金太阳、CE、欧盟SOLARKEYMARK、环境标志产品、节能产品、环保产品等认证。桑夏产品以其卓越的品质和品牌保证赢得了社会的广泛关注和好评。目前，公司的营销网络遍及全国，产品出口至亚、欧、非、美、大洋洲等五大洲五十多个国家和地区。
SHANK,闪克,《闪克》（《Shank》）是由KleiEntertainment公司所制作的2D漫画风格的横版过关游戏，家用机版已于2010年8月份发售。shank原本曾是美国某地一名被称为凯撒的大毒枭手下的暗杀集团中的一员，集团的其他成员则包括猎鹰（双人模式的2P）、屠夫、凯珊德拉（太刀女）、“神父”安吉拉以及独眼穆迪。在常年的黑道生涯中，暗杀集团为凯撒除掉了一个又一个竞争对手，后者的生意自然也是越做越大。
君御,君御,《君御》是连载在起点中文网的玄幻类小说，作者是月落北冥。
佐诺,佐诺,佐诺，机动战士敢达机体之一，本机是ZAFT军所开发的主力水中MS，主要装备有大型格斗爪、鱼雷发射器及声子炮。为减轻在水中行进时的阻力，机体的四肢可进行收缩。
飞雕,飞雕,飞雕电器集团 创立于1987年 ，是国内率先进行开关插座生产和销售的企业之一， 总部位于上海松江科技园区 。历经三十多年的发展，现已成为集研发、制造、销售、服务于一体的大型现代化产业集团 。 飞雕集团拥有国际领先技术水平的自动化生产线， 员工超过两千人 ，资深工程技术研发人员两百多人 ，获得国家专利两百多项  。
拉迷,拉迷,上海拉迷家具有限公司，创建于2003年。产品主要有移门、波浪板、书柜、酒柜、定制衣柜。公司在上海家居商城拥有18家直营店，在全国200多个城市中有400多家加盟店。拉迷家具公司在上海青浦区、宝山区有4个生产基地，占地195亩（13万平方米），现拥有员工1000多人；配备有国际领先的德国板式家具生产线，拥有德国豪迈切割机，封边机及加工中心。大规模的厂房、先进的设备、精湛的工艺使拉迷公司成为家具界企业中的佼佼者。
韦尔奇,杰克·韦尔奇,杰克 ·韦尔奇（JackWelch），1935年11月19日出生于马萨诸塞州塞勒姆市。1960年毕业于伊利诺伊大学，获化学博士学位，毕业后加入通用电气塑胶事业部；1971年底，韦尔奇成为通用化学与冶金事业部总经理，并不断晋升。1979年8月成为公司副董事长，1981年4月，年仅45岁的杰克韦尔奇成为通用电气历史上最年轻的董事长和CEO。从入驻通用电气起，在20年间，他将一个弥漫着官僚主义气息的公司，打造成一个充满朝气，富有生机的企业巨头。在他的领导下，通用电气的市值由他上任时的130亿美元上升到了4800亿美元，也从全美上市公司盈利能力排名第十位发展成位列全球第一的世界级大公司。2001年9月退休。他被誉为"最受尊敬的CEO"，"全球第一CEO"，"美国当代最成功最伟大的企业家"。如今，通用电气旗下已有12个事业部成为其各自的市场上的领先者，有9个事业部能入选《财富》500强。韦尔奇带领通用电气，从一家制造业巨头转变为以服务业和电子商务为导向的企业巨人，使百年历史的通用电气成为真正的业界领袖级企业。杰克·韦尔奇(JackWelch)是通用电气(GE)董事长兼CEO。在短短20年间，这位商界传奇人物使GE的市场资本增长30多倍，达到了4500亿美元，排名从世界第10提升到第1。他所推行的“六西格玛”标准、全球化和电子商务，几乎重新定义了现代企业。
海琳娜,海琳娜,海琳娜（学名：EcheveriahyalinaE.Walther ）为景天科拟石莲花属的多年生植物，原产于墨西哥。多肉植物 。叶较厚，丛生，紧密排列，近三角形，温差大或者光照时间长的情况下呈现灰粉色。 
邦成,邦成,邦成集团1956年创始于德国。2008年初，亚太总部正式入驻中国香港。58年潜心打造，邦成集团用实际行动完美诠释了邦成理念：超越、创新、凝聚、进步。把握时代核心精神，引领行业方向潮流，开创现代生活品质，以诚信和卓越打造厨卫家电，敢于构想，缜于思量，更精于工艺。邦成，竭尽全力为人们提供最好的厨卫技术，让厨卫生活成为一种品质享受。 
臣子,臣子,君主时代的官吏，有时亦包括百姓：臣僚、臣子、臣服、君臣。君主制时代的官吏。亦为官吏对君主的自称。
米开朗,米开朗,米开朗是在电视剧《鬼同你OT》及其作品中中登场的虚拟人物，由陈豪饰演。该剧由中华人民共和国香港特别行政区电视剧TVB拍摄，中华人民共和国香港特别行政区电视广播有限公司出品。
MORITA,MORITA,MORITA是日本属于U-TEC株式会社旗下的家电品牌，中国大区由上海森中电器有限公司负责生产及销售。
时度,时度,时度是汉语词语，读音shídù，意思是按时。
阿克萨纳,阿克萨纳,阿克萨纳Aquasana品牌源于美国德克萨斯州Sunwatersystems（太阳水系统公司）。创始人charlesStrand于1977年创立该公司。
夏尼,夏尼,夏尼，全名夏尼·安德拉斯，男。是高达SEED中虚构的角色，在该剧中的身份是地球联合军GAT-X252禁断高达机师，同时也是联合军培养的第一代“生物CPU”。
ELEFANTE,elEfANTe,西餐厅适宜商务宴请、休闲小憩、随便吃吃、情侣约会、家庭聚会、朋友聚餐
自高,自高,自高是汉语词语，拼音为zìgāo，释义：1、自然高大。2、自傲;抬高自己。3、犹自重；自珍。4、形容自以为是的人。
几米居然,几米居然,MYJOY/几米居然是佛山市歌浴卫浴有限公司旗下的不锈钢浴室柜品牌，是年轻态卫浴领导者。几米居然的品牌受众者为追求品质而有“年轻”活力的群体，几米居然的卫生洁具在追求产品实用性的同时给顾客带来的是不浮夸的个性和产品稳定的质量。
立名,立名,立名，是一个汉语词汇，拼音lìmínɡ，释义为树立名声。
林洁,林洁,林洁，女，1982年4月12日出生，广东省潮阳市人，广州电视台节目主持人。
金范,金范,金范（KimBeom），本名“金尚范”，1989年7月7日出生于韩国首尔市。韩国男演员，毕业于韩国首尔中央大学。2006年，参演情景喜剧《无法阻挡的Highkick》，正式荧幕出道 。2008年，8月参演恐怖片《考死》，该片累计150万名观影人数 。同年参演爱情剧《伊甸园之东》 。2009年，5月参演校园剧《花样男子》，该剧最高收视达到35.5% 。同年还凭借爱情剧《Dream》获得SBS演技大赏新人奖 。2010年，拍摄韩国旅游观光短剧《一天》 。2011年，主演爱情剧《吧嗒吧嗒：他和她心跳的声音》 。2013年，2月参演爱情剧《那年冬天，风在吹》 。7月主演古装剧《火之女神井儿》 。同年进军中国内地市场，参演动作片《狄仁杰之神都龙王》 。2014年，参演青春剧《微时代之恋·初恋篇》 。2015年，主演爱情片《重生爱人》和动作剧《隐藏身份》 。2016年，参演电视剧《警察夫人2》。2018年，参演悬疑片《朝鲜名侦探：吸血怪魔的秘密》。
卡沃利,卡沃利,卡沃利(RobertoCavalli)是时装界、艺术界、现在更扩展到香水界的标新立异的独创者。他是一个时尚的先驱者和创造者，对时尚潮流的把握从来都准确无误。
科迪恩,科迪恩,科迪恩，法国足球运动员。
Louvre,卢浮宫,卢浮宫（法语：MuséeduLouvre）位于法国巴黎市中心的塞纳河北岸，位居世界四大博物馆之首。始建于1204年，原是法国的王宫，居住过50位法国国王和王后，是法国文艺复兴时期最珍贵的建筑物之一，以收藏丰富的古典绘画和雕刻而闻名于世。现为卢浮宫博物馆，历经800多年扩建重修达到今天的规模，占地约198公顷，分新老两部分，宫前的金字塔形玻璃入口，占地面积为24公顷，是华人建筑大师贝聿铭设计的。1793年8月10日，卢浮宫艺术馆正式对外开放，成为一个博物馆。卢浮宫藏有被誉为世界三宝的断臂维纳斯雕像、《蒙娜丽莎》油画和胜利女神石雕，拥有的艺术收藏达40万件以上，包括雕塑、绘画、美术工艺及古代东方，古埃及和古希腊、古罗马等6个门类。从古代埃及、希腊、埃特鲁里亚、罗马的艺术品，到东方各国的艺术品，有从中世纪到现代的雕塑作品，还有数量惊人的王室珍玩以及绘画精品等等。卢浮宫已成为世界著名的艺术殿堂，最大的艺术宝库之一，是举世瞩目的万宝之宫。 
Lm,LM,LM是一个具有多重含义的英文简称，具有是指爱情和婚姻的意思，在医学词汇里主要指的是光镜照片等，也是浪漫（LangMan）的简称，也可以是人名，路萌（LiMin）。
普洛曼,普洛曼,普洛曼（ALESSSTONE）是一个品牌名称，申请人名称：上海贝瓦实业有限公司
HIHO,Hiho,Hiho是由德国歌手组合CaptainJack于2000年演唱并发布的一首英文歌曲，曲风属于典型的Eurodance。这首歌曲最早于2000年7月19日出现在EMIMusicJapan（现被UniversalMusicJapan并购）推出的大型舞曲合辑Dancemania系列的Dancemania17(X7) 串烧大碟中，以删减处理后的串烧片段形式首次亮相。同年8月9日 ，其单曲音乐光碟被CaptainJack所在的BeatdisasterRecords唱片公司发行。该曲另有两个Remix版本，Hiho(VenturaMix)和Hiho(RedMonsterHyperMix)，分别由Dancemania专业音乐人Ventura（柴田晃一）和MST（松本みつぐ）以Eurobeat和Speed的格式改编而成，并作删减后以串烧片段收录在DancemaniaDelux5 和DancemaniaSpeed5里面，其中Hiho(RedMonsterHyperMix)后来又再次被混入串烧DancemaniaSpeedBest2001 当中。然而，令人遗憾的是，这两个效果出彩、风格独特的Remix版本却至今未发行其完整全曲。
WT,WT,Wt是一个针对Web应用开发的C++widget库。Wt应用模型和现存的GUI库（例如微软的MFC或者TrolTech的Qt）是很相似的。同时，Wt为开发者隐藏了很多潜在的技术细节（HTMLForms/CGIJavaScriptAjax等等），就像Qt库如何隐藏潜在的X库或者微软的WindowsGUI的细节一样。
风口浪尖,风口浪尖,风口浪尖，读音是fēngkǒulàngjiān，汉语成语，比喻激烈尖锐的社会斗争前哨。出自《煤城怒火》。
容氏,容姓,容姓在大陆和台湾都没有列入百家姓前一百位。相传黄帝有个史官名容成，他是历法的最初制定者。相传他还会修炼论道，懂得采阴补阳之术，后道家尊称容成真人。而容氏就是他的后人纪念他而定的。相传，黄帝有另一位臣子容援作钟，他的后人就以容为姓氏。而在帝舜明高阳氏时，舜的儿子中有一位名为仲容，是为不可多得的贤才，他的后代中有以容为姓的。
柴氏,柴姓,柴姓，中华姓氏，部分源于炎帝的姜姓，部分出自春秋时期齐文公十八世孙高柴，属于以先祖名字为氏。来源一为姜姓，一为蒙古族。柴姓在全国分布较广，尤以河南、山西、河北多此姓，柴姓是当今中国姓氏排行第一百二十七位的姓氏，人口较多，如今柴姓人口一百三十五万多人，约占全国汉族人口的百分之零点一。
友加,友加,友加是一款面向年轻用户群的基于位置的移动即时社交应用 ，你可以通过友加发现全球任意距离范围内的陌生人或者朋友，查看对方个人信息和位置，免费发送短信、照片、语音和短视频。友加提供免费的个性展示平台—秀场，通过友加你可以发现全球各地不同特色的人，并轻松和他们成为朋友。在任何时间、任何地点，你都可以在友加上认识你感兴趣的人。来友加，交朋友，秀自己！
纳纳,纳纳,纳纳（nànàㄣㄚˋㄣㄚˋ）意思是沾湿貌。
NANA,nana,《NANA》是日本漫画家矢泽爱的少女漫画作品，讲述两个名字同样读作“NANA”的少女的一系列故事。 讲述了在这个世界上，总能找到和你同样的名字的人。或许在你们相遇的时候，你们的命运就会交错在一起的故事。
沃尔萨,沃尔萨,伊萨克·沃尔萨（IsaacVorsah，1988年6月21日－），加纳足球运动员，司职中后卫或后腰，目前效力于德甲的霍芬海姆足球俱乐部。
维沙华,维沙华,维沙华原自英文(weserve)we指团队serve专注服务创新研发家居墙壁开关插座家用五金产品及服务。
名门,名门,《名门》是一本首发并连载在起点中文网的上历史小说，作者是高月。 已经完结，全书分为两部，第一部分为十卷。
法米尼,法米尼,法米尼/BearFamania是上海巴布豆儿童用品有限公司借鉴巴布豆品牌成功经验后推出的法国品味的品牌。属于巴布豆儿童用品有限公司旗下同等童装品牌。
工匠精神,工匠精神,“工匠精神”是一种职业精神，它是职业道德、职业能力、职业品质的体现，是从业者的一种职业价值取向和行为表现。“工匠精神”的基本内涵包括敬业、精益、专注、创新等方面的内容。 
梵街,梵街,梵街是集旅游景区及酒店、商业、餐饮功能为一体的综合体项目，包括有会所、商业、酒店、餐饮等业态。
CY,CY,CY有很多不同的意思。如CY进位标志位（在进行算术运算时，可以被硬件置位或清零，以表示运算结果中高位是否有进位或借位的状态。在布尔处理机中，CY被认为是位累加器）、(ContainerYard)集装箱（货柜）堆场、赛我(cyworld)迷你个人主页、药品Cyclophosphamide、网络游戏《问道》任务代替语。在论坛等常用作“穿越”的简写、共产主义青年团缩写、抽烟的缩写、餐饮的简写、创业的简写、环己基的缩写。在香港，CY则多作对第四任香港行政长官梁振英（LeungChunYing）名字的简称。
爱嘉尼,爱嘉尼,
奎恩,奎恩,奎恩是在动漫作品《圣斗士星矢》系列中登场的虚拟人物。天魔星冥斗士。漫画设计为女性，动画为男性。和哥顿是搭档。奎恩是老六。
TEAM WORK,Team Work,《TeamWork》是JonyJ在《中国有嘻哈》中演唱的歌曲。
波卡兰,波卡兰,二十世纪初，由制造世家出身的马克波·卡兰(Markbkcl）先生正式接手BOKCL，并以本名Markbkcl为灵感将品牌确立为Bokcl。在此之前，卡兰家族已经有三代生产卫浴产品的历史。在过去近百年岁月里，卡兰家族一直专注于卫浴用品的生产。从诞生至今。..
蒙师,蒙师,一丝不苟yīsībùgǒu一丝不苟的英文翻译1.nottobetheleastbitnegligent;tobescrupulousabouteverydetail;tobeconscientiousandmeticulous;todothingscarefullyandseriously;tobeprecise;tocrossone'sT's
Meticulous,细致,细致（xìzhì），指办事精细周密或事物细密精致。 
旦丁,旦丁,霹雳布袋戏虚拟人物。覆天殇手下八大将之一，一身西洋传教士打扮胸口悬挂著一串十字架，个性阴沉，口才过人，擅长以言语挑动他人，负责在武林中散布谣言、制造纷争，意图颠覆中原向心力、使彼此相互猜忌 。
拜隆,拜隆,场上位置：前锋合同到期：2008-06-30身高：182厘米体重：78公斤惯用脚：右脚出生地：利马（秘鲁）国籍：秘鲁代表国家队：出场0次，进0球欧洲三大杯：出场0次，进0球欧洲冠军联赛：出场0次，进0球
卡帝,卡帝,《卡帝》的作者是笑世不颠路，属于异界大陆类型
御可,御可,御可 ，广东贡茶投资有限公司 注册商标品牌，商品服务：咖啡、茶饮料、糖果、非医用营养液、月饼、饼干、麦片、方便面、调味品、食用香料(不包括含醚香料和香精油)。 
蒂勒,蒂勒,蒂勒（TheilerMax)南非-美国微生物学家。1899年1月30日生于南非的比勒陀利亚；1972年8月11日卒于康涅狄格州纽黑文。蒂勒曾于开普敦大学学习，但在学习中途他劝说其父亲将他送往伦敦。在伦敦，他发现他必须从头学起，重复头二年已学过的大学课程，他不愿这样做，宁愿在医院里呆四年接受实际训练。
法集,法集,法集，读音为fǎjí，汉语词语，指佛教徒讲解佛法的集会。
木叶集,木叶集,
巅峰,巅峰,内容简介浩渺星空，无数世界，芸芸众生何人主宰？古往今来，万千繁华，兴衰荣辱是否天定？诸方世界，英雄无数，枭雄辈出，人世间的正与邪，或许原本就是镜花水月，是与非，或许只是世人的自我规范，善与恶，在悠久的岁月中，又何曾有过实质的意义？人世之外，依然是人世，巅峰之后，依旧是巅峰……
耐氏家品,耐氏家品,耐氏家品是顶尖的创新型小家居品牌，由中国大陆土生土长的设计师邹剑平自创的品牌，隶属于深圳家耐氏创新科技有限公司。2012年由公司的执行总裁兼设计总监邹剑平创立公司开始，在工作及生活的体验中撷取灵感，由灵感转变为设计，再让设计，量产为商品，变成一个企业，形成一个品牌行销全球，树立设计师创业的典范，由设计开始的成功企业，证明了设计的价值。品牌旗下拥有10多项国家专利，商品受到欧美众多国家的关注和喜爱。
拜伦,乔治·戈登·拜伦,乔治·戈登·拜伦（GeorgeGordonByron，1788—1824），是英国19世纪初期伟大的浪漫主义诗人，代表作品有《恰尔德·哈洛尔德游记》、《唐璜》等，并在他的诗歌里塑造了一批“拜伦式英雄”。他不仅是一位伟大的诗人，还是一个为理想战斗一生的勇士，积极而勇敢地投身革命——参加了希腊民族解放运动，并成为领导人之一。
奥士达,奥士达,奥士达®是美国Jarden集团旗下最著名的厨房电器品牌，奥士达搅拌机、咖啡机、慢炖锅等产品均在美国市场占有率保持领先地位。 
爱尚品,爱尚品,“爱生活爱尚品”，中国药妆化妆品第一购物平台，您可以在这里自由、安全、快捷的选择物美价廉的商品！爱尚品以中、高层次药妆化妆品市场为其目标市场，并秉承着“严格每一件产品的质量，珍惜每一次服务机会”的经营理念，严把产品质量关，为实体代理客户和网店代理销售提供全方位安全便捷的服务平台。
FML,fml,FML=FieldManipulationLanguage是字段控制语言的缩写，是TUXEDO缓冲区类型之一。
蝾螈,蝾螈,蝾螈，隶属蝾螈亚目、蝾螈科、蝾螈属。蝾螈科在中国有6属23种，分别占世界该科20属77种的30.3%与29.9%。其分布范围北起秦岭以南，南达南海，西自横断山区的四川大凉山和云南腾冲及盈江一带，东至闽、浙沿海地区和台湾等岛屿，处于我国较湿润的亚热带。本科动物在中国境内均匀分布于东洋界，古北界则缺如，其中有18种是中国特有种，约占中国该科23种的78.3%，占世界全科77种的23.4%。蝾螈属分布于中国及日本；中国现有4种（含两个亚种）；日本有两种。蝾螈属在中国的种数虽不多，但分布范围较宽，东起东海沿岸地区，西至云贵高原，北自河南省南部，南达广东；其中东方蝾螈Cynopsorientalisde分布较广且连续，蓝尾蝾螈仅局限与云贵高原，另两种的分布区较窄，其中呈贡蝾螈Cynopschengggongensis迄今只见于模式产地地区。 
JM,JM,旨在培养高层次法律实践型专门人才。自1996年试办至今，中国已有78所高等院校开展JM教育。“法律硕士专业学位”是中国专业学位的一种，是在借鉴美国、欧洲等国家培养高层次应用型法律专门人才的基础上，结合中国的国情和教育实际而建立起来的。
ZENIT,Zenit,KMZ是一个集团企业，生产单反相机夜视镜、望远镜、医疗设备以及数码DC产品，而Zenit单反相机可能是现唯一还在生产的M42接口的相机品牌。
宝优妮,宝优妮,
equation,方程,方程（equation）是指含有未知数的等式。是表示两个数学式（如两个数、函数、量、运算）之间相等关系的一种等式，使等式成立的未知数的值称为“解”或“根”。求方程的解的过程称为“解方程”。通过方程求解可以免去逆向思考的不易，直接正向列出含有欲求解的量的等式即可。方程具有多种形式，如一元一次方程、二元一次方程、一元二次方程等等，还可组成方程组求解多个未知数。在数学中，一个方程是一个包含一个或多个变量的等式的语句。求解等式包括确定变量的哪些值使得等式成立。变量也称为未知数，并且满足相等性的未知数的值称为等式的解。 
Harbor House,HarborHouse,HarborHouse 是由自2008年进入中国，HarborHouse已在17个城市拥有42家直营门店。由美国顶尖设计团队打造的HarborHouse整体家居品牌，继承发扬了HarborHouseInn当地质朴从容的生活方式，将美国西海岸的风情文化，诠释为成熟雅致、低调奢华、自然从容的设计理念，最终成就为HarborHouse家居产品。家具、家纺、灯具、卫浴、饰品、窗帘、墙画、户外家居、儿童系列和厨房用品，每类产品都通过全球化采购确保国际一流的品质和超凡的价值，带给消费者丰富便捷的一体化购物体验。自2008年进入中国，HarborHouse已在17个城市拥有42家直营门店； 同时在天猫商城和京东商城开通了HarborHouse官方旗舰店。
idg,IDG,美国国际数据集团（InternationalDataGroup）是全世界最大的信息技术出版、研究、发展与风险投资公司。IDG公司2005年全球营业总收入达到26.8亿美元。IDG集团公司创建于1964年，总部设在美国波士顿。
KK,魏巍,魏巍（KK），1983年4月21日生于黑龙江省哈尔滨市，中国内地主持人、演员，毕业于中央戏剧学院。2005年10月，加入湖南经视担任主持人。2006年，参演了第一部电影《天下第一宴》。2007年，在都市情感剧《悠悠寸草心》中担纲男一号林玉辉 。2008年，在电视剧《人间烟火》中饰演谭向伟。2012年，出演家庭轻喜剧《我家有喜》。2013年，主演时尚轻喜剧《我家有个赵大咪》 。2014年，出演都市情感偶像剧《待嫁十年》 ；同年，在超级季播剧《盗墓笔记》中饰演潘子 ；在都市爱情喜剧《爱情万万岁》中饰演李上 。2016年，在都市爱情剧《我不是精英》中饰演江林 。2017年在都市情感剧《老男孩》中饰演叶昕 。在古装神话剧《哪咤降妖记》中饰演风火轮 。在古装玄幻武侠剧《武动乾坤》中饰演元苍 。2018年在古装宫廷剧《大明皇妃孙若微传》中饰演皇甫云 。
佳宝丽,佳丽宝,佳丽宝(Kanebo)是来自日本东京的著名化妆品品牌。佳丽宝(Kanebo)品牌创立至今已有百余年之久，涉足化妆品也有60多年，在世界化妆品行业内始终处于重要地位，享有盛誉。
卫鼎,五祀卫鼎,五祀卫鼎（WeidingI ）于1975年2月出土于陕西省宝鸡市岐山县京当公社董家村1号西周铜器窖藏，收藏于陕西历史博物馆，原藏岐山县博物馆。 腹内壁铸铭文19行207字，记录了一场卫和邦君厉之间因为土地补偿而引起的违约案件。对研究西周时期的法律情况有重要作用。（概述鼎图来源 ）
梵戈,梵戈,梵戈斫琴师 、古琴制作师 、筑雪山房古琴工作室创始人 ，人称为“琴坛吴秀波” 。
Boheme,Boheme,AnnettLouisan，德国女歌手出生于1979年4月由祖父母抚养长大。一个身高一米五二的娇小女人，一张邻家女孩一般平和亲柔的脸踏入演艺圈之前AnnettLouisan在汉堡学习绘画在学习期间她加入了学校的乐队。具有艺术气质的AnnettLouisan很快被唱片公司发掘于2004年发行了第一张专辑.AnnettLouisan的声音清新可爱甚至有些稚嫩有田园的清香和草莓的甜美之感。她的声音真是地很独特，初一听以为是孩子的声音，很可爱。
适马,适马,适马（Sigma）股份有限公司（日本）是于1961年创建的的生产135相机交换镜头的专业厂家。适马公司的杰出的创办人，优秀的光学技术专家、精通生产与销售的企业管理总裁--MichihiroYamaki先生深知在逆境中如何求生存。适马公司成立伊始，就以高科技为目标，博采众家之长但又不步他人后尘的创新精神为宗旨，以物超所值的产品赢得了市场上的信誉。适马的企业理念是一切技术、知识、经验和智慧的总和。
TCAM,TCAM,TCAM(ternarycontentaddressablememory)是一种三态内容寻址存储器，主要用于快速查找ACL、路由等表项。
流型,流型,气液两相流中，不同的流量、压力、管路布置状况和管道几何形状都会造成相界面的形状(分布)的不同，即形成不同的流动结构模式，对此称为流型(流态，流谱)。流型表示出流体质点运动的轨迹及速度分布。通常可在透明装置内用照相法描述出来。反应工程中常用的两种理想流型是活塞流流型和全混流流型。
上屋,上屋,上屋是指正室；正房。出处《北史·牛弘传》。
热恋,热恋,热恋是北京艾瑞斯科技有限责任公司出品的一款针对广大青年男女扩充自己社交圈子的手机软件。热恋无需注册，打开软件就可以找到属于自己的缘分。还可以通过“搜索”，立刻找到身边的老乡，校友。通过热恋为自己找到可能错过的朋友，朋友圈子，是一款定位于同城交友的手机软件。热恋，在心理学上是恋爱中幸福的阶段，热恋阶段中恋爱双方看到的都是彼此的优点，对所有与恋爱有关的事物有种美好的向往。热恋在词典中有两个含义：1、热烈地恋爱，恋爱的热烈难分阶段；2、深深眷恋。
简艺,简艺,
TY,TY,TY（12-13级台风），气象学风级标准专业术语中TY的定义：根据中国气象局（CMA）“关于实施热带气旋等级国家标准（GB/T19201-2006）”规定，热带气旋（TC）按中心附近地面最大风速（采用二分钟平均风速）划分为六个等级。其中的“台风级”（TY）是专指底层中心附近最大平均风速118-149千米/小时，即32.7-41.4米/秒，也即12-13级的热带气旋天气系统。风暴级别大致相当于北大西洋一级飓风（CAT.1）的程度。
双象,双象,双象（doubleimage）是在双眼观察视野内的单一物体在感觉上产生复象的现象。如把一只手指和一支铅笔放在鼻子前面，三者成一直线，各距约15厘米～20厘米。当注视近物（手指）时，远物出现不交叉的双象，即左眼的象在左边，右眼的象在右边；当注视远物（铅笔）时，近物出现交叉的双象，即左眼的象在右边，右眼的象在左边。 
庸德,庸德,庸德是一个汉语词语，拼音是yōngdé，意思是常德，一般的道德规范。
双庆,双庆,
西恩,西恩·潘,肖恩·潘（SeanPenn），1960年8月17日出生于美国加州，编剧，导演，演员。1981年，他出演自己第一部影片《勇者无敌》 。1991年，执导处女作《IndianRunner》。1995年，自编自制自导第二部电影《72小时生死线》 。1996年，在第46届柏林电影节中凭借监狱片《死囚漫步》获得人生第一个最佳男演员奖。1997年，凭借爱情片《她是如此可爱》获得第50届戛纳电影节最佳男演员奖。1998年，凭借影片《浮世男女》获得第55届威尼斯电影节最佳男演员奖 。2001年，主演剧情片《我是山姆》。2003年，凭借犯罪片《21克》获得第60届威尼斯电影节最佳男演员奖 。2004年，凭借神秘惊悚片《神秘之河》获得第76届奥斯卡金像奖最佳男主角奖。2006年，主演传奇片《国王班底》 。2009年，凭借人物传记片《米尔克》获得第81届奥斯卡金像奖最佳男主角  。2010年，主演动作惊悚片《公平游戏》 。2014年，主演奇幻剧情片《白日梦想家》 。2015年出演的犯罪动作电影《使命召唤》。 
贝尔金,贝尔金,贝尔金公司(BelkinCorporation)是周边产品的全球领先厂商，为电脑、数码和移动产品的用户提供创新的连接技术。2018年3月，鸿海在香港的子公司鸿腾宣布以8.66亿美元并购美国消费电子制造商贝尔金。 
阿西娜,雅典娜,雅典娜（希腊语：Ἀθήνη、英语：Athena），也称帕拉斯·雅典娜，是古希腊神话中的智慧女神，奥林匹斯十二主神之一。 同时也是艺术女神、纺纱工艺的女神。密教祷歌称她为“创始艺术的”。她传授纺织、园艺、陶艺、畜牧等技艺，绘画、雕塑、音乐等艺术给人类。 她亦是军事策略的女神。航海、农业、医疗的保护神。法庭、秩序的女神，她创立人类的第一座法庭。 雅典娜与赫斯提亚、阿尔忒弥斯被视为奥林匹斯山上的三位一体处女神。初民最早把她作为霁色初开的境界崇拜，代表处女和纯洁的光明。 雅典娜是宙斯和智慧女神墨提斯（“Μῆτις”意为智慧的，睿智的）的女儿，她是波洛斯的同母姊妹。盖亚和乌拉诺斯预言，墨提斯生下明眸女儿后，会再生一个推翻宙斯的儿子（波洛斯），宙斯惧怕预言成真，遂将墨提斯整个吞入腹中。此后宙斯严重头痛，阿波罗对他医治无效，宙斯只好要求火神赫菲斯托斯打开他的头颅（或普罗米修斯或赫尔墨斯），火神那样做了。令诸神惊讶的是：一位体态婀娜、披坚执锐的美丽女神从裂开的头颅中跳了出来，光彩照人，仪态万方。 
绿泇,绿泇,绿泇公司专业开发设计制造和销售"灰鼠"、"绿泇"、"小灰鼠"三个品牌的系列休闲服，倍受年青人的青睐。
KIVA,kiva,Kiva是一个斯瓦西里语的单词，意思是“成交”。非营利私对私小额贷款机构Kiva致力于向发展中国家的创业者提供小额贷款，实现消除贫穷的目标。他们的途径之一就是让更多人获得尽快获得贷款信息。所以Kiva最近开放了自己的API。现在BetterLabs已经在该API基础之上开发出了一个新的服务–Kiva通知，用户可以通过电子邮件获得Kiva上的贷款信息。该服务类似于Google通知，用户只需输入邮件地址，选择关注的关键词，然后保存就可以了。
九典,九典,九典是一个汉语词语，读音是jiǔdiǎn，是指古代的经典著作。
倍恩,倍恩,倍恩（醋酸甲羟孕酮分散片），适应症为用于不能手术，复发性或转移性激素依赖性肿瘤的姑息治疗或辅助治疗，如子宫内膜癌、肾癌、乳腺癌等。
凯腾,凯腾,东莞市凯腾塑胶电子有限公司是一家专注于生产包装制品和电子绝缘材料的生产型企业，位于广东省东莞市大朗镇，地处地处虎岗高速出口对面（大朗候机楼附近），交通便利。
梦想岛,梦想岛,《梦想岛》是一款Q版角色扮演类网游，是天盟数码有限公司开发并运营的首款横版休闲游戏。游戏采用即时战斗，使用横版操作模式。采用3D引擎渲染，画面风格清新。卡通的人物造型，从各种装备到人物的发型都可以通过换装系统改变。故事发生在一个梦境般的岛屿上，有各种特色的游戏场景。
苏罗,苏罗,苏罗，品牌类别女装品牌，品牌类别北京金苏罗工贸公司，经营范围中高档中式时装、旗袍、礼服。
凯美霖,凯美霖,凯美霖汽车液晶滤光屏是辽宁金洋光电有限公司研制的汽车电子产品。
CRD,CRD,CRD为英文缩写，具有多重含义。主要指著名珠宝大品牌CRD克徕帝，其主要从事钻石首饰设计、销售、售后及制造业务，我们率先把“6C体验中心+呼叫中心+网络平台”的模式引入钻石销售领域。作为国内最具性价比钻石品牌，CRD克徕帝始终倡导钻石文化的传播，坚持以比利时安特卫普经典切割，最优质的服务，为消费者带来贴心的购钻体验和无与伦比的DIY乐趣。CRD克徕帝已为百万对情侣缔造了那颗爱情见证，倾情演绎着钻石的恒久传奇。另指“首都文化娱乐休闲区”(Culture&RecreationDistrict，简称CRD)。
OKBABY,OKBABY,OKBABY是欧可宝贝有限公司2005年注册商标品牌 。专注婴儿生活用品服务。
潮土,潮土,潮土是河流沉积物受地下水运动和耕作活动影响而形成的土壤，因有夜潮现象而得名。属半水成土。其主要特征是地势平坦、土层深厚。多数国家称此类土壤为冲积土或草甸土。美国的《土壤系统分类》将其列为冲积新成土亚纲。在中国曾称冲积土，后又相继易名为碳酸盐原始褐土、浅色草甸土和淤黄土，1959年全国第一次土壤普查后定为现名。集中分布于河流冲积平原、三角洲泛滥地和低阶地。在中国，多分布于黄河中、下游的冲积平原及其以南江苏、安徽的平原地区和长江流域中、下游的河、湖平原和三角洲地区。
日康,日康,日康婴儿用品有限公司是一家专业从事婴儿用品开发、设计、生产的制造商。公司位于台州市黄岩经济开发区，成立于1996年，经过十多年的发展壮大，厂区面积40余亩，厂房建筑面积近3万平方米，厂区环境优美，配套完善，整洁有序，处处显现着现代化企业的精神风貌。
顺美,顺美,顺美公司以产销中高档男女西装为主体，并经营男女时装，休闲装、高科技面辅料西装，以及服装辅料、服饰产品等。该公司是中国服装"百强"企业之一。
加里奥,加里奥,正义巨像·加里奥是《英雄联盟》系列中的一个英雄。正义巨像缄默无言地立在德玛西亚的高墙上，黄铜表层的流光若隐若现。老人们讲述着遥远的故事，一个勇士试图保护乱作一团的民众的故事。大多数人质疑这些传说。但——正如被封印的闪电一般——正义巨像在严阵以待。并且在最需要他的时候，他就会再次伸展开他那攻无不克的肢体。 
釰,釰,
TASI,TASI,TASI是英国芳香疗法师（国际）协会的缩写。
HOLMES,holmes,Holmes霍姆斯，是美国知名的家用电器品牌之一，1982年霍姆斯创立于美国，30多年来专注于为消费者提供空气舒适产品。价值，创新，质量是每一台霍姆斯产品所体现的特质，过往30多年，始终在行业处于领先地位。公司隶属于美国财富500强的Jardon集团，该集团总部位于美国，2011年全球销售金额达66亿美金。旗下囊括12大品类，100多个品牌。
ZAGG,ZAGG,ZAGG公司（纳斯达克股票代码：ZAGG），始创于2005年，公司总部设在美国盐湖城，是一家全球性的移动设备配件和技术公司，提供创新优质的产品解决方案，以保护，个性化和提升消费者的移动体验。ZAGG生产和销售全系列的移动设备配件，包括平板电脑的蓝牙键盘、外挂电池、移动设备保护套/贴膜、音频耳机，蓝牙音响类，游戏类产品等等。ZAGG 公司旗下的品牌包括：ZAGG®，invisibleSHIELD（隐形盾）®和iFrogz™。其中，invisibleSHIELD（隐形盾）®是贴膜的缔造者，并且在全球市场占有率第一，销售总额超过排在后面的20个品牌之和。 
波斯,波斯,波斯是伊朗在欧洲的古希腊语和拉丁语的旧称译音，也就是说波斯是伊朗的古名。历史上在西亚、中亚、南亚地区曾建立过多个的帝国，如阿契美尼德王朝、萨珊王朝、萨法维帝国等。极盛疆域东起印度河及葱岭，西临巴尔干半岛与地中海，南抵亚丁湾和红海，北达高加索山脉跟咸海，波斯帝国是第一个地跨亚欧非三洲的大帝国。波斯兴起于伊朗高原的西南部，自从公元前600年开始，希腊人把这一地区叫做“波斯”。直到1935年，欧洲人一直使用波斯来称呼这个地区和位于这一地区的古代君主制国家。而波斯人则从萨珊王朝（波斯第二帝国）时期起开始称呼自己的古代君主制国家为埃兰沙赫尔，意为“雅利安人的帝国”。
泽德,泽德,一款泡泡龙类型的弹珠游戏。和泡泡龙不同的是，弹珠发射台不是固定的，而是由玩家控制的飞船发射，并且游戏中需要消除的珠子则是像悬浮物般从四面八方涌来。游戏画面十分精致，游戏性很高，可以算是继祖玛之后又一经典的弹珠游戏。游戏中通过鼠标移动改变飞船方向，右键控制飞船向前移动，左键发射弹珠。
CCM,CCM,CCM是一个释义较多的英文缩写词，较常见的是指“创意传播管理”“肝硬化心肌病”“中国城市管理（中国城管）”等。全称为：CreativeCommunicationManagement。
创意空间,创意空间,创意空间：互联网的出现与数字化运用的发展昭示了创意产业巨大的发展空间和人们对数字化文化内容的高度需求。在此背景之下，创意空间应运而生。
威克士,威克士,WORX威克士是宝时得机械(中国)有限公司针对专业领域用户而创立的一个国际性的高端电动工具品牌，产品涵盖金工，木工和石工等系列。WORX威克士一直致力于向用户传递专业性，可靠性，高品质和高效率的内涵，旨在通过不断的创新，给用户带来独一无二的体验和价值。WORX威克士以中国苏州为总部并先后在意大利和澳大利亚建立了研发中心，同时在英国，美国，德国等国家建立了强有力的组织和营销团队。持续不断的产品创新，雄厚的科研实力，独特的营销模式，以及全球化的人才团队，将WORX威克士打造成为了国际性的高端专业电动工具品牌。2012年，威克士从300多家优秀知名品牌中脱颖而出，荣获“2012CCTV中国年度品牌“，再次彰显了作为国内电动工具行业翘楚的不凡风范。
纽盾,纽盾,
玛卡,玛卡,玛卡（学名：LepidiummeyeniiWalp），（西班牙语：Maca）。主要出产于南美洲安第斯山脉和中国云南丽江，是一种十字花科植物。叶子椭圆，根茎形似小圆萝卜，可食用，是一种纯天然食品，营养成份丰富。玛卡的下胚轴可能呈金色或者淡黄色、红色、紫色、蓝色、黑色或者绿色。淡黄色的根最常见，形状、味道也最好。玛卡富含高单位营养素，对人体有滋补强身的功用。黑色玛卡是被公认为效果最好的玛卡，产量极少。玛卡原产高海拔山区，适宜在高海拔、低纬度、高昼夜温差、微酸性砂壤、阳光充足的土地中生长；种植地区主要分布于南美州安第斯山脉以及中国云南丽江的玉龙雪山地区，这两大主产区有较大面积的适种土地。而中国云南其他地区和新疆、西藏等地区也有少量种植。
MAKA,MAKA,MAKA（码卡）是一个H5在线创作及创意工具，由深圳格莱珉文化传播有限公司开发，为企业提供包括企业形象宣传、活动邀请、产品展示、数据可视化展示、活动报名等应用场景需求的服务。 
亚丹,亚丹,亚丹是MOBA游戏《虚荣》里的一个辅助英雄。
赣江,赣江,长江主要支流之一，江西省最大河流。位于长江中下游南岸，源出赣闽边界武夷山西麓，自南向北纵贯全省。有13条主要支流汇入。长766公里，流域面积83500平方公里。自然落差937米，多年平均流量2130立方米每秒，水能理论蕴藏量360万千瓦。从河源至赣州为上游，称贡水，在赣州市城西纳章水后始称赣江。贡水长255公里，穿行于山丘、峡谷之中。赣州至新干为中游，长303公里，穿行于丘陵之间。新干至吴城为下游，长208公里，江阔多沙洲，两岸筑有江堤。赣江通过鄱阳湖与长江相连，是江西省水运大动脉，也是远景规划赣粤运河的组成河段。 
京东众筹,京东众筹,2014年7月1日，京东众筹正式诞生，在新消费升级时代下，京东众筹不仅是一个为用户提供“与众，不同”的趋势性产品体验的品质生活平台，更是一个为创新创业企业发展提速的筹资与孵化平台。 
威士,威士,威士，全球门锁五金的绝对领导品牌，中国电子商务领域销量领先的知名网商，国际知名项目的主要建材五金供应商。全球生产占地面积20万平方米，拥有多国生产基地，集团全球员工2000多人，产品涵盖五金门锁、卫浴配件、家用五金、工具五金等。
井神,井神,井神是中国民间传说中的神灵之一。据《白虎通·五祀》中说，五祀者，谓之门、户、井、灶、土，人们在很早的时候，就有祭祀井神等五种“家神”了。井神一般没有塑像、庙宇，人们就在井台上举行一个简洁的祭祀仪式。而在北方一些地区，中国民间有祭奉水母娘娘的习俗，也有水母娘娘庙，传说她是一位年轻的女井神。
MEB,MEB,MEB是指总等电位联结(MEB--MainEquipotentialBonding)，是将建筑物内的某些部位导电部分汇接到进线配电箱近旁的接地母排(总接地端子板)上而互相联结。
