多乐士,多乐士,多乐士是阿克苏诺贝尔旗下的著名建筑装饰油漆品牌，产品畅销于全球100个国家，每年全球有5000万户家庭使用多乐士油漆。多乐士品牌涵盖了乳胶漆、木器漆、墙面漆和涂刷配件等众多产品以及家易涂一站式墙面焕新服务，为人们的生活增添色彩。多乐士，多彩开始。
立邦,立邦,立邦是世界知名的涂料制造商，成立于1883年，已有超过100年的历史，是世界上较早的涂料公司之一。1962年立时集团成立，负责管理全球立邦在东南亚区域立邦涂料的所有业务活动，业务发展覆盖到了12个亚洲国家，先后建立20多家制造工厂，员工超过6000多名。1992年进入中国的立邦涂料，在全球涂料厂家的排名一直较好，是国内涂料行业的佼佼者。立邦一直以美化和保护人们的生活为己任，不断生产出品质优越的产品，10多年来，立邦的足迹遍及大江南北。在全国各地都建立有自己的办事机构，立邦在各地的服务中心像一条纽带，将消费者、油漆工、立邦公司，千千万万的家庭联系在一起。立邦中国隶属于新加坡立时集团。立邦始终以开发绿色产品、注重高科技、高品质为目标，以技术力量不断推进科研和开发，满足消费者需求。 立邦秉承“立邦，为你刷新生活”品牌主张，实践“体验为重”的消费模式，在全国成立新的“刷新”旗舰店，推出整合线上线下渠道的刷新服务，改变消费者对涂料的传统认知，更新涂料行业的销售模式。 “不用您动手，帮您焕新家”是立邦“刷新服务”的核心理念，该服务主要为消费者提供墙面涂刷和木制品家具涂刷服务，帮助消费者解决墙面裂纹、污渍、掉皮、发霉等问题。 立邦作为亚太地区涂料制造商之一，其业务范围广泛，涉及到领域建筑涂料、汽车涂料、一般工业涂料、卷钢涂料、粉末涂料等领域。广州本田、天津丰田、奥运会重点场馆，中央电视台新台址等。
汉高百得,汉高百得,汉高百得是发源于德国杜塞尔多夫，德国汉高旗下最强有力的全球性战略品牌有近60年的历史传承，拥有万能胶白胶防水胶建筑胶玻璃胶金属胶木工胶等14个品类2700个左右的产品涉及世界48个国家。
东鹏,东鹏,深圳市东鹏饮料实业有限公司拥有功能饮料、植物饮料、清凉饮料、豆制品、水和陈皮蜜饯等各类产品 。深圳市东鹏饮料实业有限公司南宁生产基地项目位于高新区明华路，项目总投资约5.3亿元，配备6条生产线，包含瓶装生产线和利乐生产线，年产能达20万吨。项目建成投产后预计年产值超过8亿元，年税收约4000万元，提供就业岗位500多个。 
鹰牌,鹰牌,鹰牌卫浴是1996年在香港成立的一个卫浴公司，鹰牌卫浴（香港）控股有限公司是一家专业致力于开发生产洁具产品的大型卫浴企业。公司以“质量第一，服务至上”为企业的经营理念，打造世界洁具行业的知名品牌。公司经营产品品种齐全，质量可靠，产品符合GB6952-2005国际标准并通过ISO9001:2000国际质量体系认证，先后荣获“中国著名品牌”“全国产品质量公证十佳品牌”“中国优秀环保绿色产品”等一系列证书。
伟星,伟星,伟星集团，创建于1976年9月，总部位于浙江省经济发达的温州与宁波区域之间的台州古城——临海市。经过近三十年持续稳健发展，现已成为产业专业化、信息网络化、经营国际化、管理规范化的国家级集团公司。形成了以服装辅料、新型建材、房地产、工艺饰品为四大支柱产业，集商贸、金融投资、光学制品为一体的经营格局；建立了临海伟星辅料工业园、临海伟星高新技术工业园、深圳坂田伟星工业园、上海奉贤伟星工业园；开辟了覆盖国内各大中城市和辐射欧、美、亚、非、大洋洲五大洲的营销网络。
三棵树漆,三棵树漆,三棵树涂料是国内“健康漆”领军品牌，首家提出“健康漆”概念，短短几年在竞争激烈的涂料市场异军突起，营销网络已基本覆盖全国，并在分公司、四川、福建等设有分公司和办事处，获得了“中国驰名商标”、“中国名牌产品”等国家级荣誉，成为“神舟六号、神舟七号唯一搭载涂料品牌”。
皇氏工匠,皇氏工匠,皇氏工匠2012年创立于上海，隶属于域金澜优电子商务有限公司。现已发展成为集设计、研发、生产、仓储、销售五大版块的大型线上品牌。
克里斯汀,克里斯汀·斯图尔特,克里斯汀·斯图尔特，1990年4月9日出生于美国洛杉矶，美国演员。1999年，在奇幻电视电影《小美男鱼》中短暂亮相。2001年，出演了独立电影《拜物有理》。2002年，因主演惊悚悬疑电影《战栗空间》而获得了青年艺术家奖最佳女主角提名 。2003年，参演了惊悚片《凶宅》，凭借该片获得了第14届青年艺术家奖最佳新星提名 。2004年，主演了犯罪喜剧片《小鬼神偷》，这是克里斯汀·斯图尔特首次担任主角； 同年，因主演剧情片《不再沉默》而获得了更多关注。 2005年，主演了科幻冒险电影《勇敢者的游戏2：宇宙历险》。2007年，参演了冒险电影《荒野生存》，由此获得了第19届青年艺术家奖最佳女配角奖及最佳新人奖 。2008年，凭借奇幻爱情电影《暮光之城》获得了第18届MTV电影奖最佳女演员奖 。2009年，主演了奇幻爱情电影《暮光之城：新月》，凭借该片获得了第19届MTV电影奖最佳女演员奖 。2010年，因主演奇幻爱情电影《暮光之城：月食》而获得了第20届MTV电影奖最佳女演员奖 。2011年，主演了奇幻爱情电影《暮光之城：破晓（上）》，由此获得了第14届青少年选择奖最佳爱情电影女演员 。2012年，凭借奇幻爱情电影《暮光之城：破晓（下）》，获得了第15届青少年选择奖奇幻/科幻类最佳女演员和最佳爱情电影女演员 。2014年，主演了剧情片《锡尔斯玛利亚》，凭借该片获得了第40届法国凯撒奖最佳女配角奖，成为美国历史上第一位捧回凯撒奖杯的女演员 。2016年，主演了剧情片《比利·林恩的中场战事》。
潜水艇,潜艇,潜艇或称潜水船、潜舰是能够在水下运行的舰艇。 潜艇的种类繁多，形制各异，小到全自动或一两人操作、作业时间数小时的小型民用潜水探测器，大至可装载数百人、连续潜航3-6个月的俄罗斯台风级核潜艇。按体积可分为大型（主要为军用）、中型或小型（袖珍潜艇、潜水器）和水下自动机械装置等。 大型潜艇多为圆柱形，船中部通常设立一个垂直结构（舰桥），早期称为“指挥塔”，内有通讯、感应器、潜望镜和控制设备等。如今的深海潜艇或专业潜艇常已无此设计。 自第一次世界大战后，潜艇得到广泛运用，担任许多大国海军的重要位置，其功能包括攻击敌人军舰或潜艇、近岸保护、突破封锁、侦察和掩饰特种部队行动等。潜艇也被用于非军事用途，如海洋科学研究、抢救财物、勘探开采、科学侦测、维护设备、搜索援救、海底电缆维修、水下旅游观光、学术调查等，超级富豪甚至用为海下移动豪宅。潜艇是公认的战略性武器（尤其是在裁军或扩军谈判中），其研发需要高度和全面的工业能力，目前只有少数国家能够自行设计和生产。特别是弹道导弹核潜艇更是核三位一体的关键一极。潜艇也是较早期就有的匿踪载具。潜艇的噪音降至90分贝左右就可以“淹没”在浩瀚的海洋背景噪音中，就不是当代声纳所能侦测的。 
Submarine,submarine,
奥斯邦,奥斯邦,奥斯邦1966年于成立美国，是胶粘剂及气雾喷罐的全球领先者。奥斯邦专业致力为客户提供高效、安全、环保的化学产品，并在胶粘、密封、润滑、清洁、保护及维修等领域，提供全方面的解决方案。
雨虹,雨虹,《雨虹》是曹方作词、作曲并演唱的一首歌曲，收录于曹方2015年发行的个人专辑《流浪癖》中。 
嘉宝莉,嘉宝莉,作为领先的涂料及涂装方案提供商，嘉宝莉长期专注于涂料与油墨的研发、生产和销售，集团现年销售收入，年纳税额2亿多元。从2011年开始，嘉宝莉蝉联美国《涂料世界》发布的“全球顶级涂料排名”，2013年，嘉宝莉还首次跻身全球涂料40强，位列第36位。 
大自然,大自然,大自然（nature）是指狭义的自然界。它是与人类社会相区别的物质世界。即自然科学所研究的无机界和有机界。自然界是客观存在的；它是我们人类即自然界的产物本身赖以生长的基础。
Nature,nature,英国著名杂志《Nature》是世界上最早的国际性科技期刊，自从1869年创刊以来，始终如一地报道和评论全球科技领域里最重要的突破。影响因子40.137（17年数据）。其办刊宗旨是“将科学发现的重要结果介绍给公众，让公众尽早知道全世界自然知识的每一分支中取得的所有进展”。《Nature》网站涵盖的内容相当丰富，不仅提供1997年6月到最新出版的《Nature》杂志的全部内容，其姊妹刊物《Nature》出版集团(TheNaturePublishingGroup)出版的8种研究月刊，6种评论杂志，2种工具书。
马可波罗,马可·波罗,马可·波罗（MarcoPolo），1254年9月15日出生于克罗地亚考尔楚拉岛，威尼斯旅行家、商人，著有著名的《马可·波罗游记》。于1324年1月8日逝世。根据马可·波罗本人自述（马可·波罗的狱友所写的）《马可·波罗游记》（以下关于其本人经历的描述，均来自《马可·波罗游记》），其关于中国的经历的描写，在中西方史学界尚存有一定争议，而且争议双方都不能有充分的证据证明其来过或者未来过中国。
MARCO POLO,马可·波罗,马可·波罗（MarcoPolo），1254年9月15日出生于克罗地亚考尔楚拉岛，威尼斯旅行家、商人，著有著名的《马可·波罗游记》。于1324年1月8日逝世。根据马可·波罗本人自述（马可·波罗的狱友所写的）《马可·波罗游记》（以下关于其本人经历的描述，均来自《马可·波罗游记》），其关于中国的经历的描写，在中西方史学界尚存有一定争议，而且争议双方都不能有充分的证据证明其来过或者未来过中国。
乐图,乐图,乐图是一个免费的手机地图软件，支持GPS语音导航（V3以后的版本语音导航功能已收费），位置搜索、电子地图浏览、地图查询、公交查询、GPS位置追踪等服务
维芙,维芙,维芙，加拿大滑冰运动员。
ergo,ergo,在英语母语国家，人们将Ergo独立出来做了ErgonomicErgonomics的简称，既可做形容词也可作名词，为“人体工学”之含意，如今已较少有其希腊文原意。
旗航壁纸,旗航壁纸,旗航壁纸（简称：旗航，英文标识：QHANG）即上海旗航装饰材料有限公司，是当前中国最大的壁纸品牌之一。2008年3月，旗航于上海十大商业中心之一的徐汇区创立，并集产品设计、研发、生产、销售于一体。作为高端壁纸领航者，旗航积极参与国际一流家饰展会及合作，引入并创新出多种顶尖制作工艺及产品，始终致力于家装行业持续健康发展。
贝尔,贝尔·格里尔斯,贝尔·格里尔斯（BearGrylls），1974年6月7日出生于英国怀特岛本布里奇城，探险家、主持人、作家、演讲家。 2006年，因其在探索频道主持节目《荒野求生》中所食用的东西太过惊人，而被冠以“站在食物链顶端的男人”的称号 。2007年，贝尔为英国四频道做了八个系列节目，节目名为《天生求存者，贝尔格里尔斯》 。2008年，贝尔继续拍摄《荒野求生》和《天生求生者贝尔格里尔斯》，涉及全球16个地区，从非洲沙漠到印度尼西亚、伯利兹、加拿大育空、伊拉克等等 。2009年，贝尔·格里尔斯成为新一届英国童子军总会的主席 。2013年7月，主持冒险竞技系列真人秀节目《求生大作战》 。2015年，贝尔参加中国东方卫视真人秀节目《跟着贝尔去冒险》 。2016年12月与姚明一起录制《越野千里》第一期 。
BBL,BBL,bbl是石油单位1bbl就是1桶，原油比重由0.8到1.0公斤/升，所以一桶石油的重量也不尽相同。大约在128-142公斤之间。
楼兰,楼兰,楼兰，是西域古城遗迹。名称最早见于《史记》，曾经为丝绸之路必经之地，现只存遗迹，地处新疆巴音郭楞蒙古自治州若羌县北境，罗布泊的西北角、孔雀河道南岸的7公里处。楼兰国是西域古国名，是中国西部的一个古代小国，国都楼兰城（遗址在今中国新疆罗布泊西北岸）。公元前77年楼兰国更名鄯善国，并迁都泥城，向汉朝称臣，原都城楼兰城则由汉朝派兵屯田，楼兰位于东经89°55′22″，北纬40°29′55″。西南通且末、精绝、拘弥、于阗，北通车师，西北通焉耆，东当白龙堆，通敦煌，扼丝绸之路的要冲。国人属印欧人种，语言为印欧语系的吐火罗语。由于孔雀河的改道，罗布泊水萎缩，生存环境日益恶劣，约公元422年以后，楼兰城民众迫于严重干旱，遗弃楼兰城，逐渐南移，鄯善国（楼兰国）先后并吞了婼羌、小宛、精绝、且末等国，成为西域七强之一，公元448年北魏灭鄯善国。前后经历了约600余年的鄯善国（楼兰国），至此灭亡。
高恩,高恩,高恩(1966-)，河南鲁山人，现为中国美术家协会理事，河北画院院外画师。
斯图,斯图,斯图原名达内尔·西图DarnelSitu，是一名后卫，现在效力于斯旺西城足球俱乐部。
西卡,西卡公司,西卡公司，国际注册英文名：SIKA。是一家在全球各地生产及经营建筑用化学材料产品的跨国公司，全球七十多个国家设立了约80个工厂和销售公司，生产及经营化学材料产品的跨国公司，产品多达九十多种，分别为建筑用产品及工业用产品。公司在瑞士证券交易所挂牌上市。
宣伟,宣伟,1866年宣伟（Sherwin-Williams)创立于位于美国俄亥俄州克利夫兰市，是世界历史最悠久的涂料零售商之一。发展至今，业务遍及全球30多个国家和地区，拥有3万多名员工和3400多家自营店，2008年销售额达到80亿美元，是全球第三大涂料供应商。
箭牌,箭牌,箭牌是美国箭牌糖果有限公司（WmWrigleyJrCompany）的简称，公司成立于1891年，由小威廉.瑞格理创办，是国际糖果业界的领导者之一和全球最大的口香糖生产及销售商。箭牌糖果（中国）有限公司为其在中国设立的独资企业。目前在广州经济技术开发区、广州市番禺区和上海市松江工业区分别设有三家工厂。美国箭牌糖类有限公司是国际糖果业和全球最大的口香糖生产商，产销口香糖、薄荷糖、硬糖、软糖以及棒棒糖等多样化产品。公司在超过40个国家开展业务，产品行销世界上超过180个国家，其中“黄箭”和“白箭”品牌已有110多年的历史。箭牌公司长期致力于让“箭牌融入生活每一天”，产品具有相当高的知名度和品牌美誉度。
ARROW,绿箭侠,《绿箭侠》（Arrow）是由戴维·纳特执导的美国动作冒险类电视连续剧，由斯蒂芬·阿梅尔、凯蒂·卡西迪、薇拉·贺兰德、科林·萨尔蒙、约翰·巴洛曼等主演。《绿箭侠》改编自“DC漫画”，讲述了亿万阔少奥利弗·奎恩遭遇海难，困于小岛五年后被渔民救起，重返故乡斯塔灵市。奥利弗在炼狱岛上揭开了父亲参与的一场恐怖计划，同岛上的雇佣兵、黑手党、恐怖分子之间发生的故事。 《绿箭侠》第一季于2012年10月10日在CW电视台首播，第二季于2013年10月9日首播。第三季于2014年10月8日首播，第四季于2015年10月7日首播，第五季于2016年10月5日首播，第六季于2017年10月12日首播。 
公元,公元,公元，即公历纪元，原称基督纪年，又称西历或西元，一种源自于西方社会的纪年方法。是由意大利医生兼哲学家AloysiusLilius对儒略历加以改革而制成的一种历法。1582年，时任罗马教皇的格列高利十三世予以批准颁行。它以耶稣诞生之年作为纪年的开始。在儒略历与格里高利历中，在耶稣诞生之后的日期，称为主的年份AnnoDomini（A.D.）（拉丁）。而在耶稣诞生之前，称为主前BeforeChrist（B.C.）。但是现代学者为了淡化其宗教色彩以及避免非基督徒的反感而多半改称用公元(Commonera，缩写为C.E.)与公元前(BeforetheCommonEra，缩写为B.C.E.)的说法。辛亥革命爆发后次年(1912年)，当时的中华民国政府采用公历作为国历，纪年方面，公元纪年法与民国纪年法并行。1949年9月27日，经过中国人民政治协商会议第一届全体会议通过，新成立的中华人民共和国使用国际社会上大多数国家通用的公历和公元作为历法与纪年。但是也并没有废除农历，现今的中国传统节日还是以农历为准。
ERA,era,ERA的英文原意是“时代、世纪”，是一个新世纪音乐团体，乐队的领衔人物是法国音乐家艾瑞克·拉维（EricLévi）。其音乐融古典、歌剧、格列高利圣咏与当代风格于一体。ERA让听者感受到音乐的大气、磅礴，并带有一丝的宗教色彩，所以在新世纪音乐的乐迷中受到很大推崇。
塞纳春天,塞纳春天,塞纳春天项目位于文昌西路与甘八路交汇处北侧约800米，是由扬州天成房地产开发有限公司投资开发的，容积率0.74，绿化率32.8%，一期推出联排、双拼和独栋房源，共54户。双拼面积232平方米，联排别墅面积194-212平方米。将推出54套联排、双拼和独栋房源，74套商铺和公寓房源。
光胜,光胜,光胜1967年生于上海，毕业于安徽师范大学美术系。现为安徽省美术家协会会员，安徽省工笔学会理事，淮河画院秘书长，蚌埠市美术家协会主席团主席兼秘书长，蚌埠市青年美术家协会执行主席，蚌埠市文学艺术创作研究所专职画家。作品曾在安徽日报、安徽青年报、上海文化艺术报、新民晚报。申江服务导报、杭州日报、中国劳动日报等发表。作品销入日本、台湾、香港、新加坡、澳大利亚等地。
本木,本木,本木是福州启点建筑装饰材料有限公司旗下的一个高级墙纸品牌。该品牌成立于2005年，公司主要从事经营各类高级墙纸，提供家庭，餐厅，酒店，娱乐场所，办公室，政府机构等不同客户的装饰设计，是一家通过以实体销售与网络平台销售的墙纸专营公司，提供全系列墙纸销售，设计施工，装饰咨询及专业的客服售后保障等。
诺贝尔,阿尔弗雷德·贝恩哈德·诺贝尔,阿尔弗雷德·贝恩哈德·诺贝尔，瑞典化学家、工程师、发明家、军工装备制造商和炸药的发明者，1833年10月21日出生于斯德哥尔摩，1896年12月10日逝世。诺贝尔一生拥有355项专利发明，并在欧美等五大洲20个国家开设了约100家公司和工厂，积累了巨额财富。1895年，诺贝尔立嘱将其遗产的大部分（约920万美元）作为基金，将每年所得利息分为5份，设立诺贝尔奖，分为物理学奖、化学奖、生理学或医学奖、文学奖及和平奖5种奖金（1969年瑞典银行增设经济学奖），授予世界各国在这些领域对人类作出重大贡献的人。 为了纪念诺贝尔做出的贡献，人造元素锘（Nobelium）以诺贝尔命名。 
玉兰,玉兰,玉兰（MagnoliadenudataDesr.），木兰科落叶乔木，别名白玉兰、望春、玉兰花。原产于中国中部各省，现北京及黄河流域以南均有栽培。木兰科玉兰亚属，落叶乔木。花白色到淡紫红色，大型、芳香，花冠杯状，花先开放，叶子后长，花期10天左右。中国著名的花木，南方早春重要的观花树木。上海市市花。玉兰花外形极像莲花，盛开时，花瓣展向四方，使庭院青白片片，白光耀眼，具有很高的观赏价值；为美化庭院之理想花型。
家乐邦,家乐邦,家乐邦是上海锋泾建筑材料有限公司旗下的家居装饰用辅料品牌。
西哲,西哲,西哲是西方哲学的简称，西方哲学包括本体论（形而上的唯物质的存在哲学）、认识论（包括主观唯心主义和客观唯心主义等在内的唯心主义哲学）、伦理学、语言哲学（分析哲学）等几大分支，又可细分为唯意志主义、实证主义、新康德主义、直觉主义、分析哲学、现象学、存在主义、解释学、西方马克思主义、实用主义、结构主义、解构主义等流派，主要经历了古希腊哲学、中世纪的经院哲学、17～18世纪的理性论和经验论，以及德国古典哲学等阶段，传统哲学中的认识论、本体论、伦理学等方面的问题，仍然是现代西方哲学所讨论和研究的重点。
高登,高登,高登，1986年3月20日出生于江苏睢宁，毕业于北京电影学院表演系专业，内地歌手、演员。2006年7月29日发行了第一张个人单曲碟《约定》正式出道。2010年在首届“华语音乐流行榜颁奖典礼”中，凭借歌曲《九门提督》一举夺得“最佳男歌手”。2012年正式发行首张个人专辑《有没有搞错》，并凭借该专辑荣获”华语音乐流行榜”最佳单曲奖。2014，推出专辑《勇敢的心》，专辑里面涵盖了摇滚中国风R&b民谣抒情。2015年，推出专辑《一杯咖啡》。 
紫荆花漆,紫荆花漆,成立于1982年的香港涂料品牌——「紫荆花漆」，秉承「专心在漆、用心在人」的企业精神，不断为中国市场研发和生产环保及性能卓越的产品。「紫荆花漆」是香港上市公司叶氏化工集团有限公司（股票代号：408）的三大核心业务之一，目前旗下的生产和行政基地包括上海、成都、深圳、惠阳、汕头、东莞及桐乡七个地点。2005年9月勇夺中国国家质量监督检验检疫总局授予的中国品牌最高荣誉——「中国名牌」的称号，成为中国第一批获此殊荣的涂料产品。
琼华,琼华派,琼华派，系列单机游戏《仙剑奇侠传》门派之一，出现于《仙剑奇侠传四》。地处昆仑山的修仙门派，乃昆仑八派之一，其它七派是（昆仑、碧玉、紫翠、悬圃、玉英、阆风、天墉）。与蜀山仙剑派、蓬莱派同为人界修仙大派。琼华一派信奉九天玄女，素以铸剑秘术为尊，集三代长老毕生心血铸就“望舒”、“羲和”。修仙之法讲究“人剑合一”，凭借三尺青锋，除妖荡魔，为方圆百姓敬仰。 后因逆天飞升触怒天帝，而遭天火焚烧，琼华派就此覆灭。
三和,三和,三和，纳喇氏，满洲镶白旗人。乾隆六年，授总管内务府大臣，迁户部侍郎，调工部。
联塑,联塑,
纽盾,纽盾,
美涂士,美涂士,广东美涂士建材股份有限公司始创于1997年，总部位于中国涂料建材之乡——广东顺德，是目前顺德涂料行业唯一获得当地政府认定的“总部经济企业”.
大师,阿尔法围棋,阿尔法狗（AlphaGo）是第一个击败人类职业围棋选手、第一个战胜围棋世界冠军的人工智能程序，由谷歌（Google）旗下DeepMind公司戴密斯·哈萨比斯领衔的团队开发。其主要工作原理是“深度学习”。2016年3月，阿尔法围棋与围棋世界冠军、职业九段棋手李世石进行围棋人机大战，以4比1的总比分获胜；2016年末2017年初，该程序在中国棋类网站上以“大师”（Master）为注册帐号与中日韩数十位围棋高手进行快棋对决，连续60局无一败绩；2017年5月，在中国乌镇围棋峰会上，它与排名世界第一的世界围棋冠军柯洁对战，以3比0的总比分获胜。围棋界公认阿尔法围棋的棋力已经超过人类职业围棋顶尖水平，在GoRatings网站公布的世界职业围棋排名中，其等级分曾超过排名人类第一的棋手柯洁。2017年5月27日，在柯洁与阿尔法围棋的人机大战之后，阿尔法围棋团队宣布阿尔法围棋将不再参加围棋比赛。2017年7月18日，教育部、国家语委在北京发布《中国语言生活状况报告(2017)》，阿尔法围棋入选2016年度中国媒体十大新词。 2017年10月18日，DeepMind团队公布了最强版AlphaGo，代号AlphaGoZero。 
通用电气,通用电气公司,通用电气公司，即美国通用电气公司（GeneralElectricCompany，简称GE，创立于1892年，又称奇异公司，NYSE：GE），是世界上最大的提供技术和服务业务的跨国公司。自从托马斯·爱迪生创建了通用电气公司以来，GE在公司多元化发展当中逐步成长为出色的跨国公司。目前，公司业务遍及世界上100多个国家，拥有员工315000人。 2016年10月，通用电气公司排2016年全球100大最有价值品牌第十名。 美国通用电气公司2017年6月1日宣布，在天津空港经济区启用其首个美国以外、服务于多个业务部门的智能制造技术中心。 在2017年6月7日发布的2017年《财富》美国500强排行榜中，排名第十三。 2017年6月，《2017年BrandZ最具价值全球品牌100强》公布，通用电气公司排名第19位。 
GE,通用电气公司,通用电气公司，即美国通用电气公司（GeneralElectricCompany，简称GE，创立于1892年，又称奇异公司，NYSE：GE），是世界上最大的提供技术和服务业务的跨国公司。自从托马斯·爱迪生创建了通用电气公司以来，GE在公司多元化发展当中逐步成长为出色的跨国公司。目前，公司业务遍及世界上100多个国家，拥有员工315000人。 2016年10月，通用电气公司排2016年全球100大最有价值品牌第十名。 美国通用电气公司2017年6月1日宣布，在天津空港经济区启用其首个美国以外、服务于多个业务部门的智能制造技术中心。 在2017年6月7日发布的2017年《财富》美国500强排行榜中，排名第十三。 2017年6月，《2017年BrandZ最具价值全球品牌100强》公布，通用电气公司排名第19位。 
汉高,汉高,汉高是指汉高祖刘邦。
Henkel,德国汉高,德国汉高公司1876年9月26日创建于亚琛，创始人为FritzHenkel。1878年公司迁往杜塞尔多夫。汉高公司的业务重点在于应用化学。经140多年发展，汉高从80个工人企业扩展成为世界性的集团公司，2016财年销售额为187.14亿欧元，调整后营业利润为31.72亿欧元。汉高优先股被列入德国DAX指数。
菲林格尔,菲林格尔,菲林格尔（vöhringer），始于1921年，是一个拥有近百年历史的德国木业品牌。总部位于德国的巴登符腾堡州。菲林格尔在欧洲主营各种车型的车内木饰产品。1996年开始进入中国，在经过五期投产扩建后，现拥有近300亩的花园工厂，产品线覆盖强化类地板、实木类地板、整体橱柜、定制家居 等木制家具产品，市场占有率达20%以上。菲林格尔已成为著名的地板制造商。 
绿泇,绿泇,绿泇公司专业开发设计制造和销售"灰鼠"、"绿泇"、"小灰鼠"三个品牌的系列休闲服，倍受年青人的青睐。
晨阳水漆,晨阳水漆,晨阳水漆成立于1998年，位于保定市徐水区 ，是集水漆生产、建材贸易、工程施工等为一体的现代化集团公司。自建厂以来，集团一直专注于水漆的研发、生产与推广，旗下产品覆盖家装水漆、工程水漆、工业水漆、木器水漆等几大系列上百个品种。 并被广泛应用到建筑、装饰、家具、家装、家电、汽车、船舶、交通、轻工、电力等多个行业。是北京奥运工程和9.3阅兵天安门重涂工程涂料供应商， 并和鸟巢达成战略合作协议，成为鸟巢独家水漆供应商。 
东方雨虹,东方雨虹,东方雨虹成立于1998年3月，现已发展成为一家集防水材料研发、制造、销售及施工服务于一体的中国防水行业龙头企业，是国家高新技术企业、上市公司(SZ002271)，拥有国家认定企业技术中心和博士后科研工作站。1995年进入建筑防水行业，二十余年来，东方雨虹为重大基础设施建设、工业建筑和民用、商用建筑提供高品质防水系统解决方案，成为全球化的防水系统服务商。在“产业报国、服务利民”的指导思想下，公司投资还涉及非织造布、建筑节能、砂浆等多个领域。公司旗下品牌：东方雨虹(工程业务)、雨虹(民用建材)、卧牛山(节能保温)、孚达(节能保温)、天鼎丰(非织造布)、风行(防水)、华砂(砂浆)、洛迪(硅藻泥)、德爱威(建筑涂料)等品牌和业务板块。东方雨虹控股上海东方雨虹、香港东方雨虹、东方雨虹北美有限责任公司等50余家分子公司，在全国18个城市布局生产研发物流基地。 
精卫,女娃,上古神话传说中，女娃是炎帝最小的女儿，后溺水而亡，化作精卫鸟；另一说，女娃是上古的一个部落，由于气候变暖，海平面上升，女娃部落遭到灭顶之灾，后化作精卫。出自《山海经北山经》。
彩陶,彩陶,彩陶：亦称陶瓷绘画，它是我国悠久的“国粹”——陶瓷艺术之中的艺术，早在距今七千年左右的半坡文化时期，陶上便出现了最早的彩绘。而瓷上作品相对纸本更具张力，彩陶艺术中融合了艺术家的各种创作思想、风格、语言，创作出风格各异而又多姿多彩的艺术珍品，是我国不可多得的文化瑰宝。
风沙渡,风沙渡,“风沙渡”是江苏宜兴宜兴阳羡路上的一家小吃店。2011年6月红遍全国，这都要归功于一篇今年江苏高考的满分作文《拒绝平庸》。
华润漆,华润漆,1991年，华润漆创始于中国涂料之乡——顺德，是中国领先的专业生产建筑装饰装修涂料、高档木器涂料、水性涂料及高科技工业涂料系列产品的国际化、专业化集团企业。
兰缪,兰缪,兰缪就是优品生活（北京）科技有限公司，成立于2008年，是UnlimitedBrandsLtd在中国的全资子公司，负责LAMIU品牌在中国的多渠道营销。UnlimitedBrandsLtd投资商包括日本最大的电子商务公司、手机零售公司、证券公司等；其董事及顾问团队来自美国的Victorias，Secret、Coach，日本的华歌尔、千趣会、Cecile、QVC、乐天等公司的前任及现任高层。
KITO,Kito,Kito莫桑比克籍足球运动员。
九方,九方,九方，北京若森数字科技有限公司制作的国产3D动画《侠岚》中的一位侠岚。玖宫岭鸾天殿的侠岚，被称为四象侠岚中的精英。
塞拉维,塞拉维,塞拉维（卡通频道）/圣洛威（卫视中文台）/瑟拉斐（大然漫画版）/塞拉伯（香港亚洲电视）备注：动漫作品《小红帽恰恰》中的角色声优：泉类亨（原版）/雷霆（粤语）/陈进益（普通话）弟子：恰恰喜欢的人：桃乐丝称号：世界第一的魔法师重视的东西：伊丽莎白毕业学校：乌拉拉学院
雨涵,雨涵,雨涵是奇幻探案悬疑爱情剧《赏金猎人》中的人物，是剧中安聘远的初恋。
玖玖鱼,玖玖鱼,玖玖鱼只专注于瓷砖背景墙，心无旁骛，致力于将中国传统的纹饰符号融入现代化生产的瓷砖中进行艺术创作，用现代工艺演绎的古典风尚，在传统美学的规范下流露独有的典雅、端庄。
阿尔贝娜,阿尔贝娜,
Alpina,Alpina,Alpina是一家位于德国巴伐利亚州的汽车生产公司，通常被认为是针对宝马车型的改装厂，但是Alpina实际上作为汽车生产商通过了TÜV认证，因此Alpina也被看做是德国最小的汽车生产商之一。
华朗,华朗,
3M,3M公司,3M公司全称MinnesotaMiningandManufacturing（明尼苏达矿务及制造业公司），创建于1902年，总部设在美国明尼苏达州的圣保罗市，是世界著名的产品多元化跨国企业。3M是全球性的多元化科技企业，创建于1902年，素以勇于创新、产品繁多著称于世，生产数以万计的创新产品，在医疗产品、高速公路安全、办公文教产品、光学产品等核心市场占据领导地位。3M为全球近200多个国家的客户提供产品及服务，其产品已深入人们的生活，从家庭用品到医疗用品，从运输、建筑到商业、教育和电子、通信等各个领域，极大地改变了人们的生活和工作方式。
LG Hausys,LG Hausys,LGHausys是一家以“创造与自然相融合的人类幸福生活空间”为愿景的全球性企业，为顾客提供多种多样的新型环保的建筑装饰材料、高功能材料与配件产品。LG华奥斯在世界各地实施本地化战略，在美国、中国、俄罗斯等世界各地取得很好的成果。目前在中国有1家贸易法人公司和2家生产法人。其前身为LG化学产业材事业部门，2009年6月正式成立法人企业。
格洛克,格洛克,蒂姆·格洛克，他的赛车生涯从四岁学骑越野摩托车开始，升格为F1车手非常迅速，而又短暂。格洛克从开卡丁车开始跻升参加宝马-ADCD方程式赛，初次亮相便赢得了冠军。现在是维珍F1车队正式车手。
金蝉,金蝉,金蝉，是昆虫纲同翅目蝉科昆虫的代表种，成虫又称蚱蝉、黑蝉，成熟若虫俗称爬拉猴、知了龟、知了猴、爬蚱等。成虫金蝉体长40～48毫米，翅展125毫米。全体黑色，有光泽，被有金属光泽。复眼淡赤褐色。头的前缘中央及颊上方各有黄褐色斑一块。中胸背板宽大，中央有黄褐色“X”形隆起。前后翅透明。前翅前缘淡黄褐色，基部黑色，亚前缘室黑色，前翅基部1/3黑色，翅基室黑色，具一淡黄褐色斑点；后翅基部2/5黑色，翅脉淡黄色及暗黑色。足淡黄褐色。金蝉具有高蛋白、高营养、纯天然、无公害、纯绿色等特点金蝉既为传统的一道药膳上品，也是我国一味常用中药材，在我国各个地区，特别是黄河中下游的广大地区早有食用金蝉的习惯。
爱丽丝,爱丽丝·滋贝鲁库,爱丽丝·滋贝鲁库，轻小说作品《刀剑神域》Alicization篇中的女主角。金色的长发，小时候一身朴素的打扮。在11岁时和桐人、尤吉欧一起前往终结山脉探险，但在回来的路上不幸触犯了《禁忌目录》，并在次日被带走。后在公理教会受“整合之秘术”影响失去了之前的记忆，成为了侍奉最高祭司的整合骑士。 
paint,paint,paint是一个英语单词，可以用作名词和动词，可以翻译为颜料、涂料，等等。
QIANYAO,QIANYAO,QIANYAO，隶属广州潜耀商贸有限公司，创立于2012年3月。
米索,米索,
乐泰,乐泰,Loctite品牌1997年以来成为汉高产品组合的一部分，因其优质粘合剂和密封剂而出名。自50多年前独特的厌氧技术最初发展以来，Loctite产品已经成为许多日常生活核心机器和产品的重要成分。汉高乐泰（中国）有限公司在当今充满竞争的市场上，以其能力和灵活性对新挑战做出快速反应。研发承诺能够满足这些需求成为了汉高乐泰（中国）有限公司不断要求进步的标准，促成了当今可用的技术先进的产品系列：加快制造过程、降低成本、提高质量，符合国际和国内标准。
loctite,loctite,LOCTITE ，胡俊伟 注册的商标品牌，主要商品服务有内衣;服装;睡衣;童装;服装;服装;骑自行车服装;服装;服装;鞋(脚上的穿着物)。 
福乐阁,福乐阁,福乐阁是北欧最大的涂料制造商，公司成立于1783年，在200多年的经营中，公司成为整个欧洲享有盛誉的专业研发、生产和销售建筑涂料、木器涂料、涂料辅料、涂刷工具、墙纸的上市集团公司。
万通,万通,万通作为商标出现，表示吉林万通药业集团旗下通化万通药业股份有限公司申报的一款商标。吉林万通药业集团有限公司系集医药生产、研发、销售为一体的大型现代化实业集团。集团总部座落于长白山西麓，素有“中国医药城”美誉的吉林省通化市，目前拥有总资产57亿元，拥有员工8000余人，占地面积60万平方米。
安信,安信,安信®（注射用比阿培南），适应症为对本品敏感的菌株有：葡萄球菌属、链球菌属、肺炎球菌、肠球菌属（屎肠球菌除外）、莫拉氏菌属、大肠菌、柠檬酸菌属、克雷伯氏菌属、肠杆菌属、沙雷氏菌属、变形杆菌属、流感嗜血杆菌、铜绿假单胞菌、放线菌属、消化链球菌属、拟杆菌属、普氏菌属、梭形杆菌属等。本品适用于治疗由敏感细菌所引起的败血症、肺炎、肺脓肿、慢性呼吸道疾病引起的二次感染、难治性膀胱炎、肾盂肾炎、腹膜炎、妇科附件炎等。
亚细亚,亚洲,亚洲（字源古希腊语：Ασία；拉丁语：Asia），曾译作“亚细亚洲”和“亚西亚洲”，是七大洲中面积最大，人口最多的一个洲。其覆盖地球总面积的8.7%（或言总陆地面积的29.4%）。人口总数约为40亿，占世界总人口的约60.5%（2010年）。亚洲绝大部分地区位于北半球和东半球。亚洲与非洲的分界线为苏伊士运河。苏伊士运河以东为亚洲。亚洲与欧洲的分界线为乌拉尔山脉、乌拉尔河、里海、大高加索山脉、土耳其海峡和黑海。乌拉尔山脉以东及大高加索山脉、里海和黑海以南为亚洲。大陆东至白令海峡的杰日尼奥夫角（169°39′7″W，66°4′45″N），南至丹绒比亚（103°31′E，1°16′N），西至巴巴角（26°3′E，39°27′N），北至切柳斯金角（104°18′E，77°43′N），最高峰为珠穆朗玛峰。跨越经纬度十分广，东西时差达11～13小时。西部与欧洲相连，形成地球上最大的陆块欧亚大陆。亚洲是世界三大宗教佛教、伊斯兰教、基督教的发源地。
壁上观,壁上观,“壁上观”又“作壁上观”，解释壁：营垒。比喻坐观胜负而不帮助任何一方。
波拉波拉,波拉波拉,（波拉波拉）是太平洋上的珍珠，她从大约三百万年前即，在大希地语中的意思是“最先出世”。传说，它是大洪水后第一块露出水面的地方。这个神秘的小岛曾经被叫做“MaiTePora”（“上帝之作”）。
金龙羽,金龙羽,《金龙羽》是连载于幻剑书盟的网络小说，作者是金龙羽。
正点,正点,正点形容船、火车、飞机按规定时间运行。形容事物恰到好处，有感觉，到位，很不错。常形容女生漂亮可爱。
嘉力丰,嘉力丰,嘉力丰集团成立于2001年，其总部位于“风华冠绝，人文领袖”的中国杭州。是全球最大的墙纸辅料生产供应商之一，主营墙纸配套产品和服务，涵盖墙纸胶粉、墙纸胶浆、墙纸基膜、糯米胶，清洁剂、墙纸专用工具等多种系列，千余个品种。目前，该公司拥有国内外客户群体超过36000多家，经营业绩始终保持在年30%以上的增长率，年产值和年销售量居行业第一，销售网络覆盖全国，并延伸至欧美、中东、东南亚等各国。
道格拉斯,迈克尔·道格拉斯,迈克尔·道格拉斯（MichaelDouglas），1944年9月25日出生于新泽西州，美国电影演员、制片人。1976年因担任《飞越疯人院》制片人获奥斯卡最佳影片奖，1987年凭借电影《华尔街》获得奥斯卡最佳男主角奖。2000年和比他小24岁的英国女星凯瑟琳·泽塔·琼斯结婚。2009年6月，迈克尔·道格拉斯获颁美国电影学会终生成就奖 。2010年再度携手奥利佛·斯通推出《华尔街2》。2010年8月，被确诊患上咽喉癌。2014年，凭借《烛台背后》获得迷你剧/电视电影最佳男主角奖，迈克尔·道格拉斯又加盟漫威电影《蚁人》，出演一代蚁人汉克·皮姆博士 。
理查德,理查德·米尔豪斯·尼克松,理查德·米尔豪斯·尼克松（RichardMilhousNixon，1913年1月9日－1994年4月22日），美国著名政治家，美国第34任副总统（1953－1961）及第37任总统（1969－1974）。尼克松于1974年辞职，成为美国历史上第一位在任期内辞职的总统。他曾在1972年和1976年两度访华，是首位在任期间访华的美国总统，被称为“中国人民的老朋友”。
秋田,秋田犬,秋田犬（あきたいぬ/アキタイヌ）是日本国犬，在日本是家庭宠物犬。秋田犬是日本最大的狐狸犬种，这一大型狐狸犬就算在欧洲和美国这种狐狸犬种众多的国家也颇为引人瞩目。在日本，秋田犬是具有国家历史文物意义的犬，属国犬，因“忠犬八公”闻名于世，是日本指定的国家天然纪念物中唯一的大型犬。该犬十分勇猛、感觉锐敏、忠诚且聪明，有关其忠诚的故事很多。秋田县是秋田犬发祥地，该地区北部多山，而且冬季十分寒冷。秋田犬是能干的工作犬和看家犬，村民们常常带着犬去猎杀野猪和熊，犬最拿手的本领是帮猎人在雪地或水中寻找被击中的猎物，寻回后交给主人。 
卡夫特,卡夫特,卡夫特是广东恒大新材料科技有限公司品牌之一，公司成立于1992年，占地面积30000m2，建有10000m2的生产厂房和2000m2的工程研发中心。
金线,金线,金线是汉语词汇，拼音jinxian，解释为.比喻初生柳条。
莱诺,贝恩德·莱诺,贝恩德·莱诺（BerndLeno），1992年3月4日出生于德国比蒂格海姆-比辛根，德国职业足球运动员，司职门将，现效力于德国勒沃库森足球俱乐部。 贝恩德·莱诺曾效力斯图加特二队，2011年加盟勒沃库森队。2016年完成代表德国国家队的首秀 。2017年随德国队夺得联合会杯 。
华龙,华龙,河北华龙面业集团有限公司是一家股份制民营企业，位于全国优质小麦基地---河北省隆尧县。从1994年3月创建以来，经过十一年的艰苦创业，华龙集团现已发展成为占地面积100万平方米，员工12000人，拥有十五个分公司，集方便面、面粉、调味品、饼业、包装、彩印、运输于一体的功能齐备、设施先进、管理现代化的大型食品企业集团，总资产达30亿元。公司是一家集生产、销售、科研开发于一体的现代化综合食品企业，公司凭借一流的方便食品生产水平和“今麦郎”、“华龙”等知名品牌而享誉华夏。
达,达,达，da，从辶（辵）从羍、原以羍指代很好的生育能力，后引申为大（羍）道通畅，行人（辵）互不相遇。羊子初生名羍。小曰羔。未成羊曰羜。大曰羊。凡生子始生较难，后稷为姜嫄始生子，乃如达出之易，故曰先生如羍，云如羊子之生（生无不易者）。以羍训逹，凡故训传之通例如此。假借也。达是形声字，辶（chuò）为形，大为声。达的繁体也是形声字，辶为形，羍（dá）为声。达的本意是在大路上行走，有通达、畅通之意。还由畅通的意思引申出了通显、显贵等意。 
科顺,科顺,“科顺”是佛山市科嘉霖电器制造有限公司旗下品牌之一，公司创建于1989年，为国内专业生产榨汁机与食品加工机等生活电器产品的中外合资企业之一。
水性科天,水性科天,科天集团是一家从事水性高分子技术研究和应用的高科技企业。水性科天，作为“一带一路”上重点建设的环保高科技企业，水性科天拥有水性高分子核心技术 。水性科技以水代替有机溶剂制备的高分子统称水基高分子，其无毒无味无污染，是高分子材料发展的重要方向之一 。水性科天所生产的水性涂料、水性板材、水性墙革、水性壁纸等材料，从源头上杜绝了有害化学物质对人体的毒害 。水性科天集团成立后，将技术研发作为发展之本，先后与中国科技大学、安徽大学、南京林业大学和陕西科技大学等国内知名院校进行产学研合作，建立了国内最先进的水性科技研发平台，始终致力于水性科技的应用研究、成果转化和智能家居材料的研发。迄今为止，集团已经拥有国家发明专利55项，省级科研成果30项，主持制订行业标准3项，参与制订行业标准5项等科技成果 。
绿林,绿林,绿林（lùlín），地名，绿林位于湖北京山西北。见《汉书》卷九九下《王莽传》《后汉书》二一刘玄传。后来以绿林泛指结伙聚集山林之间反抗政府或抢劫财物的有组织集团。词义同“绿林好汉”，“绿林豪客”。
龙牌,龙牌,龙牌：供于佛前，可指饰有龙纹的牌位，也指传达皇帝命令的牌子。
lola,Lola,Lola是上海徐汇区的一所餐馆，适宜恋人小聚、朋友聚会，提供有在线菜单和露天餐位。
骄富,骄富,骄富是一个汉语词语，读音是jiāofù，是指骄纵而富裕。
卡本,卡本,卡本，谐音同carbon，汉语中无此词语，国内有公司其谐音作为公司名称。carbon或karbon为碳之意，碳元素的设计领域颇广，包括环保、材料、军工科技等领域，其中材料之王碳纤维是通过利用碳原子稳定性制造而成的高性能材料。
卢森,卢森,卢森，中国书法家协会广西分会（现广西书法家协会），之后，曾先后任中国国际书画艺术研究院常务副院长、中国书法研究院艺术委员会会员、中国国际公共关系协会会员、中国书画经营家协会联络交流委员会委员、美国TheThomasCranePublicLibrary（QincyMA，USA）艺术顾问、中国书法艺术家卢森缅甸艺术中心（缅甸）理事长、福建省盛世开元书画院院务委员、广西书画艺术发展促进会理事长、甘肃会宁画院名誉院长、甘肃省临泽书画艺术交流中心顾问、“祖国颂”世界华人书画大赛暨海内外巡展组委会副主任。
世卿,世卿,世卿，不是一种制度，而是在春秋时候出现的一种现象，卿是大夫一种，是“封建阶级”（可以理解为封建阶差，阶级这个词已经是鹊占鸠巢）的一种。
来威,来威漆,来威，1831年诞生于欧洲比利时斯哈尔贝克镇，由于品质优异，1835年欧洲大陆第一条商业铁路开通时，上面行驶的列车内外涂料选用的是来威漆。来威，现在是阿克苏诺贝尔公司旗下的重要战略品牌，在欧洲已行销180多年，被誉为涂料中的“劳斯莱斯”，连续多年保持全球销量前列。
正然,正然,正然硅藻泥是以硅藻土、碧玺石为主要材料，碳酸钙、氧化钙等环保无机材料为辅料的高级墙面装修材料。本品具有调湿、隔音、除臭、隔热等功能，更可以持续吸收、分解有害物质。
杨柳岸,杨柳岸,杨柳岸网络文学创办于2008年5月，经过多年的发展已初具规模。杨柳岸网络文学网站创办的初衷是为了服务于广大原创文学作者，为文学爱好者提供一个纯净的，优雅的，集网络文学创作投稿、在线阅读于一体的文学互动交流平台。您可以登录杨柳岸文学网站欣赏美文、以文会友、在线投稿、申请编辑以及互动点评。
巴斯夫,巴斯夫,巴斯夫股份公司（BASFSE），缩写BASF是由以前的全名「BadischeAnilin-und-Soda-Fabrik」（巴登苯胺苏打厂）而来，是一家德国的化工企业，也是世界最大的化工厂之一。巴斯夫集团在欧洲、亚洲、南北美洲的41个国家拥有超过160家全资子公司或者合资公司。公司总部位于莱茵河畔的路德维希港，它是世界上工厂面积最大的化学产品基地。
BASF,巴斯夫,巴斯夫股份公司（BASFSE），缩写BASF是由以前的全名「BadischeAnilin-und-Soda-Fabrik」（巴登苯胺苏打厂）而来，是一家德国的化工企业，也是世界最大的化工厂之一。巴斯夫集团在欧洲、亚洲、南北美洲的41个国家拥有超过160家全资子公司或者合资公司。公司总部位于莱茵河畔的路德维希港，它是世界上工厂面积最大的化学产品基地。
声博士,声博士,致力於建声技术应用及声学产品研发改造。整合国内外先进技术和港澳、内地优势市场资源。携手国际知名声学机构和国内多所声学研究所建立长期的互动合作关系。成为极少数集声学研究、建声设计於一体的声学科研型高新企业。同时为院校声学研究、业界学者、行业专家、相关从业人员提供一个学术交流、信息沟通、商务促进、技术转效的平台。
方雨,方雨,方雨，男，1975年3月出生，钟祥市人，荆门市城乡规划局党组成员、副局长。
ColorWorld,ColorWorld,《ColorWorld》是系镂桑U小白创作的网络小说，发表于17K小说网。
佐敦,佐敦,佐敦的大致范围，为广东道以东、加士居道以南、漆咸道以西及柯士甸道以北。区域的中心为佐敦道，而且被港铁佐敦站贯穿。佐敦被部分人视为油麻地的南部，但亦有另一部分人将佐敦道以南视为尖沙咀的北部，另外根据规划署的分区计划大纲图，佐敦道及漆咸道以南，包括香港理工大学，均属于尖沙咀的范围。
德尔,德尔,德尔集团(DER)是经国家工商行政管理总局批准的无区域、全行业的国家级集团，集团（含子公司）总注册资金1.6亿元，总部位于历史文化名城苏州。
雅莎,雅莎,雅莎手表源自法国巴黎浪漫主义之都，精湛工艺源自瑞士。采用飞翔之鹰造型作为品牌标志。雅莎手表制作，是心思的结晶，也是对美学和技巧完美配合的追求；满足不同年代的品味和潮流之余，必须无损传统素质及优点，才能叫人赏心悦目，始终如一。经过多年的品质追求已经是品位、地位、成功和财富的象征。
YASHA,YASHA,《YASHA》是竹安创作的网络小说，发表于晋江文学网。
康辉,康辉,康辉，1972年1月17日出生于河北省石家庄市无极县，毕业于中国传媒大学，中国中央电视台主持人。 1993年毕业后康辉进入中央电视台工作，同年任CCTV-1《晚间新闻报道》、《新闻早八点》等主播，新版《东方时空》、《午夜国际观察》主持人。2001年起康辉任央视新闻中心播音部的副主任，主持《新闻联播》、《新闻30分》、《新闻直播间》等多档节目。 2015年9月15日，康辉获得第四届“全国中青年德艺双馨文艺工作者”称号。
阔步,阔步,阔步kuòbù，汉语词汇，释义为大步走。
碧欧,碧欧,木蜡油是一种木器涂料。相较于传统木器漆有很多特点
格莱美,格莱美奖,格莱美奖（GrammyAwards，简称Grammys），美国录音界与世界音乐界至高奖项。每年一月底或二月初由国家录音艺术与科学学院（NationalAcademyofRecordingArtsandSciences，NARAS）颁发。学院由录音业的专业人士所组成，目的在于奖励过去一年中业界岀色的成就。格莱美奖是美国四个主要音乐奖之一（另三个为公告牌音乐奖、全美音乐奖和摇滚名人堂收录典礼）。第1届格莱美奖颁奖典礼于1959年5月4日举行。 第60届格莱美颁奖典礼将于2018年1月28日（当地时间）在美国纽约举行。 
哥俩好,哥俩好,抚顺市南杂木镇哥俩好化学产业园区，是一家集胶粘剂、涂料、原子灰、刹车液等产品的研发、生产与销售为一体的胶粘剂行业龙头企业。
荣彩,荣彩,荣彩，金庸小说《碧血剑》中的人物，是游龙帮帮主，在浙南一带，除了棋仙派温家五老、吕七先生等寥寥数人，武功数他为高。
罗浮宫陶瓷,罗浮宫陶瓷,“罗浮宫”是罗浮宫（国际）发展有限公司在中国大陆的注册公司罗浮宫尼凯（佛山）陶瓷有限公司麾下旗舰品牌。罗浮宫尼凯（佛山）陶瓷有限公司成立于2009年9月，是中国大陆境内唯一授权注册合法使用“LOUVRE罗浮宫”品牌标示的建陶品牌。
AIBO,AIBO机器狗,索尼AIBO的英文意思为“人工智能机器人”(ArtificialIntelligenceRobot)。该系列机器人大致有五代机型，每代的外形都大不一样，最后发售的一款ers-7型号颜色有珍珠白、香槟金色、纯黑，按目前汇率售价约16000人民币。2017年11月1日，日本索尼公司发布了狗型家用机器人“aibo”。新型“aibo”搭载了人工智能，能够自己靠近主人，发出有个性的叫声。这是1999年发售的世界首台家用机器人“AIBO”的新机型。 
博德,博德,博德（Bodoe），是挪威诺尔兰郡的首府及最大城市，也是挪威北部一个重要的港口城市，渔业发达。博德是挪威北部的一个港口城市。位于挪威海中部的半岛上，索尔特峡湾口，北极圈之北。人口约4.4万，是一个渔业中心，也是一个铜矿转运港。这里有修船厂、啤酒厂和水上飞机的基地。每年6月初至7月初出现极昼现象。
屋大维,盖乌斯·屋大维,盖维斯·屋大维·奥古斯都（拉丁语：GaiusOctaviusAugustus，公元前63年9月23日—公元14年8月19日），原名盖乌斯·屋大维·图里努斯（GaiusOctavianThurinus），后三头同盟之一，罗马帝国的第一位元首（Princeps），元首政制的创始人，统治罗马长达40年，是世界历史上最为重要的人物之一。屋大维是恺撒的甥外孙，前44年被恺撒指定为第一继承人并收为养子。 前43年，恺撒被刺后登上政治舞台，与安东尼、雷必达结成“后三头同盟”。前42年与安东尼在腓力比之战中打败共和派首领布鲁图和喀西。前36年，他剥夺雷必达的军权，后在阿克图海战打败安东尼，消灭了古埃及的托勒密王朝，回罗马后开始掌握一切国家大权。前30年，被确认为“终身保民官”，前29年获得“大元帅”（Imperator，又译”皇帝“）称号；前28年被元老院赐封为“奥古斯都”（意为神圣伟大） 。并改组罗马政府，给罗马世界带来了两个世纪的和平与繁荣。屋大维曾先后获得执政官、保民官、大祭司长等职衔，实为罗马皇帝。为加强统治，对军队进行改革，实行雇佣兵制度；建立禁卫军，驻守罗马和意大利。对外继续扩张，向西完成对西班牙的征服，向北推进至多瑙河、莱茵河一线。他善于审时度势、进退有节，处事机智果断、谨慎稳健。他所采取的一系列顺乎形势的内外政策，开创了相对安定的政治局面，为帝国初期的繁荣打下基础。公元14年8月，在他去世后，罗马元老院决定将他列入“神”的行列。
鲸彩,鲸彩,鲸彩，是一款大小为4.7MB的软件，官方版MTC认证，是山东广播经济频道的手机客户端，广播界首款智能手机社交互动广播客户端。
JONAS,JOnAs,JONAS是Disney频道的原创电视剧，一共两季（第二季更名为JONASL.A.），由美国当红流行摇滚乐队乔纳斯兄弟（JonasBrothers）主演。
米迪,米迪,米迪是一名苏格兰籍足球运动员，球场位置是中锋。
MIDI,MIDI,MIDI(MusicalInstrumentDigitalInterface)乐器数字接口，是20世纪80年代初为解决电声乐器之间的通信问题而提出的。MIDI是编曲界最广泛的音乐标准格式，可称为“计算机能理解的乐谱”。它用音符的数字控制信号来记录音乐。一首完整的MIDI音乐只有几十KB大，而能包含数十条音乐轨道。几乎所有的现代音乐都是用MIDI加上音色库来制作合成的。MIDI传输的不是声音信号，而是音符、控制参数等指令它指示MIDI设备要做什么，怎么做，如演奏哪个音符、多大音量等。它们被统一表示成MIDI消息(MIDIMessage)。传输时采用异步串行通信标准通信波特率为31.25×(1±0.01)KBaud。
多亮,多亮,多亮，1985年8月4日出生于新疆克拉玛依，中国内地男歌手。2010年，多亮参加浙江卫视《非同凡响》，并有不俗的表现；10月20日，多亮献唱于内地上映的好莱坞科幻动作片《全面回忆》中文宣传曲，正式版MV于17日推出，《全面回忆》的同名宣传曲制作人也是《背叛》、《寂寞先生》等热门歌曲的制作人黄洋 ；2012年因参加著名选秀节目《中国好声音》而被广大网友熟知，并成为《中国好声音》16强，导师那英组四强；2013年1月25日，获得《音乐先锋榜》2012年度“先锋新人奖”；8月11日，获得《新城国语力颁奖礼2013》“最佳演绎奖”和“内地新人王”两项大奖 。
优蓝,优蓝,优蓝手机客户端，是上海代乐网络科技有限公司开发的移动求职生活客户端。
诗珑,诗珑,诗珑漆（Signeo）来自于德国北威州，是带着“德系精工”血统的涂料品牌。 诗珑漆，凭借世界先进的全自动水性生产线、执行全封闭生产流程，采用饮用级生产用水，产品均为零污染健康环保的高品质水性涂料。 
SIGNEO,SIGNEO,SIGNEO，商标申请注册号16169078，注册号类27，申请人是上海诗珑家居有限公司。 
REMARK,Remark,Remark：（芯片频率重标识）芯片制造商为了方便自己的产品定级，把大部分CPU都设置为可以自由调节倍频和外频，它在同一批CPU中选出好的定为较高的一级，性能不足的定位较低的一级，这些都在工厂内部完成，是合法的频率定位方法。但出厂以后，经销商把低档的CPU超频后，贴上新的标签，当成高档CPU卖的非法频率定位则称为Remark。因为生产商有权力改变自己的产品，而经销商这样做就是侵犯版权，不要以为只有软件才有版权，硬件也有版权呢。
玛雅拼图,玛雅拼图,《玛雅拼图》是一款益智类网页游戏。
丫丫,佟丽娅,佟丽娅，1984年8月8日出生于新疆伊犁 ，毕业于中央戏剧学院表演系本科班，中国内地影视女演员。2006年，学生时期的佟丽娅便因出演情感剧《新不了情》而踏入影视领域 。2008年，佟丽娅因在古装剧《母仪天下》中饰演赵飞燕而崭露头角。2011年开始，佟丽娅凭借穿越剧《宫锁心玉》、爱情剧《北京爱情故事》获得更多关注 ；并义务出任了锡伯族形象大使 。2012年，她凭借在多部影视剧中的表现获得亚洲偶像盛典年度最具实力女演员奖 ；同年，她还主演了都市剧《恋恋不忘》 ，并担任了第4届中国大学生电视节形象大使 。2014年，佟丽娅位列福布斯中国名人榜第43名 ；同年，她还凭借家庭剧《断奶》获得第13届华鼎奖中国百强电视剧最佳女演员奖 。2016年，佟丽娅凭借现代剧《平凡的世界》获得第19届华鼎奖中国当代题材电视剧最佳女演员和第28届中国电视金鹰奖观众喜爱的女演员奖；同年，其主演的轻喜剧《酷爸俏妈》、剧情片《谜城》相继播映 。
索邦,杰雷米·索邦,杰雷米·索邦（JérémySorbon），1983年8月5日出生于法国卡昂，是一名法国足球运动员，司职后卫，现在效力于甘冈足球俱乐部 。
3d,3D,3D是英文“3Dimensions”的简称，中文是指三维、三个维度、三个坐标，即有长、宽、高。换句话说，就是立体的，3D就是空间的概念也就是由X、Y、Z三个轴组成的空间，是相对于只有长和宽的平面（2D）而言。根据科学猜想，人们本来就生活在四维的立体空间中（加一个时间维），眼睛和身体感知到的这个世界都是三维立体的（时间是虚构的），并且具有丰富的色彩、光泽、表面、材质等等外观质感，以及巧妙而错综复杂的内部结构和时空动态的运动关系；我们对这世界的任何发现和创造的原始冲动都是三维的。今天的3D，主要特指是基于电脑、互联网的数字化的3D/三维/立体技术，既可以是动词、是名词，又可以是形容词、是状态副词，也就是三维数字化。包括3D软件技术和3D硬件技术。3D或者说三维数字化技术，是基于电脑/网络/数字化平台的现代工具性基础共用技术，包括3D软件的开发技术、3D硬件的开发技术，以及3D软件、3D硬件与其他软件硬件数字化平台/设备相结合在不同行业和不同需求上的应用技术。
英朗,英朗,英朗XT和英朗GT是2010年上海通用汽车别克品牌基于“全球平台，欧美技术”推出的最新高端中级车。
SM,sm,sm就是虐待与受虐（英文sadomasochism）的简称，尤其在性方面。sm是一种性快感与痛感联系在一起的特殊性活动，即通过痛感获得性快感的性活动，是一种性欲倒错，属于bdsm重要术语之一。其中的疼痛既包括肉体痛苦（如鞭打导致的痛感），又包括精神上的痛苦（如羞辱、支配所导致的痛苦感觉），虐恋还包含施虐癖和受虐癖两个范畴，对他人施加痛苦可以导致自身的性快感、性兴奋或单纯的乐趣则属于前者，如果接受痛苦可以导致自身的满足感则属于后者。
刚强,刚强,刚强，男，出生于山西省太原市，毕业于中国传媒大学，中国中央电视台主持人。2017年1月21日晚，刚强与海霞首次搭档亮相《新闻联播》。 
圣戈班,圣戈班,圣戈班，成立时间：1665年公司业绩：2017年最新《财富》世界500强排名225位 2016年销售额432.3亿美元，在全球拥有近17万名员工 。圣戈班集团自1985年开始进入中国市场。集团至今已在华设立了46家企业及公司和1家研发中心 ，针对不同市场分别为以下领域服务：平板玻璃、汽车玻璃、保温隔音材料，石膏建材、陶瓷塑料、磨料磨具、管道系统及建材分销。英文名：SaintGobain，总部设在法国的圣戈班集团生产、加工并销售高技术材料并提供相应服务。圣戈班将原材料加工为先进材料用于我们的日常生活中，同时开发未来新材料。圣戈班集团是其所在所有行业的欧洲及世界领先者，并且是世界工业集团百强之一。圣戈班已在巴黎、伦敦、法兰克福、苏黎士、布鲁塞尔、阿姆斯特丹等交易所上市。圣戈班高功能产业部涵盖磨料磨具、陶瓷材料及玻璃纤维三大主营业务。这三大业务目前在中国和整个亚洲都已枝繁叶茂，他们共同支持、相互分享着创新、技术和市场。这三大业务集中在同一个部门，员工们能更好地服务客户、齐心协力地创造美好的未来。集团在全球66个国家设有生产企业 。如今，集团的两大事业部活跃于中国，分别为创新材料事业部（包括平板玻璃和高性能材料）和建筑产品事业部 。服务领域包括：汽车玻璃、玻璃包装、保温隔音材，玻璃增强纤维、陶瓷塑料、磨料磨具、管道系统及建材分销。
沃尔芬,沃尔芬,沃尔芬始创于2016年6月，是一个互联网家装品牌，该品牌由线上、线下、家装设计施工三个板块组成，采用工厂直供和线上线下结合双模式运营理念，致力于向消费者提供整体家装的解决方案 。
龙叶,龙叶,龙叶，女，2011年《快乐女声》长沙唱区参赛选手。
森吉,森吉,2008年1月在坦桑尼亚北部的Udzungwa山上发现了这种新的森吉(sengi，象鼩 )物种，它是已知最大的一种。该物种属于小型哺乳动物，捕食昆虫，四肢位于身体正下方，后肢比前肢长并且向后弯曲，行动速度极快，有记忆特殊地形能力。
GIA,gia,GIA是政府信息化架构的简称（GovernmentInformationArchitecture）。
LA MIU,兰缪,兰缪就是优品生活（北京）科技有限公司，成立于2008年，是UnlimitedBrandsLtd在中国的全资子公司，负责LAMIU品牌在中国的多渠道营销。UnlimitedBrandsLtd投资商包括日本最大的电子商务公司、手机零售公司、证券公司等；其董事及顾问团队来自美国的Victorias，Secret、Coach，日本的华歌尔、千趣会、Cecile、QVC、乐天等公司的前任及现任高层。
通利,通利,通利，即江阴通利光电科技有限公司，成立于2001年，坐落于长三角美丽的古镇—江阴市长泾镇，是一家专业从事TFT－LCD（平板显示）功能薄膜和新型软塑包装材料研发和生产的企业，多年以来公司依托国家产业政策的大力支持，不断的创新和发展，已积累了雄厚的综合实力。 “通利科技”孕育了浓郁的创新文化，铸就了“设备一流，技术一流，产品高端”的竞争优势。公司拥有多台套全球最先进的流延、吹膜、复合以及精密涂布生产线，同时整合了国内外精干的研发团队，运用国际最先进的工艺和技术，开发生产填补国内空白的多种平板显示功能薄膜和新型软塑包装材料。 
青山石,青山石,《青山石》是夜山石写的网络小说连载于纵横中文网。
魏氏,魏姓,魏姓，晋国六卿之一，是当代中国人口排名第44位姓氏，在宋版《百家姓》排行第30位。魏姓起源于西周初年周成王分封的姬姓伯爵诸侯国魏国，册封地于今山西芮城县北。后魏国被晋国消灭，封给大夫毕万，后人以邑为氏，尊毕万为得姓始祖。 截至2013年，魏姓人口大约占中国人口的0.45%，总人口大约有570万。主要集中于河南、四川、河北三省，大约占魏姓总人口的28%。 
茉莉花,茉莉花,茉莉花，别名：茉莉，拉丁文名：Jasminumsambac(L.)Ait，木犀科、素馨属直立或攀援灌木，高达3米。小枝圆柱形或稍压扁状，有时中空，疏被柔毛。叶对生，单叶，叶片纸质，圆形、椭圆形、卵状椭圆形或倒卵形，两端圆或钝，基部有时微心形，在上面稍凹入或凹起，下面凸起，细脉在两面常明显，微凸起，除下面脉腋间常具簇毛外，其余无毛；裂片长圆形至近圆形，先端圆或钝。果球形，呈紫黑色。花期5-8月，果期7-9月。茉莉的花极香，为著名的花茶原料及重要的香精原料；花、叶药用治目赤肿痛，并有止咳化痰之效。 图片均取自中国自然标本馆 
神韵磁砖,神韵磁砖,“神韵磁砖”高雅、灵动、智慧、浪漫，以体验为创意原点，从人们内心渴望真善美的角度，诠释人生时空的诗情画意，在平凡中发现至美，创造至美，从而与消费者产生深层次的情感共鸣，特别推出了150×150㎜、300×300㎜、300×450㎜、300×600㎜、300×900㎜等各规格系列数百个花色（配套）完全不透水釉面内墙砖和600×600㎜、800×800㎜、600×1200㎜、1000×1000㎜等各规格系列真洁亮生态玻化石精品。
仙缘,仙缘,仙缘（xiānyuán）是一个汉语词语，指道家谓修道成仙的缘分，出自宋朝孔道的《访奇道仙》。
dp,DisplayPort接口,DisplayPort也是一种高清数字显示接口标准，可以连接电脑和显示器，也可以连接电脑和家庭影院。2006年5月，视频电子标准协会(VESA)确定了1.0版标准，2008年升级到1.1版，提供了对HDCP的支持。1.3版将总带宽提升到了32.4Gbps(4.05GB/s)，四条通道各自分配8.1Gbps。DisplayPort赢得了AMD、Intel、NVIDIA、戴尔、惠普、联想、飞利浦、三星、aoc等业界巨头的支持，而且它是免费使用的。
卡茵,卡茵,MD世嘉五代经典游戏《光明力量——众神的遗产》角色卡茵是游戏主角MAX的亲生哥哥，MAX是光之剑的主人，卡茵为黑暗剑的主人。卡茵和MAX兄弟俩的使命就是去封印黑暗之龙，但不料中途遇见了黑暗巫师达克索。为保护MAX，卡茵被达克索生擒并用邪恶的面具控制了思想，成为了一个四处杀戮的恶魔。几经周折后，MAX斩断面具，使卡茵苏醒，最后卡茵为保护MAX被达克索杀害。
角斗士,角斗士,《角斗士》是由雷德利·斯科特执导，罗素·克劳、杰昆·菲尼克斯、康妮·尼尔森等主演的动作片，于2000年5月1日在美国上映。该片讲述了康茂德在篡位成功后下令杀死了马克西姆斯的妻儿，之后马克西姆斯为了复仇，于是和康茂德在角斗场上展开了一场生死决斗的故事 。2001年，该片获得第73届奥斯卡奖最佳电影奖 。
惠维,惠维,字书乡人，号墨韵轩主，一九五四年生于西安灞桥。自幼酷爱书画，其作品特点是：“大气磅礴，抱朴藏拙”。
周调,周调,周调创始人为弹词名家周玉泉（1897-1974）江苏苏州人。他擅长说唱长篇弹词《玉蜻蜒》及《文武香球》，周玉泉说书造诣甚高，说表稳健温文，冷隽幽默，以“阴功”见长。他喜爱京剧，从而吸取养料，丰富书艺。并结合及本人说功特点，在张洪涛、张福田、吴升泉等所唱书调的基础上，形成本嗓演唱的弹词唱腔流派。
中墨,中墨,中墨，读音zhōngmò，汉语词汇，解释为符合准绳。出自《蹇赋》。
美丽传说,美丽传说,《美丽传说》是2000年香港亚洲电视（ATV）制作，由李兆基监制，李丽珍、陈法蓉、陈炜、田蕊妮、任达华等主演。该剧讲述了几位性格截然不同的年轻美女，各自踏上人生旅途，开始编织梦幻般的美丽生活，尽管其中充满波澜的辛酸，这一切都已经成为美丽的传说…… 
SY,SY,SY是一个缩写，有多种含义。一是squareyard平方码。二是SteamYacht蒸汽机快艇SyrianArabRepublic，叙利亚。
MST,mst,MST是为机构和个人提供外汇、贵金属等高端金融投资产品的全球性机构、金融公司，在业界享有盛名，并获得监管机构和投资者的广泛认可。MST在新西兰，澳大利亚、香港、伦敦，温哥华，纽约，迪拜等国际化城市设有全资公司和代表机构，客户遍及全球100多个国家和地区，每月交易金额达到数百亿美元。
树熊,树熊,在澳大利亚的有袋类动物中，除袋鼠外还有一种非常讨人喜欢的动物——树熊，又称“考拉”（KOALA）。据悉，在土著语言中“考拉”是“不饮水”的意思。当土著人在漫长的岁月里观察到这种动物从不饮水之后，故取此名。
迪沃斯,迪沃斯,迪沃斯（DAVOSA）是瑞士钟表品牌，于1861年在瑞士侏罗山区创立。迪沃斯始终致力于坚持把质量、创新和个性化融入手表制作中。
洛凌,洛凌,《洛凌》是在红袖添香网连载的古装言情小说，作者是蓝若玫瑰琳。
MLD,MLD,MLD（MulticastListenerDiscover的缩写）是组播技术中使用的一种网络协议。是组播侦听发现协议。它用于IPv6路由器在其直连网段上发现组播侦听者。
minimum,minimum,minimum，英语形容词、名词。形容词意思是最小的；最低的；最少的。名词意思是最低限度；最小量；最低消费；极小值。
回天,回天,回天鱼雷是日本于第二次世界大战间使用，一种手动鱼雷，是日本海军于大战最后期的特攻作战中使用的自杀式兵器。别称有人间鱼雷等。又指人力能逆转极难挽回的事。
DWZ,dwz,DWZ富客户端框架(jQueryRIAframework)，是中国人自己开发的基于jQuery实现的AjaxRIA开源框架。DWZ富客户端框架设计目标是简单实用、扩展方便、快速开发、RIA思路、轻量级。
万年红,万年红,《万年红》是蔡幸娟演唱的歌曲，收录在专辑《贺岁怀念特辑》之中。
荣达,荣达,荣达是位高显达的意思。
giraffe,giraffe,英语单词，英美单词读音有所不同，有多个意思：1.长颈鹿n.2、鹿豹座n.3、斜井提升矿车n.4、地面翻（矿）车装置n.5、多层箕斗，高空工作升降台n.
大视野,大视野,《大视野》是一本创刊于2001年月刊杂志。是由湖南出版集团主管、湖南人民出版社主办的综合性月刊，杂志内容包括：专题、人物、时尚、休闲、时讯、民航、健康、旅游、文化、搜才。从2005年8月第46期开始，大视野杂志社与浙江银燕广告有限公司、浙江航空广告策划有限公司合作经营《大视野，浙江航空》杂志，面向国内外发行、专供中外旅客阅读的航机、空港中英文读物。2006年由美中贸易发展协会投资全新改版为中国第一份博客人物杂志。
以赛,以赛,以赛是《血族禁域》中的男主角之一，是Tzimisce族亲王。他伪装成圣裴儿学院转学生，把南宫夕颜变作自己血仆。
海吉布,海吉布,海吉布是石英纤维壁布的一个品牌，是由奥地利海吉织物股份有限公司生产的石英壁布的注册商标
依诺磁砖,依诺磁砖,佛山市依诺陶瓷有限公司，坐落于享誉国际的佛山华夏陶瓷博览城，公司于1998年创建了依诺磁砖品牌。依诺磁砖秉承“一诺千金，值得佛山市依诺陶瓷有限公司”的品牌宗旨，产品质量过硬、性价比高，尤其在产品开发设计方面，公司与意大利专业设计机构合作，结合现代潮流，融入艺术精华，推行绿色环保建材，使每款产品的实用性与艺术性有机融合为一体，成为广大消费者心目中的“百姓品牌”。2006年，依诺磁砖响应政府号召，包括三套进口生产设备。2010年，依诺磁砖佛山营销总部“依诺·陶博大道28号”耀世开馆、璀璨绽放，重新装修的依诺磁砖展厅，焕然一新美轮美奂。“依诺·陶博大道28号”遵循英国乔治式建筑对称、均衡以及极度舒适的设计理念，并在中国传统人居价值根基上，创新欧式经典风格，淋漓尽致地显现了依诺磁砖优雅、自然、时尚的产品特征，进一步诠释了依诺磁砖倡导的“优质家居空间”的品牌核心理念，使其更能满足现代高尚生活追求。2011年4月，依诺磁砖荣获由中国建筑卫生陶瓷协会颁发的“陶瓷十大品牌”和“瓷片十大品牌”两大行业荣誉，品牌实力再度获得认可，标志着依诺磁砖的品牌知名度和美誉度又跃上了一个新的台阶，再次证明了依诺磁砖的企业综合实力和品牌实力。依诺磁砖已在全国建立起绵密的行销网络，包括北京、天津、呼和浩特、哈尔滨、大连、武汉、昆明、成都、杭州、深圳等，全国各地的专卖店多达300多家，有效地提升了依诺磁砖的整体形象和品牌的知名度及美誉度。
冠军,冠军,冠军是一个汉语词汇，拼音是guànjūn，泛指体育、文化、艺术表演等竞技比赛中的第一名。出自于《史记·黥布列传》。
champion,Champion,1919年，SimonFeinbloom和他的父亲一起，在美国纽约的罗切斯特正式成立了ChampionKnitWearCo.。如同所痴迷于竞技体育运动的人们对于胜利的渴望，所有人的心中都存在着一个关于冠军的梦，因此Champion从问世就吸引了所有运动爱好者的眼球。 
之江,钱塘江,钱塘江，古称浙，全名“浙江”，又名“折江”、“之江”、“罗刹江”，一般浙江富阳段称为富春江，浙江下游杭州段称为钱塘江 。钱塘江最早见名于《山海经》，因流经古钱塘县（今杭州）而得名 ，是吴越文化的主要发源地之一。钱塘江是浙江省最大河流，是宋代两浙路的命名来源，也是明初浙江省成立时的省名来源。以北源新安江起算，河长588.73千米；以南源衢江上游马金溪起算，河长522.22千米。自源头起，流经今安徽省南部和浙江省，流域面积55058平方公里 ，经杭州湾注入东海。钱塘江潮被誉为“天下第一潮”，是世界一大自然奇观，它是天体引力和地球自转的离心作用，加上杭州湾喇叭口的特殊地形所造成的特大涌潮。 
冠佳,冠佳,
栀子花开,栀子花开,《栀子花开》是世纪百年影业、文投基金、华谊兄弟、千和影业 等联合出品的青春校园电影，由何炅执导，李易峰、张慧雯等主演。影片讲述了年轻一代为了实现梦想孤军奋斗的过程中，发生的关于爱情与友情的故事。该片于2015年7月10日全国公映 。
好美家,好美家,好美家以"与您共同创造美好的家"为企业理念，向消费者传递先进的居家理念，提供优质低价的建材商品和周到的家装服务。"好美家"不仅仅是公司的名称，它代表着装潢建材的专业服务品牌，更体现了企业的经营理念和价值观，企业的发展远景和企业文化。
海选,海选,“海选”是中国农民在村民自治中创造的一种直接选举方式，用四个字概括，就是“村官直选”。这种选举方式是吉林省梨树县梨树乡北老壕村在1986年换届选举时首创的，因而该县被称为“海选”故乡。现在，“海选”已不限于村委会选举了，最近，齐齐哈尔市富裕县用“海选”法选出了县长。“海选”也已用于非政权领域的选举，被众多娱乐选秀节目采用，从“超级女声”到“红楼梦中人”，越来越多的电视节目用此方式对众多的参赛选手进行初次选拔。
长盈,长盈,长盈 商标是在国家工商行政管理局 申请的商标，商标注册号为：3733176 ，该商标于2005年9月12日注册成功 。
光明,光明乳业股份有限公司,光明乳业股份有限公司，成立于1996年，是由国资、社会公众资本组成的产权多元化股份制上市公司，从事乳和乳制品的开发、生产和销售，奶牛的饲养、培育，物流配送，营养保健食品开发、生产和销售等业务，是目前国内最大规模的乳制品生产、销售企业之一。光明乳业业务渊源始于1911年，经过100多年的不断发展，逐步确立以各类乳制品的开发、生产和销售为主营业务，是中国领先的高端乳品引领者。公司拥有世界一流的乳品研究院、乳品加工设备以及先进的乳品加工工艺主营产品包括新鲜牛奶、新鲜酸奶、乳酸菌饮品、常温牛奶、常温酸奶、奶粉、奶酪、黄油等多个品类。2000年，上海光明乳业有限公司完成股份制改制，并于2002年成功在上海证券交易所A股市场（代码600597）上市交易。2003年，更名为光明乳业股份有限公司。2014年光明乳业在华东地区市场占有率为22%；其中上海地区达到40%，全国排名领先。新鲜牛奶市场排名第一，占全国新鲜牛奶市场份额的51%，占华东地区市场份额的83%；新鲜酸奶在全国市场占有率为25%，占华东地区的44%；常温牛奶在全国市场占有率为1.2%，占华东地区的5.3%，占上海地区的15%。 2014年销售业绩首次突破双百亿，达到了204亿元。 
巴斯塔,杜桑·巴斯塔,杜桑·巴斯塔(DusanBasta)是一名塞尔维亚足球运动员，司职后卫，现在效力于意大利足球甲级联赛的拉齐奥足球俱乐部。
新洛,新洛,
D,d,D是拉丁字母和英文字母中的第4个字母。在国际音标和汉语拼音中的意思各不相同。在网络用语中的意思为“顶”，“最顶端”预示着追求最高的最好的。表示支持的意思。在论文的参考文献标题后表示学位论文。D这个字母还用于物理学、化学、音乐、人名等。也用于游戏和电影角色的名字和控制键。
新巢,新巢,新巢 为上海翼虎贸易有限公司旗下品牌。是中国墙纸软装饰出口第一连制造商。
巴德士,巴德士,巴德士是广东巴德士化工有限公司旗下第一品牌，生产的产品种类包括：水性木器漆、环保型墙面漆、高档家具漆、多用途汽车漆、原子灰、拼板胶、防水涂料以及全效合一、生态概念、健康概念三大类健康无毒害室内装修漆等十二大系列共千余个品种，充分满足市场要求。
画屏,画屏,南朝梁江淹《空青赋》：“亦有曲帐画屏，素女彩扇。”前蜀韦庄《奉和观察郎中春暮忆花言怀见寄四韵之什》：“落花带雪埋芳草，春雨和风溼画屏。”清蒲松龄《聊斋志异·道士》：“两女对舞，长衣乱拂，香尘四散；舞罢，斜倚画屏。”
圣奈,圣奈,圣奈（法语：Santenay）是法国科多尔省的一个市镇，属于博恩区（Beaune）诺莱县（Nolay）。
青橙瓷砖,青橙瓷砖,青橙瓷砖是一款瓷砖品牌。 
百色熊,百色熊,BEHR百色熊™创立于1947年，是北美家装市场上的涂料供应商品牌之一，占有30%以上的家用装修市场份额。BEHR百色熊™为世界500强MascoCorporation（NYSE:NAS）的子公司，总部坐落于美国加州的SantaAna（圣塔安娜）。BEHR百色熊™涂料研发并生产于8个美国全自动化工厂，生产质量符合国际ISO9001要求，获得ISO14001环境管理以及OHSAS18001职业健康安全管理体系认证 。
卡汶,卡汶,成立于1993年的香港嘉怡时装（国际）集团有限公司是香港及亚太地区时尚领域投资管理服务的杰出企业集团。公司主要从事服装及时尚品牌的投资管理、纺织品全球贸易、国际服装品牌代理以及艺术品的投资收藏。
SH,SH,sh是一个英文缩写，有多种含义，一是巯基，二是域名，三是福尔摩斯的姓名缩写，三是命令、初等函数等意思。
出色,出色,出色，汉语词目。注音：chūsè释义：超出一般；有特色等。
彭图,彭图,彭图，中共党员，安徽省临泉县人，1984年毕业于安徽省人民警察学校。
史考特,史考特,史考特是美国证券公司。是美国最大的券商之一，史考特证券是一家私有的证券交易商，公司的历史可以追溯到1980年。在全美有441家分支机构，还有专门的华语服务分行。
天格,天格,天格为五格之一，是姓氏格，因姓氏来源于祖先，古人将先人、君主比作天，故有关姓氏的数理称为天格。天格对人格有相当密切的关系及影响力。因为人的姓氏是先天注定的，原则上只能接受，不能变更根据《系辞传》如果要修改吉凶，可以通过佩戴玉石修改，男士可以带影子石、乌鸦血石，女士可以带云海石、红蚕石修改吉凶。天格代表双亲、长上、事业、名誉；单独化表其本人之气质，女性依附丈夫生活，又有代表丈夫吉凶之暗灵作用。代表童少年运。
Fema,FEMA,FederalEmergencyManagementAgency（FEMA）美国是一个易发地震的国家，50个州中有43个处在地震高风险地带。地震每年给美国造成的经济损失约44亿美元。为了应对地震和其他灾难，美国不断完善一套以美国联邦应急管理署为中心的一体化救灾机制。20世纪60年代和70年代，美国发生了一系列重大自然灾害。1979年，卡特政府组建美国联邦应急管理署，将原本分散在不同部门的救灾机构整合起来。
安戈洛,安戈洛,安戈洛户外品牌，源自德国，诞生于1950年，早在20世纪90年代便已评为“欧洲十大原创户外品牌”。 
学霸,学霸,擅长学习，分数很高的学生。又是专指在期末测试或者重大考试中，考前进行突击学习的人群。学习刻苦，无时无刻不在学习，并且能在众人都考砸的情况下轻松高分的人。能够承受常人无法忍受的痛苦和压力。原意：指凭借势力把持、垄断教育界或学术界的人或者是指学校的霸主。亦称学阀，为中性词。
方威,方威,方威，1973年出生，辽宁沈阳人， 辽宁省第十届人民代表大会代表、辽宁省人民检察院检察监督员、辽宁省教育基金会理事会理事，辽宁省“五一”劳动奖章获得者、辽宁省优秀民营企业家、辽宁省“抗洪救灾先进工作者”、抚顺市“杰出民营企业家”、抚顺市“明星民营企业家”。曾贿选为第十二届全国人民代表大会代表（辽宁代表团）。2016年胡润百富榜，方威以300亿财富排名第53位。 
悠优,悠优,悠优是词语，拼音yōuyōu，释义为犹优游。
好帝陶瓷,好帝陶瓷,佛山市好帝陶瓷有限公司创立于2007年，是一家专业从事抛晶砖产品的研发、设计生产和销售于一体的现代化企业。品牌自创立以来，以“原创、经典、艺术”为产品理念，以“现代—田园”为风格导向；以“高品质、优服务”为宗旨，荟萃了业内顶尖专业人才，拥有独立的研发部门，并长期与意大利资深设计机构开展合作，先后成功研发生产了数十套抛晶砖产品及配套，产品以质量过硬、款式新颖、规格齐全、配件独具特色而响誉业界，并逐渐成为中国市场最为畅销的品牌。公司目前的抛晶砖的产品主要有“古色·田园”、“金古传奇”、“薇晶玉”、“翡翠玉石”、“青花瓷”、“中国红”、“宸玉”等系列，以及300X300mm、300X600mm、600X600mm、800X800mm等规格；并有皮纹砖“立体皮纹”、“皇室珍皮”等系列，以及300X300mm、300X600mm、600X600mm、800X800mm等规格；和上百种规格的各类腰线产品。公司生产的产品均为绿色环保产品，使用不受限制。
新祥,新祥,新祥村，位于江苏省盐城市楼王镇北部，取名源于张新祥烈士，是个革命烈士的村。西与原吴桥村接壤，西北与原姚中村，北与原利丰村接壤，东部分别与原仁和村，周花村接壤，东北与兴南村接壤。
无穷花,无穷花,无穷花，别名：木槿、木槿花、芜琼花、篱障花、根花。拉丁学名：HibiscussyriacusLinn，英文名：Rosemallow，RoseofSharon，RoseofAlthea。锦葵科、木槿属植物，落叶灌木，高3-4米，小枝密被黄色星状绒毛。叶菱形至三角状卵形，长3-10厘米，宽2-4厘米，具深浅不同的3裂或不裂，先端钝，基部楔形，边缘具不整齐齿缺，下面沿叶脉微被毛或近无毛；中医上以树皮和花入药，功能活血润燥，树皮称“木槿皮”，治赤白带下、肿瘤和疥癣，花可治痢疾。
DOGO,dogo,《dogo》是一款IOS平台的应用。
帕加马,帕加马王国,帕加马王国Pergamum（公元前281—133年）希腊化时期古国。位于小亚的西北部，首都帕加马城。伊普苏斯战役后，帕加马归吕辛马库斯统治。公元前281年，吕辛马库斯在与塞琉古的战争中兵败身亡，其派驻帕加马城的部下菲勒泰洛斯自立为王，归顺塞琉古王朝。公元前3世纪中期，塞琉古王朝发生内争，帕加马的阿塔罗斯一世乘乱独立。帕加马王国是希腊—马其顿人统治世界中的后起者。为了在塞琉古、马其顿和托勒密埃及的争夺中求得生存，为了在贫富分化剧烈的社会矛盾中维持统治，它不得不在外界寻求保护伞，而这时挺兵东进的罗马就成了帕加马王朝投靠的对象。帕加马最后一个国王阿塔罗斯三世立下遗嘱，将国家拱手让给罗马，帕加马王国的历史结束于公元前133年。
哈德逊,佛山市哈德逊经贸有限公司,佛山市哈德逊经贸有限公司成立于2006年1月，隶属于香港哈德逊控股有限公司，
ZS,ZS,僵尸（复数）的简称。一些游戏中表示，比如QQ堂中表示自杀；Dota中表示神王宙斯的简称在物理学中，表示一个极短的时间单位，Z秒，单位为十的负二十一次方秒。
万域,万域,《万域》是一本在17k正在连载中的异世争霸类小说。
青龙,迪达拉,迪达拉，日本动漫《火影忍者》中的男性角色。“晓”成员之一，代号青（青龙）。土之国·岩隐村第三代土影大野木的徒弟，黑土的师兄。少年时期为了证明自己的艺术，而接受了众多恐怖袭击任务，因败于宇智波鼬而加入“晓”组织。最终在与宇智波佐助的对决中自爆身亡。 后来被药师兜用秽土转生复活，期间固执不已，与自己的师傅和师妹相见。最后在秽土转生解除后，灵魂升天。
奥普兰,奥普兰,aopulan（奥普兰），全球领先的手机配件制造商。总部设在香港，12年入驻中国。aopulan（奥普兰）数年来专注于移动电源、手机外壳、蓝牙耳机、蓝牙音箱、手机数据线、手机保护膜、手机保护套等领域的研究，充分调查手机用户的审美眼光和心理，相继推出了三星系列，苹果系列，htc系列，小米系列等专属手机周边配件产品，满足用户的多样化需求。短短数年，aopulan（奥普兰）品牌覆盖了全球地区，深受全球广大用户的关注和推崇。 
鼎傲,鼎傲,《鼎傲》是连载于起点中文网的网络小说，作者是上古风公爵。
沃土,沃土,《沃土》是由法国ANKAMA公司开发并在全球运营的一款大型多人在线角色扮演游戏。于2014年1月15日发行。你可以登上泽尼特山巅，寻找那只引发毁灭性灾难的食人魔奥古；也可以周游汪洋列岛，此刻百废待兴的各国正竭尽全力恢复往昔繁荣。不论是战士、政客、商人还是工匠，秩序重建需要你的力量！赶快进入十二世界来一场史诗般的大冒险吧！
米兔,米兔,米兔是时下较为流行的网络名词，来源于英文“metoo”的谐音，是指“我也是”的意思。
mitu,MITU,美途（MITU·MysteryIndomitableThoughtfulnessUnique），是一家致力于中国文化艺术产业的网络平台，以推广优秀个人与机构搭建了垂直有效的“管道”，通过实名制体系，让会员之间合作/交流更为可靠。
大学士,大学士,大学士是一个企业技术众包平台，为企业提供技术服务。大学士目前已聚集13000多名国内外高校教授、相关科研机构专家及各类领域的技术人才，以需求为导向，为制造业企业提供省时、省力的技术解决方案。自2015年底运行至今，已累计实现2000多万元的交易额。 
MDB,MDB,mdb(messagedrivenbean)MDB也是EJB中消息驱动Bean的简称，MessageDrivenBean（MDB）。mdb(MicrosoftDatabase)格式是MicrosoftAccess软件使用的一种存储格式，因其对数据操作的方便性，常用在一些中小型程序中。
志尚,志尚,志尚，是一个汉语词汇。拼音是zhìshànɡ，释义为志向；理想。
迈康,迈康,
迪岛,迪岛,
碧灵,碧灵,《碧灵》是起点中文网出版的图书。作者是天际孤鸿。
BLING,bling,BlingBling在HipHop领域里可以用来泛指一切奢华的装饰品，只要这玩意很Bling（亮闪闪），都可以叫BlingBling，当然，通常意义上，最先联想到的会是挂在脖子上那种项链，然后可能会想到戒指、腰带甚至汽车轮毂。BlingBling属于奢侈品。国外饶舌歌手、HipHop明星们所戴的各种首饰，价值动辄几十万美金，真金白银打造，镶嵌的也都是实实在在的钻石，至于款式，一般都是特别订制的EB”。而普通嘻哈爱好者虽然也戴各种BlingBling饰品，但那上面镶嵌的一般都是价格低廉的锆石，锆石是一种人工合成晶体。因此BlingBling和文身、服饰的性质很近，都是通过价值、样式来彰显主人身份、品位的东西。你看到有人挂了麦克风的项链，他很可能是个饶舌歌手；挂个篮球的BlingBling，你知道这家伙整天泡在球场上。在一定意义上，BlingBling是一种自我表达。
CHARISMA,charisma,
宗意,宗意,
不求人,不求人,《不求人》是一首由陈奕迅演唱的纪念已故巨星张国荣的歌曲，由林夕作词 ，蓝奕邦作曲，收录于专辑《Sound&Sight》中，发行于2006年12月01日。
蓝旗,蓝旗,蓝旗，正蓝旗的简称，蓝旗位于内蒙古自治区南部，天堂草原锡林郭勒盟的南端，距首都北京直线距离仅有180公里，是离北京最近的典型草原地区。全旗总面积10182平方公里，总人口8.3万人，高峰期人口10.5万人，是一个以蒙古族为主体的多民族聚居区。它北部为浑善达克沙地，呈现出沙地草原的自然风光；南部为低山丘陵，展现出草甸草原的美丽景象。蓝旗水资源丰富，有大小河流21条，湖泊147个。旗内野生动植物资源蕴藏丰富，全旗有各种植物708种，珍稀野生动物资源20余种。正蓝旗交通便捷，207国道、308省道、省际通道、桑蓝铁路、集通铁路、蓝丰铁路纵横交错。
金丝雀,金丝雀,金丝雀又名芙蓉鸟、芙蓉、白玉、白玉鸟、玉鸟、白燕，是雀目科食谷类鸟。原产非洲西北海岸的加纳利、马狄拿、爱苏利兹等岛屿，是羽色和鸣叫兼优的笼养观赏鸟。有24个品种，在国内外皆被列为高贵笼养观赏鸟之一。我国虽然自19世纪40年代起就从外国引进，但并未注意品种品系的保持，目前纯种的不多。经人工饲养出现了黄色、白色、灰色、绿色、橘红色、古铜色、桂皮色、花色等羽色。其体型和姿态也发生了很大的变化，经人工培育出现了不同的品系。近年来培育出的直立型、大弯月型、直立鹰型尤为珍贵。 
尧帝,尧,尧（约前2377—前2259年），姓伊祁，号放勋，出生于保定顺平县，古唐国人（今河北保定唐县） 。中国上古时期方国联盟首领、“五帝”之一。尧为帝喾之子，母为陈锋氏。十三岁封于陶（山西襄汾县陶寺乡）辅佐挚。十五岁，改封于唐地（今山西临汾），号为陶唐氏。二十岁，尧代挚为天子，定都平阳。 尧立七十年得舜。二十年后，尧老，舜代替尧执政，尧让位二十八年后死去，葬于谷林（山东省鄄城县）  。尧从兄长帝挚那里继承帝位，并禅让于舜。他命羲和测定推求历法，制定四时成岁，为百姓颁授农耕时令。测定出了春分、夏至、秋分、冬至。尧设置谏言之鼓，让天下百姓尽其言；立诽谤之木，让天下百姓攻击他的过错。
桥头,桥头,桥头是个地名常用词，同时也深受文人墨客喜爱。
威利斯,威利斯,1940年，美国威利斯汽车公司研制了一种多用途越野用车。该车有60马力，是当时同类车驱动力的3倍。这种车速度快，主要用来输送步兵营装备的轻武器，且可作通讯、侦察和指挥车。这种车的名字叫“GP”，来自英文General—PurposeCar（多用途的车）的缩写。由于与美国漫画家施格1937年创作的漫画形象中的“jeep”——一种神通广大的小鸟很相似，因此美国士兵也把这种越野车称做“吉普”。走在大街上，时不时就可以见到或威猛或灵巧的越野车呼啸而过，它以硬朗的风格深受众人的喜欢，其实它的发展与战争密不可分——威利斯越野车结构非常简单，几乎没有什么和驾驶无关的零件。前风挡可以向前放倒，全车没有车门，士兵可以迅速上下车辆。二战期间，威利斯公司共为军方制造了60多万辆越野车。
易品,易品,易品（Eplanet），男，籍贯：湖南长沙，职业：著名财经微博认证博主、湖南金易理财工作室投资顾问、证券经纪人、职业投资人、趋势投机客。
远晶,远晶,“远晶”商标于2013年6月通过国家商标局注册成功 。远晶，专注生产、批发瓷砖为主要业务，产品销往欧洲及东南亚市场。 
吉宝,吉宝,吉宝是网页游戏《赛尔号》中的一种精灵。光系，吉宝在塔克星光之城，整点出现。拥有四散光波、水晶之柩、圣洁寒冰、极光领域等光系高等攻击。吉宝在20级进化为吉娜，40级进化为吉娜斯。
JIBAO,JiBao,《JiBao》是一款IOS平台的应用。
黄金鱼,黄金鱼,《黄金鱼》是韩国MBC电视台于2010年5月播出的电视剧，由吴贤昌导演，赵恩贞编剧，李泰坤、赵伦熙、苏幼贞主演。该剧讲述两位主人公命运般的悲伤爱情，李泰英爱上和父亲再婚的女人的女儿韩智敏的故事。 
三色花,三色花,《三色花》是网站起点中文网连载的一部小说，作者是爱嘉语。
流金岁月,流金岁月,《流金岁月》是香港电视广播有限公司2002年制作的时装商战电视剧。由梁家树监制、欧冠英编剧，罗嘉良、温兆伦、宣萱、林峰领衔主演，此剧远赴澳洲珀斯拍摄外景 。一个养育之恩，一个一生重担；两段手足之情，换来双重牺牲，主要描述罗嘉良所饰演的丁善本因养育之恩、手足之情等发生的故事。2002年9月16日至11月15日TVB翡翠台播出。
金桥,金桥,金桥，全名：七匹狼-金桥，香烟的一个品牌，由福烟工业公司出品，中国烟草总公司专卖。该公司始于1995年，高档中式混合型卷烟知名品牌，较早具有“生态品质链”的卷烟品牌，烟草行业优秀企业。
升达,升达,升达（双嘧达莫分散片），适应症为抗血小板药物，用于预防血栓栓塞性疾病。
SDF,sdf,sdf-StandardDelayFormat：标准延时格式文件。ASIC工程师，需要时常和这个东西打交道，比如synthesisSTApost-simulationeco。SDF-SpatialDataFormat：由Autodesk公司推出的使用FDO技术访问的地理空间数据格式。是一种易于使用的文件型空间数据格式，它能够在一个文件中以表格的方式存储多种地理要素，包括多种几何类型（点、线、多边形和圆弧）以及关联的属性信息。 
大唐一品,大唐一品,《大唐一品》是起点中文网签约作家堕落的狼崽创作的一部穿越小说。云雷方屯，龙战伊始，有天命焉，有豪杰焉。远看千年路，古人寂寞长。金戈铁马写辉煌。往事流光不在，令人费思量。和戎难崛起，铁血铸盛唐，慷慨少年写文章。帝国如诗，帝国如朝阳，帝国气吞寰宇，泽被四野八荒。坏李二的事，抢李二的老婆，夺李二的江山。哎，看看这个家伙如何完成从“治世之能臣”到“乱世之枭雄”的华丽转变。
MIU,miu,Miu是中国一款在浏览器上就可以玩的MMORPG（多人线上角色扮演）游戏产品，你可以将你变成强力的战士，可以将它训练成威力强大的法师，或者速度敏捷的游侠，或者妙手回春的牧师。
俊艺,俊艺,俊艺，人名，原名吴俊乐，主播主持，电台DJ，广播传媒人。FM调频，流媒体电台以及网络电台主播，网络电台活动主持。在新浪旗下网络电台，国内著名语音软件“YY”等多个地方的多个著名频道担任NJ，FM975《快乐点唱机》DJ，曾担任国内某广播电视台黄金节目嘉宾。曾主持包括参与过的节目有《快乐点唱机（FM975）》《接触一点（韶关广播电视台）》《音乐先锋榜（FM975）》《艺起叹生活》《一些事一些情校园版》《都市节拍》《艺起猜猜（游戏节目）》《悠扬5点档》《心晴音乐盒》《音乐无限（广州地区调频FM768）》等等。个别节目以其特有的双语广播（普语+粤语）风格量身定做，非常有特色。在一定领域中拥有一定的人气，亲切待人的态度很容易相处。
苏厢,苏厢,《苏厢》是在晋江文学城网站连载的小说，作者是寒衣徒自香。
周道,周道,周道庐江舒县（今安徽庐江西）人，东汉末年东吴名将，军事家，任东吴三军大都督，周瑜亲长兄。
锦簇,锦簇,花团锦簇
省心,省心,省心是汉语词汇，解释为不费心，少操心。
鲁卡,鲁卡·布兰德·泽斯,《无法逃离的背叛》人物之一。本名鲁卡·库洛斯桀利亚。是樱井夕月前世的恋人。罪人一族的子孙，高级恶魔。左臂有着“XX”的刻印，黑发银瞳的美青年，拥有“地狱第一”的美貌，美到“走在街上都太招摇”、“美得不像人类”。
精工,精工,精工（SEIKO），原名服部计时店，1892年改名为精工舍。是一家著名的日本制表公司，始创于1881年。1924年，发表了第一只正式使用精工品牌的手表。1969年，精工、Berliget表推出了世界上第一款指针式石英手表—SEIKOASTRON35SQ。1995年，精工舍与日本东方表公司共同创建了一间合资工厂，精工舍还是电脑打印机制造商-爱普生（EPSON）的母公司。
长城,长城,长城（GreatWall），又称万里长城，是中国古代的军事防御工程，是一道高大、坚固而连绵不断的长垣，用以限隔敌骑的行动。长城不是一道单纯孤立的城墙，而是以城墙为主体，同大量的城、障、亭、标相结合的防御体系。长城修筑的历史可上溯到西周时期，发生在首都镐京（今陕西西安）的著名的典故“烽火戏诸侯”就源于此。春秋战国时期列国争霸，互相防守，长城修筑进入第一个高潮，但此时修筑的长度都比较短。秦灭六国统一天下后，秦始皇连接和修缮战国长城，始有万里长城之称 。明朝是最后一个大修长城的朝代，今天人们所看到的长城多是此时修筑。 长城资源主要分布在河北、北京、天津、山西、陕西、甘肃、内蒙古、黑龙江、吉林、辽宁、山东、河南、青海、宁夏、新疆等15个省区市。期中陕西省是中国长城资源最为丰富的省份，境内长城长度达1838千米 。根据文物和测绘部门的全国性长城资源调查结果，明长城总长度为8851.8千米，秦汉及早期长城超过1万千米，总长超过2.1万千米。 1961年3月4日，长城被国务院公布为第一批全国重点文物保护单位 。1987年12月，长城被列入世界文化遗产。 
紫轩辕,紫轩辕,《紫轩辕》是御剑破竹创作的网络小说，发表于起点网。
景岚,景岚,1980年出生于内蒙古；1999年内蒙古师范大学中国画专业，师从海日汗先生；2003年中央美术学院中国画学院胡勃工作室学习；2004年中央美术学院中国画学院胡伟工作室学习
皇冠,皇冠,皇冠是丰田集团旗下一款中大型车汽车品牌。丰田皇冠于1955年1月1日在日本下线，已经有超过第13代车型，国产皇冠发动机为2.5L、3.0L和4.3L三种，前二者均为V6缸24气门设计，4.3L发动机则为V型八缸。配置DualVVT-i进出气门双向智能正时可变系统。使发动机的进气效率、燃油经济性、动力性能都有很大提高，马力更加强劲。底盘方面，采用了四轮全独立悬架，舒适性很好。
春暖花开,春暖花开,《春暖花开》是八一电影制片厂出品的一部反映现代女性坚强独立的现代励志情感电视剧，由戚健导演，彭三源编剧，潘虹、李明启、李小冉、赵峥等主演。该剧讲述了一个女人的蜕变，经过种种坎坷艰难，最终从一个傲气柔弱的娇娇女转变为泼辣坚强的女强人的故事。2011年6月5日，该剧在浙江卫视“中国蓝”剧场上星播出。
格罗斯曼,格罗斯曼,格罗斯曼，苏联作家，一九〇五年生于乌克兰。毕业于莫斯科大学数学物理系。曾在顿巴斯煤矿工作。后在工厂当工程师。早期作品多写经历过沙皇时代、地下斗争和国内战争的苏联普通人，风格写实。长篇小说《斯捷潘·柯尔楚金》写年轻矿工的生活与斗争。卫国战争中任战地记者。写有战争题材的中篇小说《人民是不朽的》、长篇小说《为了正义的事业》。1961年写成长篇小说《生活与命运》，对苏联的政治社会生活与个人命运有深入的反思，至1988年才得以在苏联国内出版，被认为是20世纪苏联文学的重要作品 。
阿斯卡利,阿斯卡利,英伦手造跑车品牌ASCARI，在迁址到英国Banbury的工厂之后推出全新的超级跑车KZ-1。
ASCARI,阿斯卡利,英伦手造跑车品牌ASCARI，在迁址到英国Banbury的工厂之后推出全新的超级跑车KZ-1。
小木屋,小木屋,小木屋主要以木结构建筑从结构形式上分，一般分为轻型木结构和重型木结构，以地螺丝为地基基础，主要结构构件均采用实木产品。木屋具有密封及隔热性差，外墙易腐蚀，非模块化，费时废材，易虫蛀腐朽等缺点。
萧邦,弗里德里克·肖邦,弗里德里克·弗朗索瓦·肖邦（F.F.Chopin，1810年—1849年），19世纪波兰作曲家、钢琴家。1810年，肖邦出生于波兰；1817年开始创作；1818年登台演出；1822年至1829年在华沙国家音乐高等学校学习作曲和音乐理论。1829年起以作曲家和钢琴家的身份在欧洲巡演。后因华沙起义失败而定居巴黎，从事教学和创作。1849年，肖邦因肺结核逝世于巴黎。 肖邦是历史上最具影响力和最受欢迎的钢琴作曲家之一，是波兰音乐史上最重要的人物之一，欧洲19世纪浪漫主义音乐的代表人物。他的作品以波兰民间歌舞为基础，同时又深受巴赫影响，多以钢琴曲为主，被誉为“浪漫主义钢琴诗人”。 
HZ,HZ,Hz，中文名赫兹，简写为：赫，是频率的基本单位，为纪念验证电磁波存在的德国物理学家海因里希·鲁道夫·赫兹(HeinrichRudolfHertz)而得名。赫兹是电，磁，声波和机械振动周期循环时频率的单位。即每秒的周期次数(周期/秒)。
夏馨,夏馨,夏馨，是甘肃省广播电影电视总台的一名主持人。
釰,釰,
壹加壹,壹加壹,
私人空间,私人空间,私人空间一般是指每个人属于自己的，不被任何人了解、知道的属于个人的空间。一般有人会把房间、日记、自己的内心某一个角落成为“私人空间”。
家缘,家缘,家缘，汉语词汇。拼音：jiāyuán释义：1、家业；家产。2、犹家务。3、指妻子。唐吕岩《沁园春》词之二：“限到头来，不论贫富，著甚千忙日夜忧，劝年少，把家缘弃了，海上来游。”只此是家缘。”
欧山,欧山,欧山，读音tiàohái，汉语词语，基本意思为逃归。
派蒙,派蒙,派蒙（Paymon），所罗门七十二柱魔神中位列第九位的魔神，统率着200支由天使和能天使组成的军队，掌管着西方，是路西法最忠诚的部下。
PMA,pma,pma（丙二醇甲醚醋酸酯）是一种高级溶剂，其分子中既有醚键，又有羰基，羰基又形成了酯的结构，同时又含有烷基。在同一分子中既有非极性部分，又有极性部分，这两部分的官能团既相互制约排斥，又各自起到其固有的作用。因此，对非极性物质和极性物质都有一定的溶解能力。
魔法精灵,魔发精灵,《魔发精灵》是由梦工场制作的3D动画电影，由迈克·米歇尔、沃尔特·道恩联合执导，安娜·肯德里克、贾斯汀·汀布莱克、克里斯汀·芭伦斯基、佐伊·丹斯切尔等参与配音。该片由中国电影集团公司引进中国 。该片讲述快乐的精灵公主波比和不合拍的布兰合作拯救精灵们的故事。该片于2016年10月28日在中国上映 ，同年11月4日在北美上映 。
健康苹果,健康苹果,健康苹果漆于广东江门苹果化工有限公司是一家集研发、生产、销售中高档环保涂料于一体的高新技术企业的项目，公司本着“高起点、高技术、高投入”的原则，致力于研发、生产、销售具有创新、环保以及高品质特点的健康涂料产品；
猛犸象,猛犸象,猛犸象（Mammuthusprimigenius），又名毛象（长毛象），是一种适应寒冷气候的动物。曾经是世界上最大的象之一，在陆地上生存过的最大的哺乳动物之一，其中草原猛犸象体重可达12吨。它是冰川世纪的一个庞然大物。猛犸象身高体壮，有粗壮的腿，脚生四趾，头大。其中，母象的象牙普遍在1米5至2米。而公的猛犸象象牙平均长达2米2至2米5。个别的可以接近甚至超过3米。它身上披着金、红棕、灰褐色的细密长毛，皮很厚，具有极厚的脂肪层，厚度最厚可达9厘米 。它们广泛生活在欧亚大陆北部。生活年代距今公元前1万年猛犸象陆续灭绝，这被视作一个冰川时代结束的标志。在阿拉斯加和西伯利亚的冻土和冰层里，不止一次发现冷冻的尸体 。当地时间2016年5月17日，墨西哥国家人类学和历史研究所的考古学家挖掘大量猛犸象牙化石。据了解，猛犸象牙化石在2015年12月被发现，年代为更新世时期。
三本,普通高等学校招生全国统一考试招生录取批次,普通高等学校招生全国统一考试招生录取批次分为“本科提前批”、“本科一批”、“本科二批”、“专科一批、“专科二批”等招生批次。中华人民共和国教育部近年积极推动各地开展高校招生录取批次改革，普通高等学校招生录取批次合并体现了国家改革的总体方向。截至2017年11月20日，已有北京、上海、天津、河北、浙江、江苏、山东、福建、四川、山西、广西、湖北、江西、辽宁、广东、内蒙、重庆、贵州、河南、安徽、云南、西藏、新疆、湖南24个省（市、区）取消第三批次本科，其中山西分二批A/B/C段，其余省份待定。改革已经取得重要的积极成效，取消批次对减轻基础教育焦虑负担和高考焦虑具有重要深远的意义。同时，上海、山东、海南、浙江、广东、辽宁、天津（分AB段）已将本科一二批合并为本科批，取得了积极成效；江西、湖南也将于2018年取消二本批次，本科招生不再划分高考录取批次，促进教育公平公正，就业公平公正。2017年23个省份的改革已经取得重要成果，尤其是浙江的高考录取改革具有重要的推行价值。国家支持全国各省份尽快取消所有批次，促进依法治教，依法治校，促进高考和高校更深层次的改革。
蓝田,蓝田县,蓝田县，隶属于陕西省西安市，是伏羲和女娲的母亲，炎帝和黄帝的直系远祖华胥的故里 ，四大名玉之一蓝田玉的原产地 。位于秦岭北麓，关中平原东南部，东南以秦岭为界，与商洛市洛南县、商州区、柞水县相接；西以库峪河为界，与长安区、灞桥区毗邻；北以骊山为界，与临潼区、渭南市临渭区、华州区接壤。县境介于北纬33°50′—34°19′，东经109°07′—109°49′之间，东西长64千米，南北宽55千米，总面积2006平方千米，约占西安市总面积的19.9%。距西安市区22千米。 蓝田县因境内盛产美玉而得名，自古据秦楚大道，有“三辅要冲”之称，是关中通往东南诸省的要道。蓝田是著名的“玉乡”，素有“玉种蓝田”之美称。是陕西省历史文化名城，出土了著名的蓝田人等古遗址，是中华文明的本源和母体、被中华民族尊为“始祖母”华胥的故里。境内有净土宗祖庭悟真寺 ，第二敦煌水陆庵 ，天下第一孝山王顺山， 天下第一名汤汤峪温泉等风景名胜。 截至2016年，蓝田县辖1个街道、18个镇，常住总人口52.86万人。地区生产总值（GDP）122.44亿元，其中，第一产业增加值27.59亿元，第二产业增加值34.87亿元，第三产业增加值59.98亿元。人均生产总值23236元。 
友莱卫浴,友莱卫浴,友莱(YOROOW)卫浴，主要从事水龙头，花洒，浴室柜，花洒厂，水龙头厂，卫浴厂家， 洁具，全铜龙头，阀芯等的研发。 友莱卫浴有限公司的前身为友莱卫浴洁具制造厂，位于中国水暖生产基地：福建南安市。友莱是高档水龙头、花洒等五金水暖的生产厂家。 
HARVEST,Harvest,《Harvest》是在1972年2月发行并由NeilYoung演唱的一首英文歌曲。
Metoo,Metoo,“Metoo”是深圳市汇森玩具有限公司创立的毛绒玩具咪兔自主品牌。
海民,海民,刀塔传奇一月份魂匣英雄
生生,生生,《生生》是由林怡凤作词，吴庆隆编曲，林俊杰作曲并演唱的歌曲，收录在林俊杰第11张专辑《新地球GENESIS》中。该曲发行于2014年12月27日。
寒舍,寒舍,寒舍，拼音hánshè，是指谦辞对人称自己的家。
九次方,九次方,九次方是一家集为一体的中关村高新技术企业，与国内重点大学——清华大学、中国农业大学合作，依托其核心的科研、人才、资源等优势，致力于创造人本、和谐、绿色的现代家居和公共环境，提供具有设计领先、人性化科技、高品质的环保产品。九次方科技以其人性化、高品质的产品，被市场所广泛接受和应用，得到了政府、媒体、企业、消费者的高度关注。九次方已在国内二十多个省市建立了办事处和营销网络，产品远销欧美、中东等五十多个国家和地区。
万磊,万磊,万磊，男，中华人民共和国公民，现今通俗流行唱法导师。
WM,WM,WMWrestleMania的缩写。WrestleMania的介绍WrestleMania是WWE的年度四大PPV主赛之一，通常在每年的三月末四月初举办。是职业摔角界历史最悠久经历最漫长故事和传奇最多的摔角界的一项旗舰赛事。
法恩莎,法恩莎卫浴,法恩莎卫浴是一种卫浴品牌。法恩莎是意大利一个盛产陶瓷的著名小镇这里出产的陶瓷透出一股唯美、优雅、艺术的气息。20世纪初，与毕加索齐名的现代派画家马蒂斯（Matisse）到意大利陶瓷之乡法恩莎游历，寻求艺术灵感，在一次漫无目的的街头漫步之际，神秘邂逅一位美丽的少女，为少女的美深深打动，在巨大的创造灵感和热情的推动下，意大利设计师创作了一幅极具魅力神韵的作品，并将其命名为《法恩莎少女》，一时间《法恩莎少女》唯美优雅的艺术风格轰动了整个艺术界，法恩莎品牌由此孕育而生。
双象,双象,双象（doubleimage）是在双眼观察视野内的单一物体在感觉上产生复象的现象。如把一只手指和一支铅笔放在鼻子前面，三者成一直线，各距约15厘米～20厘米。当注视近物（手指）时，远物出现不交叉的双象，即左眼的象在左边，右眼的象在右边；当注视远物（铅笔）时，近物出现交叉的双象，即左眼的象在右边，右眼的象在左边。 
黑金钢,黑金钢,黑金钢自主开发的产品以便携式记录仪最为著名
凡东尼,凡东尼,
猫和老鼠,猫和老鼠,《猫和老鼠》（TomandJerry）是米高梅电影公司于1939年制作的一部动画片，该片由威廉·汉纳、约瑟夫·巴伯拉编写，弗雷德·昆比制作，首部剧集《甜蜜的家》于1940年2月10日在美国首播 。《猫和老鼠》以闹剧为特色，描绘了一对水火不容的冤家：汤姆和杰瑞猫鼠之间的战争，片中的汤姆经常使用狡诈的诡计来对付杰瑞，而杰瑞则时常利用汤姆诡计中的漏洞逃脱他的迫害并给予报复 。
洛可可,洛可可,洛可可是指18世纪尤其是在法国路易十五统治时期的一种艺术和室内装饰风格。洛可可风格是对意大利巴罗克盛期（HighBaroque）精巧曲线装饰进行提炼的结果，色彩鲜明而尺寸更小。洛可可风格是对路易十四时代庄重、豪华的古典主义艺术风格（以凡尔赛宫为代表）的一种反叛。洛可可绘画致力于表现颇为琐细的宫廷生活中轻快、亲密的场景，有时也表现田园风光。洛可可风格以妩媚和矫揉造作为特征。主要代表人物有华托（JeanAntoineWatteau，1684－1721）、布歇（FrancoisBoucher，1703－1770）和弗拉戈纳尔（JeanHonorèFragonard，1732－1806）。洛可可风格的雕塑则倾向于精致和小巧；克洛迪昂（Clodion，1738－1814）的作品具有代表性。提埃坡罗（GiovanniGattistaTiepolo，1696－1770）的作品广阔而富有空间感，色彩艳丽而富有戏剧性，被认为是意大利洛可可风格最伟大的代表作。 
ROCOCO,洛可可,洛可可是指18世纪尤其是在法国路易十五统治时期的一种艺术和室内装饰风格。洛可可风格是对意大利巴罗克盛期（HighBaroque）精巧曲线装饰进行提炼的结果，色彩鲜明而尺寸更小。洛可可风格是对路易十四时代庄重、豪华的古典主义艺术风格（以凡尔赛宫为代表）的一种反叛。洛可可绘画致力于表现颇为琐细的宫廷生活中轻快、亲密的场景，有时也表现田园风光。洛可可风格以妩媚和矫揉造作为特征。主要代表人物有华托（JeanAntoineWatteau，1684－1721）、布歇（FrancoisBoucher，1703－1770）和弗拉戈纳尔（JeanHonorèFragonard，1732－1806）。洛可可风格的雕塑则倾向于精致和小巧；克洛迪昂（Clodion，1738－1814）的作品具有代表性。提埃坡罗（GiovanniGattistaTiepolo，1696－1770）的作品广阔而富有空间感，色彩艳丽而富有戏剧性，被认为是意大利洛可可风格最伟大的代表作。 
易置,易置,易置是改设；更换；改变位置的意思。
品智,品智,品智（SAVWIS）法国高级时尚女装——品牌以亲和、优雅人性化作为品牌的基本定位，是一个定位有风格的气质型女装品牌。品牌推崇的是现代都市中的时尚女性所追求的自信、豁达、有内涵的着装风格，以及她们崇尚自由自在、独立舒适的生活态度，传达她们在快节奏的都市生活中对纯净、放松、自由的忠实守望。
MSD,MSD,MSD是MeanSquareDisplacement缩写，指的是均方位移。其定义为液体和气体分子不会待在一个固定位置，而是不停移动的。MSD均方根位移的量与原子的扩散系数存在对应关系。。。
林,林姓,林姓，主要源自子姓、姬姓及少数民族改姓等，是东夷一支称林方，南迁后称“郴”。林义与曹近似，“木”是建木，也就是天杆圭表，又名扶桑，扶木。二建木并立为林，“林”下为天齐坛台（渐台）。林姓是风姓别支，又作梵。 中华书局刊印的《辞海》合订本载：林，“姓也，史谓殷比干避难长林之山，因以林为氏”。 林姓在宋版《百家姓》中位列第96位。2016年，大陆林姓人口约为1416万，林氏排在第16位；在中国南方林氏排在第4位，福建省林姓人口全约472万，占全省总人口14.8%，排在第一位；广东省林氏约311万，浙江省约184万；台湾地区林氏约200万，韩国180万 ，其他地区约500万，在全球约2千多万。林姓人口密度最高为福州、莆田、闽南、粤东及台湾。
BTN,BTN,BTNl是Flash中按钮实例（Button）的注释名。
乐活,乐活,乐活（LOHAS）是英语LifestylesofHealthandSustainability的缩写，意为以健康及自给自足的形态过生活，是全球兴起的一种新的健康可持续生活方式，是1998年美国社会科学家针对人类“健康衰退、心灵空虚、关系疏远、资源紧缺”提出新的健康生活方式。乐活族是一群重视健康、关爱环保，在消费时以健康、环保、时尚、有机、天然、绿色为主题。在欧美四个人中有一个人是乐活族，仅在美国就有40%的成人，约8千万人乐活族。中国有3000万精准，1亿准乐活族，乐活族强调“健康、可持续的生活方式”。“乐活”是一种环保理念，一种文化内涵，一种时代产物。它是一种贴近生活本源，自然、健康、精致的生活态度。
三尾狐,三尾狐,三尾狐是泰米时空的米诺，分布在星空塔的神秘系的精灵。三尾狐分为3个进化形态，分别是第一进化形态、第二进化形态、超进化形态，只要通过挑战星空塔第25层的三尾狐，即可获得小精灵了。
瑾轩,夏侯瑾轩,夏侯瑾轩，单机游戏《仙剑奇侠传五前传》中的第一男主角。 夏侯世家的少主。因不喜舞枪弄剑，专爱趣闻逸史，让父亲深感恨铁不成钢；好在他对于仙术符法也有所涉略，没沦落到手无缚鸡之力的境地。虽然喜欢读书，但他却不是一个书呆子，有时也会有一些出人意料的鬼点子；在遇到问题时，他常能冷静地分析出最合理的解决办法。
千家万户,千家万户,出处：宋·释道原《景德传灯录》：“师曰：‘长安城里。’问：‘如何领会？’师曰：‘千家万户’。”
奇爱,奇爱,奇爱是由湖北奇爱网络科技有限公司独立开发的一款移动社交类的应用！历经6个月时间开发，2014年1月18号正式上线！此应用一经推出，深受广大网友喜欢。
GA,Ga,GA神经节脑苷脂是遍布全身的一种复合糖脂，是细胞膜的重要组成部分。它们参与细胞（尤其是在大脑中）的结构与功能，有助于促进脑部神经元的生长和连接，DHA帮助胎儿大脑发育。
鉴道,鉴道,鉴道酒出身于黔北静密幽深的赤水河流域茅台古村此乃中国著名好酒产区，乃顶尖好酒的发源地此酒生来便与蕨类植物之王(活化石)桫椤为伍又与清时贵若黄金的野生竹荪为伴造就出有天生丽质大家闺秀底蕴幽长尊贵风范。?
金汤,金汤,金汤，汉语词汇。拼音：jīntāng释义：1、形容城池险固。2、金汤，道家语
AIWO,AIWO,AIWO是AIWOTOOLS（艾沃工具）品牌的缩写。AIWOTOOLS艾沃工具是由临沂艾沃工具制造有限公司出品。
鲸海,鲸海,鲸海是指中国对今日本海北部及鞑靼海峡的称呼，唐·马戴《赠别北客》和宋·杨亿《到郡满岁自遣》的诗句都有描述，而韩国称为东海，日本称为日本海。
新九州,新九州,新九州 是以国内第一奇幻架空世界九州为基础，拥有全新历史线和时间线的东方奇幻架空世界体系。新九州基于“九州”奇幻世界的基础设定进行了优化，着重于向外远航，开拓更大的疆域，形成一个崭新的九州世界。新九州将开启一个百舸争流、激扬海域的时代，一个九州大陆各族扬帆出海、乘风破浪的时代，发生多系列或铁血王权或奇遇探险或平凡英雄的故事。
踊跃,踊跃,踊跃，汉语词汇。拼音是yǒngyuè，是指形容情绪激烈，争先恐后，比喻做某事积极。
红狮,红狮,红狮(RedLionControls)控制系统制造公司位于美国的宾西法尼亚州，他可以制造多种工业控制产品从定时器和计数器到精密复杂的人机界面。其现代化的厂房占地面积为100000平方英尺。其具有最新的贴片安装和板上芯片的生产能力。 
天磊,天磊,天磊是动画片《战斗王之飓风战魂》中的四主角之一，号称“世界最强之盾”，拥有防御型陀螺极地金盾。冷静，稳重，少言寡语，曾一度被复仇心蒙蔽，后来终于懂得宽容。
明禾吉利,明禾吉利,明禾吉利是1996年在北京成立的建材、地产开发公司。明禾吉利品牌着力于国际高端装饰建材品牌的进口代理，为中国消费者提供高品质、高品味的家居用材和装修的解决方案。十七年来，“明禾吉利”建立了与意大利IMPRONTA、ATLASCONCORDE、ABK，西班牙PAMESA、BORJA等国际顶级品牌的战略合作伙伴关系，成为这些国际顶级品牌进入中国市场首选的独家代理商。
德诺,德诺,德诺（枸橼酸铋钾片），适应症为胃及十二指肠溃疡、胃炎(特别是与幽门螺旋杆菌相关的消化系统疾病)。
布纸饰美,布纸饰美,布纸饰美是上海齐惠橡塑材料有限公司旗下墙纸品牌，中国墙纸行业新起品牌。
曼陀罗,曼陀罗,曼陀罗（学名：DaturastramoniumLinn.）又叫曼荼罗、满达、曼扎、曼达、醉心花、狗核桃、洋金花、枫茄花、万桃花、闹羊花、大喇叭花、山茄子。草本或半灌木状，高0.5~1.5米，全体近于平滑或在幼嫩部分被短柔毛。茎粗壮，圆柱状，淡绿色或带紫色，下部木质化。叶广卵形。花单生于枝叉间或叶腋，直立，有短梗；花萼筒状。蒴果直立生，卵状表面生有坚硬针刺或有时无刺而近平滑，成熟后淡黄色，规则4瓣裂。种子卵圆形，稍扁黑色。花期6~10月，果期7~11月。 常生于荒地、旱地、宅旁、向阳山坡、林缘、草地。喜温暖、向阳及排水良好的砂质壤土。 具有药用或观赏而栽培。概述图参考资料： 
DATURA,曼陀罗属,曼陀罗属（拉丁文：DaturaLinn.）是被子植物门茄科下的一个属，该属物种为草本、半灌木、灌木或小乔木植物。该属共约16种，多数分布于热带和亚热带地区，少数分布于温带。该属植物现状均为野生或栽培。该属模式物种是：曼陀罗（DaturastramoniumL.）。该属的主要特征：花朵呈直立、斜升或俯垂状态，种子多数为扁肾形或近圆形。该属是由瑞典自然学者、现代生物学分类命名的奠基人卡尔·冯·林奈（瑞典语：CarlvonLinné，1707年5月23日－1778年1月10日）于1753年设立。
艾欧唯,艾欧唯,
千羽,千羽,《千羽》是颜月写的网络小说连载于起点中文网。
JCC,jcc,JCCOLLEZIONE(简称JCC）是HighlineUnitedChina旗下自有品牌，其高级女鞋兼具优雅与时尚。HighlineUnited缘起于世界知名皮制工厂-麦斯国际集团，目前已拥有多个世界知名的时尚女鞋品牌。
金海湾,金海湾,金海湾项目系政府经济适用房重点大型项目，总占地面积23万平方米，建筑面积989000平方米，在建的地铁一号线和规划6号线站点均在项目用地上，属纯正地铁物业；本项目路北系新城东客运站，公交总站及投资10亿的西北商贸，
堡密特,堡密特,堡密特（Baumit）品牌创立于1988年，由Wietersdorfer集团及Schmid参股股份公司两个各自拥有百年历史的家族企业合力打造。Baumit商标背后所蕴含的是200年的建材行业经验·
天目,天目,选自《袁宏道集笺校》作者：袁宏道（1568-1610），字中郎，又字无学，号石公。明代文学家。文学上反对当时“文必秦汉，诗必盛唐”的风气，提出“独抒性灵，不拘格套”的“性灵说”主张文要出自真情。他与其兄袁宗道、弟袁中道创造文学史上地位甚高的“公安派”影响广泛。
TM,TM,TM是土库曼斯坦国别域名，又是英语中商标(TradeMark)一词的缩写，TM域名是商标域名。
深呼吸,深呼吸,所谓深呼吸就是胸腹式呼吸联合进行可以排出肺内残气及其他代谢产物吸入更多的新鲜空气以供给各脏器所需的氧分提高或改善脏器功能。深呼吸能使人的胸部、腹部的相关肌肉、器官得以较大幅度的运动，能较多地吸进氧气，吐出二氧化碳，使血液循环得以加强，对于解除疲惫，放松情绪，都是有益的。
蒂森,蒂森,蒂森克虏伯是全球大型技术集团之一，在国际市场上占有卓越的地位。集团销售额超过534亿欧元，在全球70多个国家拥700多个企业，197040名员工。蒂森克虏伯集团由五大分支——钢铁、不锈钢、技术、电梯和服务，构成三大主要业务领域：钢铁、资本货物和服务。
TOPLI,topli,1976年，中国首家专业生产墙纸的北京建筑材料制品厂，在人类起源的北京·周口店猿人遗址的附近，开始了她漫长的领导中国墙纸行业的生涯，这就是特普丽的前身。2001年9月在国有企业的基础上并购中外合资企业金巢东理、金天、金优公司整体进行改制，特普丽的面貌焕然一新。新生的团队在董事长杨冀先生的果敢决策下锐意进取，特普丽公司继续引领着中国墙纸业的蓬勃发展，并逐步走上世界墙纸业的舞台。
皇妃,皇妃,皇妃，读音为huángfēi，汉语词语，意思为皇妃，皇帝的嫔妃。
XD,XD,XD是一种网络用语，在不同场合有不同含义，为网络象形文字(表情)。横着看起来像是一个猥琐而不怀好意的笑容，其意思已经被大多数BBS所接受，人们常在留言的最后加上XD，表示了自己用一种很邪恶的眼看着对方。
槟果,槟果,槟果 于2015年10月21日在中国商标网注册的商标；商品服务:着色剂;青铜粉;金箔;油漆;木材涂料（油漆）;木材防腐油;木材防腐剂;稀料;金属防锈制剂;木材防腐用杂酚油;
慕森,慕森,慕森(Müsan) 为德国知名健身器材品牌，始创于1917年，总部位于德国慕尼黑。经营产品主要包括跑步机、椭圆机、健身车、按摩椅等。
idg,IDG,美国国际数据集团（InternationalDataGroup）是全世界最大的信息技术出版、研究、发展与风险投资公司。IDG公司2005年全球营业总收入达到26.8亿美元。IDG集团公司创建于1964年，总部设在美国波士顿。
香榭里,香榭里,由成都汇联住房经营管理股份有限公司投资城建的一个小区。
瓷刻,瓷刻,瓷刻：在上釉烧成的素色瓷器上，用钨钢刀或金钢石刀搂刻书、画的一种工艺品。制作过程是：先用刀尖刻出点线，再涂墨上蜡，即在瓷面上出现山水、花鸟等画面或各种书体的字迹，既保持了传统的书、画风格，又发挥了晶莹光洁的瓷面特色，收到相得益彰的效果，且经久不泯。
蓝羽,蓝羽,2015年1月16日晚22时起，电影频道CCTV6将连续六周，每周五晚播出一期90分钟的“中国影响力”青年导演剧情短片创作季《十强突围赛》特别节目。
北极熊,北极熊,北极熊（拉丁学名：Ursusmaritimus(Phipps1774)，是熊科熊属的一种动物，是世界上最大的陆地食肉动物，又名白熊。皮肤为黑色，由于毛发透明故外观上通常为白色，也有黄色等颜色，体型巨大，凶猛。北极熊的视力和听力与人类相当，但它们的嗅觉极为灵敏，是犬类的7倍；奔跑时最快速度可达60km/h，是世界百米冠军的1.5倍。由于全球气温的升高，北极的浮冰逐渐开始融化，北极熊昔日的家园已遭到一定程度的破坏，在未来的不久很可能灭绝，需要人类的保护。
Polar bear,Polar bear,PolarBearStudio，香港摇滚唱作音乐人黄贯中创办的独立唱片音乐制作公司， 黄贯中2002年后所有专辑皆在此灌录及制作。
DH,DH,DH是DemonHunter的缩写，是电脑游戏魔兽争霸里恶魔猎手的简称，是被暗夜精灵族社会排斥的黑暗战士。他们在很久以前就和黑暗力量立下契约，要用自己可怕的力量与混乱的力量对抗到底。
游牧人,游牧人,品牌密码出身箱包制版世家的JASONLEE受到家族生意影响，从小对箱包制造工艺耳濡目染。孩童时候，他就有一个雄壮梦想：长大以后，全世界人都能背上我设计的箱包。小JASON慢慢成长，家族的事业也不断发展壮大。18岁这年，JASON在美术学院修学。在大学期间，JASON游走欧美国家。每次的旅程，都让他深刻的感受到国内的箱包设计及制包工艺跟欧美国家相比，还有很大的差距。
稚内,稚内,稚内，位于北海道岛最北端，是一个被日本海与鄂霍次克海夹在其中的港湾城市。其因为大风四起的日子较多，故又有“风之城”之称。
和邦盛世,和邦盛世,如今，和邦盛世竭力导入中国传统构图的人文景观，以“方胜盘长”吉祥纹样为本，方圆标志，寓意着方与圆的对立统一，是直线与曲线的对立统一，也是定与动的对立统一；但都在表达着一种思想、一种理念、一种世界观，这就是整体、个性、和谐统一的意识，我们把这作为做人处事的基本原则或者价值观。
陈创,陈创,陈创，1974年12月19日出生于中国江西省樟树市，演员。毕业于北京电影学院。2001年，参演张今标执导电影《毛泽东在1925》并在剧中饰演庞叔侃 。2002年，在蔡明、虞梦、李建华主演的爱情电视剧《党员马大姐》中饰演陈新星。2003年吕乐执导的电影《美人草》饰演林山。2005年，在古装电视剧《宝莲灯》中饰演哮天犬。2008年主演科幻喜剧《魔幻手机》并饰演黄眉大王 。2009年，在焦恩俊主演古装电视剧《宝莲灯前传》中饰演哮天犬 。2010年参演电视剧《为了新中国前进》 。2011年，在张国强、温峥嵘主演的爱情电视剧《只要你过得比我好》中饰演夏博文 。2012年，在朱泳腾、马雅舒主演的抗战电视剧《枪火》中饰演多吉 。2014年2月在舒畅、李滨、曹骏主演的科幻剧《魔幻手机2傻妞归来》饰演黄眉大王一角。2016年参演《诛仙》改编电视剧《青云志》。 
七彩龟,巴西红耳龟,巴西红耳龟（Trachemysscriptaelegans），英文名：Red-EaredSlider，也叫巴西龟、红耳龟、小彩龟，属于泽龟科滑龟属，是一种水栖龟类。因其头顶后部两侧有2条红色粗条纹，故又名为红耳龟。巴西红耳龟原产于美国中部至墨西哥北部，由于红耳龟兼具药用、观赏、食用的价值，且该物种价格低廉，极易饲养以及色彩艳丽，致使大量的养殖和贩卖。导致该物种现已成为全世界爬行类宠物贸易中最常见的物种。红耳龟具有极高的种内密度和极强的种间竞争力，因此，该物种已在欧洲、非洲、澳洲、亚洲以及美洲（非原产地）等世界范围内成功入侵，并被列为世界最危险的100种外来入侵物种之一。 
韩悦,韩悦,韩悦，9月24日出生于黑龙江，毕业于中央戏剧学院表演系本科，中国内地女演员。2012年因出演《花木兰传奇》中紫苏一角受到观众关注 ，随后因出演古装电视剧《多情江山》中饰演敢爱敢恨的宋扣扣一角 ，2016在古装神话剧《蜀山战纪2》中饰演素裳一角 。
福人,福人,福人，汉语词汇。拼音：fúrén释义：1、有福气，生活舒适、幸福的人。2、运气好、幸运的人。3、长寿、富贵、康宁、好德、善终五福都享有的人。
雅情,雅情,雅情是一个汉语词汇，拼音为yǎqíng，基本意思是高雅的情谊。
唐科,唐科,唐科，男，汉族，1965年9月出生，广西全州人，1990年9月加入中国民盟，1986年7月参加工作，本科学历，现任桂中治旱乐滩水库引水灌区建设管理局总工程师。
盼盼,盼盼,广东芳园盼盼智能科技有限公司 于全国五金品牌集中地——广东佛山，成立于2000年，专业研发、设计、生产、销售数码遥控、手摇升降、落地系列等晾衣架晾衣机产品，是全国规模最大、品类最齐全、生产能力最强的专业生产企业之一。
银丰,银丰,北京市农林科学院林果研究所从实生栗中选育的品种。母树位于昌平县下庄村。
世圣,世圣,《世圣》是在飞卢小说网上连载的小说，作者是苍月姬。
中建,中国建筑工程总公司,中国建筑工程总公司，简称中建总公司、中国建筑，正式组建于1982年，其前身为原国家建工总局，是为数不多的不占有大量的国家投资，不占有国家的自然资源和经营专利，以从事完全竞争性的建筑业和地产业为核心业务而发展壮大起来的国有重要骨干企业。中建总公司是中国专业化经营历史最久、市场化经营最早、一体化程度最高的建筑房地产企业集团之一，拥有从产品技术研发、勘察设计、工程承包、地产开发、设备制造、物业管理等完整的建筑产品产业链条，是国内唯一一家同时拥有“三特”资质、“1+4”资质和建筑行业工程设计甲级资质的建筑企业。2017年2月，BrandFinance发布2017年度全球500强品牌榜单，中国建筑排名第53。 2017年7月12日，中国建筑工程总公司获国资委2016年度经营业绩考核A级。 2017年12月，经国务院国资委批准，中国建筑工程总公司由全民所有制企业改制为国有独资公司，改制后中建总公司名称为中国建筑集团有限公司。中建总公司的全部债权债务、各种专业和特殊资质证照等由改制后的中国建筑集团有限公司承继。
和一,和一,和一是一个词语，注音是héyī，亦作“和壹”。和合一致；和睦同心。
喜乐,喜乐,喜乐，汉语词汇。拼音：xǐlè释义：欢乐；高兴。喜闻乐见的简称。例如：“被人爸爸，我今天又被别人打趴下了。“伦伦呀，喜乐~！”意为喜闻乐见·即使面对不称心的事仍保持好的态度。
洁莱雅,洁莱雅,江苏洁莱雅日化有限公司创建于80年代末，公司一贯坚持“做好品质，为您服务”的宗旨和产品、人品兼优，盈利、道义共存的经营原则，牢固树立“尽心追求完美”的理念，竭尽全力，奋力开拓，在创新和扩展的道路上，不断提高自身品味，使“洁莱雅”品牌誉满四海，让她以全新的理念跨入世界化妆品之林。
香凝,香凝,香凝，广州电台主持人，毕业于星海音乐学院，其作品多次在全国及省、市获奖。
格然,格然,格然地板(GERANFLOOR)是浙江格然木业的主打品牌，格然木业旗下除地板外兼产整体定制家居，整体橱柜。
Geran,GERAN,GERAN是GSM/EDGE无线接入网，它采用了EDGE的无线传输技术，网络组成与GPRS相同。EDGE的目的是为了在现有蜂窝系统中提供更高的数据速率。
长安,长安,长安是西安的古称，是历史上第一座被称为“京”的都城，也是历史上第一座真正意义上的城市 。周文王时就定都于此，筑设丰京，武王即位后再建镐京，合称丰镐，西安简称“镐”（hào）即源于此。汉高祖五年（前202年）置长安县，在渭河南岸、阿房宫北侧、秦兴乐宫的基础上兴建长乐宫，高祖七年（前200年）营建未央宫，同年国都由栎阳迁移至此，因地处长安乡，故名长安城，取意“长治久安”。长安是十三朝古都，是中国历史上建都朝代最多，建都时间最长，影响力最大的都城，居中国四大古都之首，是中华文明的发祥地，中华民族的摇篮，中华文化的杰出代表 ，隋唐时期世界最大的城市。长安是丝绸之路的东方起点和隋唐大运河的起点，是迄今为止唯一被联合国教科文组织确定为世界历史名城的中国城市，与雅典、罗马、开罗并称世界四大文明古都 。拥有着7000多年文明史、3100多年建城史和1200多年（不计陪都）的建都史，历史上曾有周、秦、汉、隋、唐等在内的13个朝代建都于此，唐朝鼎盛时期常住人口185万。作为中国首都和政治、经济、文化中心长达一千多年，被誉为天然历史博物馆，是国际著名旅游目的地城市。长安文化影响极其深远，由于建都长安的周、秦、汉、隋、唐是中国古代最为强盛和文明的黄金时代，因此在唐以后，虽然长安不再为国都，但“长安”一词却成为国都别称。今天首都北京最重要也最知名的神州第一街——长安街，就是以古长安命名。 
云樽,云樽,云樽是一个汉语词语，是指有云雷纹饰的酒器。出自《论衡·乱龙》。
辛格,曼莫汉·辛格,曼莫汉·辛格（ManmohanSingh，1932年9月26日－），印度资深政治家，印度国民大会党元老，印度前总理。辛格在1991年至1996年任印度财政部长期间，进行了前所未有的经济改革，打破了束缚印度经济增长的种种枷锁，使印度经济步入高速发展的轨道，也被誉为“印度经济改革之父”。 2004年5月19日被总统任命为新总理。2014年1月3日，印度总理辛格召开新闻发布会，明确表示在5月份大选之后将下台，不会寻求第三任期。 
美寓,美寓,美寓位于台北，是家2星级酒店。酒店位置较好，距离台北101大楼打车6分钟，车程约3.2公里。
砾,砾,砾是一个汉语词汇，汉语拼音是lì，总笔画是10笔。砾是形声字，石为形，乐为声。砾的基本意思是小石，碎石。可组词为砾石。
Gravel,gravel,英n.碎石v.铺碎石；使困惑
瓦克,瓦克,德国瓦克国际集团有限公司公司成立于1993年，总部位于中国香港，是国内最早从事是集铝合金型材研发、生产与销售等为一体的综合性大型跨国企业，根据波士顿咨询公司之相关统计，公司是目前全球第二大、亚洲及中国最大的民用铝型材研发制造商。
上龙,上龙,上龙是一种已灭绝海生爬行动物，属于上龙科，生存于侏罗纪晚期。上龙是一种大型掠食性动物，以鱼类、鱿鱼、以及其他海生爬行动物为食。上龙在正式命名前被称为“妖怪”，在大约2亿—1.45亿年前的侏罗纪，它们是海洋中的高级掠食者。上龙是上龙科中最先发现的，这主要是理查·欧文的贡献，他在1841年对这种动物进行了研究并予以命名为上龙。较有名的上龙亚目爬行动物有滑齿龙、克柔龙，现时已知最大的上龙亚目生物为北极圈附近斯瓦尔巴德岛发现的斯瓦尔巴德上龙，根据其化石残骸推测有十多米。上龙的化石曾发现于英格兰、墨西哥、南美、澳大利亚、接近挪威的北极地区萨达沙地方。
花王,花王,花王，日本知名日用品品牌。花王株式会社成立于1887年，花王前身是西洋杂货店“长濑商店”（花王石碱），主要销售美国产化妆香皂以及日本国产香皂和进口文具等，花王创业人是长濑富郎。目前花王产品涉及化妆品等600多种，大都是高分子化学品。
霍元甲,霍元甲,霍元甲（1868-1910），天津市西青区精武镇小南河村人，爱国武术家，迷踪拳第七代传人。1909年扬名上海，并创办了精武体育会，培养了大批武术人才，为强健国民体质、传承武术文化做出了突出贡献。
苹果树,苹果,苹果（MaluspumilaMill.）：是落叶乔木，通常树木可高至15米，但栽培树木一般只高3-5米左右。树干呈灰褐色，树皮有一定程度的脱落。苹果树开花期是基于各地气候而定，但一般集中在4-5月份。苹果是异花授粉植物，大部分品种自花不能结成果实。一般苹果栽种后，于2-3年才开始结出果实。果实一般呈红色，但需视乎品种而定。苹果树的果实富含矿物质和维生素，为人们最常食用的水果之一。果实成长期之长短，一般早熟品种为65-87天，中熟品种为90-133天，晚熟品种则为137-168天。在一般情形下，栽种后苹果可有15-50年寿命。
WIESMANN,威兹曼,威兹曼(Wiesmann)汽车公司总部位于德国Dulman，其标志为一只蜥蜴形象。公司目前有员工60多人，大多数是身怀绝技的高级技师。每辆威兹曼跑车都是手工打造的，车辆的所有部件都是按照客户的要求量身定做的，由于客户定购的车身电气装备五花八门，因此，连车上的电线束都是手工缠绕。在手工打造的基础下，威兹曼的车型结合了宝马引擎动力与复古的车身线条，加上由里到外极具质感的皮革铺陈与细节修饰，创造出独具一格的高质运动车。
简佰格,简佰格,简佰格（简·佰格JONBAGROYALSELECTION ），是天津修源皮具有限公司注册箱包 品牌，2013年注册成功 。
宝扬,宝扬,BYONE（宝扬）是宝扬集团国际控股股份有限公司旗下的品牌，BYONE名称的由来：“Beyond”意为超越。“One”一的意思。BYONE为两个单词的合体。意为：BeyondtheNo.1。超越第一，勇攀高峰，永无止境！代表一种不懈进取的精神。中文音译名为“宝扬”。
IBF,IBF,IBF（InternationalBrandFederation)国际品牌联盟，是全球领先的品牌智慧与资源分享平台，也是中美品牌智慧交融的历史创造者。
米凯,米凯,米凯（匈牙利语：Mike），是匈牙利绍莫吉州所辖的一个村。总面积32.41平方公里，总人口646，人口密度19.9人/平方公里（2011年1月1日）。
博凯,博凯,几内亚西北部新兴矿业城市，博凯省首府。在廷吉林塔河左岸，东南距科纳克里160公里。
千牧,千牧,《千牧》是尾曦创作的网络小说，发表于起点网。
天尧,天尧,《天尧》是即墨连涵创作的网络小说，发表于17K小说网。
宜瓷龙,宜瓷龙,
长荣,长荣,《长荣》是一款IOS平台的应用。
绿蛙,绿蛙,大绿蛙也叫大绿臭蛙。栖息于海拔450—1200m森林茂密的大中山溪内及其附近。国内分布于南方多省区;国外见于南亚及东南亚地区。 
绿秀,绿秀,绿秀果皮嫩绿，圆润无尖，油亮有光泽，果型棒状顺直，长35~40厘米，直径5~6厘米，果肉厚，果腔小，单瓜重500克以上。
阿里山,阿里山,阿里山，位于台湾省嘉义市东方75公里，地处海拔高度为2216米，坐标为北纬23度31分，东经120度48分，东面靠近台湾最高峰玉山。由于山区气候温和，盛夏时依然清爽宜人，加上林木葱翠，是全台湾最理想的避暑胜地，是台湾省的著名旅游风景区。阿里山和玉山山脉与玉山公园相邻，平均气温为摄氏10.6度，夏季平均14.3度，冬季平均气温6.4度。阿里山森林游乐区西靠嘉南平原，北界云林、南投县，南接高雄、台南县，总计面积高达1400公顷。阿里山共由十八座高山组成，属于玉山山脉的支脉，隔陈有兰溪与玉山主峰相望。群峰环绕、山峦叠翠、巨木参天。相传以前，有一位邹族酋长阿巴里曾只身来此打猎，满载而归后常带族人来此，为感念他便以其名为此地命名。了解真实的阿里山文化历史就应深入到阿里山邹族文化部落里面，在阿里山邹族的文化园区，就会认识邹族这个英勇的原住民族。阿里山的日出、云海、晚霞、森林与高山铁路，合称阿里山五奇：阿里山铁路有70多年历史是世界上仅存的三条高山铁路之一，途经热、暖、温、寒四带，景致迥异，搭乘火车如置身自然博物馆。尤其三次螺旋环绕及第一分道的Z字形爬升，更是难忘的经验；祝山是观赏日出的最佳地点，要到祝山可坐火车或从电信局旁的石板路循阶而去，穿过森林大约40分即可到达。
Ali,穆罕默德·阿里,穆罕默德·阿里（MuhammadAli，1942年1月17日—2016年6月4日） ，原名小凯瑟斯·马塞勒斯·克莱（CassiusMarcellusClay，Jr.），出生于美国肯塔基州路易斯维尔，美国著名拳击运动员、拳王。阿里12岁开始了自己的拳击生涯。1964年，22岁的他击败索尼·利斯顿首次夺得重量级拳王的称号。同年，他再度击败利斯顿，从此职业拳击进入了阿里时代。此后，阿里在20年的时间里22次获得重量级拳王称号。1981年12月11日 ，阿里在最后一场比赛后宣布退役 。不过不幸的是，他在之后患上了帕金森氏病。 当地时间2016年6月3日，阿里在凤凰城当地医院病逝，享年74岁 。2016年6月10日，拳王阿里的传统穆斯林丧礼周四在他的肯塔基州家乡市路易斯威尔举行，展开历时两天对这位受爱戴拳击传奇人物兼民权英雄的告别仪式。 
领翔,北京现代SONATA·领翔,领翔，全名北京现代SONATA·领翔，索纳塔的替换车型，2006年，美国高速公路交通安全管理局（NHTSA）的新车碰撞测试（NCAP）中荣获五星级评价。2.4与2.0升DOHC16VθII-CVVT引擎，具有双CVVT连续可变气门正时技术以及VIS可变进气歧管技术，动力全面提升的同时，经济性在同类引擎中居于前列。前脸设计大气、稳重，同时又不失别致、时尚的气质，外形、内饰、配置都重新做过调整，但是上市近一年以来销售成绩并不理想，主要还是因为SONATA·领翔并没有太多突出的亮点，导致很多消费者对SONATA·领翔并没有留下深刻印象。
好施,好施,好施是游戏《三国杀ONLINE》中吴国武将鲁肃的武将技。
德拉,德拉,叙利亚西南边境城市，德拉省省会。人口5万（1981）。为一交通枢纽、商业中心与边防重镇。
熊猫总动员,熊猫总动员,《熊猫总动员》是一部由中、德两国合拍的3D动画电影，该片由格里格·曼瓦林、米歇尔·勋曼执导，由何炅、刘纯燕等人参与配音演出。 该片讲述了小熊猫潘迪一出生便肩负了振兴熊猫种族繁衍的重任。凭着熊猫长老给予他的坚强、勇敢以及他的好奇心让他四处游历磨练。 该片于2011年2月3日在中国上映。 
唐域,唐域,《唐域》是连载于起点中文网的网络小说，作者是风清竹逸。
TEAM WORK,Team Work,《TeamWork》是JonyJ在《中国有嘻哈》中演唱的歌曲。
帝将,帝将,《帝将》是连载于17k小说网的网络小说，作者是徐集。
聚宝瓶,聚宝瓶,聚宝瓶，藏语称“苯巴”，是三摩地修炼成的咒物——宝藏之瓶，其性质为用之不竭的珍宝，这个瓶作为吉祥清净之意是净瓶，同时也是密宗修法灌顶时的法器之一。
鹤舞,鹤舞,生活在我国东北平原上的丹顶鹤每年四月初发情期间，雄鹤主动求爱，引颈耸翅，总是“嗝——嗝”地叫个不停，而雌鹤则随着翩翩起舞，报以“嗝啊——嗝啊”的回答，雄鹤、雌鹤对歌对舞，你来我往，一旦婚配成对，就偕老至终。由于在这个过程中，两只仙鹤载歌载舞，歌声悠扬，舞姿婆娑，事后两只仙鹤又能白头偕老，因此自古以来，我国特别是东北地区，把丹顶鹤择偶过程中对歌对舞看成吉兆，美其名曰“鹤舞”，学习丹顶鹤动作，与街舞动作结合，编排舞蹈宣传家乡，保护丹顶鹤“鹤舞”。
HM,HM,Hennes&MauritzAB的简称，由ErlingPersson于1947年在瑞典创立，主要经营销售服装和化妆品。目前，H&M的发展惊人，拥有超过3000家专卖店，足迹遍布28个国家。德国是他的最大市场，其次是瑞典和英国。
晓爱,晓爱,《晓爱》是李汝俏执导的剧情片。该片讲述了影片讲述了江城大学大三学生许乐和女同学乔乔成为了好朋友，经过几年短暂的分离，痛苦和误解。终于走在了一起，找到了自己的真爱的故事。
鹤,鹤,鹤，日本漫画《航海王》及其衍生作品中的角色，海军本部中将，被称作“大参谋”，是吃了恶魔果实超人系洗洗果实的洗涤人 。鹤是唐吉诃德·多弗朗明哥的老对手，她多次追捕多弗朗明哥，让多弗朗明哥望风而逃 。
玉龙,玉龙,玉龙，龙形之玉器。玉龙通高26厘米，墨绿色，体卷曲，平面形状如一“c”字，龙体横截面为椭圆形，直径2.3～2.9厘米。龙首较短小，吻前伸，略上噘，嘴紧闭，鼻端截平，端面近椭圆形，以对称的两个圆洞作为鼻孔。龙眼突起呈梭形，前面圆而起棱，眼尾细长上翘。颈背有一长鬣，弯曲上卷，长21厘米，占龙体三分之一以上，与内曲的躯体相合，造成一种飞腾的效果。鬣扁薄，并磨出不显著的浅凹槽，边缘打磨锐利。龙身大部光素无纹，只在额及鄂底刻以细密的方格网状纹，网格突起作规整的小菱形。
尚达,尚达,尚达尚达（1917~2001），又名尚德明，河北承德人，著名外科医生。他是大同民革恢复组织时期的主要领导成员之一。
瑞嘉,瑞嘉,
小火柴,小火柴,《小火柴》是一款休闲小游戏，游戏大小为5172K。
九龙,九龙半岛,九龙，地理上称为九龙半岛，为香港的三大区域之一（香港岛、九龙、新界），是除了香港岛以外市区的主要组成部份。九龙半岛东南西三面被维多利亚港包围。过去由于英国与中国的租约问题，一度分为“九龙”（即界限街以南）与“新九龙”（即界限街以北、狮子山以南）两部份。但自从中英谈判使香港的前途明朗化，“新九龙”这种划分已经不再有意义，所以现时两地都一并称为“九龙”。不过，现时部分位于新九龙的物业跟新界物业一样，须向香港特区政府缴交地租。九龙（Kowloon）全名为九龙半岛是香港的三大区域之一，九龙东南西三面都被维多利亚港包围。九龙与一海之隔的港岛一样，是组成香港繁盛的市区中，不可或缺的一部分。其中，以尖沙咀、油麻地及旺角（简称油尖旺）最具吸引力，这些地区购物、饮食、娱乐与文化应有尽有，与港岛不分高下！著名的商业中心尖沙嘴中心、帝国中心、好时中心、南洋中心等。各式商店鳞次栉比，是游客聚集的购物天堂。著名的酒店有富豪酒店、海景假日酒店、香格里拉酒店等。九龙是位在北边港口的半岛，尖沙嘴一带是最多游客聚集的地方。香港岛的面积为78平方公里，只占全香港陆地面积的7%九龙东、西部为人口稠密的工业区，北部是住宅区，南部是著名的商业区。世界最繁忙机场之一的前香港机场启德机场就在九龙，现变成游园区。
科卡,科卡,科卡是埃塞俄比亚著名水利工程所在地。在阿瓦什河上游，西北距亚的最新斯亚贝巴80公里。
GM,通用汽车公司,通用汽车公司（GeneralMotorsCorporation，GM）成立于1908年9月16日，自从威廉·杜兰特创建了美国通用汽车公司以来，通用汽车在全球生产和销售包括雪佛兰、别克、GMC、凯迪拉克、宝骏、霍顿、欧宝、沃克斯豪尔以及五菱等一系列品牌车型并提供服务。2014年，通用汽车旗下多个品牌全系列车型畅销于全球120多个国家和地区，包括电动车、微车、重型全尺寸卡车、紧凑型车及敞篷车。2016年1月4日，美国通用汽车公司宣布，公司董事会全票表决通过任命首席执行官玛丽·巴拉兼任董事长，任命立即生效。巴拉的前任泰奥多尔·索尔索将留在董事会任首席独立董事。在2017年6月7日发布的2017年《财富》美国500强排行榜中，排名第十八。
林昌,林昌,浙江林昌木业有限公司成立于2006，专业从事木地板研发、制造和销售。前身为建于1996年的林昌木制品厂，位于中国历史名镇南浔。
佳境,佳境,佳境，汉语词汇。拼音：jiājìng(1)风景优美的好地方；例如：西山~(2)美好的境界或美好的意境；例如：渐入~
绿行,南开大学绿色行动小组,南开大学绿色行动小组，是南开园中坚持以实际行动践行环保信念的大型环保社团。绿行现设五大项目组和三大中心，分别是社会实践组、校园实践组、生态实践组、社区宣教组、中小学宣教组、宣传中心、培训中心和外交中心。各部门定位明确，特色鲜明。十四年来，绿行与天津绿色之友、自然之友、根与芽、北京环友科学技术研究中心、中华环境保护基金会等环境NGO展开了深入交流与合作；得到了天津市环保局、天津市林业局、天津市南开区环保局等政府机构的大力支持；并与天津、北京、兰州、济南、成都等地的高校环保社团、全国大学生绿色营及各地地方小组保持着密切交流。同时，在绿行十五年的发展过程中，新华社、新浪网、搜狐网、天津日报、天津电视台等众多媒体进行过多次报道。2014年，绿行即将迎来她的第十五个生日。届时，将会举办绿行庆生大型聚会，各届绿行人将会欢聚一堂！
花都,巴黎,巴黎（Paris），是法兰西共和国的首都和最大城市，也是法国的政治、经济、文化和商业中心，世界四个国际大都市之一，其余三个分别为纽约、伦敦和东京。巴黎位于法国北部巴黎盆地的中央，横跨塞纳河两岸，城市中心坐标为北纬48°52′、东经2°25′。广义的巴黎有小巴黎和大巴黎之分。小巴黎指大环城公路以内的巴黎城市内，面积105.4平方公里，人口200多万；大巴黎包括城区周围的上塞纳省、瓦勒德马恩省、塞纳-圣但尼省、伊夫林省、瓦勒德瓦兹省、塞纳-马恩省和埃松省七个省，共同组成巴黎大区，这片地区在古代就已经被称作“法兰西岛”（ile-de-france），面积达12000平方公里，人口约1100万（2016年），几乎占全国人口的五分之一。 巴黎建都已有1400多年的历史，它不仅是法国，也是西欧的政治、经济和文化中心。2016年，巴黎的地区生产总值已达到7350.6亿美元。2017年8月1日，国际奥委会宣布，巴黎成为2024年奥运会主办城市。2018年1月20日，法国总理爱德华·菲利普正式向法国负责世博会申办工作的部际代表帕斯卡尔·拉米提出，出于财政预算方面的考虑，巴黎将退出申办2025年世博会。 
安方,安方,姓名安方英文名Anfang生日1974-05-12
百世,百世,百世是一个汉语词汇，读音为bǎishì，意思是世世代，指久远的岁月，时间无穷尽。明·张溥《五人墓碑记》等均有相关记载。
汇迈,汇迈,汇迈铜牌普及者电源是一款多系列电源，在型号上分别是BP400、BP450、BP500、BP550、BP600、BP700，在额定功率上分别是300W、350W、400W、450W、500W、600W，共计五款电源，满足不同需求的用户选购。 
金陵金箔,金陵金箔,金陵金箔南京金箔，历史悠久，最早可追溯到南朝，贴金技艺是中华民族民间传统工艺的瑰宝，其广泛用于皇宫贵族或佛像寺庙的贴饰，以表现其富丽堂皇或尊贵庄重。南京有2500多年生产金箔历史，目前集中着全国70%、世界60%的金箔生产量，是中国最大的真金箔生产基地、世界五大金箔生产中心之一。
康家,康家,康家地板-江西森源木业有限公司，成立于2006年，是现代地板行业中集产品研发、产品制造、销售服务为一体的知名企业。公司成立后，经过多年的发展壮大，现已成为“员工知识化、管理科学化、企业现代化、产品科技化”的专业木地板生产企业。
金牌,金牌,金牌通常是奖励给某项竞赛（例如奥运会等体育比赛）第一名（冠军）优胜者的奖牌。竞赛的二（亚军）、三（季军）名优胜者一般是分别获得银牌和铜牌。这种做法据说是由一位犹太人的国王首创的。
久盛,久盛,久盛公司总部于中国四川成都，是中国领先的会展传媒营销服务商。
Lm,LM,LM是一个具有多重含义的英文简称，具有是指爱情和婚姻的意思，在医学词汇里主要指的是光镜照片等，也是浪漫（LangMan）的简称，也可以是人名，路萌（LiMin）。
云牌,云牌,云牌是一个词语，拼音为yúnpái。
山田,山田,浙江省杭州市附近一村庄
安住,安住,RomanDietscheGmbH成立于1873年，是一家拥有近140年悠久历史的德国公司，提供符合“德国制造”精神的优质卫浴产品。公司坐落于德国西南巴符州山区黑森林地区，该地区在德国有着“工匠摇篮”之称，孕育了包括打铁、制革业和钟表业等至今仍可称得上是真正传统手工业的艺术，今天，人们在世界各地都能体验到具有德国黑森林传统工艺之美的优质产品。
威力狮,威力狮,威力狮成立于1997年，源自美国，服务中国。作为中国汽车养护行业的领导者和标杆企业，自1997年进入中国市场以来，目前拥有120余家专业服务商，2500余家合作4S站，与中国100多家大型汽车经销商集团建立了战略性合作伙伴关系，1600名一线服务人员为1400万车主提供专业、规范的服务。作为中国汽车养护行业的第一品牌，自1998年始，威力狮始终占据市场份额、品牌知名度、美誉度第一的位置，威力狮是“服务、规范”理念的倡导者和推广者，是中国汽车11大系统深化保养方案的首创者，是国内“三分修，七分养”、“汽车养护”、“深化保养”理念的缔造者、倡导者和推广者。
莱恩斯,莱恩斯,莱恩斯是北京莱恩斯涂料有限公司旗下商标，主要包括粉类、胶类、油漆、内外墙体保温板、工程等商品和服务。莱恩斯建材（北京）有限公司，是一家建筑领域内外墙系列产品开发和应用公司，提供建筑内外墙腻子、涂料、保温板等材料。
龙越,龙越,龙越，男，民间艺人，川剧变脸演员，1988年06月20日出生于安徽省蚌埠市。其以川剧变脸身份强势跨入演艺圈，逐渐发展至演员。 15岁时进入中国遂宁川剧团拜巴蜀变脸王为师学习川剧变脸艺术，随后进入中央戏剧学院表演系进修。2010年，龙越在好友的介绍下开始发展演艺工作，主要工作被调派在中国范围内负责演出事宜，其优越的变脸技巧，赢得广大粉丝追捧 。
威达,威达,贝宁的港口城市。在国境南端几内亚湾岸的浅水海滩上。东距科托努港40千米。历史上是威达王国的首邑
居里夫人,玛丽·居里,玛丽·居里（MarieCurie，1867年11月7日—1934年7月4日），出生于华沙，世称“居里夫人”，全名玛丽亚·斯克沃多夫斯卡·居里（MariaSkłodowskaCurie），法国著名波兰裔科学家、物理学家、化学家。1903年，居里夫妇和贝克勒尔由于对放射性的研究而共同获得诺贝尔物理学奖 ，1911年，因发现元素钋和镭再次获得诺贝尔化学奖 ，因而成为世界上第一个两获诺贝尔奖的人。居里夫人的成就包括开创了放射性理论、发明分离放射性同位素技术、发现两种新元素钋和镭。在她的指导下，人们第一次将放射性同位素用于治疗癌症。由于长期接触放射性物质，居里夫人于1934年7月3日因恶性白血病逝世。 
铭居,铭居,《铭居》是2011年福建科技出版社出版的图书，由香港视界国际出版有限公司编写。本书运用精美的图片收录了三十八个家居空间装修案例。
青节,青节,
BL,BL,BL是Boys’Love的缩写，翻译成中文是男孩间的爱（代指男性间的恋爱，但又并不完全等同于男同性恋），也称为蔷薇、耽美、少年爱。在日本漫画界中，有专门的BL漫画派。
左旋,左旋,左旋断层：两盘作逆时针剪切的平移断层称左旋或左行平移断层。判断走滑断层的左旋还是右旋，主要依靠断层组合，一般走滑断层都会伴生一系列雁列式断层，有的直接与主断层相交，有的不相交，查看伴生断层或者伴生断层延长线与主断层相交锐角所指方向，极为断层的走滑性质，逆时针方向为左旋，顺时针方向为右旋。
长龙,长龙,长龙，拼音chánglóng，是指旧式武器抬枪的别名。
爱花,爱花,《爱花》是一款Android平台的应用。
reve,rêve,《rêve》是做梦又不会被抽创作的网络小说，发表于晋江文学网。
吉祥家,吉祥家,
柯威,柯威,柯威，男，身高1米85，1973年生于北京，中国导演、编剧、摄影。摄影指导拍摄的电影《酸枣坡》在“2009第五届中美电影节”上，荣获第五届中美电影节“金天使”奖。
云诺,云诺,云诺（Yunio）是上海揆志网络科技有限公司推出的一款的中国本土在线云存储服务。通过云计算实现网上的文件同步和文件发送。云诺支持在多台电脑或移动设备间自动同步，在不同操作系统下有各自的客户端软件，并且有Web版。云诺采用Freemium模式，用户可以付费来扩展储存容量。
帕尼斯,帕尼斯,帕尼斯是奥地利的一名足球运动员，场上位置中场。
康德威,康德威,康德威 于2017年06月28日在中国商标网注册的商标;商品服务范围:预防小麦黑穗病的化学制剂;摄影用化学制剂;感光纸;农业用肥;工业用粘合剂;修补破碎物品的粘合剂;除杀真菌剂、除草剂、杀虫剂、杀寄生虫剂外的园艺化学品;酒精;工业用过氧化氢;汽车燃料化学添加剂;活性炭;防水垢剂;净化剂（澄清剂）;气体净化剂;高岭土;工业用洗净剂;除杀真菌剂、除草剂、杀虫剂、杀寄生虫剂外的农业化学品;水软化剂;
泰山,泰山,泰山又名岱山、岱宗、岱岳、东岳、泰岳，位于山东省中部，隶属于泰安市，绵亘于泰安、济南、淄博三市之间，总面积24200公顷。主峰玉皇顶海拔1545米，气势雄伟磅礴，有“五岳之首”、“五岳之长”、五岳之尊、“天下第一山”之称。是世界自然与文化遗产，世界地质公园，国家AAAAA级旅游景区，国家级风景名胜区，全国重点文物保护单位，全国文明风景旅游区。 泰山被古人视为“直通帝座”的天堂，成为百姓崇拜，帝王告祭的神山，有“泰山安，四海皆安”的说法。自秦始皇开始到清代，先后有13代帝王引次亲登泰山封禅或祭祀，另外有24代帝王遣官祭祀72次。 泰山宏大的山体上留下了20余处古建筑群，2200余处碑碣石刻。道教、佛教视泰山为“仙山佛国”，神化泰山，在泰山建造了大量宫观寺庙。 泰山是中华民族的象征，是东方文化的缩影，是“天人合一”思想的寄托之地，是中华民族精神的家园。 
小红帽,百元哥,据网友爆料称，小红帽是深圳一个诈骗团伙的人。平时也会上街碰瓷骗钱、主要是拿假照片找同性约炮。一旦约到了就会找对方要钱，要是对方不给，就把事情闹大，因为一般搞基也不好意思张扬这种事，大多都给钱了事。 
爱思唯尔,爱思唯尔,爱思唯尔（Elsevier）是世界上最大的医学与科学文献出版社之一，创办于1880年，属于RELX集团旗下，总部位于阿姆斯特丹。每年超过35万篇论文发表在爱思唯尔公司出版的2000种期刊中。核心产品包括：《柳叶刀》、《四面体》、《细胞》，教科书《格氏解剖学》，以及全世界最大的摘要和引文数据库Scopus等。
copa,树脂,树脂通常是指受热后有软化或熔融范围，软化时在外力作用下有流动倾向，常温下是固态、半固态，有时也可以是液态的有机聚合物。广义地讲，可以作为塑料制品加工原料的任何高分子化合物都称为树脂。
