大洋世家,大洋世家,大洋世家是一家位于广州市的餐厅，人均消费139元。
獐子岛,獐子岛,獐子岛位于辽宁省大连市长山群岛的最南端，由獐子岛、褡裢岛、大耗子岛、小耗子岛等四个岛屿组成，距离大连56海里。獐子岛上有金沙滩浴场、鸭石旅游度假村、风力发电工程、鹰嘴石森林公园、滨海路等观光景点，岛上有渔家乐可以品尝地道的渔家美食。岛上的獐子岛渔民节、渔家秧歌婚礼，让游客可以更多地体验渔家风情。
晓芹,晓芹,晓芹是大连晓芹食品有限公司董事长兼总经理，大连海参商会副会长，大连市金州区人大代表，大连市特等五一劳动奖章获得者，CCTV首届全国十大三农致富榜样获得者，创业多年来，她全心投入到自己的事业之中，在全国开设了几十个"店中店"，打造了企业的销售网络和品牌形象。
海晏堂,海晏堂,圆明园古迹海晏堂“海晏”一词取意“河清海晏，国泰民安”。《文苑英华》唐郑锡《日中有王字赋》：“河清海晏，时和岁丰”河，黄河；晏，平静。“河清海晏”也作“海晏河清”，意指黄河水流澄清，大海风平浪静。此语用以比喻天下太平，有歌颂世界和平的吉祥涵义。中国皇家园林圆明园中观赏实用性建筑“海晏堂”之名也出于此。此建筑群的精华——十二生肖铜雕以水报时，闻名世界。
HYT,HYT,沃益多---HYT(HighYieldTechnology“高产技术”产品)是源于美国，由挪威AgrinosAS全球推广的高效微生物菌肥系列产品。沃益多(HYT)是由美国生物学家团队，经过数年研究开发出的高活性土壤微生物菌种，在上世纪90年代开始推广应用，在过去20年中不断发展成熟。沃益多产品实现了生物学和土壤微生物技术上的重大突破。
蓝雪,蓝雪,这套丛书主要是介绍使用母语写作的当代维吾尔、哈萨克等少数民族作家的作品，因此，它们实际上又是一套翻译文学丛书。
丰度,丰度,丰度 （即为该元素在自然体中的丰度abundanceofelements）是指一种化学元素在某个自然体中的重量占这个自然体总重量的相对份额（如百分数）。丰度表示方法主要分为重量丰度、原子丰度和相对丰度。词条详细介绍了研究元素丰度的意义、发现历史、以及地壳元素丰度等内容。
京东生鲜,京东生鲜,
Member's Mark,Member's Mark,
金鹏,广州金鹏集团有限公司,广州金鹏集团有限公司（以下简称“金鹏集团”）成立于1998年，是在工业和信息化部和广州市的大力支持下组建的主要从事数字化城市、通信两大产业的产品研究开发、工程设计、生产制造、安装和服务的高科技企业。经过多年的发展，依托金鹏集团设立的广东省移动通信技术研究开发中心及广东省重点企业技术中心这两个技术创新的重要载体，金鹏集团也已成为数字化城市和通信领域的知名企业，并朝着领先的数字化城市服务提供商迈进。
海天下,海天下,海天下（现更名为星海CEO公馆）项目位于大连市沙区星海湾商务中心区5号，东邻星海会展中心，北邻现代博物馆，西邻世纪经典和国航大厦。是由大连伟岸投资有限公司开发，大连金广建设集团承建。总占地1万5千平，建筑面积11万平方米。绿化率25.4%，容积率为6.5。周边多条公交线路，16路、23路、406路等。
那片海,那片海,《那片海》是一首选自韩红专辑《醒了》的国语歌曲，由韩红作词、作曲并演唱，在2001年5月1日由麒麟童唱片出版并发行，同时《那片海》有几个版本。《那片海》是《风雨中的美丽》之后又一首精心炮制的流行佳作，在同样执着的情感和动人的旋律下是韩红日渐成熟和深邃的内心世界，如果有机会一定要听一下韩红的钢琴自弹自唱版本，技巧虽不完美但别具韵味。 
三都港,三都港,三都港是居中国东部沿海中点位置的港湾。该港经金梭门水道转南向穿过东冲口直通东海，海域面积40.06平方公里，港深10米以上，最深处达51米，一般为30～50米，鸡公山西侧深达110米。三都港是福建省6个能进5～10万吨级轮船的天然深水港之一。1986年，上海港口专家认为，仅其中城澳5.5公里的岸线，就可建10万吨级以上的泊位15个。中国科学院院长郭沫若考察三都港，有诗赞曰:“良港三都举世无，水深湾阔似天湖。”
海边人,海边人,该剧通过革命烈士赵斌一家人的遭遇，讲述了生长在黄海边上的人们，为祖国的解放事业，前赴后继，不怕流血牺牲，在社会主义建设中历经磨砺、不懈追求的故事。
鲜元素,鲜元素,鲜元素，台商独资创办，主要经营带有外部软包装的即时性冷热饮品、经典冰品，于2008年初在北京成立了北京鲜元素饮品有限公司。
陆龙,陆龙,陆龙，字铁夫，江苏吴县（今苏州）人。寓居上海。山水宗四王。
味库,味库,味库 是一款美食APP，作为生鲜半成品净菜平台，以一道菜为单位将洗好、切好、配好的新鲜食材直接宅配到家。此外还提供菜谱搜索、智能组菜等功能，帮助用户避免家中食材的浪费。 新华网报道，作为国内最大生鲜半成品净菜平台的味库APP与中国人寿财险达成合作，强制要求所有入驻平台的食品供应商为自己的产品全部投保中国人寿财险食品安全责任险。用户在味库APP上购买的生鲜半成品净菜一旦出现食品安全问题，提交证明材料后中国人寿财险将按照保险合同相关约定承担保险责任，每一道菜品的最高保额为2万元。 
好当家,好当家,山东好当家海洋发展股份有限公司原名山东邱家水产股份有限公司，系经荣成市体改委荣体改生字第6号文批复，同意山东邱家水产股份有限公司以1999年12月31日为基准日进行分立；分立后续存的股份公司，股本为12000万元，并将名称变更为山东好当家海洋发展股份有限公司，2000年9月8日经山东省工商行政管理局变更注册登记，营业执照注册号为3700001805357。
ICEFRESH,ICEFRESH,ICEFRESH是一家来自挪威的生鲜品牌。2015年正式进入中国市场，ICEFRESH主要提供海鲜品。品类包括三文鱼、北极红点鲑、比目鱼、黄道蟹、鳕鱼、嘉鱼等海洋鱼。ICEFRESH以专利保鲜技术和配送系统，全程采用冷运宅配，经专用车载控温箱配送，同时每日将温度系数反馈给ICEFRESH，目前已在上海拥有50个以上配送中心。 
查干湖,查干湖,查干湖，原名查干泡、旱河，蒙古语为“查干淖尔”，意为白色圣洁的湖，大部位于吉林省西北部的前郭尔罗斯蒙古族自治县境内，西邻乾安县，北接大安市，处于嫩江与霍林河交汇的水网地区，是霍林河尾闾的一个堰塞湖。一般最大湖水面307平方公里，湖岸线蜿蜒曲折，周长达104.5公里。蓄水高程130米时，水面面积345平方公里。蓄水6亿多立方米，是全国十大淡水湖之一、吉林省内最大的天然湖泊。 查干湖资源多种多样，得天独厚。特别是渔业资源丰富。自辽金以来历代帝王都到查干湖“巡幸”和“渔猎”，举行“头鱼宴”和“头鹅宴”。元代至清初，这一带江流泡沼星罗棋布，银鱼穿梭，水草肥美，雁鸭栖集。沿岸林木蓊郁，田野芳草葳蕤，风景如画。是辽、金、元几代帝王巡幸游乐的渔猎之地。2007年8月1日，查干湖经国务院批准列为国家级自然保护区。而以查干湖冬捕为标志的渔猎文化也成为其文化遗产之一。 
天海藏,天海藏,
美加佳,美加佳,美加佳，1990年3月21日出生于上海市，中国内地女演员。从小参加多部影视作品的拍摄。平时有弹吉他创作歌曲等爱好，是个圈内人一致评为的小才女。长不大的娃娃脸和纯净的眼神是其标志性特点。出生于上海，祖籍山东。原为上海世创影音制作有限公司签约歌手，SweetHeart甜心少女组合中心成员。 
沃派,沃派,“沃派”是联通首次统一发布的青少年品牌，具有低资费、高流量、高通话时长等特点。其门槛低，是一款适合学生及低消费群体的入门级手机套餐。
水娃娃,水娃娃,大连水娃娃海产品有限公司成立于2002年8月，地理位置位于辽东半岛东岸，北纬39°、东经122°，与长海县的广鹿岛、大长山岛隔海相望。基地占地面积5000余亩，这里自然生态环境优美，年平均水温在11C左右，水体平均盐度为31‰，水质营养丰富，各类浮游生物种类繁多，是得天独厚的天然养殖场。基地自创立之初就充分利用该海域处于‘大连海参’地理标志的核心区域这一优势，紧密依托大连水产学院等大专院校、科研单位专家，通过建立实验室、加工厂，开展国内、国际合作交流等方式，如今已发展成了产、供、销为一体的现代化海参养殖示范基地。该基地推出的加工产品‘水娃娃海参’系列产品，一经推向市场，立即受到广大市民的普遍好评，正是由于基地处于北纬39°这一得天独厚的资源优势以及细节决定品质的企业理念，成就了如今‘水娃娃海参’舍我其谁的优良品质。
上品堂,上品堂,上品堂是1998年推出的海参产品品牌。品牌涵盖“纯干海参”、“即食海参”、“鲜食海参”等多样产品。 
财神岛,财神岛,财神岛集团始创于一九九六年。经过10多年经营，财神岛公司不断发展壮大并升级为实力超凡的企业集团。财神岛集团始终专注于纯干海参品质，并一直将产品质量视为企业第一生命，凭借9年淡干海参卓越品质脱颖而出，成为整个行业干参产品领袖企业，2012年成为中国驰名商标。
广参堂,广参堂,2011年3月18日，广参堂海参与大连海岛生物有限公司强强联手，成立了大连广参堂海洋珍品有限公司，成为集深海养殖、深海捕捞、精深加工、产品研发生产及品牌营销为一体的综合性海产品公司。
元气小猴,元气小猴,元气小猴是新余市的一家快餐店，提供在线菜单。
棒棰岛,棒棰岛,棒棰岛 位于大连市滨海路东段，大连市东南约5公里处。是一处以山、海、岛、滩为主要景观的风景胜地。这里三面环山，一面濒海；北面为群山环绕，南面是开阔的海域和凹凸不平的鹅卵石滩。棒槌岛名字的来历是因离岸500米远处的海面上有一小岛突兀而立，远远望去，极象农家捣衣服用的一根棒槌，故称棒槌岛。岛上主峰海拔48.1米，登临其上，市区景色和海滨风光尽收眼底。岛上散布着风格各异的别墅群，有如鲜花散落在如茵的草地上，这就是著名的棒棰岛宾馆，当年是国家领导人避暑疗养之地。
参王朝,参王朝,参王朝 是河北华煜兴旺商贸有限公司海鲜食品品牌，品牌注册号15304758。 
关东阁,关东阁,关东阁，是一家位于上海市的东北菜菜馆。适宜情侣约会、家庭聚会、朋友聚餐、休闲小憩、随便吃吃。
莫龙,莫龙,莫龙，男，1970年生，临床医学博士生，中南大学湘雅医院副教授。
同仁堂,同仁堂,北京同仁堂 是全国中药行业著名的老字号。创建于1669年（清康熙八年），自1723年开始供奉御药，历经八代皇帝188年。在300多年的风雨历程中，历代同仁堂人始终恪守“炮制虽繁必不敢省人工，品味虽贵必不敢减物力”的古训，树立“修合无人见，存心有天知”的自律意识，造就了制药过程中兢兢小心、精益求精的严细精神，其产品以“配方独特、选料上乘、工艺精湛、疗效显著”而享誉海内外，产品行销40多个国家和地区。 
TRT,TRT,TRT——(BlastFurnaceTopGasRecoveryTurbineUnit以下简称TRT)高炉煤气余压透平发电装置(即TRT)是利用高炉冶炼的副产品——高炉炉顶煤气具有的压力能及热能使煤气通过透平膨胀机做功将其转化为机械能，再将机械能转化为电能。 
趏,趏,基本字义1.瑟底的小孔。
大湖,洪泽湖,洪泽湖，中国第四大淡水湖。在江苏省西部淮河下游，苏北平原中部西侧，淮安、宿迁两市境内，地理位置在北纬33º06′—33º40′，东经118º10′—118º52′之间，为淮河中下游结合部。原为浅水小湖群，古称富陵湖，两汉以后称破釜塘，隋称洪泽浦，唐代始名洪泽湖。1128年以后，黄河南徙经泗水在淮阴以下夺淮河下游河道入海，淮河失去入海水道，在盱眙以东潴水，原来的小湖扩大为洪泽湖。洪泽湖湖面辽阔，资源丰富，历史悠久，既是淮河流域大型水库、航运枢纽，又是渔业、特产品、禽畜产品的生产基地，素有“日出斗金”的美誉。 
仙鹤岛,仙鹤岛,仙鹤岛位于向海保护区管理局西南4公里。三面环水，一面临山。岛上植被多样，灌木葱茏，环岛水域内，蒲草苇荡高可过人，茂密连片。良好的生态条件，为丹顶鹤等珍禽半散养提供了最佳场所。岛上共有野生动物十几种，200多只。全世界15种鹤，这里就有丹顶鹤、白鹤、灰鹤、蓑羽鹤、白头鹤、白枕鹤6种。这里的鹤不怕人，时而轻盈漫步，时而翩翩起舞，时而展翅高飞，带您进入“晴空一鹤排云上，便引诗情到碧霄”的美景。
桃李村,桃李村,桃李村民委员会，属于山区。距离村委会0.00公里距离镇15.00公里，国土面积45.89平方公里，海拔1697.00米，年平均气温17.30℃，年降水量910.00毫米，适宜种植水稻、玉米、烤烟等农作物。有耕地3449.00亩，其中人均耕地1.71亩；有林地55848.00亩。
渔公码头,渔公码头,大连渔公码头·九龙湾国际饭店成立于2005年，开业至今稳步发展，逐步成长为大连开发区最具竞争力的餐饮服务企业之一。酒店经营以餐饮为主，主营大连海鲜及大连老菜，客房为辅，99间山海景观客房深受新老朋友喜爱。在保留大连知名餐饮品牌特色的基础上，企业不断推陈出新，2013年，渔公码头以星级餐饮海鲜专业为基础，以大连及周边优势海鲜产区为依托，投入巨资成立渔公码头海洋生物食品有限公司，同年其海鲜礼盒产品投放市场，取得了很好的反响。
月亮湾,月亮湾风景区,月亮湾风景区位于离泾县县城18公里处的蔡村镇大康村，是国AA级旅游景区。驱车而至，扑面而来的是阵阵清风，夹杂着翠竹的清香；闯入眼帘的是巍巍青山，静静流淌的小河；耳旁是一片的静谧，只偶尔闻得远处传来的船工号声……月亮湾，美在自然，美在自然的景观、自然的山水。这里还被多家电影制片厂选为外景拍摄基地，《渡江侦察记》、《月亮湾的笑声》、《月亮湾的风波》等优秀影视作品都曾在此拍摄外景。 
锤子,锤子手机,锤子手机是由罗永浩创办的锤子科技研发的一款中高端智能手机。“锤子手机”是指由锤子科技（北京）有限公司设计与研发的一系列高端智能手机。锤子手机采用基于Android定制的SmartisanOS智能手机操作系统。 2018年5月15日锤子科技在北京国家体育场“鸟巢”发布了全新旗舰手机——坚果R1。R1全球首款搭载1TBROM硬件的智能手机，最高版本售价8848元。 
美盛,美盛,美盛（MISSION）电子国际有限公司成立于1992年，是国际知名的电子组件独立分销商。公司专注于为世界500强等电子企业提供优势的电子组件分销商服务，并成为全球众多知名客户的首选现货合作伙伴。
华盛,华盛,联通华盛通信有限公司成立于2008年8月19日，是中国联合网络通信有限公司的全资子公司，主要负责手机、上网卡、平板电脑、家庭网关等通信终端产品及中国联通业务的销售与服务。公司总部设在北京，在全国31个省（直辖市、自治区）和200多个地市设立分公司（办事处）。
东方海洋,东方海洋,山东东方海洋科技股份有限公司是经山东省经济体制改革办公室鲁体改函字61号《山东省股份有限公司批准证书》批准。它是由烟台东方海洋开发有限公司（现更名为“山东东方海洋集团有限公司”）作为主要发起人，联合北京恒百锐商贸有限公司、烟台市金源科技有限责任公司及车轼等10名自然人共同发起设立的股份有限公司。
丰收蟹庄,丰收蟹庄,丰收蟹庄，成立于2002年，是一家上海食品企业品牌 。公司成立以来，便十分注重品牌的维护和发展，不断创新。先后在上海和北京设立4家门店并在上海市嘉定区成立了生产工厂。
我买网,中粮我买网,中粮我买网是由世界500强企业中粮集团有限公司于2009年投资创办的食品类B2C电子商务网站。中粮我买网致力于打造中国最大、最安全的食品购物网站。我买网坚持的使命是让更多用户享受到更便捷的购物，吃上更放心的食品。中粮我买网商品包括：休闲食品、粮油、冲调品、饼干蛋糕、婴幼食品、果汁饮料、酒类、茶叶、调味品、方便食品和早餐食品等百种品类。是办公室白领、居家生活和年轻一族的首选食品网络购物网站。
晓龙,晓龙,晓龙属（属名：Xiaosaurus）又名膮龙或小龙，是种小型、二足、草食性恐龙，智商极低，股骨长11厘米，被推测身长约1米。晓龙生存于中侏罗纪巴提阶的中国四川盆地，接近1亿6900万年前到1亿6300万年前。
海洋岛,海洋岛,海洋岛，是长山群岛外岛最远的一个海岛，全岛面积18.98平方公里，距大连港76海里，距离县政府所在地大长山岛34海里。海洋岛自然风光优美、空气清新、气候宜人、海水清澈无污染——是大连最清洁的海域之一，远离喧闹的城市，是难得的海浴、垂钓、休闲、度假和疗养胜地。
沧海笑,沧海笑,《沧海笑》是由北京天神互动科技有限公司开发，37wan、TS100以及05wan首发联运的网页游戏。 2012年6月发布。游戏采用全新Flash技术，糅合角色养成、江湖历练、阵营对抗等诸多经典游戏元素。故事剧情结合PVP、PVE等多种玩法，拥有规模宏大的帮会战争和强大的游戏交互性，帮派之间的帮会战，通过帮派贡献、帮派图腾、帮派任务、帮派武学、帮派升级等系统功能大大强化传统帮派系统的凝聚力和吸引力，除此之外游戏还提供了探险、打坐、挂机、离线闭关经验等各种休闲玩法。人物技能丰富多样，注重游戏操作性。目前游戏已经签下武侠名曲《笑红尘》，并将其改编为游戏同名主题曲《沧海笑》。
大希地,塔希提岛,塔希提岛（Tahiti），港台译为大溪地，是法属波利尼西亚向风群岛中的最大岛屿，位于南太平洋。这里四季温暖如春、物产丰富。居民称自己为“上帝的人”，外国人则认为这里是“最接近天堂的地方”。波利尼西亚（Polynesia）意指”许多的岛”，其范围西起从汤加、库克群岛、波利尼西亚群岛、到东南的皮特凯恩群岛。这些地方的人有着共同的语言、共同的祖先，如夏威夷土著和新西兰的毛利人，这些祖先皆可追溯几千年前的太平洋移民。
隆洋,隆洋,隆洋，安徽省六安市人，毕业于阜阳师范学院。因平时爱好唱歌，2010年参加湖南卫视大型歌唱选秀节目《快乐男声》并进入南京赛区前50强。
沈志雄,沈志雄,沈志雄，男，汉族，1966年6月出生，福建漳州人，1987年8月参加工作，1995年11月入党，大学学历。现任漳州市东山县委委员、常委、组织部部长、党校校长，县非公党工委书记，漳州行政学院副院长。 
鑫玉龙,鑫玉龙,鑫玉龙企业是由香港鑫玉龙集团控股有限公司、深圳市鑫玉龙建筑装饰设计工程有限公司、深圳市鑫玉龙投资发展有限公司、中国室内设计研究院、中国西北商会等联合组织是集投资建设、服务企业、企业整合管理等；并成功有效的建立了以深圳总部为核心与其所属公司开展横向联合、纵向发展的连动机制，实现了企业连锁、资源整合、信息共享、友好合作、和谐发展之构想，现已成为全国装饰行业中的屈指可数的名优企业。
51,51,51成立于2005年8月，是目前中国最大的社交网站。
轩农谷,轩农谷,轩农谷是宁波轩农谷食品有限公司于2010年推出的互联网生鲜品牌，核心产品理念是“健康、新鲜、天然”。轩农谷的故事从一颗杨梅开始，2005年，轩农谷创始人吃到亲戚送来的仙居东魁杨梅，被仙居东魁杨梅出众的口感所折服，遂回乡承包山地种植杨梅，开始通过互联网销售真空装杨梅。2010年，宁波轩农谷食品有限公司成立，公司着力打造轩农谷品牌，并在浙江、山东两地建立季节性农产品生产采购基地，开始烟台大樱桃、三门青蟹、象山海鲜等季节性农产品的研发与销售。
莲花岛,莲花岛,莲花岛位于江苏省阳澄湖西湖、中湖、东湖中心，面积约3平方千米，形似一朵盛开的莲花镶嵌在湖中，因此得名“莲花岛”。岛上住着200多户人家，约1200人，多以养殖大闸蟹为业。岛上只有人走的路，没有汽车、摩托车等交通工具。家家户户有好几条船，小船、挂浆船、汽艇，蟹农平时出行就用小汽艇，每个汽艇6万多元。苏州市政府为了保护阳澄湖水源，莲花岛外围用来养蟹的围网已经全部拆除，只留下阳澄湖莲花岛岛上原住民在养蟹，继续着阳澄湖大闸蟹的传奇。
盖世,盖世,《盖世》的作者是我吃大老虎，属于东方玄幻类型。由说频文化发行繁体版并更名为《盖世魔王》，共十三册。
沃丰,沃丰,沃丰广州有限公司通过从事技通信技术与设备、传统与移动互联网、会展、广告传媒、软装以及其他领域的多种创新开拓，与伙伴开放合作和开辟多元空间。
网易严选,网易严选,网易严选，网易旗下原创生活类自营电商品牌，于2016年4月正式面世，是国内首家ODM（原始设计制造商）模式的电商，以“好的生活，没那么贵”为品牌理念。严选通过ODM模式与大牌制造商直连，剔除品牌溢价和中间环节，为国人甄选高品质、高性价比的天下优品。 
一哥鲍鱼,一哥鲍鱼,一哥鲍鱼创立于1997年香港回归日，秉持世界御厨杨贯一先生：“回归后，让内地高端人士宴请贵宾及家宴时，也可以品尝到原汁原味，如同一哥煲制的顶级干鲍鱼。”这一愿景而推出的鲍鱼美食高端定制品牌。
唐人基,唐人基,唐人基属于上海泰林食品 旗下品牌，主要产品有澳门豆捞酱油、唐人基豆捞 专供酱油、唐人基宝宝酱油，还有与之相对应的唐人基旗舰店。泰林2014年9月重磅出击唐人基韩式芝士年糕 ，取名“有芯年糕”，而且在韩国年糕的基础上进行了改良，大小、芯的口味都更加适合大陆口味，现已经引领风潮 。
冷江,冷江,
贝哥,贝哥,人物特点：阳光活力型男人，很有礼貌也比较温和，略带自信和自负，不时喜欢开个小玩笑幽默一下。说话阳光活力幽默。星座：处女座。生日：8月30日。血型：O型。年龄：28岁。生肖：牛。身高：180公分。体重：80公斤。职业：足球明星。
三益,三益,三益有机网上商城是长沙市第一家实现有机蔬菜在线订购、在线支付、当日订购当日配送的有机商城，登录三益有机商城即可在线订购新鲜、健康、营养的有机蔬菜。网上商城中可以看到三益有机农场每种蔬菜的种植细节图片和种植日志，实时监控每个地块的工作情况，包括人工除草、施用有机肥和物理生物除虫等，此外还有食疗养生和创意厨房的相关知识。
波澜,波澜,波澜是一个汉语词汇，亦作“波滥”，读音为bōlán。释义为1.波涛。2.波浪翻腾。3.比喻诗文的跌宕起伏。4.比喻起伏变化的思潮。5.比喻世事的起伏变化。
秦楚源,秦楚源,秦楚源，地区西安市，人均价格38
四海,四海,《四海》是小皇帝所唱的儿歌。
不等,不等,不等，是一个汉语词语，通常是指不一样；不同的意思。
固城湖,固城湖,固城湖位于南京市高淳区，因湖滨古“固城”而得名，俗称小南湖，是水阳江下游一座天然滞蓄山洪的调节湖泊，为江苏省饮用水水质最好的天然湖泊，主要进水河流为胥河，具有丰富的自然饵料，适宜养殖中华绒螯蟹，成为高淳农业的支柱产业。固城湖的前身原为海滨的一个泻湖，可在湖之东岩和花山一带的石灰岩上发现和采集到当时的珊瑚化石，史称丹阳大泽。后经江河泥沙长年累月的冲积，出现了一处处的湖滩；再经历代人们的围垦，便将大泽分割成了丹阳、石臼、固城三湖。其中唯有固城湖为高淳区所拥有的湖泊，现存面积约30多平方公里，水质清纯，盛产鱼虾、菱角。 
大纵湖,大纵湖, 大纵湖位于江苏省盐城市盐都区、泰州市兴化两地，当地又名平湖，为古射阳湖经分化解体后的残迹湖之一。地处里下河平原腹地，是运东湖群中地势最为低下的地区。湖形略近椭园形，湖面面积为36.783平方公里，盐城境内面积为19.772平方公里，占总水域面积的53.75%，属碳酸盐类钠组Ⅰ型淡水湖。
农谣,农谣,春雨初晴水拍堤，村南村北鹁鸪啼。池塘水满蛙成市，门巷春深燕作家。
五杀,五杀,五杀通常指英雄联盟、王者荣耀或个别FPS游戏中，在一定时间内一人连续击杀对方五人。一般来说绝大部分英雄大招使用妥当都能获得五杀。
福字号,福字号,《福字号》是一款Android平台的应用。
当年故事,当年故事,
维桑,维桑,维桑，读音wéisāng，汉语词语，指代故乡。如：《诗·小雅·小弁》：“维桑与梓，必恭敬止。”
水尊,水尊,《水尊》是夜漆黑创作的网络小说，发表于起点网。
仙缘,仙缘,仙缘（xiānyuán）是一个汉语词语，指道家谓修道成仙的缘分，出自宋朝孔道的《访奇道仙》。
AJ,AIR JORDAN,AIRJORDAN系列球鞋在销量与市场需求方面遥遥领先于其它产品，每年为整个运动鞋行业树立起一个又一个更高的设计、创新与功能标杆。系列产品的核心在于，运动员与技术的完美结合–篮球史上最耀眼的巨星迈克尔·乔丹，以及伴随巨星经历辉煌事业的篮球鞋，突显出他对功能、创新与成就的不懈追求。
不知火丑柑,不知火丑柑,不知火丑柑又称：不知火， 凸顶柑，丑柑，丑八怪，丑橘，等叫法。是由日本农水省园艺试验场于1972年以清见与中野3号椪柑杂交育成。采用高接换种技术嫁接后 ，不知火杂柑在川西盆地表现为果实大，平均果重200克，最大400克以上。果实倒卵形，多有突起短颈；果皮黄橙色，10月上旬开始着色，12月上旬完全着色；果皮黄橙色，果面稍粗，易剥皮，果汁糖度在13%以上，最高达17%，味极甜；次年2～3月成熟，风味极好。 
洋口港,洋口港,洋口港是位于江苏省如东县长沙镇及其外海的一座离岸型深水港。其位于长江口北翼，利用古长江入海口水道通向黄海国际航路。目前由阳光岛海上作业区、长沙镇临港工业区及黄海大桥等陆海配套设施组成。洋口港在如东县社会发展中具有举足轻重的地位，“港口引领”是县域经济的首要战略。洋口港在完成第一个十年开发周期后，起步区完成了相当规模的基础设施建设及中石油等重点产业项目的投产，初步实现了产出回报。2014年8月10日，国务院同意如东洋口港对外实现一类口岸开放。对外开放共6910米岸线，15个泊位；设立正团级边防检查机构和正处级海事、海关、出入境检验检疫机构。
阿里巴巴,阿里巴巴集团,阿里巴巴网络技术有限公司（简称：阿里巴巴集团）是以曾担任英语教师的马云为首的18人于1999年在浙江杭州创立。 阿里巴巴集团经营多项业务，另外也从关联公司的业务和服务中取得经营商业生态系统上的支援。业务和关联公司的业务包括：淘宝网、天猫、聚划算、全球速卖通、阿里巴巴国际交易市场、1688、阿里妈妈、阿里云、蚂蚁金服、菜鸟网络等。 2014年9月19日，阿里巴巴集团在纽约证券交易所正式挂牌上市，股票代码“BABA”，创始人和董事局主席为马云。2016年8月，阿里巴巴集团在"2016中国企业500强"中排名第148位。 2017年1月19日，国际奥林匹克委员会与阿里巴巴集团在瑞士达沃斯联合宣布，双方达成期限直至2028年的长期合作。阿里巴巴将加入奥林匹克全球合作伙伴（TheOlympicPartner、“TOP”）赞助计划，成为“云服务”及“电子商务平台服务”的官方合作伙伴，以及奥林匹克频道的创始合作伙伴。 2018年2月5日，万达集团公告，阿里巴巴集团、文投控股股份有限公司与万达集团在北京签订战略投资协议，阿里巴巴、文投控股以每股51.96元收购万达集团持有的万达电影12.77%的股份。2018年2月11日，北京居然之家投资控股集团有限公司与阿里巴巴集团共同宣布达成新零售战略合作：阿里巴巴以及关联投资方向居然之家投资54.53亿元人民币，持有其15%的股份。 2018年4月20日，阿里巴巴集团宣布全资收购中天微系统有限公司。 5月8日，巴基斯坦电商公司Daraz宣布被阿里巴巴集团全资收购。 
八鲜岛,八鲜岛,大连八鲜岛海洋生物食品有限公司，成立于二零零五年，集刺参培育、繁殖、捕捞、产品精深加工、生产、研发、储运和销售服务于一体的全产业链生态型综合性海洋科技企业。公司拥有四万余亩无公害海域，是辽宁地区产量最大的海参企业之一。八鲜岛海参加工基地坐落于大连5A级旅游风景区金石滩，公司按GMP认证标准设计和建造了现代化的生产加工车间，以高科技为金钥匙不但提高了传统海参的科技含量，尽最大努力还原海洋食品的“鲜”保证产品的原始、生态、健康的特点，让顾客吃出鲜美，吃出健康。公司不断发展海洋营养品、山珍滋补品、海珍品养生事业。公司为了丰富养生文化先后推出冬虫夏草、野山参、鹿茸、鹿鞭等养生佳品，为提升消费者的健康品质而服务。公司先后推出八类尊贵御品势将打造高级营养滋补品的首选品牌。
洛凌,洛凌,《洛凌》是在红袖添香网连载的古装言情小说，作者是蓝若玫瑰琳。
虞翠,虞翠,虞翠是《哑舍》第Ⅰ部虞美人中的人物 。从老板（甘罗）那获得一颗虞美人种子后，在睡梦中穿越成了花种，受项羽灌溉七年后终破土发芽。可与项羽对话，随项羽南北征战，两人渐生情愫。乌江旁，项羽知道了虞翠的名字只道了声“好名字”用血最后灌溉了虞美人便举剑自刎。虞翠从梦中惊醒，欲从花店买盆虞美人，惊奇的发现花店老板竟是转世项羽，从此二人便过上了幸福生活。
海洋世家,海洋世家,日照外滩·海洋世家，项目坐北朝南，东、南两面环海，距万平口海水浴场1.5公里。海洋世家，面朝大海，背依公园，是理想的新海派主义家园。
强新,强新,
湖鲜,湖鲜,湖鲜（Lakefood），又称湖产食物，是指利用湖泊动物作成的料理，包括了鱼类、虾类、贝类。狭义上，只有新鲜的湖产食物才能称为湖鲜，湖鲜的分类有：活湖鲜、冷冻湖鲜。
星仔岛,星仔岛,七星列岛自古以来就是我浙江省不可分割的一部分，拥有对七星列岛及毗邻海域与海洋专属经济区有着无可辩驳的主权，我们对此有充分的历史证据和法理依据。我们在此希望福建省有关各方面保持克制，遵守中华人民共和国宪法以及相关海洋法，恪守东海宣言准则。我们强烈谴责福建方面拆毁我浙宣誓主权的石碑，扩大事态纷争。此外，浙江省人民政府一向坚持主权在我，共同开发七星列岛的原则，希望福建省政府能在这个大框架下规范自己的行为。如若不然，勿谓言之不预也。
东方兄弟,东方兄弟,禅城区法院对“东方兄弟”青少年团伙抢劫犯罪案进行一审宣判，在18名被告人中，多次参与抢劫的朱某、钟某被判处有期徒刑十年，11人分别被判处有期徒刑二至七年不等。另有5名未成年人获缓刑。 
FOOD,food,food：解作食品，是指各种供人使用或饮用的成品或原料，是人类生存和发展的最基本物质。所谓食品，实际上是指供人们饮食的，可维持、改善或者调节人体代谢机能，具有营养性、功能性、多样性的食物类产品。解释食品《食品工业基本术语》对食品的定义：可供人类食用或饮用的物质，包括加工食品，半成品和未加工食品，不包括烟草或只作药品用的物质。
丁马甲鱼,丁马甲鱼,丁马甲鱼，山东省临清市魏湾镇特产，中国国家地理标志产品。 丁马甲鱼，又名“黄运甲鱼”，因原产于魏湾镇丁马村的马家湖而得名。该地甲鱼养殖历史悠久，所产丁马甲鱼个大裙肥、肉细味美，是中国水产品第一个A级绿色食品。2007年，被国家质检总局认证为中华鳖惟一的国家地理标志保护产品。 
景明,景明,（500年正月-504年正月）是北魏的君主魏宣武帝元恪的第一个年号，共计4年。
大洋岛,大洋岛,大洋岛，镇政府所在地，是镇政治、经济、文化中心，，下辖四个城市社区，。景区青山连绵起伏，环境清幽、古迹聚集、文物荟萃，并保持原汁原味的渔家气息，集海、山、岛、礁、港于一身，融古、近和现代人文艺术于一炉，是都市人们休闲避暑的好地方。
绿地,绿地,绿地城市规划术语标准中指出，城市绿地是指城市专门用以改善生态，保护环境，为居民提供游憩场地和美化景观的绿化用地。绿地是城市绿地的简称，主要分为大类、中类、小类三个层次。具体分类因参考《城市绿地分类标准》CJJ/T85-2002。城市用地可分为：居住用地、公共设施用地、工业用地、仓储用地、对外交通用地、道路广场用地、市政设施用地、绿地、特殊用地、水面及其他用地
八神,八神,八蜡所祭之神。《礼记·郊特牲》“天子大蜡八”唐陆德明释文：“蜡祭有八神。”详“八蜡”。
山萃,山萃,山萃”品牌含义为“源于山水，萃其精华”，英文名称Sundry为中文的谐音
雪诺,雪诺,《雪诺》是由17k小说网连载的小说。
河洲,河洲,河洲镇位于祁东县东部，距县城45公里，东与常宁市隔河而望，南与祁阳县隔河相邻，面积63.5平方公里，耕地24800亩。
老先生,老先生,全书近20万字，除了记录全都生于八十年前的28位老先生外，涉及到的人物更是多达上百位。堪称从一个特殊的角度展现了一代知识分子的精神气质和家国情怀，为当代思想文化界影响力最大的一群“老先生”留下了宝贵存照。
渔港,渔港,渔港是为渔船停泊、鱼货装卸、鱼货保鲜、冷藏加工、修补渔网和渔船生产及生活物资补给而设的港口是渔船队的基地。渔港具有天然或人工的防浪设施，有码头作业线、装卸机械、加工和储存渔产品的工厂(场)、冷藏库和渔船修理厂等。 专供渔船和渔业辅助船停泊、使用的港口。用于船舶停靠、锚泊、避风、装卸渔获物和补充渔需及生活物资，并可进行渔获物的冷冻、加工、储运、渔船维修、渔具制造、通讯联络、及船员休息、娱乐、医疗等。
亚洲渔港,亚洲渔港,亚洲渔港（简称ASA），是中国最大的海鲜供应链企业。ASA总部设在大连，其业务涵盖水产品采捕、海产品养殖、生产加工、冷链物流及餐饮店经营等业务。亚洲渔港在国内海鲜供应领域占领导地位，多年来亚洲渔港为众多国际知名餐饮企业和连锁超市提供“海鲜一站式解决方案”，同时凭借其天然海鲜原料的卓越品质、纯正地道的中西风味、先进的海鲜食品加工技术，享誉国内近五万家超市及餐饮门店。2017年9月，亚洲渔港被国家商务部评定为“2017-2018年度电子商务示范企业”。 
YUMMY HOUSE,Yummy House,
AMBROSIA,ambrosia,Ambrosia起源于1991年，是法国新兴的珠宝品牌。Ambrosia起源于1991年，是法国新兴的珠宝品牌。Ambrosia开启了珠宝首饰行业的时尚风潮。产品全部从法国出口到美国，欧洲，中东以及亚洲。Ambrosia虽然不是一个历史悠久的品牌，但它却拥有一种从古至今女性对美的执著。AMBROSIAPARIS拥有色彩斑斓的产品，其中包括手表、手链、项链、戒指、耳环、手袋等。
云湖,云湖,云湖，俗称北爷门湖，位于广东省揭阳县棉湖东南。旧云湖面积约百余顷，水深l～5米，水色清碧如玉。湖内分布四个小岛，或称小洲更为恰切。
木屋烧烤,木屋烧烤,木屋烧烤，2003年创立于深圳，是正君餐饮旗下的品牌，主营中式烧烤，立志为顾客提供美味可口的烧烤和愉悦的用餐体验。公司发展至2016年，成功在北京、上海、广州三大一线城市开设直营分店60家（包含深圳32家，北京17家、上海2家、广州5家、天津3家），2家标准化食品加工厂，并在深圳、北京、上海设立三个网销部门为顾客提供烧烤半成品服务。
鱼酱,鱼酱,鱼酱是黔东南苗族自治州雷山县永乐区的传统调味品，又名永乐鱼酱或糟辣鱼酱。鱼酱是苗族传统烹调佳品。具有酸、甜、咸、香的风味，炒菜或煮火锅时放入适量鱼酱，菜肴会特别鲜美，不仅能增进食欲，更有健胃作用。
金世尊,金世尊,金世尊 于2008年成立于国际大都市上海，金世尊品牌坚持“金牌品质，以客为尊”的原则。不投机取巧，不图谋暴利，不盲目跟风，不以次充好，，从不哗众取宠，坚持自己的选择，肩负自己的责任，励精图治，苦练内功。争做阳澄湖大闸蟹品牌的一面旗帜。金世尊是一家专业的从事福利、礼品的服务机构。公司主要为企事业单位和个人提供正宗的阳澄湖大闸蟹，公司提供多种规格的阳澄湖大闸蟹礼券，每张礼券都可以享受免费送货上门的优质服务。
富爸爸,富爸爸穷爸爸,《富爸爸穷爸爸》是2011年在南海出版社出版的图书，该书作者是（美）罗伯特·清崎、（美）莱希特，译者是萧明。 
星云湖,星云湖,星云湖位于江川县城北1公里处，与抚仙湖仅一山之隔，一河相连，俗称江川海。湖面海拔高出抚仙湖1米，该湖南北长10.5公里，东西平均宽3.8公里，最窄处2.3公里，湖岸线长36.3公里，总面积为34.71平方公里；平均水深7米。最大深度10米，透明度约1.5米。由于湖水碧绿清澈，波光妩媚迷人，月明之夜，皎洁的月光映照湖面，如繁星闪烁，坠入湖中，晶亮如云，故而取名为星云湖。星云湖属营养性湖泊，是发展水产养殖业的天然场所，也是云南省较早有专业部门繁殖和放养鱼类的湖泊。
清水,清水,清水，地名。全国有多处名叫“清水”的地点。作为河流名称的清水，古今也有多条。主流的两条叫清水的河流分别是：清水，古地名，是古济水自钜野泽以下的那一段河流，发源于古代的清河郡，大致流经于今河北、山东、河南境内，今已被黄河占道。 清水，今地名，青弋江、水阳江两江之水在此交汇，位于青弋江下游，芜湖市城东，形成清浑分明两种水色。
鲜伶伶,鲜伶伶,鲜伶伶，汉语词汇，拼音为xiānlínɡlínɡ，释译为色泽鲜明而富有生机的样子。
三有,三有,三有者。谓欲界色界无色界。六道众生。各随所作善恶之业。即感善恶之报。因果不亡。故名为有。(六道者。天道。人道。修罗道。饿鬼道。畜生道。地狱道也。)
紫渔,紫渔,紫渔，是常熟市著名的阳澄湖大闸蟹养殖商家，归一对王姓兄弟所有。2011年，哥哥当兵回乡，弟弟毅然决定与大哥一起经营蟹塘，并把蟹塘正式命名为“紫渔”。
鄱阳湖,鄱阳湖,鄱阳湖是中国第一大淡水湖，位于江西省北部，面积3960平方公里，国家AAAAA级旅游景区。湖的西北是避暑胜地庐山。鄱阳湖旅游景区，主要指湖区内的景点及自然保护区整体。湖区有41个岛屿和七个自然保护区。保护区内鄱阳湖候鸟已达300多种，近百万只，其中珍禽50多种，已是世界上最大的鸟类保护区。世界上现有白鹤大约为4000多只。其中90%在鄱阳湖越冬。鄱阳湖是白鹤的世界，水鸟的天堂。鄱阳湖是长江江豚重要栖息地和种质资源库，江豚数量稳定，种群结构合理，属于长江江豚的优质种群。截止2016年，鄱阳湖现有江豚数量为450头左右，是洞庭湖拥有江豚数量的5倍，占全中国一半。 
鲜阳,鲜阳,鲜阳是汉语词汇，读音为xiānyáng，意思是复姓。
东来顺,东来顺,中华老字号“东来顺”，始建于1903年，1955年实现公私合营。1988年以东来顺品牌为核心的北京东安饮食公司成立，公司发挥老字号品牌优势，涉足连锁产业开发、品牌半成品、成品研发等领域，为企业的可持续发展注入了活力。1996年，东来顺连锁总部成立，老字号东来顺走上了特许加盟的连锁发展道路。2011年8月，北京东来顺店面被消费者举报勾兑“鲜榨果汁”。
昌茂,昌茂,昌茂，读音为chāngmào，汉语词语，释义为兴旺。
涨潮,涨潮,涨潮是一种自然现象。海水有涨潮和落潮现象，涨潮时，海水上涨，波浪滚滚，景色十分壮观；退潮时，海水悄然退去，露出一片海滩。涨潮和落潮一般一天有两次。海水的涨落发生在白天叫潮，发生在夜间叫汐，所以也叫潮汐。中国古书上说“大海之水，朝生为潮，夕生为汐”。在涨潮和落潮之间有一段时间水位处于不涨不落的状态，叫做平潮。
东远,东远,东远 ，株式会社东远企业 注册的商标品牌，主要商品服务有金枪鱼、鱼制食品。 
威尔斯,邦奇·威尔斯,邦奇·威尔斯（BonziWells），1976年9月20日出生于美国印第安纳州曼西，美国职业篮球运动员，司职得分后卫/小前锋，效力于美国BIG3联赛TRI-STATE队。 1998年，邦奇·威尔斯在第1轮第11位被活塞队选中，先后效力于NBA波特兰开拓者队、孟菲斯灰熊队、萨克拉门托国王队、休斯敦火箭队以及夏洛特黄蜂队，在NBA场均贡献场均贡献12.1分和4.6个篮板。2008-2009赛季加盟CBA山西中宇队，在山西队场均贡献34分 。2010年，邦奇·威尔斯宣布退役。 2017年，邦奇·威尔斯加盟美国BIG3联赛TRI-STATE队。 2018年4月13日在BIG3选秀中以第18顺位的身份被TRI-STATE队选中。 
蓝越,蓝越,《蓝越》是连载于幻剑书盟的网络小说，作者是幻幻。
金凤成祥,金凤成祥,金凤成祥食品有限责任公司创建于20世纪90年代，创始人为现任总经理冯智钧先生。公司自成立以来一直坚持“立足以人为本，以‘高效率、高标准、高品质’严格要求企业全体员工，力争为广大消费者提供最完善的产品与服务”的经营宗旨，秉承台湾西饼业制作风格，借鉴欧洲西点制作工艺，稳健经营，务实创新，迅速发展成为一家拥有近千名员工、一座大型中央工厂、两百多家独立投资店铺的食品连锁经营企业。
蟹行天下,蟹行天下,《蟹行天下》R注册商标隶属于，丰旺（上海）实业有限公司。公司成立于1995年。大闸蟹行业中的领军企业，销售网点遍布全国直接送达500个城市。养殖、销售、售后、线上、线下达到一体化，实现了全国第一是时间免费送货到家。门对门的服务，让客户足不出户，享受到贵宾级待遇。
阳澄之王,阳澄之王,阳澄之王，为阳澄湖大闸蟹的品牌之一，获得了中国国际专利与名牌博览会金奖。
水玲珑,水玲珑,《水玲珑》是由杨权执导的古装片，李赛凤、刘子蔚、午马等参演。玲珑孽怨玲珑女，玲珑孽缘血玲珑，玲珑小，小玲珑，一条船玉玲珑，玉玲珑咖啡酒轩，天敏视玲珑，漂亮女戏班主不满恶霸当场调戏、欺凌，率领戏班展开一场恶斗，伤亡惨重，戏班被打散了，女戏班主也在火海中消失……20年后，该地又来了一个戏班，活生生演出一场怨孽相报。 
爱伦湾,爱伦湾,爱伦湾位于“海带之乡”山东荣成，地处北纬37度，湾口和桑沟湾相接，具有“生态示范海湾”之称。
元宝岛,元宝岛,元宝岛面积0.14平方公里，因其地理形状酷象元宝而得名。元宝岛的东端是享有盛名的观鸟台。
虾皇,虾皇,虾皇是一间主营鄂菜的餐馆，该餐馆位于潜江市。
宫御海参,宫御海参,宫御海参成立于1988年，总部坐落于“中国绿色食品城”山东烟台。经过二十余年的稳步发展，宫御海参成为一家涵盖海参捕捞加工、海参产品开发，海参自有品牌网络营销等业务的大型现代化新型企业。2012年初，宫御海参企业发展战略转型，斥巨资设立孕婴营养研究中心，针对海参/孕婴营养这一交叉细分学科，在海参品种、产地、工艺、食用方法四个方面进行深入研究，专注于孕产妇专享海参的开发，致力于为广大孕期女性提供针对性强、品质高的海参产品和专业的食用方法。
兴城多宝鱼,兴城多宝鱼,兴城多宝鱼系辽宁省葫芦岛市以兴城为主产区养殖的多宝鱼，是地理标志产品。它原产于欧洲大西洋海域，学名“大菱鲆”，俗称比目鱼，以其营养丰富，味道鲜美著称于世。92年由雷霁霖院士引进中国，改名为象征“多宝多福”的多宝鱼，2001年，多宝鱼落户葫芦岛兴城这个美丽的地方。 
其它,其它,其它，即"其余的它者"，物主代词。在“其他”作人称代词时，其他与其它是区别的；在“其他”表示其余者而用于物称时，二者就可以换用。古汉语里有的也写作“其佗”，佗是物主代词，如《左传·隐公元年》”佗邑唯命“，它也是物主代词，如《后汉书·列女传》”无它异“。佗、它通假而用，类似通假在先秦秦汉是普遍现象。古汉语不区分其他与其它，现代汉语里他作为人称代词而它作为物主代词了，因此，在现代汉语环境，谈物时，用“其他”是继承古代用法，用“其它”是新环境里的合逻辑用法，都可以。
嘉瑞,嘉瑞,嘉瑞，本品为苯甲胺衍生物，其作用机制为选择性地抑制真菌角鲨烯环氧化酶，干扰真菌细胞壁的麦角固醇的生物合成，影响真菌的脂质代谢，使真菌细胞损伤或死亡而起到杀菌和抑菌作用。
仰天雪绿,仰天雪绿,仰天雪绿属于绿茶类，于1982年至1984年连续试制，产于河南固始县祖师庙镇仰天洼茶场。其加工工序包括摊青，杀青，做形，干燥等步骤。仰天雪绿茶含有多种成分，其中每百克茶叶中含Vc为100～500毫克，Vc又是解毒、防辐射、防重金属伤害、防疲劳和防感染的能手，并能抑制最终致癌物的形成和癌细胞的增殖。
朋来,朋来,
明威,明威,明威，拼音为míngwēi，汉语词汇，是上天圣明威严的旨意的意思。出自《书·多士》。
mw,MW,MW代表兆瓦，即millionwatt'的缩写。还有"kw”代表“千瓦”。其中的换算关系为：1Mw=1000kw，1kw=1000W1Mw=1000000w，1MW=0.1万kw（电站功率常用数据）
巢湖,巢湖,巢湖市位于省城合肥的南部，是合肥市代管的县级市。其西南滨巢湖周边分别与肥东、全椒、含山、庐江、无为接壤。 截至2015年总人口92万人，面积为2046平方千米 。巢湖历史悠久，人杰地灵。古称“居巢”、“南巢”，“成汤放夏桀于南巢”即出于此，文字记载的历史有3000余年。巢湖之称始于秦朝，唐朝设立巢县，1984年设立县级巢湖市，1999年7月9日升为地级市改称居巢区，为地级巢湖市委、市政府所在地。2011年8月撤销地级巢湖市，设立县级巢湖市。2016年，巢湖市完成地区生产总值268.7亿元，按可比价计算，同比增长9.1%，超过市人代会目标0.1个百分点，增速比三季度提升2.0个百分点。安徽“十三五”规划将适时撤销巢湖市，设立合肥市巢湖区。 2017年11月，获评全国文明城市。 
三角州,三角州,三角州位于尼日利亚西南部，1991年8月27日建州，首府阿萨巴（Asaba），三角州的油气储藏量十分丰富。
蜜泉湖,蜜泉湖,蜜泉湖在湖北省咸宁市嘉鱼县县城西南6.5公里，官桥、高铁、鱼岳三镇之间，东、南、西三面均系残丘环绕，北为江流淤积平原。蜜泉湖汇周围地表径流，承雨面积84平方公里，湖面12.5平方公里，容积2375万立方米，为县境内第二大湖泊。
黄河稻夫,黄河稻夫,黄河稻夫天然有机农场，位于有“中国第一米”产地之称的河南省原阳县，占地2000多亩，紧临黄河北岸9米悬河段，是黄河湿地附近最适宜出产优质大米的核心区域，也是东汉时期贡米核心产地。黄河稻夫天然有机农场，总投资3亿多元以“缔造天然有机食品，捍卫餐桌安全”的战略思维，借助区域天然的地理优势和独特的农业优势，将传统农耕的优势与现代农业科技相结合，不断探索和发展中国现代农业新模式，倾力打造中国顶级的天然有机大米及系列天然有机食品。 黄河稻夫天然有机农场以有机无公害农业、科学苗木培育、生态养殖、休闲观光为主，并重点开发具有重要社会价值和生态价值的苗木花草栽培移植、新型农业种植经营等业态，是一个集高效农业、有机农业于一体，规划科学、开发合理、生态优美的新型生态农业示范区和重要的苗木、食品供应基地。公司将引进现代管理经验、资金和技术，推动产业结构调整和优化升级，将生态农场打造成集“有机生态米，有机生态禽、蛋、肉、鱼，园林苗圃培育，生态休闲观光”为一体的中国现代农业有机生态农场示范基地。
京饷,京饷,太平天国期间，清皇室下放军权，后因未下放财权致使地方政策无法在复杂局势中施行，辛酉政变后下放财权。后果造成传统“奏销”制度名存实亡，中央为确保财政收入制定“京饷”定额，虽为硬性摊派，但是变相承认定额所剩的财政收入便归地方所有。中央不过问“京饷”来源税种，致使地方税种繁多，百姓难以维护生计。
鳗生活,鳗生活,
海边日记,海边日记,《海边日记》是一部小说，作者是馨兰，连载于心动言情网。
xy,XY,XY是一个为男性消费者提供一站式生活用品解决方案的跨境电商平台APP。该平台最主要的品类是鞋、表和包袋，此外还包括护肤品、3C数码和一些长尾的新奇特商品等，定位客单价600~1500元的中端市场 。
盐阜,盐阜,江苏盐阜区成立于1941年（民国30年）9月1日。因行政公署设立在阜宁县陈集，所以取其“阜”字，称为“盐阜”。“盐阜”一词由此而来。
美滋滋,美滋滋,
徽厨,徽厨,
好运岛,好运岛,千岛湖，好运岛位于新安江城西，是新安江水电站建成后形成的人工湖。
骏德,骏德,骏德，读音是jùndé，汉语词语，出自南朝·齐·王融《赠族叔卫军俭诗》，形容高尚的德操。
idg,IDG,美国国际数据集团（InternationalDataGroup）是全世界最大的信息技术出版、研究、发展与风险投资公司。IDG公司2005年全球营业总收入达到26.8亿美元。IDG集团公司创建于1964年，总部设在美国波士顿。
海欣,海欣,海欣，女，汉族，毕业于上海戏剧学院。主持人。
高丽岛,高丽岛,高丽岛(Kooraijima)来自于日本有名的神话传说之一的岛屿
白沙滩,白沙滩,中国白沙滩所以得名是因为细白如银的沙滩，怡人的海洋气候，美丽的海岸风光而得名，由于其地理位置的特殊性，白沙滩镇，现在又成乳山市银滩旅游度假区位于乳山市东南海岸，东接威海，北临烟台，西近青岛，南涉黄海，位于青岛、烟台、威海三市中心位置，航空、海上、陆路条件十分便利。
奢忆,奢忆,奢忆 是浙江振申食品有限公司 旗下品牌，于2016年5月11日 注册成功。
喜乐田园,喜乐田园,《喜乐田园》是青豆豆创作的网络小说，发表于起点网。
蟹状元,蟹状元,蟹状元是上海券耕贸易有限公司旗下阳澄湖大闸蟹品牌商标。公司成立于2009年，是苏州阳澄湖大闸蟹协会常务理事，主要经营蟹状元品牌阳澄湖大闸蟹，阳澄湖大闸蟹礼卡/礼券/礼盒。公司总部设于上海，并在北京、深圳、广州、天津、重庆、济南、西安等全国各大城市设有销售直营分店。
一日三餐,三时三餐,《三时三餐》是韩国tvN电视台出品的自给自足有机农业生活实境综艺节目，出演成员远离城市生活，来到农村（玉泽演，李瑞镇）和渔村（车胜元，刘海镇，孙浩俊）自给自足解决三餐问题 。《三时三餐》分为农村篇和渔村篇，农村篇从2014年10月17日至2014年12月26日播出；渔村篇从2015年1月23日至2015年3月13日播出。《三时三餐》第二季于2015年5月15日开播，具体详情请进入百科《三时三餐第二季》查看。
百年栗园,百年栗园,百年栗园是家家常菜餐馆，位于北京市密云区穆家峪镇后栗园村口往东500米。
澄湖之心,澄湖之心,“澄湖之心”是著名的阳澄湖大闸蟹品牌，以主营阳澄湖大闸蟹而享有盛誉。
渔家故事,渔家故事,渔家故事是一家餐馆名称，位于衡阳市。
上古神,上古十大神器,上古十大神器，系列单机游戏《轩辕剑》中一个独特的设定，最早出现于《轩辕剑叁外传：天之痕》。上古时代，中原诸神在神州大陆上残留下十样古老神器，它们分别是：东皇钟、轩辕剑、盘古斧、炼妖壶、昊天塔、伏羲琴、神农鼎、崆峒印、昆仑镜、女娲石，各自拥有惊人而独特之不世力量。 
熊北鼻,熊北鼻,
文和友,文和友,文和友是湖南文和友文化产业发展集团有限公司旗下的品牌。 文和友致力于传统民俗餐饮文化的研究，挖掘地域民间小吃， 结合潮流文化，形成“文和友餐饮模式”。 品牌拥有文和友老长沙油炸社 ，文和友老长沙龙虾馆 ，文和友大香肠 ，文和友臭豆腐 ，胡嗲单车烧烤 ，MĀMĀCHÁ 、文和友老长沙外卖 等系列。
海霸王,海霸王,海霸王国际集团是一家集冷冻食品、娱乐、房地产为一体的台商独资企业，其大陆总部于1994年成立。公司拥有欧美、瑞典和日本等世界最新科技的速冻食品生产设备，在全国各大城市设有分公司，拥有物流配送车辆300多部及员工3000多名。公司采用物料产地化、人事本土化、价格大众化、生产自动化、事务电脑化、产品标准化等《六化》管理模式，历经十余年的不懈努力，已经发展成为国内速冻食品行业中的龙头企业。自1975年在董事长庄荣德先生的带领下，先后在台湾、上海、汕头、成都、重庆、北京、沈阳等地成功经营连锁店上百家。
聪厨,聪厨,湖南新聪厨食品有限公司是一家集特色餐桌食品研发、生产、销售于一体的综合型企业。
Trident,三叉戟客机,“三叉戟”客机是英国德·哈维兰公司研制的中短程三发喷气式民航客机。最初德·哈维兰公司将其命名为D.H121，后改为“三叉戟（Trident）”。给飞机取名“三叉戟”，据说设计人员的灵感是来源于飞机有三套独立的飞行控制系统和三台发动机。中国在1970年代引进“三叉戟”客机，是“三叉戟”客机主要用户之一。
三山浦,三山浦,据史料记载，汉初（约公元前190年），大连是一个小渔村，名叫“三山”，指大连湾外的三山岛：唐初称“三山浦”；唐中期改称“青泥浦”；明朝和清朝前期称“青泥洼”；清朝中期，开始称“大连湾”；1898年3月沙俄强租大连后，称之为“达里尼”（意“遥远的”地方）；1905年2月始称“大连市”。大连市名称来源于大连湾。为什么叫大连，说法较多。
白云湖,白云湖,白云湖位于广州市白云区，是二十一世纪以后该市建设的第一个人工湖，属民生治水项目。广州白云湖湖区面积约3000亩，水、陆域各半，是该市中心城区水域面积最大的人工湖。广州白云湖是一个水利工程综合体系，由广和泵站、引水渠、湖区（具体包括东、西两片湖区和工湿地）、石井河泵站（船闸）四大主体水利工程构成。主要作用是对周边河涌进行生态补水，同时兼具雨洪调蓄和休闲景观的功能。广州白云湖已成为一座以自然生态为特色的大型综合性水利公园，未来，将进一步发展成为集水安全、水生态、水景观、水文化于一体的水利工程风景区。 
煌上煌,煌上煌,江西煌上煌集团食品股份有限公司创建于1993年，是一家以畜禽肉制品加工为主的食品加工企业。2012年9月5日，煌上煌上市。集团公司主业产品已形成酱制、卤制、烧烤、凉拌、包装五大系列100多个品种，具有鲜、香、辣、酥的特点。
波波,波波先生,波波先生（日文：ミスター・ポポ） 是鸟山明名作《龙珠》里的角色，是神仙的仆人和伙伴，长年居住在神殿，曾经训练过孙悟空、天津饭、小林等人。
BOBO,BoBo,BoBo，中国内地男子演唱组合，由井柏然、付辛博组成。2007年，推出组合首张EP专辑《光荣》 ；同年，获得“第二届星光大典”最具潜力组合奖 。2008年，推出组合首张音乐专辑《世界之大》 ；同年，获得“首届中国海西时尚娱乐盛典”最具人气组合奖 。2009年，出演百集校园情景剧《青春进行时》 。2010年，推出组合第二张音乐专辑《Let'sBOBO》 ；同年，宣布单飞不解散，成员各自发展。2012年8月，组合正式解散 。
澳门豆捞,澳门豆捞,浙江凯旋门澳门豆捞控股集团有限公司总部，总部位于浙江省杭州市萧山区金城路628号心意广场。是一家集特许经营、餐饮管理、火锅文化研究、新菜品的开发、专业厨师培训及物流配送为一体的综合性企业。下属机构有200余家澳门豆捞连锁餐饮精品、中餐精品（北京金鹰汇馆、郑州凯旋门大酒店）、及澳门豆捞休闲会所等。随着企业的发展我们逐步凝聚了一个坚强团结的团队，齐心协力、努力攀登，我们每一步都力求稳健，并为每一名豆捞员工提供发展事业的平台，为了这一目标，我们惟有加倍努力。澳门豆捞依其自身强有力的市场竞争力、完善的管理体系、专业的技术培训、稳定的配送体系，现已涉足河南、河北、山东、吉林、山西、内蒙、上海、福建、陕西、江西、浙江、安徽、江苏等多个省份，在同行业产生了一定的影响力。成立于1998年10月，是一家以经营连锁餐饮及娱乐为主的大型集团公司，下属机构有200余家澳门豆捞连锁餐饮精品、中餐精品（北京金鹰汇馆、郑州凯旋门大酒店）、及澳门豆捞休闲会所等。集团汇集了餐饮界与娱乐界诸多专业人士和资深营运专家，对集团旗下各酒店的经营管理进行全面指导和专业策划。“豆捞”的意思并非字面上的豆制品，而是蕴涵着大家一起都来捞，捞财捞宝捞运道，象征着吉祥如意招财进宝。澳门豆捞秉承澳门火锅之精华，将全世界各地的深海海鲜融入一脉相承的古老秘方特色汤底中，加上现代技术的科学配制，澳门豆捞造就了具有都市风情特色的至尊火锅文化。
