游戏幻影普通话版_31,http://v.qq.com/x/cover/w5ltr0gayhj4ujk.html?vid=y0024y7dj5j
游戏幻影普通话版_32,http://v.qq.com/x/cover/w5ltr0gayhj4ujk.html?vid=c00241yle96
游戏幻影普通话版_33,http://v.qq.com/x/cover/w5ltr0gayhj4ujk.html?vid=w0024xs3flg
游戏幻影普通话版_34,http://v.qq.com/x/cover/w5ltr0gayhj4ujk.html?vid=m0024nqkgqp
凰图腾[超清版]_31,http://v.qq.com/x/cover/6c6g19qjiaw9voz.html?vid=9PmOZMKHKwS
凰图腾[超清版]_32,http://v.qq.com/x/cover/6c6g19qjiaw9voz.html?vid=9ZnvfEonaeQ
凰图腾[超清版]_33,http://v.qq.com/x/cover/6c6g19qjiaw9voz.html?vid=94v8qtfTSiT
凰图腾[超清版]_34,http://v.qq.com/x/cover/6c6g19qjiaw9voz.html?vid=94OegwM52Vj
凰图腾[超清版]_35,http://v.qq.com/x/cover/6c6g19qjiaw9voz.html?vid=9kCxdrqmhzG
凰图腾[超清版]_36,http://v.qq.com/x/cover/6c6g19qjiaw9voz.html?vid=9sSTcmz3BYI
凰图腾[超清版]_37,http://v.qq.com/x/cover/6c6g19qjiaw9voz.html?vid=9VS1yvf5Wh9
凰图腾[超清版]_38,http://v.qq.com/x/cover/6c6g19qjiaw9voz.html?vid=9xqIOhW9h1P
风中奇缘_31,http://v.qq.com/x/cover/kbjfmki24nb0eij.html?vid=o00156j0lql
风中奇缘_32,http://v.qq.com/x/cover/kbjfmki24nb0eij.html?vid=y0015ko48w2
风中奇缘_33,http://v.qq.com/x/cover/kbjfmki24nb0eij.html?vid=o00152lopfz
风中奇缘_34,http://v.qq.com/x/cover/kbjfmki24nb0eij.html?vid=u00155n6yzr
风中奇缘_35,http://v.qq.com/x/cover/kbjfmki24nb0eij.html?vid=g0015089psq
陆贞传奇_31,http://v.qq.com/x/cover/r5vtahc8vj93nx8.html?vid=l0012uzxm9l
陆贞传奇_32,http://v.qq.com/x/cover/r5vtahc8vj93nx8.html?vid=e0012yykeyi
陆贞传奇_33,http://v.qq.com/x/cover/r5vtahc8vj93nx8.html?vid=g0012hjmlxi
陆贞传奇_34,http://v.qq.com/x/cover/r5vtahc8vj93nx8.html?vid=t0012bmthnx
陆贞传奇_35,http://v.qq.com/x/cover/r5vtahc8vj93nx8.html?vid=v0012n21nzq
陆贞传奇_36,http://v.qq.com/x/cover/r5vtahc8vj93nx8.html?vid=m001254wsl2
陆贞传奇_37,http://v.qq.com/x/cover/r5vtahc8vj93nx8.html?vid=x0012vs9047
陆贞传奇_38,http://v.qq.com/x/cover/r5vtahc8vj93nx8.html?vid=b0012gg6nnx
陆贞传奇_39,http://v.qq.com/x/cover/r5vtahc8vj93nx8.html?vid=l0012xe1rab
陆贞传奇_40,http://v.qq.com/x/cover/r5vtahc8vj93nx8.html?vid=n0012jonn34
陆贞传奇_41,http://v.qq.com/x/cover/r5vtahc8vj93nx8.html?vid=q0012af95pw
陆贞传奇_42,http://v.qq.com/x/cover/r5vtahc8vj93nx8.html?vid=e00121pikyb
陆贞传奇_43,http://v.qq.com/x/cover/r5vtahc8vj93nx8.html?vid=t0012qflb1j
陆贞传奇_44,http://v.qq.com/x/cover/r5vtahc8vj93nx8.html?vid=g001214iiw4
陆贞传奇_45,http://v.qq.com/x/cover/r5vtahc8vj93nx8.html?vid=m0012dbvy4x
陆贞传奇_46,http://v.qq.com/x/cover/r5vtahc8vj93nx8.html?vid=c0012vqux77
陆贞传奇_47,http://v.qq.com/x/cover/r5vtahc8vj93nx8.html?vid=r00128v2rbo
陆贞传奇_48,http://v.qq.com/x/cover/r5vtahc8vj93nx8.html?vid=v0012dobjud
陆贞传奇_49,http://v.qq.com/x/cover/r5vtahc8vj93nx8.html?vid=x0012u3cx5d
陆贞传奇_50,http://v.qq.com/x/cover/r5vtahc8vj93nx8.html?vid=p0012u3n6ir
陆贞传奇_51,http://v.qq.com/x/cover/r5vtahc8vj93nx8.html?vid=p0012rartee
陆贞传奇_52,http://v.qq.com/x/cover/r5vtahc8vj93nx8.html?vid=i0012kn5b0g
陆贞传奇_53,http://v.qq.com/x/cover/r5vtahc8vj93nx8.html?vid=t0012m56w7c
陆贞传奇_54,http://v.qq.com/x/cover/r5vtahc8vj93nx8.html?vid=n0012co45u6
陆贞传奇_55,http://v.qq.com/x/cover/r5vtahc8vj93nx8.html?vid=s0012uw7wvm
陆贞传奇_56,http://v.qq.com/x/cover/r5vtahc8vj93nx8.html?vid=t0012g7bshg
陆贞传奇_57,http://v.qq.com/x/cover/r5vtahc8vj93nx8.html?vid=f0012d6goww
陆贞传奇_58,http://v.qq.com/x/cover/r5vtahc8vj93nx8.html?vid=d0012tg9pad
陆贞传奇_59,http://v.qq.com/x/cover/r5vtahc8vj93nx8.html?vid=e0012s6kogq
锦绣未央_31,http://v.qq.com/x/cover/8479ahinkqm7czh.html?vid=n00222ef2fx
锦绣未央_32,http://v.qq.com/x/cover/8479ahinkqm7czh.html?vid=d0022bqzz25
锦绣未央_33,http://v.qq.com/x/cover/8479ahinkqm7czh.html?vid=q0022q067n2
锦绣未央_34,http://v.qq.com/x/cover/8479ahinkqm7czh.html?vid=r0022z0vyd5
锦绣未央_35,http://v.qq.com/x/cover/8479ahinkqm7czh.html?vid=w0022zv5v23
锦绣未央_36,http://v.qq.com/x/cover/8479ahinkqm7czh.html?vid=t00226om0va
锦绣未央_37,http://v.qq.com/x/cover/8479ahinkqm7czh.html?vid=x00228ceanp
锦绣未央_38,http://v.qq.com/x/cover/8479ahinkqm7czh.html?vid=r0022rxtecz
锦绣未央_39,http://v.qq.com/x/cover/8479ahinkqm7czh.html?vid=u002238w5u4
锦绣未央_40,http://v.qq.com/x/cover/8479ahinkqm7czh.html?vid=y00228xxyej
锦绣未央_41,http://v.qq.com/x/cover/8479ahinkqm7czh.html?vid=i0022p9d6a7
锦绣未央_42,http://v.qq.com/x/cover/8479ahinkqm7czh.html?vid=g0022bc8v8w
锦绣未央_43,http://v.qq.com/x/cover/8479ahinkqm7czh.html?vid=h00227fitpt
锦绣未央_44,http://v.qq.com/x/cover/8479ahinkqm7czh.html?vid=l0022co1krc
锦绣未央_45,http://v.qq.com/x/cover/8479ahinkqm7czh.html?vid=l0022jv0xrw
锦绣未央_46,http://v.qq.com/x/cover/8479ahinkqm7czh.html?vid=y0022i5fpmi
锦绣未央_47,http://v.qq.com/x/cover/8479ahinkqm7czh.html?vid=k0022fyfpfa
锦绣未央_48,http://v.qq.com/x/cover/8479ahinkqm7czh.html?vid=h0022b4jd4j
锦绣未央_49,http://v.qq.com/x/cover/8479ahinkqm7czh.html?vid=i0022n1ii9e
锦绣未央_50,http://v.qq.com/x/cover/8479ahinkqm7czh.html?vid=t0022ja1gss
锦绣未央_51,http://v.qq.com/x/cover/8479ahinkqm7czh.html?vid=p0022p83dsx
锦绣未央_52,http://v.qq.com/x/cover/8479ahinkqm7czh.html?vid=d00221y6sgi
锦绣未央_53,http://v.qq.com/x/cover/8479ahinkqm7czh.html?vid=w0022gvgu6m
锦绣未央_54,http://v.qq.com/x/cover/8479ahinkqm7czh.html?vid=t0022ufpoad
职场是个技术活_31,http://v.qq.com/x/cover/h03rdupl3spyss6.html?vid=i0023zl852n
职场是个技术活_32,http://v.qq.com/x/cover/h03rdupl3spyss6.html?vid=p0023t6tuna
职场是个技术活_33,http://v.qq.com/x/cover/h03rdupl3spyss6.html?vid=n0023jd3veo
职场是个技术活_34,http://v.qq.com/x/cover/h03rdupl3spyss6.html?vid=q0023m1jtdl
职场是个技术活_35,http://v.qq.com/x/cover/h03rdupl3spyss6.html?vid=a0023x4180c
职场是个技术活_36,http://v.qq.com/x/cover/h03rdupl3spyss6.html?vid=j0023famxv9
职场是个技术活_37,http://v.qq.com/x/cover/h03rdupl3spyss6.html?vid=b0023bflwq9
职场是个技术活_38,http://v.qq.com/x/cover/h03rdupl3spyss6.html?vid=r0023n5x4uo
职场是个技术活_39,http://v.qq.com/x/cover/h03rdupl3spyss6.html?vid=m0023nsis6o
职场是个技术活_40,http://v.qq.com/x/cover/h03rdupl3spyss6.html?vid=w00237ibibs
职场是个技术活_41,http://v.qq.com/x/cover/h03rdupl3spyss6.html?vid=x0023imcvgj
职场是个技术活_42,http://v.qq.com/x/cover/h03rdupl3spyss6.html?vid=i00236jrfo6
职场是个技术活_43,http://v.qq.com/x/cover/h03rdupl3spyss6.html?vid=m0023y13wk4
职场是个技术活_44,http://v.qq.com/x/cover/h03rdupl3spyss6.html?vid=n0023clygi2
职场是个技术活_45,http://v.qq.com/x/cover/h03rdupl3spyss6.html?vid=e0023wmetkb
职场是个技术活_46,http://v.qq.com/x/cover/h03rdupl3spyss6.html?vid=z00237nhkcu
职场是个技术活_47,http://v.qq.com/x/cover/h03rdupl3spyss6.html?vid=b0024rxizv7
职场是个技术活_48,http://v.qq.com/x/cover/h03rdupl3spyss6.html?vid=m0024d2q39j
职场是个技术活_49,http://v.qq.com/x/cover/h03rdupl3spyss6.html?vid=z0024mjvwjc
职场是个技术活_50,http://v.qq.com/x/cover/h03rdupl3spyss6.html?vid=t00244qh3zt
职场是个技术活_51,http://v.qq.com/x/cover/h03rdupl3spyss6.html?vid=j0024ara91k
职场是个技术活_52,http://v.qq.com/x/cover/h03rdupl3spyss6.html?vid=s0024tevmdu
职场是个技术活_53,http://v.qq.com/x/cover/h03rdupl3spyss6.html?vid=p0024efmwto
职场是个技术活_54,http://v.qq.com/x/cover/h03rdupl3spyss6.html?vid=s0024kmz0m8
职场是个技术活_55,http://v.qq.com/x/cover/h03rdupl3spyss6.html?vid=v0024n8pwpl
职场是个技术活_56,http://v.qq.com/x/cover/h03rdupl3spyss6.html?vid=x0024w15fgf
异地恋_31,http://v.qq.com/x/cover/lfotwt49o8oflt5.html?vid=y0024a4eyho
异地恋_32,http://v.qq.com/x/cover/lfotwt49o8oflt5.html?vid=k0024lbdlq2
异地恋_33,http://v.qq.com/x/cover/lfotwt49o8oflt5.html?vid=z0024dyx8y2
异地恋_34,http://v.qq.com/x/cover/lfotwt49o8oflt5.html?vid=u0024zs3s29
琅琊榜_31,http://v.qq.com/x/cover/e7hi6lep1yc51ca.html?vid=t0018ain1pq
琅琊榜_32,http://v.qq.com/x/cover/e7hi6lep1yc51ca.html?vid=q0018rwzszk
琅琊榜_33,http://v.qq.com/x/cover/e7hi6lep1yc51ca.html?vid=m00184t1j86
琅琊榜_34,http://v.qq.com/x/cover/e7hi6lep1yc51ca.html?vid=p0018xd6xqq
琅琊榜_35,http://v.qq.com/x/cover/e7hi6lep1yc51ca.html?vid=u0018qxflzg
琅琊榜_36,http://v.qq.com/x/cover/e7hi6lep1yc51ca.html?vid=b0018ashv1d
琅琊榜_37,http://v.qq.com/x/cover/e7hi6lep1yc51ca.html?vid=a0018yq25gu
琅琊榜_38,http://v.qq.com/x/cover/e7hi6lep1yc51ca.html?vid=c0018544ji7
琅琊榜_39,http://v.qq.com/x/cover/e7hi6lep1yc51ca.html?vid=z0018xedtzr
琅琊榜_40,http://v.qq.com/x/cover/e7hi6lep1yc51ca.html?vid=z0018uuo5px
琅琊榜_41,http://v.qq.com/x/cover/e7hi6lep1yc51ca.html?vid=l0018ty9syn
琅琊榜_42,http://v.qq.com/x/cover/e7hi6lep1yc51ca.html?vid=f0018rc509x
琅琊榜_43,http://v.qq.com/x/cover/e7hi6lep1yc51ca.html?vid=b0018esbvya
琅琊榜_44,http://v.qq.com/x/cover/e7hi6lep1yc51ca.html?vid=o0018h6n9nl
琅琊榜_45,http://v.qq.com/x/cover/e7hi6lep1yc51ca.html?vid=u00184pqik2
琅琊榜_46,http://v.qq.com/x/cover/e7hi6lep1yc51ca.html?vid=g0018m7tsgj
琅琊榜_47,http://v.qq.com/x/cover/e7hi6lep1yc51ca.html?vid=d0018amayqh
琅琊榜_48,http://v.qq.com/x/cover/e7hi6lep1yc51ca.html?vid=f001819zvku
琅琊榜_49,http://v.qq.com/x/cover/e7hi6lep1yc51ca.html?vid=k0018fo7sbr
琅琊榜_50,http://v.qq.com/x/cover/e7hi6lep1yc51ca.html?vid=u0018rahda3
琅琊榜_51,http://v.qq.com/x/cover/e7hi6lep1yc51ca.html?vid=u0018map7s2
琅琊榜_52,http://v.qq.com/x/cover/e7hi6lep1yc51ca.html?vid=r0018zjxxub
琅琊榜_53,http://v.qq.com/x/cover/e7hi6lep1yc51ca.html?vid=v0018xmim7u
琅琊榜_54,http://v.qq.com/x/cover/e7hi6lep1yc51ca.html?vid=q0018af2hrd
何以笙箫默_31,http://v.qq.com/x/cover/1vhtklm1izph8k3.html?vid=z0015z6zzyf
何以笙箫默_32,http://v.qq.com/x/cover/1vhtklm1izph8k3.html?vid=t001557nzgt
何以笙箫默_33,http://v.qq.com/x/cover/1vhtklm1izph8k3.html?vid=r0015fvkk1o
何以笙箫默_34,http://v.qq.com/x/cover/1vhtklm1izph8k3.html?vid=u0015p2c9zy
何以笙箫默_35,http://v.qq.com/x/cover/1vhtklm1izph8k3.html?vid=y0015l9rgoa
何以笙箫默_36,http://v.qq.com/x/cover/1vhtklm1izph8k3.html?vid=b0015jkvgsf
繁星四月_31,http://v.qq.com/x/cover/ytnxlfqkis831x8.html?vid=g0023i6u2lu
繁星四月_32,http://v.qq.com/x/cover/ytnxlfqkis831x8.html?vid=s0023cd1si7
繁星四月_33,http://v.qq.com/x/cover/ytnxlfqkis831x8.html?vid=h0023t1zz4x
繁星四月_34,http://v.qq.com/x/cover/ytnxlfqkis831x8.html?vid=h0023fnbwsj
繁星四月_35,http://v.qq.com/x/cover/ytnxlfqkis831x8.html?vid=r0023w5flod
繁星四月_36,http://v.qq.com/x/cover/ytnxlfqkis831x8.html?vid=h0023o9c60y
繁星四月_37,http://v.qq.com/x/cover/ytnxlfqkis831x8.html?vid=v0023arfl15
繁星四月_38,http://v.qq.com/x/cover/ytnxlfqkis831x8.html?vid=h0023t8exbn
繁星四月_39,http://v.qq.com/x/cover/ytnxlfqkis831x8.html?vid=r0023zjpk77
繁星四月_40,http://v.qq.com/x/cover/ytnxlfqkis831x8.html?vid=e0023s1u5fo
繁星四月_41,http://v.qq.com/x/cover/ytnxlfqkis831x8.html?vid=w0023qmx4ty
繁星四月_42,http://v.qq.com/x/cover/ytnxlfqkis831x8.html?vid=t0023d65irk
克拉恋人_31,http://v.qq.com/x/cover/la633r8l0psxoqw.html?vid=b001769zw6f
克拉恋人_32,http://v.qq.com/x/cover/la633r8l0psxoqw.html?vid=g0017a0w00b
克拉恋人_33,http://v.qq.com/x/cover/la633r8l0psxoqw.html?vid=g0017g7ilh6
克拉恋人_34,http://v.qq.com/x/cover/la633r8l0psxoqw.html?vid=p0017to8pd1
克拉恋人_35,http://v.qq.com/x/cover/la633r8l0psxoqw.html?vid=i001758nmj7
克拉恋人_36,http://v.qq.com/x/cover/la633r8l0psxoqw.html?vid=v0017b8p46s
克拉恋人_37,http://v.qq.com/x/cover/la633r8l0psxoqw.html?vid=z0017lkmu4a
克拉恋人_38,http://v.qq.com/x/cover/la633r8l0psxoqw.html?vid=e0017mz00sa
克拉恋人_39,http://v.qq.com/x/cover/la633r8l0psxoqw.html?vid=w0017uedinr
克拉恋人_40,http://v.qq.com/x/cover/la633r8l0psxoqw.html?vid=l0017tvvdbk
克拉恋人_41,http://v.qq.com/x/cover/la633r8l0psxoqw.html?vid=q0017d3fe7l
克拉恋人_42,http://v.qq.com/x/cover/la633r8l0psxoqw.html?vid=j0017vou856
克拉恋人_43,http://v.qq.com/x/cover/la633r8l0psxoqw.html?vid=m00179kucfi
克拉恋人_44,http://v.qq.com/x/cover/la633r8l0psxoqw.html?vid=h0017knj3vl
克拉恋人_45,http://v.qq.com/x/cover/la633r8l0psxoqw.html?vid=s0017om7vvm
克拉恋人_46,http://v.qq.com/x/cover/la633r8l0psxoqw.html?vid=f0017fwmmf6
克拉恋人_47,http://v.qq.com/x/cover/la633r8l0psxoqw.html?vid=h0017ixafis
克拉恋人_48,http://v.qq.com/x/cover/la633r8l0psxoqw.html?vid=z0017uwodee
克拉恋人_49,http://v.qq.com/x/cover/la633r8l0psxoqw.html?vid=i0017g6ipm5
克拉恋人_50,http://v.qq.com/x/cover/la633r8l0psxoqw.html?vid=d0017xw7hag
克拉恋人_51,http://v.qq.com/x/cover/la633r8l0psxoqw.html?vid=r0017thjknl
克拉恋人_52,http://v.qq.com/x/cover/la633r8l0psxoqw.html?vid=s0017s2v92d
克拉恋人_53,http://v.qq.com/x/cover/la633r8l0psxoqw.html?vid=k0017la4pm7
克拉恋人_54,http://v.qq.com/x/cover/la633r8l0psxoqw.html?vid=q0017rwiicx
克拉恋人_55,http://v.qq.com/x/cover/la633r8l0psxoqw.html?vid=h0017hf89je
克拉恋人_56,http://v.qq.com/x/cover/la633r8l0psxoqw.html?vid=x0017983d77
克拉恋人_57,http://v.qq.com/x/cover/la633r8l0psxoqw.html?vid=m00170opt3m
克拉恋人_58,http://v.qq.com/x/cover/la633r8l0psxoqw.html?vid=p0017gbueq9
克拉恋人_59,http://v.qq.com/x/cover/la633r8l0psxoqw.html?vid=a0017wqjctw
克拉恋人_60,http://v.qq.com/x/cover/la633r8l0psxoqw.html?vid=w0017mjpc89
克拉恋人_61,http://v.qq.com/x/cover/la633r8l0psxoqw.html?vid=g0017omty5v
克拉恋人_62,http://v.qq.com/x/cover/la633r8l0psxoqw.html?vid=c00177knt2h
克拉恋人_63,http://v.qq.com/x/cover/la633r8l0psxoqw.html?vid=a0017mjustm
克拉恋人_64,http://v.qq.com/x/cover/la633r8l0psxoqw.html?vid=x0017r2q2we
克拉恋人_65,http://v.qq.com/x/cover/la633r8l0psxoqw.html?vid=d00173tyeb6
克拉恋人_66,http://v.qq.com/x/cover/la633r8l0psxoqw.html?vid=g0017kgk8zf
克拉恋人_67,http://v.qq.com/x/cover/la633r8l0psxoqw.html?vid=q0017074s0e
克拉恋人_68,http://v.qq.com/x/cover/la633r8l0psxoqw.html?vid=r0017w5zfk2
恋爱先生_31,http://v.qq.com/x/cover/2tr6sh7iw7wyvhl.html?vid=r00250cg8y1
恋爱先生_32,http://v.qq.com/x/cover/2tr6sh7iw7wyvhl.html?vid=z0025ddpv2s
恋爱先生_33,http://v.qq.com/x/cover/2tr6sh7iw7wyvhl.html?vid=h0025zkdi9n
恋爱先生_34,http://v.qq.com/x/cover/2tr6sh7iw7wyvhl.html?vid=w0025vakkdh
恋爱先生_35,http://v.qq.com/x/cover/2tr6sh7iw7wyvhl.html?vid=o002552fkcj
恋爱先生_36,http://v.qq.com/x/cover/2tr6sh7iw7wyvhl.html?vid=d00253x8s45
恋爱先生_37,http://v.qq.com/x/cover/2tr6sh7iw7wyvhl.html?vid=a0025rchj1o
恋爱先生_38,http://v.qq.com/x/cover/2tr6sh7iw7wyvhl.html?vid=x0025o7yawj
恋爱先生_39,http://v.qq.com/x/cover/2tr6sh7iw7wyvhl.html?vid=l0025ej92zc
恋爱先生_40,http://v.qq.com/x/cover/2tr6sh7iw7wyvhl.html?vid=x0025nk2ui0
恋爱先生_41,http://v.qq.com/x/cover/2tr6sh7iw7wyvhl.html?vid=u0025jhdu3d
恋爱先生_42,http://v.qq.com/x/cover/2tr6sh7iw7wyvhl.html?vid=t00251vdhrc
恋爱先生_43,http://v.qq.com/x/cover/2tr6sh7iw7wyvhl.html?vid=q0025ulbftc
恋爱先生_44,http://v.qq.com/x/cover/2tr6sh7iw7wyvhl.html?vid=b0025plxzf3
恋爱先生_45,http://v.qq.com/x/cover/2tr6sh7iw7wyvhl.html?vid=r00255vazm2
远得要命的爱情_31,http://v.qq.com/x/cover/rf6piffmt84tq3v.html?vid=t00196xoozn
远得要命的爱情_32,http://v.qq.com/x/cover/rf6piffmt84tq3v.html?vid=l0019k9nazp
远得要命的爱情_33,http://v.qq.com/x/cover/rf6piffmt84tq3v.html?vid=v0019mzkbqx
远得要命的爱情_34,http://v.qq.com/x/cover/rf6piffmt84tq3v.html?vid=h0019y5a5aj
远的要命的爱情_35,http://v.qq.com/x/cover/rf6piffmt84tq3v.html?vid=j0019owvba9
远的要命的爱情_36,http://v.qq.com/x/cover/rf6piffmt84tq3v.html?vid=a0019xa2dcz
《下一站，别离》预告片_31,http://v.qq.com/x/cover/sdec4vx5ayw8fv8.html?vid=x0026jl2f99
《下一站，别离》预告片_32,http://v.qq.com/x/cover/sdec4vx5ayw8fv8.html?vid=k0026jsmr9l
下一站，别离_31,http://v.qq.com/x/cover/sdec4vx5ayw8fv8.html?vid=f0026bmyjg5
下一站，别离_32,http://v.qq.com/x/cover/sdec4vx5ayw8fv8.html?vid=w0026132zkw
《下一站，别离》预告片_33,http://v.qq.com/x/cover/sdec4vx5ayw8fv8.html?vid=c0026m23dtp
《下一站，别离》预告片_34,http://v.qq.com/x/cover/sdec4vx5ayw8fv8.html?vid=v0026m61u56
《下一站，别离》预告片_35,http://v.qq.com/x/cover/sdec4vx5ayw8fv8.html?vid=i0026onba2z
《下一站，别离》预告片_36,http://v.qq.com/x/cover/sdec4vx5ayw8fv8.html?vid=c0026yzw3ta
《下一站，别离》预告片_37,http://v.qq.com/x/cover/sdec4vx5ayw8fv8.html?vid=s0026ed2yzj
《下一站，别离》预告片_38,http://v.qq.com/x/cover/sdec4vx5ayw8fv8.html?vid=m0026w9i9ex
《下一站，别离》预告片_39,http://v.qq.com/x/cover/sdec4vx5ayw8fv8.html?vid=z0026xzricq
《下一站，别离》预告片_40,http://v.qq.com/x/cover/sdec4vx5ayw8fv8.html?vid=x002607xcze
最好的安排_31,http://v.qq.com/x/cover/cnqfrmbpj0op1v6.html?vid=s0025228cc3
最好的安排_32,http://v.qq.com/x/cover/cnqfrmbpj0op1v6.html?vid=p0025aofdlz
最好的安排_33,http://v.qq.com/x/cover/cnqfrmbpj0op1v6.html?vid=i0025frz165
最好的安排_34,http://v.qq.com/x/cover/cnqfrmbpj0op1v6.html?vid=g0025z5fmle
最好的安排_35,http://v.qq.com/x/cover/cnqfrmbpj0op1v6.html?vid=v00257qen5f
最好的安排_36,http://v.qq.com/x/cover/cnqfrmbpj0op1v6.html?vid=w0025gmu19p
最好的安排_37,http://v.qq.com/x/cover/cnqfrmbpj0op1v6.html?vid=m0025prfc79
最好的安排_38,http://v.qq.com/x/cover/cnqfrmbpj0op1v6.html?vid=z002574k8bj
最好的安排_39,http://v.qq.com/x/cover/cnqfrmbpj0op1v6.html?vid=y0025j294mo
最好的安排_40,http://v.qq.com/x/cover/cnqfrmbpj0op1v6.html?vid=z0025hkfggm
柒个我_31,http://v.qq.com/x/cover/641dgjmod92qq07.html?vid=d0025xxsa7p
柒个我_32,http://v.qq.com/x/cover/641dgjmod92qq07.html?vid=b0025mi779t
柒个我_33,http://v.qq.com/x/cover/641dgjmod92qq07.html?vid=d002517db81
柒个我_34,http://v.qq.com/x/cover/641dgjmod92qq07.html?vid=j0025v2db9l
柒个我-电视剧-腾讯视频番外1,http://v.qq.com/x/cover/641dgjmod92qq07.html?vid=a0025uutk9f
柒个我-电视剧-腾讯视频番外2,http://v.qq.com/x/cover/641dgjmod92qq07.html?vid=v00251cdake
卫子夫_31,http://v.qq.com/x/cover/479ci9i9ua5n1sl.html?vid=y0015uxf87i
卫子夫_32,http://v.qq.com/x/cover/479ci9i9ua5n1sl.html?vid=g0015xmr2av
卫子夫_33,http://v.qq.com/x/cover/479ci9i9ua5n1sl.html?vid=b0015lbfyg4
卫子夫_34,http://v.qq.com/x/cover/479ci9i9ua5n1sl.html?vid=v0015g7gc4d
卫子夫_35,http://v.qq.com/x/cover/479ci9i9ua5n1sl.html?vid=s0015h47tjs
卫子夫_36,http://v.qq.com/x/cover/479ci9i9ua5n1sl.html?vid=o0015pr65ju
卫子夫_37,http://v.qq.com/x/cover/479ci9i9ua5n1sl.html?vid=h00153j8nqn
卫子夫_38,http://v.qq.com/x/cover/479ci9i9ua5n1sl.html?vid=b00157th9aq
卫子夫_39,http://v.qq.com/x/cover/479ci9i9ua5n1sl.html?vid=q0015p34534
卫子夫_40,http://v.qq.com/x/cover/479ci9i9ua5n1sl.html?vid=j0015dm2i7z
卫子夫_41,http://v.qq.com/x/cover/479ci9i9ua5n1sl.html?vid=h0015sccdgr
卫子夫_42,http://v.qq.com/x/cover/479ci9i9ua5n1sl.html?vid=i00153478sh
卫子夫_43,http://v.qq.com/x/cover/479ci9i9ua5n1sl.html?vid=h0015ljb84j
卫子夫_44,http://v.qq.com/x/cover/479ci9i9ua5n1sl.html?vid=g00152ui9ji
卫子夫_45,http://v.qq.com/x/cover/479ci9i9ua5n1sl.html?vid=m0015zer94p
卫子夫_46,http://v.qq.com/x/cover/479ci9i9ua5n1sl.html?vid=h0015r0ew95
卫子夫_47,http://v.qq.com/x/cover/479ci9i9ua5n1sl.html?vid=w0015bwztib
上古情歌[DVD版]_31,http://v.qq.com/x/cover/kt8lxh8xq5h5s2l.html?vid=u0024t0ooc0
上古情歌[DVD版]_32,http://v.qq.com/x/cover/kt8lxh8xq5h5s2l.html?vid=v00246v8ok7
上古情歌[DVD版]_33,http://v.qq.com/x/cover/kt8lxh8xq5h5s2l.html?vid=y00242nfe4w
上古情歌[DVD版]_34,http://v.qq.com/x/cover/kt8lxh8xq5h5s2l.html?vid=b00249hp63s
上古情歌[DVD版]_35,http://v.qq.com/x/cover/kt8lxh8xq5h5s2l.html?vid=k0024htgpq8
上古情歌[DVD版]_36,http://v.qq.com/x/cover/kt8lxh8xq5h5s2l.html?vid=q0024xr3h34
上古情歌[DVD版]_37,http://v.qq.com/x/cover/kt8lxh8xq5h5s2l.html?vid=i0024uth9si
上古情歌[DVD版]_38,http://v.qq.com/x/cover/kt8lxh8xq5h5s2l.html?vid=d0024atkini
上古情歌[DVD版]_39,http://v.qq.com/x/cover/kt8lxh8xq5h5s2l.html?vid=a00242pa9x6
上古情歌[DVD版]_40,http://v.qq.com/x/cover/kt8lxh8xq5h5s2l.html?vid=t0024l0e5e3
上古情歌[DVD版]_41,http://v.qq.com/x/cover/kt8lxh8xq5h5s2l.html?vid=t0024q8k1kr
上古情歌[DVD版]_42,http://v.qq.com/x/cover/kt8lxh8xq5h5s2l.html?vid=m00248wjue7
上古情歌[DVD版]_43,http://v.qq.com/x/cover/kt8lxh8xq5h5s2l.html?vid=b0024qi53zs
上古情歌[DVD版]_44,http://v.qq.com/x/cover/kt8lxh8xq5h5s2l.html?vid=m0024w91sn5
上古情歌[DVD版]_45,http://v.qq.com/x/cover/kt8lxh8xq5h5s2l.html?vid=h00244q7xy2
上古情歌[DVD版]_46,http://v.qq.com/x/cover/kt8lxh8xq5h5s2l.html?vid=w0024jurcyg
上古情歌[DVD版]_47,http://v.qq.com/x/cover/kt8lxh8xq5h5s2l.html?vid=w002418iyhk
上古情歌[DVD版]_48,http://v.qq.com/x/cover/kt8lxh8xq5h5s2l.html?vid=u0024v4b3ff
上古情歌[DVD版]_49,http://v.qq.com/x/cover/kt8lxh8xq5h5s2l.html?vid=j0024672ga8
上古情歌[DVD版]_50,http://v.qq.com/x/cover/kt8lxh8xq5h5s2l.html?vid=y0024n6eogn
上古情歌[DVD版]_51,http://v.qq.com/x/cover/kt8lxh8xq5h5s2l.html?vid=o0024mnubql
上古情歌[DVD版]_52,http://v.qq.com/x/cover/kt8lxh8xq5h5s2l.html?vid=y00249bptx4
上古情歌[DVD版]_53,http://v.qq.com/x/cover/kt8lxh8xq5h5s2l.html?vid=b0024maob8x
上古情歌[DVD版]_54,http://v.qq.com/x/cover/kt8lxh8xq5h5s2l.html?vid=j0024ddi4vb
养母的花样年华_31,http://v.qq.com/x/cover/veq5d6bhhx39d9w.html?vid=w00263l6859
养母的花样年华_32,http://v.qq.com/x/cover/veq5d6bhhx39d9w.html?vid=s0026as7hsy
养母的花样年华_33,http://v.qq.com/x/cover/veq5d6bhhx39d9w.html?vid=n0026luetra
养母的花样年华_34,http://v.qq.com/x/cover/veq5d6bhhx39d9w.html?vid=q0026ybwsqm
养母的花样年华_35,http://v.qq.com/x/cover/veq5d6bhhx39d9w.html?vid=e0026rzmve5
养母的花样年华_36,http://v.qq.com/x/cover/veq5d6bhhx39d9w.html?vid=b0026dhxkoz
养母的花样年华_37,http://v.qq.com/x/cover/veq5d6bhhx39d9w.html?vid=c0026qsdeb3
养母的花样年华_38,http://v.qq.com/x/cover/veq5d6bhhx39d9w.html?vid=s0026shz4yd
养母的花样年华_39,http://v.qq.com/x/cover/veq5d6bhhx39d9w.html?vid=u00267jd0o7
养母的花样年华_40,http://v.qq.com/x/cover/veq5d6bhhx39d9w.html?vid=y00269c8j8j
养母的花样年华_41,http://v.qq.com/x/cover/veq5d6bhhx39d9w.html?vid=k0026exipvf
养母的花样年华_42,http://v.qq.com/x/cover/veq5d6bhhx39d9w.html?vid=k0026e3varu
养母的花样年华_43,http://v.qq.com/x/cover/veq5d6bhhx39d9w.html?vid=t0026o824r6
养母的花样年华_44,http://v.qq.com/x/cover/veq5d6bhhx39d9w.html?vid=s002681scpm
养母的花样年华_45,http://v.qq.com/x/cover/veq5d6bhhx39d9w.html?vid=e0026hgje27
养母的花样年华_46,http://v.qq.com/x/cover/veq5d6bhhx39d9w.html?vid=k0026cdrvws
养母的花样年华_47,http://v.qq.com/x/cover/veq5d6bhhx39d9w.html?vid=h00269lftgn
养母的花样年华_48,http://v.qq.com/x/cover/veq5d6bhhx39d9w.html?vid=d0026ye3nsy
养母的花样年华_49,http://v.qq.com/x/cover/veq5d6bhhx39d9w.html?vid=n0026mucmgw
养母的花样年华_50,http://v.qq.com/x/cover/veq5d6bhhx39d9w.html?vid=r00261xw8xq
养母的花样年华_51,http://v.qq.com/x/cover/veq5d6bhhx39d9w.html?vid=l0026au3267
养母的花样年华_52,http://v.qq.com/x/cover/veq5d6bhhx39d9w.html?vid=a0026vtsc4r
养母的花样年华_53,http://v.qq.com/x/cover/veq5d6bhhx39d9w.html?vid=z0026up2zd5
养母的花样年华_54,http://v.qq.com/x/cover/veq5d6bhhx39d9w.html?vid=c0026c2mj0o
养母的花样年华_55,http://v.qq.com/x/cover/veq5d6bhhx39d9w.html?vid=j00265j8bqd
追婚记_31,http://v.qq.com/x/cover/o7kwxlojcmfieyk.html?vid=v0022ezi0g0
追婚记_32,http://v.qq.com/x/cover/o7kwxlojcmfieyk.html?vid=g0022ln3ig4
追婚记_33,http://v.qq.com/x/cover/o7kwxlojcmfieyk.html?vid=n0022sgap6h
追婚记_34,http://v.qq.com/x/cover/o7kwxlojcmfieyk.html?vid=p0022w4bast
追婚记_35,http://v.qq.com/x/cover/o7kwxlojcmfieyk.html?vid=g0022q5pkof
追婚记_36,http://v.qq.com/x/cover/o7kwxlojcmfieyk.html?vid=y0022d9hpfr
追婚记_37,http://v.qq.com/x/cover/o7kwxlojcmfieyk.html?vid=h0022fb7d9p
追婚记_38,http://v.qq.com/x/cover/o7kwxlojcmfieyk.html?vid=y00220t4bq9
追婚记_39,http://v.qq.com/x/cover/o7kwxlojcmfieyk.html?vid=z00223016qk
追婚记_40,http://v.qq.com/x/cover/o7kwxlojcmfieyk.html?vid=c0022l6pbjd
追婚记_41,http://v.qq.com/x/cover/o7kwxlojcmfieyk.html?vid=x00226neza4
幸福又见彩虹_31,http://v.qq.com/x/cover/momy7b48v5buul6.html?vid=l0020tohjyt
幸福又见彩虹_32,http://v.qq.com/x/cover/momy7b48v5buul6.html?vid=n0020h6t6jt
幸福又见彩虹_33,http://v.qq.com/x/cover/momy7b48v5buul6.html?vid=r0020mgx12d
幸福又见彩虹_34,http://v.qq.com/x/cover/momy7b48v5buul6.html?vid=g0020nz6fj0
幸福又见彩虹_35,http://v.qq.com/x/cover/momy7b48v5buul6.html?vid=e0020wpi1vi
幸福又见彩虹_36,http://v.qq.com/x/cover/momy7b48v5buul6.html?vid=i0020mi1h5b
幸福又见彩虹_37,http://v.qq.com/x/cover/momy7b48v5buul6.html?vid=n0020qhj8au
幸福又见彩虹_38,http://v.qq.com/x/cover/momy7b48v5buul6.html?vid=q002091gf4b
幸福又见彩虹_39,http://v.qq.com/x/cover/momy7b48v5buul6.html?vid=a0020tpe4yb
幸福又见彩虹_40,http://v.qq.com/x/cover/momy7b48v5buul6.html?vid=k0020t9x390
武神赵子龙_31,http://v.qq.com/x/cover/siyx8ednhwpvql0.html?vid=t0020enbgqx
武神赵子龙_32,http://v.qq.com/x/cover/siyx8ednhwpvql0.html?vid=x0020tjmi0k
武神赵子龙_33,http://v.qq.com/x/cover/siyx8ednhwpvql0.html?vid=d0020vm4y9g
武神赵子龙_34,http://v.qq.com/x/cover/siyx8ednhwpvql0.html?vid=p0020bdkvxa
武神赵子龙_35,http://v.qq.com/x/cover/siyx8ednhwpvql0.html?vid=a00204g0qy0
武神赵子龙_36,http://v.qq.com/x/cover/siyx8ednhwpvql0.html?vid=w0020cbavlb
武神赵子龙_37,http://v.qq.com/x/cover/siyx8ednhwpvql0.html?vid=u00204swxq4
武神赵子龙_38,http://v.qq.com/x/cover/siyx8ednhwpvql0.html?vid=c0020q7lx3y
武神赵子龙_39,http://v.qq.com/x/cover/siyx8ednhwpvql0.html?vid=q0020n7b3qa
武神赵子龙_40,http://v.qq.com/x/cover/siyx8ednhwpvql0.html?vid=x0020ft7coe
武神赵子龙_41,http://v.qq.com/x/cover/siyx8ednhwpvql0.html?vid=f0020j8i3vg
武神赵子龙_42,http://v.qq.com/x/cover/siyx8ednhwpvql0.html?vid=k002022xaow
武神赵子龙_43,http://v.qq.com/x/cover/siyx8ednhwpvql0.html?vid=e0020j576hz
武神赵子龙_44,http://v.qq.com/x/cover/siyx8ednhwpvql0.html?vid=x002072h28r
武神赵子龙_45,http://v.qq.com/x/cover/siyx8ednhwpvql0.html?vid=y0020bb7gvj
武神赵子龙_46,http://v.qq.com/x/cover/siyx8ednhwpvql0.html?vid=g002095nyz8
武神赵子龙_47,http://v.qq.com/x/cover/siyx8ednhwpvql0.html?vid=o00202qnojs
武神赵子龙_48,http://v.qq.com/x/cover/siyx8ednhwpvql0.html?vid=j0020iwgbik
武神赵子龙_49,http://v.qq.com/x/cover/siyx8ednhwpvql0.html?vid=y00207o620r
姐妹姐妹_31,http://v.qq.com/x/cover/qcaykvklu8a6zq0.html?vid=a00222u0qw7
姐妹姐妹_32,http://v.qq.com/x/cover/qcaykvklu8a6zq0.html?vid=p0022fy7t29
姐妹姐妹_33,http://v.qq.com/x/cover/qcaykvklu8a6zq0.html?vid=n0022052xmp
姐妹姐妹_34,http://v.qq.com/x/cover/qcaykvklu8a6zq0.html?vid=d0022xd0luo
姐妹姐妹_35,http://v.qq.com/x/cover/qcaykvklu8a6zq0.html?vid=v0022x2mb51
姐妹姐妹_36,http://v.qq.com/x/cover/qcaykvklu8a6zq0.html?vid=u00220fmsv7
姐妹姐妹_37,http://v.qq.com/x/cover/qcaykvklu8a6zq0.html?vid=b00227d953a
姐妹姐妹_38,http://v.qq.com/x/cover/qcaykvklu8a6zq0.html?vid=g0022b0a3bd
姐妹姐妹_39,http://v.qq.com/x/cover/qcaykvklu8a6zq0.html?vid=g0022clkptk
姐妹姐妹_40,http://v.qq.com/x/cover/qcaykvklu8a6zq0.html?vid=e00226upl2a
姐妹姐妹_41,http://v.qq.com/x/cover/qcaykvklu8a6zq0.html?vid=x0022u3bm35
姐妹姐妹_42,http://v.qq.com/x/cover/qcaykvklu8a6zq0.html?vid=p0022awxr47
姐妹姐妹_43,http://v.qq.com/x/cover/qcaykvklu8a6zq0.html?vid=n0022l7cu4q
姐妹姐妹_44,http://v.qq.com/x/cover/qcaykvklu8a6zq0.html?vid=h0022qyaad0
大丈夫_31,http://v.qq.com/x/cover/bxug8gnv2679e4c.html?vid=i0013852evu
大丈夫_32,http://v.qq.com/x/cover/bxug8gnv2679e4c.html?vid=o0013f2p258
大丈夫_33,http://v.qq.com/x/cover/bxug8gnv2679e4c.html?vid=s0013xew60k
大丈夫_34,http://v.qq.com/x/cover/bxug8gnv2679e4c.html?vid=i00137w5tfr
大丈夫_35,http://v.qq.com/x/cover/bxug8gnv2679e4c.html?vid=e00130n1sq2
大丈夫_36,http://v.qq.com/x/cover/bxug8gnv2679e4c.html?vid=o00138frjeq
大丈夫_37,http://v.qq.com/x/cover/bxug8gnv2679e4c.html?vid=f0013sogtgi
大丈夫_38,http://v.qq.com/x/cover/bxug8gnv2679e4c.html?vid=j0013ssvbvn
大丈夫_39,http://v.qq.com/x/cover/bxug8gnv2679e4c.html?vid=k0013xkqdmk
大丈夫_40,http://v.qq.com/x/cover/bxug8gnv2679e4c.html?vid=i0013wh1b5t
大丈夫_41,http://v.qq.com/x/cover/bxug8gnv2679e4c.html?vid=q0013wx5v2v
大丈夫_42,http://v.qq.com/x/cover/bxug8gnv2679e4c.html?vid=m0013onmpoz
大丈夫_43,http://v.qq.com/x/cover/bxug8gnv2679e4c.html?vid=c0013eguek1
大丈夫_44,http://v.qq.com/x/cover/bxug8gnv2679e4c.html?vid=v00131ttm5h
大丈夫_45,http://v.qq.com/x/cover/bxug8gnv2679e4c.html?vid=u0013hiximm
大丈夫_46,http://v.qq.com/x/cover/bxug8gnv2679e4c.html?vid=f0013j4jly2
大丈夫_47,http://v.qq.com/x/cover/bxug8gnv2679e4c.html?vid=m00137d087q
大丈夫_48,http://v.qq.com/x/cover/bxug8gnv2679e4c.html?vid=j0013gvdpmv
求婚大作战_31,http://v.qq.com/x/cover/nfblen1fs78tb7p.html?vid=k0023ucxse8
求婚大作战_32,http://v.qq.com/x/cover/nfblen1fs78tb7p.html?vid=f00235t7pni
北上广依然相信爱情_31,http://v.qq.com/x/cover/qshg5knc38fyfdf.html?vid=t0022in2x1y
北上广依然相信爱情_32,http://v.qq.com/x/cover/qshg5knc38fyfdf.html?vid=k00226cbq9m
北上广依然相信爱情_33,http://v.qq.com/x/cover/qshg5knc38fyfdf.html?vid=m00221d45rz
北上广依然相信爱情_34,http://v.qq.com/x/cover/qshg5knc38fyfdf.html?vid=g0022w8wdya
北上广依然相信爱情_35,http://v.qq.com/x/cover/qshg5knc38fyfdf.html?vid=w00225xsp7g
北上广依然相信爱情_36,http://v.qq.com/x/cover/qshg5knc38fyfdf.html?vid=i00222ojcmh
北上广依然相信爱情_37,http://v.qq.com/x/cover/qshg5knc38fyfdf.html?vid=l0022l2lv2f
北上广依然相信爱情_38,http://v.qq.com/x/cover/qshg5knc38fyfdf.html?vid=r0022wkw8in
北上广依然相信爱情_39,http://v.qq.com/x/cover/qshg5knc38fyfdf.html?vid=o0022n3i4yk
北上广依然相信爱情_40,http://v.qq.com/x/cover/qshg5knc38fyfdf.html?vid=a0022s7z9pp
北上广依然相信爱情_41,http://v.qq.com/x/cover/qshg5knc38fyfdf.html?vid=c0022pmls3b
北上广依然相信爱情_42,http://v.qq.com/x/cover/qshg5knc38fyfdf.html?vid=v0022t54oc7
北上广依然相信爱情_43,http://v.qq.com/x/cover/qshg5knc38fyfdf.html?vid=w0022f8q5hh
北上广依然相信爱情_44,http://v.qq.com/x/cover/qshg5knc38fyfdf.html?vid=i0022fpd4ac
我是你的眼_31,http://v.qq.com/x/cover/txin141zvpj2y3n.html?vid=t0022wrukyf
我是你的眼_32,http://v.qq.com/x/cover/txin141zvpj2y3n.html?vid=y0022mvi3oy
我是你的眼_33,http://v.qq.com/x/cover/txin141zvpj2y3n.html?vid=z0022wk1kf4
我是你的眼_34,http://v.qq.com/x/cover/txin141zvpj2y3n.html?vid=w0022oingz5
我是你的眼_35,http://v.qq.com/x/cover/txin141zvpj2y3n.html?vid=z00221h7dh4
我是你的眼_36,http://v.qq.com/x/cover/txin141zvpj2y3n.html?vid=x0022ehbmqs
我是你的眼_37,http://v.qq.com/x/cover/txin141zvpj2y3n.html?vid=k0022apj9cf
我是你的眼_38,http://v.qq.com/x/cover/txin141zvpj2y3n.html?vid=f0022r7ecsh
我是你的眼_39,http://v.qq.com/x/cover/txin141zvpj2y3n.html?vid=u00223lwotx
我是你的眼_40,http://v.qq.com/x/cover/txin141zvpj2y3n.html?vid=q0022m296bd
我是你的眼_41,http://v.qq.com/x/cover/txin141zvpj2y3n.html?vid=o0022riafa7
我是你的眼_42,http://v.qq.com/x/cover/txin141zvpj2y3n.html?vid=w0022kacun2
我是你的眼_43,http://v.qq.com/x/cover/txin141zvpj2y3n.html?vid=z0022yf65js
我是你的眼_44,http://v.qq.com/x/cover/txin141zvpj2y3n.html?vid=c0022laz0lv
欢乐颂2_31,http://v.qq.com/x/cover/sqmkhre9cpq6t2y.html?vid=l00232q672b
欢乐颂2_32,http://v.qq.com/x/cover/sqmkhre9cpq6t2y.html?vid=g0023vg5x0a
欢乐颂2_33,http://v.qq.com/x/cover/sqmkhre9cpq6t2y.html?vid=m00236gjh7h
欢乐颂2_34,http://v.qq.com/x/cover/sqmkhre9cpq6t2y.html?vid=y0023iurx9f
欢乐颂2_35,http://v.qq.com/x/cover/sqmkhre9cpq6t2y.html?vid=p0023hwe3rl
欢乐颂2_36,http://v.qq.com/x/cover/sqmkhre9cpq6t2y.html?vid=r0023rym6ge
欢乐颂2_37,http://v.qq.com/x/cover/sqmkhre9cpq6t2y.html?vid=n0023uxbded
欢乐颂2_38,http://v.qq.com/x/cover/sqmkhre9cpq6t2y.html?vid=c0023ev87r2
欢乐颂2_39,http://v.qq.com/x/cover/sqmkhre9cpq6t2y.html?vid=d00233tdrs7
欢乐颂2_40,http://v.qq.com/x/cover/sqmkhre9cpq6t2y.html?vid=t0023dm85hj
欢乐颂2_41,http://v.qq.com/x/cover/sqmkhre9cpq6t2y.html?vid=f0023ffz3kw
欢乐颂2_42,http://v.qq.com/x/cover/sqmkhre9cpq6t2y.html?vid=d00238v122r
欢乐颂2_43,http://v.qq.com/x/cover/sqmkhre9cpq6t2y.html?vid=f0023hjl95q
欢乐颂2_44,http://v.qq.com/x/cover/sqmkhre9cpq6t2y.html?vid=q0023xwg0y5
欢乐颂2_45,http://v.qq.com/x/cover/sqmkhre9cpq6t2y.html?vid=m0023pzp7fl
欢乐颂2_46,http://v.qq.com/x/cover/sqmkhre9cpq6t2y.html?vid=b00230x0x7p
欢乐颂2_47,http://v.qq.com/x/cover/sqmkhre9cpq6t2y.html?vid=n0023r4d9as
欢乐颂2_48,http://v.qq.com/x/cover/sqmkhre9cpq6t2y.html?vid=w0023g5sd7j
欢乐颂2_49,http://v.qq.com/x/cover/sqmkhre9cpq6t2y.html?vid=m00236tnh0f
欢乐颂2_50,http://v.qq.com/x/cover/sqmkhre9cpq6t2y.html?vid=y0023da32j7
欢乐颂2_51,http://v.qq.com/x/cover/sqmkhre9cpq6t2y.html?vid=o0023ocwc9x
欢乐颂2_52,http://v.qq.com/x/cover/sqmkhre9cpq6t2y.html?vid=l002380xfy8
欢乐颂2_53,http://v.qq.com/x/cover/sqmkhre9cpq6t2y.html?vid=v0024t7xoiv
欢乐颂2_54,http://v.qq.com/x/cover/sqmkhre9cpq6t2y.html?vid=o0023j1p57n
欢乐颂2_55,http://v.qq.com/x/cover/sqmkhre9cpq6t2y.html?vid=e0023oy9dlk
我的青春遇见你[DVD版]_31,http://v.qq.com/x/cover/vfklnopazdewo1f.html?vid=a0025htvhs6
我的青春遇见你[DVD版]_32,http://v.qq.com/x/cover/vfklnopazdewo1f.html?vid=z0025cd1spo
我的青春遇见你[DVD版]_33,http://v.qq.com/x/cover/vfklnopazdewo1f.html?vid=g0025deckls
我的青春遇见你[DVD版]_34,http://v.qq.com/x/cover/vfklnopazdewo1f.html?vid=a00259j1glh
我的青春遇见你[DVD版]_35,http://v.qq.com/x/cover/vfklnopazdewo1f.html?vid=y0025dkjkdx
我的青春遇见你[DVD版]_36,http://v.qq.com/x/cover/vfklnopazdewo1f.html?vid=e00251zphlt
我的青春遇见你[DVD版]_37,http://v.qq.com/x/cover/vfklnopazdewo1f.html?vid=n00250yxkrh
我的青春遇见你[DVD版]_38,http://v.qq.com/x/cover/vfklnopazdewo1f.html?vid=h0025hibk3k
我的青春遇见你[DVD版]_39,http://v.qq.com/x/cover/vfklnopazdewo1f.html?vid=a00256071o4
我的青春遇见你[DVD版]_40,http://v.qq.com/x/cover/vfklnopazdewo1f.html?vid=j0025vc41d0
我的青春遇见你[DVD版]_41,http://v.qq.com/x/cover/vfklnopazdewo1f.html?vid=y0025gx3up9
我的青春遇见你[DVD版]_42,http://v.qq.com/x/cover/vfklnopazdewo1f.html?vid=l0025l7bzhs
我的青春遇见你[DVD版]_43,http://v.qq.com/x/cover/vfklnopazdewo1f.html?vid=s0025d64qoi
我的青春遇见你[DVD版]_44,http://v.qq.com/x/cover/vfklnopazdewo1f.html?vid=z0025rvxirl
我的青春遇见你[DVD版]_45,http://v.qq.com/x/cover/vfklnopazdewo1f.html?vid=x00259xlcky
我的青春遇见你[DVD版]_46,http://v.qq.com/x/cover/vfklnopazdewo1f.html?vid=z0025cw3c5x
我的青春遇见你[DVD版]_47,http://v.qq.com/x/cover/vfklnopazdewo1f.html?vid=z0025xfe1m6
我的青春遇见你[DVD版]_48,http://v.qq.com/x/cover/vfklnopazdewo1f.html?vid=q00252wjoi2
我的青春遇见你[DVD版]_49,http://v.qq.com/x/cover/vfklnopazdewo1f.html?vid=z0025ort8yj
我的青春遇见你[DVD版]_50,http://v.qq.com/x/cover/vfklnopazdewo1f.html?vid=a00257adt5g
我的青春遇见你[DVD版]_51,http://v.qq.com/x/cover/vfklnopazdewo1f.html?vid=j0025d6ezao
我的青春遇见你[DVD版]_52,http://v.qq.com/x/cover/vfklnopazdewo1f.html?vid=o0025yxssqn
我的青春遇见你[DVD版]_53,http://v.qq.com/x/cover/vfklnopazdewo1f.html?vid=v0025hjdm7q
我的青春遇见你[DVD版]_54,http://v.qq.com/x/cover/vfklnopazdewo1f.html?vid=t00258ya5y9
我的青春遇见你[DVD版]_55,http://v.qq.com/x/cover/vfklnopazdewo1f.html?vid=h0025oryh67
海上嫁女记_31,http://v.qq.com/x/cover/p3fdn09e4ehq6ot.html?vid=l00263jpdsc
海上嫁女记_32,http://v.qq.com/x/cover/p3fdn09e4ehq6ot.html?vid=m0026e6xkfq
海上嫁女记_33,http://v.qq.com/x/cover/p3fdn09e4ehq6ot.html?vid=v0026xcndd8
海上嫁女记_34,http://v.qq.com/x/cover/p3fdn09e4ehq6ot.html?vid=f0026j0ixw9
海上嫁女记_35,http://v.qq.com/x/cover/p3fdn09e4ehq6ot.html?vid=u0026t0zpft
海上嫁女记_36,http://v.qq.com/x/cover/p3fdn09e4ehq6ot.html?vid=m0026f0cycd
海上嫁女记_37,http://v.qq.com/x/cover/p3fdn09e4ehq6ot.html?vid=b0026cxlrg1
海上嫁女记_38,http://v.qq.com/x/cover/p3fdn09e4ehq6ot.html?vid=r0026fkzi0j
海上嫁女记_39,http://v.qq.com/x/cover/p3fdn09e4ehq6ot.html?vid=f00266rbqcl
海上嫁女记_40,http://v.qq.com/x/cover/p3fdn09e4ehq6ot.html?vid=z0026k7azyc
海上嫁女记_41,http://v.qq.com/x/cover/p3fdn09e4ehq6ot.html?vid=u0026ft6uhw
海上嫁女记_42,http://v.qq.com/x/cover/p3fdn09e4ehq6ot.html?vid=q0026fffkvz
海上嫁女记_43,http://v.qq.com/x/cover/p3fdn09e4ehq6ot.html?vid=p0026vtar01
海上嫁女记_44,http://v.qq.com/x/cover/p3fdn09e4ehq6ot.html?vid=f00267upf0p
海上嫁女记_45,http://v.qq.com/x/cover/p3fdn09e4ehq6ot.html?vid=i0026t2kixh
海上嫁女记_46,http://v.qq.com/x/cover/p3fdn09e4ehq6ot.html?vid=z0026ipfcl8
神犬小七第二季_31,http://v.qq.com/x/cover/0g1vm7bj2cuur3r.html?vid=i0021jrxdue
神犬小七第二季_32,http://v.qq.com/x/cover/0g1vm7bj2cuur3r.html?vid=p0021do5rit
神犬小七第二季_33,http://v.qq.com/x/cover/0g1vm7bj2cuur3r.html?vid=m0021v33vjx
神犬小七第二季_34,http://v.qq.com/x/cover/0g1vm7bj2cuur3r.html?vid=l0021zgwkjz
神犬小七第二季_35,http://v.qq.com/x/cover/0g1vm7bj2cuur3r.html?vid=g0021jifrma
神犬小七第二季_36,http://v.qq.com/x/cover/0g1vm7bj2cuur3r.html?vid=v0021fa993o
神犬小七第二季_37,http://v.qq.com/x/cover/0g1vm7bj2cuur3r.html?vid=u0021a5e45d
神犬小七第二季_38,http://v.qq.com/x/cover/0g1vm7bj2cuur3r.html?vid=c0021xhn9i3
神犬小七第二季_39,http://v.qq.com/x/cover/0g1vm7bj2cuur3r.html?vid=t0021glvl6f
神犬小七第二季_40,http://v.qq.com/x/cover/0g1vm7bj2cuur3r.html?vid=u00214p7dtt
神犬小七第二季_41,http://v.qq.com/x/cover/0g1vm7bj2cuur3r.html?vid=z0021e3pxm7
神犬小七第二季_42,http://v.qq.com/x/cover/0g1vm7bj2cuur3r.html?vid=c0021dz969g
玉海棠_31,http://v.qq.com/x/cover/c2nv8i1z398g3u1.html?vid=m00208z6qzh
玉海棠_32,http://v.qq.com/x/cover/c2nv8i1z398g3u1.html?vid=q0020holje3
玉海棠_33,http://v.qq.com/x/cover/c2nv8i1z398g3u1.html?vid=n0020zhfpm2
玉海棠_34,http://v.qq.com/x/cover/c2nv8i1z398g3u1.html?vid=a0020pfplxu
玉海棠_35,http://v.qq.com/x/cover/c2nv8i1z398g3u1.html?vid=h0020aa3x6p
玉海棠_36,http://v.qq.com/x/cover/c2nv8i1z398g3u1.html?vid=s0020i3e1vj
玉海棠_37,http://v.qq.com/x/cover/c2nv8i1z398g3u1.html?vid=b0020hmo017
玉海棠_38,http://v.qq.com/x/cover/c2nv8i1z398g3u1.html?vid=z00204e16dv
玉海棠_39,http://v.qq.com/x/cover/c2nv8i1z398g3u1.html?vid=z0020uexg92
玉海棠_40,http://v.qq.com/x/cover/c2nv8i1z398g3u1.html?vid=h0020sec271
你是我的生命_31,http://v.qq.com/x/cover/9egyzouzqm2c3jz.html?vid=80tjGVkRv15
你是我的生命_32,http://v.qq.com/x/cover/9egyzouzqm2c3jz.html?vid=8DS4eUObsVo
你是我的生命_33,http://v.qq.com/x/cover/9egyzouzqm2c3jz.html?vid=8i2uiAG8pew
你是我的生命_34,http://v.qq.com/x/cover/9egyzouzqm2c3jz.html?vid=8iFrYA0t4g3
你是我的生命_35,http://v.qq.com/x/cover/9egyzouzqm2c3jz.html?vid=8xBqwt9yTuU
你是我的生命_36,http://v.qq.com/x/cover/9egyzouzqm2c3jz.html?vid=8t5Coi7gdXF
你是我的生命_37,http://v.qq.com/x/cover/9egyzouzqm2c3jz.html?vid=81CewZ6mgEx
你是我的生命_38,http://v.qq.com/x/cover/9egyzouzqm2c3jz.html?vid=8KEtO7OzL1S
你是我的生命_39,http://v.qq.com/x/cover/9egyzouzqm2c3jz.html?vid=8Zhm5u8Xgov
你是我的生命_40,http://v.qq.com/x/cover/9egyzouzqm2c3jz.html?vid=86qwG5A2wlD
夫妻那些事_31,http://v.qq.com/x/cover/r85nl9mvcrydnuk.html?vid=9VszN3hEyJj
夫妻那些事_32,http://v.qq.com/x/cover/r85nl9mvcrydnuk.html?vid=9JAhpYw7qcy
夫妻那些事_33,http://v.qq.com/x/cover/r85nl9mvcrydnuk.html?vid=9Io162ifdEH
夫妻那些事_34,http://v.qq.com/x/cover/r85nl9mvcrydnuk.html?vid=91qQCsDnygT
江城警事_31,http://v.qq.com/x/cover/ypg6lojtusjm92c.html?vid=d002318blwn
江城警事_32,http://v.qq.com/x/cover/ypg6lojtusjm92c.html?vid=p002386qhlc
跟我回家_31,http://v.qq.com/x/cover/uzqpjlxfbq87p4i.html?vid=s0015v0ctq5
跟我回家_32,http://v.qq.com/x/cover/uzqpjlxfbq87p4i.html?vid=l0015a1lwzv
跟我回家_33,http://v.qq.com/x/cover/uzqpjlxfbq87p4i.html?vid=e00151qrkac
跟我回家_34,http://v.qq.com/x/cover/uzqpjlxfbq87p4i.html?vid=p001581n6rn
跟我回家_35,http://v.qq.com/x/cover/uzqpjlxfbq87p4i.html?vid=w0015nm5r5l
跟我回家_36,http://v.qq.com/x/cover/uzqpjlxfbq87p4i.html?vid=z0015f9j0un
跟我回家_37,http://v.qq.com/x/cover/uzqpjlxfbq87p4i.html?vid=z0015vygmev
跟我回家_38,http://v.qq.com/x/cover/uzqpjlxfbq87p4i.html?vid=r0015p07oxs
跟我回家_39,http://v.qq.com/x/cover/uzqpjlxfbq87p4i.html?vid=w0015iiuf0s
跟我回家_40,http://v.qq.com/x/cover/uzqpjlxfbq87p4i.html?vid=i0015ckgr9z
跟我回家_41,http://v.qq.com/x/cover/uzqpjlxfbq87p4i.html?vid=s0015bk8m3t
跟我回家_42,http://v.qq.com/x/cover/uzqpjlxfbq87p4i.html?vid=r0015prgxk9
穿越烽火线_31,http://v.qq.com/x/cover/uffjwv6o9rdej2w.html?vid=l0012fd0gc0
穿越烽火线_32,http://v.qq.com/x/cover/uffjwv6o9rdej2w.html?vid=b0012mv4jf5
穿越烽火线_33,http://v.qq.com/x/cover/uffjwv6o9rdej2w.html?vid=z00124bf4k5
穿越烽火线_34,http://v.qq.com/x/cover/uffjwv6o9rdej2w.html?vid=q0012n2skhm
穿越烽火线_35,http://v.qq.com/x/cover/uffjwv6o9rdej2w.html?vid=j0012y9nkin
穿越烽火线_36,http://v.qq.com/x/cover/uffjwv6o9rdej2w.html?vid=n0012m3caun
穿越烽火线_37,http://v.qq.com/x/cover/uffjwv6o9rdej2w.html?vid=g0012uviydy
穿越烽火线_38,http://v.qq.com/x/cover/uffjwv6o9rdej2w.html?vid=x0012ow4cuv
孤战_31,http://v.qq.com/x/cover/ob86l4ng6j9mu5t.html?vid=q0022rv72rm
孤战_32,http://v.qq.com/x/cover/ob86l4ng6j9mu5t.html?vid=s0022k2apdx
孤战_33,http://v.qq.com/x/cover/ob86l4ng6j9mu5t.html?vid=b00228ib9vo
孤战_34,http://v.qq.com/x/cover/ob86l4ng6j9mu5t.html?vid=s0022y9n6yn
孤战_35,http://v.qq.com/x/cover/ob86l4ng6j9mu5t.html?vid=d0022dh5n7c
孤战_36,http://v.qq.com/x/cover/ob86l4ng6j9mu5t.html?vid=p0022nchztd
孤战_37,http://v.qq.com/x/cover/ob86l4ng6j9mu5t.html?vid=i0022e501nq
孤战_38,http://v.qq.com/x/cover/ob86l4ng6j9mu5t.html?vid=l002295ar67
孤战_39,http://v.qq.com/x/cover/ob86l4ng6j9mu5t.html?vid=o0022bucccq
孤战_40,http://v.qq.com/x/cover/ob86l4ng6j9mu5t.html?vid=r0022rdq0ay
孤战_41,http://v.qq.com/x/cover/ob86l4ng6j9mu5t.html?vid=p00227odpdm
孤战_42,http://v.qq.com/x/cover/ob86l4ng6j9mu5t.html?vid=m0022nas1xx
孤战_43,http://v.qq.com/x/cover/ob86l4ng6j9mu5t.html?vid=v002287tqd8
孤战_44,http://v.qq.com/x/cover/ob86l4ng6j9mu5t.html?vid=i002223ms4f
孤战_45,http://v.qq.com/x/cover/ob86l4ng6j9mu5t.html?vid=s0022k4sarl
孤战_46,http://v.qq.com/x/cover/ob86l4ng6j9mu5t.html?vid=k0022tsfzo5
孤战_47,http://v.qq.com/x/cover/ob86l4ng6j9mu5t.html?vid=e0022odzbic
孤战_48,http://v.qq.com/x/cover/ob86l4ng6j9mu5t.html?vid=n0022wibcy7
孤战_49,http://v.qq.com/x/cover/ob86l4ng6j9mu5t.html?vid=l0022b24ljc
孤战_50,http://v.qq.com/x/cover/ob86l4ng6j9mu5t.html?vid=p0022rimw1q
孤战_51,http://v.qq.com/x/cover/ob86l4ng6j9mu5t.html?vid=u00222ijzek
孤战_52,http://v.qq.com/x/cover/ob86l4ng6j9mu5t.html?vid=n00221ej2vr
空巢姥爷_31,http://v.qq.com/x/cover/sb263eu5s31xk6h.html?vid=i0016k8l3t1
空巢姥爷_32,http://v.qq.com/x/cover/sb263eu5s31xk6h.html?vid=y0016xhhljz
我的左手右手_31,http://v.qq.com/x/cover/j6yn2pwszctvu1z.html?vid=j0013e4tqkp
我的左手右手_32,http://v.qq.com/x/cover/j6yn2pwszctvu1z.html?vid=e001392dui5
金子轻松出来吧_31,http://v.qq.com/x/cover/tseeah00zbu87wx.html?vid=w0012niusfe
金子轻松出来吧_32,http://v.qq.com/x/cover/tseeah00zbu87wx.html?vid=f0012jtndgr
金子轻松出来吧_33,http://v.qq.com/x/cover/tseeah00zbu87wx.html?vid=h00121qclmu
金子轻松出来吧_34,http://v.qq.com/x/cover/tseeah00zbu87wx.html?vid=z0012hs7sk3
金子轻松出来吧_35,http://v.qq.com/x/cover/tseeah00zbu87wx.html?vid=o00124ostmz
金子轻松出来吧_36,http://v.qq.com/x/cover/tseeah00zbu87wx.html?vid=g0012zo34ix
金子轻松出来吧_37,http://v.qq.com/x/cover/tseeah00zbu87wx.html?vid=v001275fta2
金子轻松出来吧_38,http://v.qq.com/x/cover/tseeah00zbu87wx.html?vid=o0012188qbx
金子轻松出来吧_39,http://v.qq.com/x/cover/tseeah00zbu87wx.html?vid=v001271tl4l
金子轻松出来吧_40,http://v.qq.com/x/cover/tseeah00zbu87wx.html?vid=a001241gil2
金子轻松出来吧_41,http://v.qq.com/x/cover/tseeah00zbu87wx.html?vid=t00126otqfx
金子轻松出来吧_42,http://v.qq.com/x/cover/tseeah00zbu87wx.html?vid=h0012wq50bf
金子轻松出来吧_43,http://v.qq.com/x/cover/tseeah00zbu87wx.html?vid=y0012g3orhm
金子轻松出来吧_44,http://v.qq.com/x/cover/tseeah00zbu87wx.html?vid=d0012vejm80
金子轻松出来吧_45,http://v.qq.com/x/cover/tseeah00zbu87wx.html?vid=a00126egclb
金子轻松出来吧_46,http://v.qq.com/x/cover/tseeah00zbu87wx.html?vid=k0012j7qnl7
金子轻松出来吧_47,http://v.qq.com/x/cover/tseeah00zbu87wx.html?vid=r0013227gqj
金子轻松出来吧_48,http://v.qq.com/x/cover/tseeah00zbu87wx.html?vid=r0013h7g9t7
金子轻松出来吧_49,http://v.qq.com/x/cover/tseeah00zbu87wx.html?vid=h0013xe14it
金子轻松出来吧_50,http://v.qq.com/x/cover/tseeah00zbu87wx.html?vid=y0013qnznq4
二胎时代DVD版_31,http://v.qq.com/x/cover/4otyap7eii2s4oj.html?vid=k0017wel6tw
二胎时代DVD版_32,http://v.qq.com/x/cover/4otyap7eii2s4oj.html?vid=e0017mf9zdf
二胎时代DVD版_33,http://v.qq.com/x/cover/4otyap7eii2s4oj.html?vid=b0017x47eb0
二胎时代DVD版_34,http://v.qq.com/x/cover/4otyap7eii2s4oj.html?vid=j0017y155gg
二胎时代DVD版_35,http://v.qq.com/x/cover/4otyap7eii2s4oj.html?vid=u0017jo38hl
二胎时代DVD版_36,http://v.qq.com/x/cover/4otyap7eii2s4oj.html?vid=k0017op9eyu
二胎时代DVD版_37,http://v.qq.com/x/cover/4otyap7eii2s4oj.html?vid=x00174r8j6w
二胎时代DVD版_38,http://v.qq.com/x/cover/4otyap7eii2s4oj.html?vid=f00171gbl7n
二胎时代DVD版_39,http://v.qq.com/x/cover/4otyap7eii2s4oj.html?vid=s0017ef8lsc
二胎时代DVD版_40,http://v.qq.com/x/cover/4otyap7eii2s4oj.html?vid=d0017gs7r9g
二胎时代DVD版_41,http://v.qq.com/x/cover/4otyap7eii2s4oj.html?vid=i0017m7r0xo
二胎时代DVD版_42,http://v.qq.com/x/cover/4otyap7eii2s4oj.html?vid=q0017lroazy
半路父子_31,http://v.qq.com/x/cover/buadsh6rjeed1ak.html?vid=m0015jgjsdd
半路父子_32,http://v.qq.com/x/cover/buadsh6rjeed1ak.html?vid=t0015889a2l
半路父子_33,http://v.qq.com/x/cover/buadsh6rjeed1ak.html?vid=g0015oktz69
半路父子_34,http://v.qq.com/x/cover/buadsh6rjeed1ak.html?vid=b0015g2dulr
半路父子_35,http://v.qq.com/x/cover/buadsh6rjeed1ak.html?vid=w0015dzkfr1
半路父子_36,http://v.qq.com/x/cover/buadsh6rjeed1ak.html?vid=z0015rtxpkt
岁月如金_31,http://v.qq.com/x/cover/2km6jqw2glugoj3.html?vid=j0018iqercz
岁月如金_32,http://v.qq.com/x/cover/2km6jqw2glugoj3.html?vid=e0018b1l3tz
岁月如金_33,http://v.qq.com/x/cover/2km6jqw2glugoj3.html?vid=z0018m6g5zh
岁月如金_34,http://v.qq.com/x/cover/2km6jqw2glugoj3.html?vid=d0018nrcz15
岁月如金_35,http://v.qq.com/x/cover/2km6jqw2glugoj3.html?vid=q0018d54gm5
岁月如金_36,http://v.qq.com/x/cover/2km6jqw2glugoj3.html?vid=r0018xnx5yg
岁月如金_37,http://v.qq.com/x/cover/2km6jqw2glugoj3.html?vid=u0018pxlzk6
岁月如金_38,http://v.qq.com/x/cover/2km6jqw2glugoj3.html?vid=n0018ygjqj8
岁月如金_39,http://v.qq.com/x/cover/2km6jqw2glugoj3.html?vid=m0018u6ey28
岁月如金_40,http://v.qq.com/x/cover/2km6jqw2glugoj3.html?vid=s0018jz6pfh
岁月入金_41,http://v.qq.com/x/cover/2km6jqw2glugoj3.html?vid=z0018ieisfd
岁月入金_42,http://v.qq.com/x/cover/2km6jqw2glugoj3.html?vid=p0018w15gsm
同在屋檐下_31,http://v.qq.com/x/cover/xm5jncwoluydy0f.html?vid=r001325z5d2
同在屋檐下_32,http://v.qq.com/x/cover/xm5jncwoluydy0f.html?vid=u0013o8d23n
同在屋檐下_33,http://v.qq.com/x/cover/xm5jncwoluydy0f.html?vid=i0013a00per
同在屋檐下_34,http://v.qq.com/x/cover/xm5jncwoluydy0f.html?vid=f0013hr5lrm
同在屋檐下_35,http://v.qq.com/x/cover/xm5jncwoluydy0f.html?vid=b0013v931fw
同在屋檐下_36,http://v.qq.com/x/cover/xm5jncwoluydy0f.html?vid=j001352ugtg
同在屋檐下_37,http://v.qq.com/x/cover/xm5jncwoluydy0f.html?vid=q0013ftksrg
同在屋檐下_38,http://v.qq.com/x/cover/xm5jncwoluydy0f.html?vid=d001317csmh
同在屋檐下_39,http://v.qq.com/x/cover/xm5jncwoluydy0f.html?vid=e0013opnvj7
同在屋檐下_40,http://v.qq.com/x/cover/xm5jncwoluydy0f.html?vid=z0013uo2xh1
锄奸_31,http://v.qq.com/x/cover/oiua4qpixxr5ktt.html?vid=u0022pe25fp
锄奸_32,http://v.qq.com/x/cover/oiua4qpixxr5ktt.html?vid=d0022v9fcn2
锄奸_33,http://v.qq.com/x/cover/oiua4qpixxr5ktt.html?vid=c0022dnawq5
锄奸_34,http://v.qq.com/x/cover/oiua4qpixxr5ktt.html?vid=t0022x2i8ay
婚前协议_31,http://v.qq.com/x/cover/giazhd7gaj71bp0.html?vid=d0016t1uwtc
婚前协议_32,http://v.qq.com/x/cover/giazhd7gaj71bp0.html?vid=z0016f4h4yo
婚前协议_33,http://v.qq.com/x/cover/giazhd7gaj71bp0.html?vid=h0016buti6f
婚前协议_34,http://v.qq.com/x/cover/giazhd7gaj71bp0.html?vid=z0016w7d4u8
婚前协议_35,http://v.qq.com/x/cover/giazhd7gaj71bp0.html?vid=e0016qcpc5h
婚前协议_36,http://v.qq.com/x/cover/giazhd7gaj71bp0.html?vid=o0016h9i2iq
婚前协议_37,http://v.qq.com/x/cover/giazhd7gaj71bp0.html?vid=p0016smqm32
婚前协议_38,http://v.qq.com/x/cover/giazhd7gaj71bp0.html?vid=q00160hzgjb
婚前协议_39,http://v.qq.com/x/cover/giazhd7gaj71bp0.html?vid=u0016wqazt7
婚前协议_40,http://v.qq.com/x/cover/giazhd7gaj71bp0.html?vid=e00164nf8a3
江湖儿女_31,http://v.qq.com/x/cover/uwcto5h8cu47ibn.html?vid=o00112jgd44
江湖儿女_32,http://v.qq.com/x/cover/uwcto5h8cu47ibn.html?vid=m0011x3qcch
青春集结号_31,http://v.qq.com/x/cover/hez9ociqj5v2hsa.html?vid=x0018dwv36i
青春集结号_32,http://v.qq.com/x/cover/hez9ociqj5v2hsa.html?vid=t001806w2jj
青春集结号_33,http://v.qq.com/x/cover/hez9ociqj5v2hsa.html?vid=j0018k49jgr
青春集结号_34,http://v.qq.com/x/cover/hez9ociqj5v2hsa.html?vid=r00189nb4r7
青春集结号_35,http://v.qq.com/x/cover/hez9ociqj5v2hsa.html?vid=v00188g9ywk
青春集结号_36,http://v.qq.com/x/cover/hez9ociqj5v2hsa.html?vid=w00182ut95v
我的娘家我的婆_31,http://v.qq.com/x/cover/h9lbo5xrcnndtcu.html?vid=t00220gcygy
我的娘家我的婆_32,http://v.qq.com/x/cover/h9lbo5xrcnndtcu.html?vid=k0022vn3ecv
我的娘家我的婆_33,http://v.qq.com/x/cover/h9lbo5xrcnndtcu.html?vid=q0022nxsxzw
我的娘家我的婆_34,http://v.qq.com/x/cover/h9lbo5xrcnndtcu.html?vid=n00220yqsjt
我的娘家我的婆_35,http://v.qq.com/x/cover/h9lbo5xrcnndtcu.html?vid=m0022fd3ybl
宝贝_31,http://v.qq.com/x/cover/48xp9ybk2hpvtst.html?vid=p0012vzpuag
宝贝_32,http://v.qq.com/x/cover/48xp9ybk2hpvtst.html?vid=h00126txcpy
宝贝_33,http://v.qq.com/x/cover/48xp9ybk2hpvtst.html?vid=t0012nng3ex
宝贝_34,http://v.qq.com/x/cover/48xp9ybk2hpvtst.html?vid=p0012wo0r77
宝贝_35,http://v.qq.com/x/cover/48xp9ybk2hpvtst.html?vid=i00122sjp3d
宝贝_36,http://v.qq.com/x/cover/48xp9ybk2hpvtst.html?vid=z0012u1zqxb
宝贝_37,http://v.qq.com/x/cover/48xp9ybk2hpvtst.html?vid=j0012vfq4h3
宝贝_38,http://v.qq.com/x/cover/48xp9ybk2hpvtst.html?vid=f0012wy7r3n
宝贝_39,http://v.qq.com/x/cover/48xp9ybk2hpvtst.html?vid=u0012ccuopw
宝贝_40,http://v.qq.com/x/cover/48xp9ybk2hpvtst.html?vid=c0012oz8u52
侦察记_31,http://v.qq.com/x/cover/c68b54lnjy9wwi6.html?vid=t0020p2a6iz
侦察记_32,http://v.qq.com/x/cover/c68b54lnjy9wwi6.html?vid=y0020ivybil
侦察记_33,http://v.qq.com/x/cover/c68b54lnjy9wwi6.html?vid=c0020rfrui4
侦察记_34,http://v.qq.com/x/cover/c68b54lnjy9wwi6.html?vid=s0020wk9l2f
家和万事兴_31,http://v.qq.com/x/cover/9oq1gmfenb07sio.html?vid=w0019umhmrp
家和万事兴_32,http://v.qq.com/x/cover/9oq1gmfenb07sio.html?vid=o0019x154bu
家和万事兴_33,http://v.qq.com/x/cover/9oq1gmfenb07sio.html?vid=h0019ergoxe
家和万事兴_34,http://v.qq.com/x/cover/9oq1gmfenb07sio.html?vid=v0019rcwbkz
家和万事兴_35,http://v.qq.com/x/cover/9oq1gmfenb07sio.html?vid=g0019wxoqdg
家和万事兴_36,http://v.qq.com/x/cover/9oq1gmfenb07sio.html?vid=v001944fw69
家和万事兴_37,http://v.qq.com/x/cover/9oq1gmfenb07sio.html?vid=o00192v54yh
家和万事兴_38,http://v.qq.com/x/cover/9oq1gmfenb07sio.html?vid=d0019ir7tru
家和万事兴_39,http://v.qq.com/x/cover/9oq1gmfenb07sio.html?vid=h0019krgiai
家和万事兴_40,http://v.qq.com/x/cover/9oq1gmfenb07sio.html?vid=f00195rsytz
家和万事兴_41,http://v.qq.com/x/cover/9oq1gmfenb07sio.html?vid=c0019c6f1re
家和万事兴_42,http://v.qq.com/x/cover/9oq1gmfenb07sio.html?vid=j0019d6ipte
家和万事兴_43,http://v.qq.com/x/cover/9oq1gmfenb07sio.html?vid=s0019oxy4sg
家和万事兴_44,http://v.qq.com/x/cover/9oq1gmfenb07sio.html?vid=q0019yxd889
家和万事兴_45,http://v.qq.com/x/cover/9oq1gmfenb07sio.html?vid=m00195q2xta
家和万事兴_46,http://v.qq.com/x/cover/9oq1gmfenb07sio.html?vid=q0019wdsxf9
家和万事兴_47,http://v.qq.com/x/cover/9oq1gmfenb07sio.html?vid=j0019waoqru
家和万事兴_48,http://v.qq.com/x/cover/9oq1gmfenb07sio.html?vid=y0019j0tdl2
家和万事兴_49,http://v.qq.com/x/cover/9oq1gmfenb07sio.html?vid=h0019b5igbg
家和万事兴_50,http://v.qq.com/x/cover/9oq1gmfenb07sio.html?vid=a00196gxcou
家和万事兴_51,http://v.qq.com/x/cover/9oq1gmfenb07sio.html?vid=y0019oq6x10
家和万事兴_52,http://v.qq.com/x/cover/9oq1gmfenb07sio.html?vid=z0019ulzp7t
家和万事兴_53,http://v.qq.com/x/cover/9oq1gmfenb07sio.html?vid=w0019jhxcqy
家和万事兴_54,http://v.qq.com/x/cover/9oq1gmfenb07sio.html?vid=t0019lcvtdh
家和万事兴_55,http://v.qq.com/x/cover/9oq1gmfenb07sio.html?vid=z0019km7bqc
家和万事兴_56,http://v.qq.com/x/cover/9oq1gmfenb07sio.html?vid=w00191r23r1
家和万事兴_57,http://v.qq.com/x/cover/9oq1gmfenb07sio.html?vid=s0019xgkdj9
家和万事兴_58,http://v.qq.com/x/cover/9oq1gmfenb07sio.html?vid=g00194r53s9
家和万事兴_59,http://v.qq.com/x/cover/9oq1gmfenb07sio.html?vid=v0019hnbzxm
家和万事兴_60,http://v.qq.com/x/cover/9oq1gmfenb07sio.html?vid=u00194f1klx
家和万事兴_61,http://v.qq.com/x/cover/9oq1gmfenb07sio.html?vid=u001906zwq8
家和万事兴_62,http://v.qq.com/x/cover/9oq1gmfenb07sio.html?vid=s0019dghemf
家和万事兴_63,http://v.qq.com/x/cover/9oq1gmfenb07sio.html?vid=f0019ukqbyt
家和万事兴_64,http://v.qq.com/x/cover/9oq1gmfenb07sio.html?vid=h00192yf3ol
家和万事兴_65,http://v.qq.com/x/cover/9oq1gmfenb07sio.html?vid=q0019vjd19i
家和万事兴_66,http://v.qq.com/x/cover/9oq1gmfenb07sio.html?vid=x0019woy93n
家和万事兴_67,http://v.qq.com/x/cover/9oq1gmfenb07sio.html?vid=f0019xbvbx3
家和万事兴_68,http://v.qq.com/x/cover/9oq1gmfenb07sio.html?vid=f0019wsfcsg
家和万事兴_69,http://v.qq.com/x/cover/9oq1gmfenb07sio.html?vid=e0019le0ir5
家和万事兴_70,http://v.qq.com/x/cover/9oq1gmfenb07sio.html?vid=g00194pwv2s
家和万事兴_71,http://v.qq.com/x/cover/9oq1gmfenb07sio.html?vid=y001963j48k
家和万事兴_72,http://v.qq.com/x/cover/9oq1gmfenb07sio.html?vid=u0019vrxoj1
家和万事兴_73,http://v.qq.com/x/cover/9oq1gmfenb07sio.html?vid=o00190j3ih9
家和万事兴_74,http://v.qq.com/x/cover/9oq1gmfenb07sio.html?vid=l0019vtph59
家和万事兴_75,http://v.qq.com/x/cover/9oq1gmfenb07sio.html?vid=g0019ip7gi9
伙伴夫妻_31,http://v.qq.com/x/cover/dwrxemp7p5aasy6.html?vid=t0016zzdqi8
江湖正道_31,http://v.qq.com/x/cover/xoj83f72dhth2n7.html?vid=e0013kqw7oj
江湖正道_32,http://v.qq.com/x/cover/xoj83f72dhth2n7.html?vid=m0013ddmpcr
江湖正道_33,http://v.qq.com/x/cover/xoj83f72dhth2n7.html?vid=g0013zfsuyz
江湖正道_34,http://v.qq.com/x/cover/xoj83f72dhth2n7.html?vid=u00133ajz35
江湖正道_35,http://v.qq.com/x/cover/xoj83f72dhth2n7.html?vid=q0013u3rdk5
江湖正道_36,http://v.qq.com/x/cover/xoj83f72dhth2n7.html?vid=s00137pdr3r
江湖正道_37,http://v.qq.com/x/cover/xoj83f72dhth2n7.html?vid=e0013u8c16u
江湖正道_38,http://v.qq.com/x/cover/xoj83f72dhth2n7.html?vid=v0013tuunqk
江湖正道_39,http://v.qq.com/x/cover/xoj83f72dhth2n7.html?vid=b0013ltb2x0
江湖正道_40,http://v.qq.com/x/cover/xoj83f72dhth2n7.html?vid=r0013gv7sgi
桐柏英雄_31,http://v.qq.com/x/cover/oaec42r897iqvi0.html?vid=m00184p9gj4
桐柏英雄_32,http://v.qq.com/x/cover/oaec42r897iqvi0.html?vid=y0018kl3iyh
桐柏英雄_33,http://v.qq.com/x/cover/oaec42r897iqvi0.html?vid=g00182lyrka
女人如花_31,http://v.qq.com/x/cover/tdynb8akbe0d61u.html?vid=z0017a8zweu
女人如花_32,http://v.qq.com/x/cover/tdynb8akbe0d61u.html?vid=n0017drpx8x
不要离开我_31,http://v.qq.com/x/cover/s9h9107f8cs654w.html?vid=w0015j8pcnf
不要离开我_32,http://v.qq.com/x/cover/s9h9107f8cs654w.html?vid=c0015ke9vpt
不要离开我_33,http://v.qq.com/x/cover/s9h9107f8cs654w.html?vid=z0015s29tey
不要离开我_34,http://v.qq.com/x/cover/s9h9107f8cs654w.html?vid=z0015uvcyrd
不要离开我_35,http://v.qq.com/x/cover/s9h9107f8cs654w.html?vid=q00153ww9ff
不要离开我_36,http://v.qq.com/x/cover/s9h9107f8cs654w.html?vid=w0015poavmb
金战_31,http://v.qq.com/x/cover/z4lg7yj99by6ox0.html?vid=e001484d45g
金战_32,http://v.qq.com/x/cover/z4lg7yj99by6ox0.html?vid=m0014ozmazg
金战_33,http://v.qq.com/x/cover/z4lg7yj99by6ox0.html?vid=w0014zxkszn
金战_34,http://v.qq.com/x/cover/z4lg7yj99by6ox0.html?vid=k0014rkf9a8
金战_35,http://v.qq.com/x/cover/z4lg7yj99by6ox0.html?vid=q0014yx5b2w
金战_36,http://v.qq.com/x/cover/z4lg7yj99by6ox0.html?vid=g0014yl9hhb
我的女儿是花儿_031,http://v.qq.com/x/cover/ju3r2n4tele726t.html?vid=9pTKyXiaFFN
我的女儿是花儿_032,http://v.qq.com/x/cover/ju3r2n4tele726t.html?vid=9mSggSejl3D
我的女儿是花儿_033,http://v.qq.com/x/cover/ju3r2n4tele726t.html?vid=9jA9bnpfVjU
我的女儿是花儿_034,http://v.qq.com/x/cover/ju3r2n4tele726t.html?vid=9yCjPVqqjGH
我的女儿是花儿_035,http://v.qq.com/x/cover/ju3r2n4tele726t.html?vid=9CLR9R8NMnt
我的女儿是花儿_036,http://v.qq.com/x/cover/ju3r2n4tele726t.html?vid=9sxSmL0dNxm
我的女儿是花儿_037,http://v.qq.com/x/cover/ju3r2n4tele726t.html?vid=9CRPeVCkord
我的女儿是花儿_038,http://v.qq.com/x/cover/ju3r2n4tele726t.html?vid=96RPUs6DRrX
我的女儿是花儿_039,http://v.qq.com/x/cover/ju3r2n4tele726t.html?vid=9nN5rVLu9tE
我的女儿是花儿_040,http://v.qq.com/x/cover/ju3r2n4tele726t.html?vid=9h7glpLp1Yt
我的女儿是花儿_041,http://v.qq.com/x/cover/ju3r2n4tele726t.html?vid=9GhqRncUWpD
我的女儿是花儿_042,http://v.qq.com/x/cover/ju3r2n4tele726t.html?vid=9iBJM50vwdN
我的女儿是花儿_043,http://v.qq.com/x/cover/ju3r2n4tele726t.html?vid=9NFmgTEYONO
我的女儿是花儿_044,http://v.qq.com/x/cover/ju3r2n4tele726t.html?vid=9UvKTDnVNNY
我的女儿是花儿_045,http://v.qq.com/x/cover/ju3r2n4tele726t.html?vid=94EeEvP2lDg
我的女儿是花儿_046,http://v.qq.com/x/cover/ju3r2n4tele726t.html?vid=91IY2SOfzoA
我的女儿是花儿_047,http://v.qq.com/x/cover/ju3r2n4tele726t.html?vid=9itBnenMhJo
我的女儿是花儿_048,http://v.qq.com/x/cover/ju3r2n4tele726t.html?vid=9bnduiXHz8E
我的女儿是花儿_049,http://v.qq.com/x/cover/ju3r2n4tele726t.html?vid=9T6hldiUN2v
我的女儿是花儿_050,http://v.qq.com/x/cover/ju3r2n4tele726t.html?vid=9AOD6si7vLv
我的女儿是花儿_051,http://v.qq.com/x/cover/ju3r2n4tele726t.html?vid=9pT9vcDNKp7
我的女儿是花儿_052,http://v.qq.com/x/cover/ju3r2n4tele726t.html?vid=9GzFguFkxwG
我的女儿是花儿_053,http://v.qq.com/x/cover/ju3r2n4tele726t.html?vid=9cc6jeybaCZ
我的女儿是花儿_054,http://v.qq.com/x/cover/ju3r2n4tele726t.html?vid=9mzZbYaXsth
我的女儿是花儿_055,http://v.qq.com/x/cover/ju3r2n4tele726t.html?vid=9QcsVLmldZG
我的女儿是花儿_056,http://v.qq.com/x/cover/ju3r2n4tele726t.html?vid=9hkFE8rKf3v
我的女儿是花儿_057,http://v.qq.com/x/cover/ju3r2n4tele726t.html?vid=9vD0pHzc1CY
我的女儿是花儿_058,http://v.qq.com/x/cover/ju3r2n4tele726t.html?vid=9mnKFKAHY8L
我的女儿是花儿_059,http://v.qq.com/x/cover/ju3r2n4tele726t.html?vid=9mHvJQ9QfYs
我的女儿是花儿_060,http://v.qq.com/x/cover/ju3r2n4tele726t.html?vid=9ZwLoR8L9gO
我的女儿是花儿_061,http://v.qq.com/x/cover/ju3r2n4tele726t.html?vid=9gpRynZWLbz
我的女儿是花儿_062,http://v.qq.com/x/cover/ju3r2n4tele726t.html?vid=9bOiW94UrCb
我的女儿是花儿_063,http://v.qq.com/x/cover/ju3r2n4tele726t.html?vid=9mqQgiXJI6b
我的女儿是花儿_064,http://v.qq.com/x/cover/ju3r2n4tele726t.html?vid=9Nohf2imndl
我的女儿是花儿_065,http://v.qq.com/x/cover/ju3r2n4tele726t.html?vid=9Bp7cS2bEdc
我的女儿是花儿_066,http://v.qq.com/x/cover/ju3r2n4tele726t.html?vid=9sDlWHoVlbU
我的女儿是花儿_067,http://v.qq.com/x/cover/ju3r2n4tele726t.html?vid=9Y3ez8RAw53
我的女儿是花儿_068,http://v.qq.com/x/cover/ju3r2n4tele726t.html?vid=97Jk05Ll7MB
我的女儿是花儿_069,http://v.qq.com/x/cover/ju3r2n4tele726t.html?vid=9Nhmrv7u8nz
我的女儿是花儿_070,http://v.qq.com/x/cover/ju3r2n4tele726t.html?vid=9ncYdzj6Aev
我的女儿是花儿_071,http://v.qq.com/x/cover/ju3r2n4tele726t.html?vid=9mSclKTlGuc
我的女儿是花儿_072,http://v.qq.com/x/cover/ju3r2n4tele726t.html?vid=9kegZVNbTWU
我的女儿是花儿_073,http://v.qq.com/x/cover/ju3r2n4tele726t.html?vid=9PG6GDBUSKq
我的女儿是花儿_074,http://v.qq.com/x/cover/ju3r2n4tele726t.html?vid=9VJO4JzwZCV
我的女儿是花儿_075,http://v.qq.com/x/cover/ju3r2n4tele726t.html?vid=9VST1zfg0eE
我的女儿是花儿_076,http://v.qq.com/x/cover/ju3r2n4tele726t.html?vid=9lvdsM39g4v
我的女儿是花儿_077,http://v.qq.com/x/cover/ju3r2n4tele726t.html?vid=9syqlvHSfOo
我的女儿是花儿_078,http://v.qq.com/x/cover/ju3r2n4tele726t.html?vid=9LsdCEFMnUf
我的女儿是花儿_079,http://v.qq.com/x/cover/ju3r2n4tele726t.html?vid=9iiGS1Qa8lM
我的女儿是花儿_080,http://v.qq.com/x/cover/ju3r2n4tele726t.html?vid=96sTMBBSMef
我的女儿是花儿_081,http://v.qq.com/x/cover/ju3r2n4tele726t.html?vid=9HJbTzK1KEf
我的女儿是花儿_082,http://v.qq.com/x/cover/ju3r2n4tele726t.html?vid=9zsqJWc7q5B
我的女儿是花儿_083,http://v.qq.com/x/cover/ju3r2n4tele726t.html?vid=9p4c8KP5rhs
我的女儿是花儿_084,http://v.qq.com/x/cover/ju3r2n4tele726t.html?vid=9qSA6XvMSiY
我的女儿是花儿_085,http://v.qq.com/x/cover/ju3r2n4tele726t.html?vid=9MHEvGrgair
我的女儿是花儿_086,http://v.qq.com/x/cover/ju3r2n4tele726t.html?vid=9L02DbkPHZN
我的女儿是花儿_087,http://v.qq.com/x/cover/ju3r2n4tele726t.html?vid=9kEVIkDtZBf
我的女儿是花儿_088,http://v.qq.com/x/cover/ju3r2n4tele726t.html?vid=97mGlLpvoMw
我的女儿是花儿_089,http://v.qq.com/x/cover/ju3r2n4tele726t.html?vid=9wdw0ojiFJV
我的女儿是花儿_090,http://v.qq.com/x/cover/ju3r2n4tele726t.html?vid=94FEXPipxTO
我的女儿是花儿_091,http://v.qq.com/x/cover/ju3r2n4tele726t.html?vid=9dGaqer6Rz6
我的女儿是花儿_092,http://v.qq.com/x/cover/ju3r2n4tele726t.html?vid=9zrCa9vWhpF
我的女儿是花儿_093,http://v.qq.com/x/cover/ju3r2n4tele726t.html?vid=9uodKr9SrA6
我的女儿是花儿_094,http://v.qq.com/x/cover/ju3r2n4tele726t.html?vid=9kNIna56LEh
我的女儿是花儿_095,http://v.qq.com/x/cover/ju3r2n4tele726t.html?vid=9HmMk34HGUL
我的女儿是花儿_096,http://v.qq.com/x/cover/ju3r2n4tele726t.html?vid=9rMu6fW5QSu
我的女儿是花儿_097,http://v.qq.com/x/cover/ju3r2n4tele726t.html?vid=H0010eA9ubt
我的女儿是花儿_098,http://v.qq.com/x/cover/ju3r2n4tele726t.html?vid=F0010i7zH4k
我的女儿是花儿_099,http://v.qq.com/x/cover/ju3r2n4tele726t.html?vid=K00108rE3Zr
我的女儿是花儿_100,http://v.qq.com/x/cover/ju3r2n4tele726t.html?vid=e0010KXutWe
我的女儿是花儿_101,http://v.qq.com/x/cover/ju3r2n4tele726t.html?vid=S0010l5Rhq9
我的女儿是花儿_102,http://v.qq.com/x/cover/ju3r2n4tele726t.html?vid=k0010OtpUPU
我的女儿是花儿_103,http://v.qq.com/x/cover/ju3r2n4tele726t.html?vid=m00108HTFoy
我的女儿是花儿_104,http://v.qq.com/x/cover/ju3r2n4tele726t.html?vid=v0010k6onFS
我的女儿是花儿_105,http://v.qq.com/x/cover/ju3r2n4tele726t.html?vid=z0010ETTq78
我的女儿是花儿_106,http://v.qq.com/x/cover/ju3r2n4tele726t.html?vid=Y00104xs7AU
我的女儿是花儿_107,http://v.qq.com/x/cover/ju3r2n4tele726t.html?vid=q0010SIQ75r
我的女儿是花儿_108,http://v.qq.com/x/cover/ju3r2n4tele726t.html?vid=S0010gjAcFQ
我的女儿是花儿_109,http://v.qq.com/x/cover/ju3r2n4tele726t.html?vid=s0010PGXlOj
我的女儿是花儿_110,http://v.qq.com/x/cover/ju3r2n4tele726t.html?vid=U0010c2uqkI
我的女儿是花儿_111,http://v.qq.com/x/cover/ju3r2n4tele726t.html?vid=i0010kBLypR
我的女儿是花儿_112,http://v.qq.com/x/cover/ju3r2n4tele726t.html?vid=g0010llfTSR
我的女儿是花儿_113,http://v.qq.com/x/cover/ju3r2n4tele726t.html?vid=s0010uUBh1r
我的女儿是花儿_114,http://v.qq.com/x/cover/ju3r2n4tele726t.html?vid=u0010yPLNRN
我的女儿是花儿_115,http://v.qq.com/x/cover/ju3r2n4tele726t.html?vid=s0010qkdp5I
我的女儿是花儿_116,http://v.qq.com/x/cover/ju3r2n4tele726t.html?vid=y0010r68CjA
我的女儿是花儿_117,http://v.qq.com/x/cover/ju3r2n4tele726t.html?vid=C0010JG16Ts
我的女儿是花儿_118,http://v.qq.com/x/cover/ju3r2n4tele726t.html?vid=m0010u9voUj
我的女儿是花儿_119,http://v.qq.com/x/cover/ju3r2n4tele726t.html?vid=l0010Z8lA8d
我的女儿是花儿_120,http://v.qq.com/x/cover/ju3r2n4tele726t.html?vid=b0010Hy6Onw
我的女儿是花儿_121,http://v.qq.com/x/cover/ju3r2n4tele726t.html?vid=m0010jE9rAN
我的女儿是花儿_122,http://v.qq.com/x/cover/ju3r2n4tele726t.html?vid=M0010QYhtRs
我的女儿是花儿_123,http://v.qq.com/x/cover/ju3r2n4tele726t.html?vid=z0010cioDvx
我的女儿是花儿_124,http://v.qq.com/x/cover/ju3r2n4tele726t.html?vid=P00105cLIir
我的女儿是花儿_125,http://v.qq.com/x/cover/ju3r2n4tele726t.html?vid=x0010vkvZer
我的女儿是花儿_126,http://v.qq.com/x/cover/ju3r2n4tele726t.html?vid=Y0010nEDjJY
我的女儿是花儿_127,http://v.qq.com/x/cover/ju3r2n4tele726t.html?vid=a0010jJVHEb
我的女儿是花儿_128,http://v.qq.com/x/cover/ju3r2n4tele726t.html?vid=y00100jrJkI
我的女儿是花儿_129,http://v.qq.com/x/cover/ju3r2n4tele726t.html?vid=p00103ACIbU
我的女儿是花儿_130,http://v.qq.com/x/cover/ju3r2n4tele726t.html?vid=A0010m3o56o
我的女儿是花儿_131,http://v.qq.com/x/cover/ju3r2n4tele726t.html?vid=N0010aJc7BN
