3M,3M公司,3M公司全称MinnesotaMiningandManufacturing（明尼苏达矿务及制造业公司），创建于1902年，总部设在美国明尼苏达州的圣保罗市，是世界著名的产品多元化跨国企业。3M是全球性的多元化科技企业，创建于1902年，素以勇于创新、产品繁多著称于世，生产数以万计的创新产品，在医疗产品、高速公路安全、办公文教产品、光学产品等核心市场占据领导地位。3M为全球近200多个国家的客户提供产品及服务，其产品已深入人们的生活，从家庭用品到医疗用品，从运输、建筑到商业、教育和电子、通信等各个领域，极大地改变了人们的生活和工作方式。
霍尼韦尔,霍尼韦尔,霍尼韦尔国际（HoneywellInternational）是一家营业额达300多亿美元的多元化高科技和制造企业，在全球，其业务涉及：航空产品和服务、楼宇、家庭和工业控制技术、汽车产品、涡轮增压器以及特殊材料。霍尼韦尔公司总部位于美国新泽西州莫里斯镇。霍尼韦尔是一家国际性从事自控产品开发及生产的公司，公司成立于一八八五年，有超过百年历史的国际公司，一九九六年，被美国"财富"杂志评为最受推崇的20家高科技企业之一。是一家销售额为333.7亿美元(2011年度)，在多元化技术和制造业方面占世界领导地位的跨国公司（500强排名280位）。宗旨是以增加舒适感，提高生产力，节省能源，保护环境，保障使用者生命及财产从而达到互利增长为目的。为全球的楼宇，工业，航天及航空市场的客户服务。霍尼韦尔国际公司是一个拥有多元化制造技术的领导者，服务于世界各地的客户，包括航天产品及服务、工业和家庭楼宇控制技术、汽车产品、涡轮增压器以及特种材料。霍尼韦尔在全球100多个国家/地区拥有116000员工，以满足客户，力争成为世界自控先驱，从而实现互利增长的目标。2017年6月7日，2017年《财富》美国500强排行榜发布，霍尼韦尔排名第73位。 
Honeywell,霍尼韦尔,霍尼韦尔国际（HoneywellInternational）是一家营业额达300多亿美元的多元化高科技和制造企业，在全球，其业务涉及：航空产品和服务、楼宇、家庭和工业控制技术、汽车产品、涡轮增压器以及特殊材料。霍尼韦尔公司总部位于美国新泽西州莫里斯镇。霍尼韦尔是一家国际性从事自控产品开发及生产的公司，公司成立于一八八五年，有超过百年历史的国际公司，一九九六年，被美国"财富"杂志评为最受推崇的20家高科技企业之一。是一家销售额为333.7亿美元(2011年度)，在多元化技术和制造业方面占世界领导地位的跨国公司（500强排名280位）。宗旨是以增加舒适感，提高生产力，节省能源，保护环境，保障使用者生命及财产从而达到互利增长为目的。为全球的楼宇，工业，航天及航空市场的客户服务。霍尼韦尔国际公司是一个拥有多元化制造技术的领导者，服务于世界各地的客户，包括航天产品及服务、工业和家庭楼宇控制技术、汽车产品、涡轮增压器以及特种材料。霍尼韦尔在全球100多个国家/地区拥有116000员工，以满足客户，力争成为世界自控先驱，从而实现互利增长的目标。2017年6月7日，2017年《财富》美国500强排行榜发布，霍尼韦尔排名第73位。 
珍视明,珍视明滴眼液,珍视明滴眼液是江西珍视明药业生产的一种药物。该产品主要清热解痉，去翳明目。用于肝阴不足，肝气偏盛所致的不能久视、青少年远视力下降；用于青少年假性近视、视力疲劳。
好视力,好视力,北京好视力科技发展有限公司成立于2001年，是一家致力于眼健康产品的企业，2001年正式投放市场，已成为眼健康行业的领军品牌。好视力公司的主要产品是好视力护眼贴。北京好视力科技发展有限公司秉承体育营销之路，已相继成为“中国国家射击队的护眼产品”、“国内跳水系列赛事护眼产品”。好视力公司以“眼健康”为己任，率先开启了“绿色护眼”的时代。
诺斯清,诺斯清,诺斯清，全称诺斯清生理性海水鼻腔护理喷雾器，是一款能够清洁鼻腔，抑菌消炎，调节鼻腔PH值的二类医疗器械。国内独有的儿童专用装，安全、方便、环保、无刺激，孕妇儿童同样适用。
参天,参天,参天（verytall），指高悬或高耸于天空；其语出《汉书·谷永传》：“太白出西方六十日，法当参天，今已过期，尚在桑榆之间。”
绿盾,绿盾,绿盾加密软件即天锐绿盾，是一套整合了文件自动加密、网络实时监控、网络行为管理及内网的软件系统，为企业提供一体化信息安全解决方案，从源头保障数据存储和使用的安全，规范计算机操作行为，严防资料外泄，确保信息安全。绿盾是厦门天锐科技有限公司自主研发的信息安全管理软件。
CM,犯罪心理,《犯罪心理》（Criminalminds）是CBS出品的犯罪剧情电视剧，由费利克斯·恩里克斯·阿卡拉和格伦·克肖执导，由托马斯·吉布森、乔·曼特纳、谢玛·摩尔、马修·格雷·古柏勒等人主演。 《犯罪心理》讲述了美国联邦调查局总部下属的行为分析科部门（简称“BAU”）中，行为分析师们剖析最棘手的案件，分析凶手的心理和作案特征，并在他们再次施暴前预测出他们的下一步行动，协助当地警察捉拿凶手。该剧于2005年9月22日在美国首播，该剧多次获得艾美奖和人民选择奖的提名。 
乐敦,乐敦眼药水,乐敦眼药水诞生于1909年，至今已超过百年历史，凭借良好的信誉和产品功效，创下全球销量连续9年No.1的佳绩，2014年更以高达200亿日元（约11.4亿人民币）的销售额成功获得吉尼斯世界纪录认证。针对不同的护眼需求，乐敦专门研制不同的眼睛呵护配方。在中国市场已推出新乐敦、小乐敦、乐敦清、红乐敦、乐敦莹、乐敦康及乐敦清隐形眼镜护理液等专业护眼产品。 
小林,小林,小林，日本著名动漫《龙珠》中的主要角色之一，与孙悟空一同在龟仙人（武天师父）门下习武，是最强的地球人（布欧篇的评价，此时欧布并未登场）。妻子是人造人18号，女儿是玛伦。
PITTA,八色鸫属,八色鸫属（学名：Pitta）：是雀形目八色鸫科的鸟类，共有32种及91个亚种。体型圆胖，尾短，腿长，嘴形较粗，最外侧初级飞羽长度达其内侧的4/5；是鸟类中色彩丰富的种类之一，俗名八色。以身体具有红、绿、蓝、白、黑、黄、褐、栗等鲜艳夺目，丰富艳丽的色彩而得名，是很有观赏价值的鸟类。在森林底层活动，翻拣树叶及朽木以寻找昆虫、蚂蚁和无脊椎动物等动物为食。叫声简单，间隔极短。
暖宝宝,暖宝宝, “暖宝宝”是小林制药株式会社经国家工商行政管理总局商标局核准注册的注册商标，并不是冬季取暖片产品的通用名称。在行业内，该类产品的正规通用名称为“一次性取暖片”，行业内各类不同厂家有着自己不同的叫法，如“取暖包”、“暖贴”或“热力贴”等等，各正规厂家为防止商标侵权均避免使用“暖宝宝”或者“暖宝宝贴”等与之相近的提法。
零听,零听,零听是乐腾达（深圳）日用品有限公司旗下主力品牌，致力于开发各种新型健康防护保健用具产品。零听品牌中最为知名的产品是零听抗噪卫士防噪音睡眠耳塞系列，是目前国内睡眠耳塞的开创性品牌也是销量第一的品牌，于2012年获得“中国著名品牌”称号。及后零听从听力防护产品延伸至其他身体防护产品如眼罩、口罩、枕垫等，并根据产品的特性成立了多个子品牌如圆目、U-healer、逸活等，同时通过高效迅速的研发平台及贴心服务的销售团队，为广大消费者提供优质可靠的新型健康防护产品及专业睡眠健康资讯，不断超越国人对生活品质提高的需求。
云南白药,云南白药,云南白药，云南省江川县特产，中国国家地理标志产品。云南白药白药是云南省出产的传统中成药，由于对止血愈伤，活血散瘀，消火去肿，排脓驱毒，具有良好疗效，因此成为主治各种跌打损伤、红肿疮毒、妇科血症、咽喉肿痛和慢性胃病的特效药品，从二十世纪初行销于世以来，蜚声中外，历久不衰，被誉为伤科圣药。近年来研究发现，云南白药还具有抗癌、抑制肿瘤的作用。云南白药是由云南民间医生曲焕章吸取民间传统配方，经过多年钻研和实践而首创配制的，最初取名为“百宝丹”，后称云南白药。目前，云南白药有传统瓶装和胶囊剂白药两种。
稳健,稳健,稳健（wěnjiàn），出自《唐国史补》，意思是稳而有力。
Winner,WINNER,WINNER（위너）是韩国YGEntertainment于2014年推出的男子组合，先后由姜昇润、金秦禹、李昇勋、宋旻浩、南太铉五名成员组成。2014年8月14日发行首张正规专辑《2014S/S》；8月17日通过《SBS人气歌谣》正式出道；9月10日发行专辑《2014S/S-JapanCollection-》在日本出道 。2016年2月1日发布迷你专辑《EXIT:E》 ；11月18日，南太铉因心理健康问题与经纪公司商讨后决定解除合约、退队 ，WINNER以四人形式展开活动。2017年4月4日，发行专辑《FATENUMBERFOR》 ；8月4日发布专辑《OURTWENTYFOR》 。2018年1月，获得第32届金唱片奖音源部门本奖 ；4月4日发行专辑《EVERYD4Y》 。
三次元,三次元,三次元一指三坐标测量机，它是指在一个六面体的空间范围内，能够表现几何形状、长度及圆周分度等测量能力的仪器，又称为三坐标测量仪或三坐标量床。三坐标测量仪可定义为“一种具有可作三个方向移动的探测器，可在三个相互垂直的导轨上移动，此探测器以接触或非接触等方式传送讯号，三个轴的位移测量系统（如光学尺）经数据处理器或计算机等计算出工件的各点坐标（X、Y、Z）及各项功能测量的仪器”。三坐标测量仪的测量功能应包括尺寸精度、定位精度、几何精度及轮廓精度等。三次元亦指三维空间，若需详情请浏览三维空间或3D词条。
南极人,南极人,南极人，成立于1997年是中国最早成立的内衣企业之一，首创保暖内衣产品，开创了中国内衣行业发展的新道路。历经18年的成长蜕变，南极人已经在内衣、母婴、服装、床品&布艺、厨品、鞋品、服饰配件、户外、家电等9大品类的55大类目产品线中取得突出的成绩，签约国民好媳妇海清，共同为国人带来“全品类消费品王国”，努力打造让用户尖叫的产品，创造极致的用户体验。南极人每年卖出上亿件/套的产品，为几亿人提供舒适、优质的日常生活所需。2014年双十一，南极人取得了单天1.8亿元的销售成绩，是南极人转型互联网企业后，模式创新的最强有力证明。2016年双十一，南极人取得了5.4亿元的销售业绩，再次刷新了历史记录！
SATO,SATO,SATO同样是温湿度记录仪的生产厂家，占有市场温湿度记录仪的很大份额。温湿度记录仪主要用于室内或者某特定环境同时检测温度和湿度。SATO温湿度记录仪为有纸记录仪，一但开启，会自动在特定的记录纸上划线，不同型号使用不同的记录纸。
可孚,可孚,可孚 ，湖南可孚医疗科技发展有限公司 于2010年11月15日 注册申请的商标品牌，主要商品服务列表有血压计、医疗器械和仪器、医用体温计、理疗设备、医用气垫、疝气带、助听器、避孕套、绷带(松紧)、拐杖。 
滴露,滴露,滴露(Dettol)是常见的消毒水之一，其有效成分是对氯间二甲苯酚（chloroxylenol亦称PCMX）。遇水变成白色是其标记。滴露为啡色液体，含有主要的消毒抗菌成分对氯间二甲苯酚（Chloroxylenol）。对氯间二甲苯酚属于酚类（Phenols)的一种，对口腔、喉咙和胃部有刺激性和腐蚀性。Chloroxylenol本来就是乳白色，但因为滴露另外含有较高浓度的松油（PineOil）和异丙醇（IsopropylAlcohol)把它溶解了，所以看不见它了。当滴露被倒进水里，水把松油和酒精稀释，松油和酒精的浓度降低了，Chloroxylenol就被释放出来，但Chloroxylenol并不太溶于水。
万通,万通,万通作为商标出现，表示吉林万通药业集团旗下通化万通药业股份有限公司申报的一款商标。吉林万通药业集团有限公司系集医药生产、研发、销售为一体的大型现代化实业集团。集团总部座落于长白山西麓，素有“中国医药城”美誉的吉林省通化市，目前拥有总资产57亿元，拥有员工8000余人，占地面积60万平方米。
德尔格,德尔格,德尔格是医疗和安全技术领域的国际领先企业。德尔格创新的产品、服务和系统致力于保护、支持和拯救生命。
MEHOW,MEHOW,MEHow是深圳市美好创亿医疗科技有限公司的品牌 。
GH,GH,GH是Grasshopper的简称，是一款在Rhino环境下运行的采用程序算法生成模型的插件。Grasshopper其很大的价值在于它是以自己独特的方式完整记录起始模型（一个点或一个盒子）和最终模型的建模过程！ 
优能,优能,优能：1、新东方优能，是新东方教育科技集团旗下的知名中学教育品牌，专注于包括初、高中预科在内的中学教育，旨在为小学五年级至高中三年级的学生提供一流的全科学习培训。2、蕴特优能，是蕴特国际旗下的一个专业美发品牌。
乐仪,乐仪,乐仪是一个汉语词语，读音为lèyí或yuèyí，出自《诗经·小雅》和《周礼·春官·乐师》。
艾尔,艾尔,在异虫虫群入侵之前，艾尔是一颗有着纯净海洋、茂密丛林和繁荣城市的绿色行星。艾尔的大气中含有中等水平的温室气体，星球的轨道离心率较低，如此产生的湿热气候孕育了众多的生命。数以亿万年来，在艾尔湿热的雨林中诞生了无数的物种，星灵则是其中的佼佼者。
UVEX,uvex,
佐藤,佐藤,漫画《亚人》中的主要角色，被户崎和亚人管理协会称为“帽子”。集结到了田中、奥山、现、高桥等亚人，该组织已经建立“对人类宣战”的网站，并成功实施了劫持飞机的恐怖行动，也在和警视厅特殊奇袭部队（SAT）的战斗中表现出惊人的战力，造成了全民恐慌。黑色幽灵有六根手指，头部形似蜥蜴。有巨大的嘴和长排的牙齿。
Sato,SATO,SATO同样是温湿度记录仪的生产厂家，占有市场温湿度记录仪的很大份额。温湿度记录仪主要用于室内或者某特定环境同时检测温度和湿度。SATO温湿度记录仪为有纸记录仪，一但开启，会自动在特定的记录纸上划线，不同型号使用不同的记录纸。
狮王,奥利弗·卡恩,奥利弗·卡恩（OliverKahn）， 全名奥利弗·罗尔夫·卡恩（OliverRolfKahn）， 1969年6月15日出生于德国巴登-符腾堡州卡尔斯鲁厄，德国足球运动员，司职门将。卡恩出自于德甲卡尔斯鲁厄足球俱乐部青训营。1987年，卡恩升入卡尔斯鲁厄一线队开始职业生涯。1994年，卡恩转会至拜仁慕尼黑足球俱乐部，之后帮助拜仁慕尼黑获得8次德甲联赛冠军、6次德国杯冠军、1次欧洲冠军联赛冠军等多项荣誉，个人3次当选IFFHS世界最佳门将、4次当选欧洲最佳门将等。 2008年9月，卡恩正式宣布退役。 1994年，卡恩开始为德国国家队效力。1996年，卡恩跟随德国国家队夺得欧洲杯冠军。 1998年，卡恩在世界杯后成为德国国家队主力门将， 之后成为德国国家队队长，并参加了两届世界杯和两届欧洲杯，帮助德国国家队夺得2002年韩日世界杯亚军，个人荣膺世界杯金球奖和世界杯金手套奖。 
Lion,锂离子电池,锂离子电池：是一种二次电池（充电电池），它主要依靠锂离子在正极和负极之间移动来工作。在充放电过程中，Li+在两个电极之间往返嵌入和脱嵌：充电时，Li+从正极脱嵌，经过电解质嵌入负极，负极处于富锂状态；放电时则相反。锂系电池分为锂电池和锂离子电池。手机和笔记本电脑使用的都是锂离子电池，通常人们俗称其为锂电池。电池一般采用含有锂元素的材料作为电极，是现代高性能电池的代表。而真正的锂电池由于危险性大，很少应用于日常电子产品。
丁教授,丁教授,丁教授品牌是万和医药（香港）国际集团有限公司和西安万和医药以首席科学家丁教授为学术带头人的大中华区科研开发组，以严谨的科学态度、前沿的思维及过硬的产品质量，陆续开发的以“丁教授”为品牌的囊括十几个品类的医药健康产品。2005年“丁教授”已在国家商标局正式注册商标。
H&K,H&K,H&K是德国枪械公司。1945年，第二次世界大战结束后，一个名叫埃斯蒙德·黑克勒的身无分文的人回到了他的故乡——德国西部的奥伯恩多夫（Oberndorf）——毛瑟兵工厂的所在地。在这里，他遇到了两位好朋友特奥多尔·科赫和亚历克斯·塞德尔。
黄道益,黄道益,黄道益，香港黄道益活络油创造者、知名的中医师。1919年生于台山市白沙镇朗溪型洞里，是香港著名实业家和慈善家。他饮誉香港，其事业如日中天，拓展至国内及东南亚、美、加、澳等地。他慈善为怀，积德行善，事业有成后，以扶贫济世为己任，以热心公益，造福桑梓为乐。
如新,如新,如新（NUSKIN）集团是全球最大的直销巨头之一，1984年成立于美国犹他州普罗沃市。
Nu Skin,如新集团,如新集团自1984年于美国犹他州普罗沃市成立，至今成为全球最大且发展最迅速的直销公司之一，业务遍及亚洲、美洲、欧洲、非洲及太平洋地区等53个市场，全球年营业额达20亿美元(约合100亿人民币)，活跃销售人员超过80万人，乃直销业之翘楚。如新中国更是第一批获发中国直销经营许可证的直销公司之一。
闪亮,闪亮,闪亮有两个意思，一个是透出光亮，一个是发出亮光。也有歌名叫闪亮。
南丁,何南丁,南丁，原名何南丁，曾用名何铿然、何家英，中国著名小说家、散文家，河南杰出的文学领导人。祖籍安徽安庆，1931年9月20日出生于安徽蚌埠。1949年7月结业于华东新闻学院。1950年开始发表作品，1952年加入中国共产党，1956年加入中国作家协会。历任《河南日报》编辑，河南省文联编辑、专业作家、主席、党组书记。河南省文联、河南省作家协会顾问，中国文联第五届全委，河南省第七、八届人大常委。 
金佰利,金佰利,金佰利是全球健康卫生护理领域的领导者。 公司成立于1872年，在全球35个国家设有生产设施，雇员近42000名。个人健康护理用品、家庭生活用纸和商用消费产品是金佰利公司三大核心业务，年销售额逾180亿美元 ，产品销往超过175个国家和地区。
小心眼,小心眼,小心眼，是汉语词汇，读作xiǎoxīnyǎn，指狭隘的胸襟﹑短浅的眼光﹑多疑的心理状态以及在细琐事情上的小主意等等。
slip,SLIP,SLIP（SerialLineInternetProtocol，串行线路网际协议），该协议是Windows远程访问的一种旧工业标准，主要在Unix远程访问服务器中使用，现今仍然用于连接某些ISP。因为SLIP协议是面向低速串行线路的，可以用于专用线路，也可以用于拨号线路，Modem的传输速率在1200bps到19200bps。
撒隆巴斯,撒隆巴斯,全新维他命E加强配方贴膏系列日本销量第一，药性渗透力强，有效舒缓肌肉劳损及工作引致的各种痛症和炎症，迅速恢复最佳状态。
贝贝熊,贝贝熊,《贝贝熊系列丛书》，“美国儿童行为教育之父”博丹夫妇的心血之作，享誉欧美国家近半个世纪，被专家、读者誉为父母家庭教育的好帮手，孩子性格、行为养成的好保姆！系列童书立足行为教育理念，致力于家长和子女的共同成长。登陆中国以来，在延续境外口碑及销售神话的同时，令千千万万个中国家庭找到了育儿的最佳途径，中国家长因此对孩子的成长教育有的放矢！
霾星人,霾星人, 霾星人鼻用空气净化器是由新和成集团-北京万生人和科技有限公司研发和生产，用于防护PM2.5、雾霾、细菌、花粉的人体可穿戴高科技产品。基于人脸逆向三维扫描技术和鳃瓣式空气过滤技术而设计的霾星人鼻用空气净化器，在正确佩戴时，可以实现100%的密封效果，从根本上杜绝漏气现象，并在高效过滤PM2.5等空气污染物的同时，还能够拥有良好的呼吸通畅性，适合人体长期佩戴。霾星人瓦咔咔，来自距地球15亿光年的霾星球，2014年为饱受雾霾侵害的地球人带来了霾星高科技防霾神器——霾星人鼻用空气净化器。
修正,修正,修正是一个汉语词汇，拼音是xiūzhènɡ，指改正；品格端正，亦指遵行正道的人。出自《汉书·贾山传》：“举贤以自辅弼，求修正之士使直谏。”
红外,红外,红外是红外线的简称，它是一种电磁波。它可以实现数据的无线传输。自1800年被发现以来，得到很普遍的应用，如红外线鼠标，红外线打印机，红外线键盘等等。红外的特征：红外传输是一种点对点的传输方式，无线，不能离的太远，要对准方向，且中间不能有障碍物也就是不能穿墙而过，几乎无法控制信息传输的进度；IrDA已经是一套标准，IR收/发的组件也是标准化产品。
金门一条根,金门一条根,金门一条根产于金门珠山村，属多年生豆科植物且有一条主根，因而得名，亦是天赐岛民生命泉源之保健灵草。主根粗如人指，一根直下、长50公分、甚难拔取，故名一条根、千斤拔、千觔拔。一条根长在地底下，要长到适合开采大小，通常要十几年，自金门开放观光后，一条根日渐稀少，一条根真品，根较细长、草根有弹性、轻咬带有甘味、且根部有金门特有红土色，最方便食用方法是与水同煮，日常饮用。一条根为金门原生特有保健植物，主根可串地50公分长，对身体有舒适清爽效果。一条根是金门原生药用作物，金门地理、水质特殊，及土壤、气候两相配合，使成为特殊农产品。据药书记载，一条根味辛、性温，可袪风利湿、消瘀解毒、补气血，一般多于种后三年采收。一条根对风湿症特有疗效，饮后会热汗直流，可排体内酸毒。古称山仔兜，学名阔叶大豆，属多年生豆科植物，因只有一条主根，直伸入土，并少有支根或须根，产于金门珠山村落 。一条根药用部分主要是根部，其根部扎入土内很深，生长3年的一条根，根长约有50厘米—60厘米。一枝直下，甚难拔除，故名一条根，又名千斤拔，是岛上居民生命泉源与保健灵草。
慧通,慧通,慧通是金庸小说《倚天屠龙记》中的人物。慧通是少林派弟子，1336年6月在临安龙门镖局被殷素素所杀。当时只有慧通的师弟慧风侥幸未死，并错认是张翠山是杀慧通的凶手。
葵花,葵花,葵花，学名向日葵（Helianthusannuus）别名太阳花，是菊科向日葵属的植物。向日葵花语为爱慕、光辉、高傲之意，仰慕、凝视着你。温暖，耐旱，能产果实葵花籽。原产北美洲，世界各地均有栽培。向日葵也是俄罗斯，秘鲁的国花。
金范,金范,金范（KimBeom），本名“金尚范”，1989年7月7日出生于韩国首尔市。韩国男演员，毕业于韩国首尔中央大学。2006年，参演情景喜剧《无法阻挡的Highkick》，正式荧幕出道 。2008年，8月参演恐怖片《考死》，该片累计150万名观影人数 。同年参演爱情剧《伊甸园之东》 。2009年，5月参演校园剧《花样男子》，该剧最高收视达到35.5% 。同年还凭借爱情剧《Dream》获得SBS演技大赏新人奖 。2010年，拍摄韩国旅游观光短剧《一天》 。2011年，主演爱情剧《吧嗒吧嗒：他和她心跳的声音》 。2013年，2月参演爱情剧《那年冬天，风在吹》 。7月主演古装剧《火之女神井儿》 。同年进军中国内地市场，参演动作片《狄仁杰之神都龙王》 。2014年，参演青春剧《微时代之恋·初恋篇》 。2015年，主演爱情片《重生爱人》和动作剧《隐藏身份》 。2016年，参演电视剧《警察夫人2》。2018年，参演悬疑片《朝鲜名侦探：吸血怪魔的秘密》。
中体倍力,中体倍力健身俱乐部有限公司,公司简介中体倍力健身俱乐部有限公司是由上市公司中体产业股份有限公司和美国倍力公司(BALLYTOTALFITNESS)合作成立的一家高度专业化、规模化、高档次经营健身俱乐部的合资公司，中体产业股份有限公司(股票代码600158)是国家体育总局控股的唯一一家体育上市公司，自1998年3月成立以来，始终致力于体育产业的经营与开发，并不断拓展体育市场经营领域，实现体育产业的多元化经营。公司以资本运营为中心，以资源战略和品牌战略为两个基本点，以为大众提供一流的体育产品和健康服务为宗旨，通过借鉴国外的成熟经验，凭借自身丰富的体育资源、雄厚的资金实力和专业的技术力量，推进中国全民健身活动的开展，推动中国体育产业的发展和进步，中体产业将与中外合作伙伴共同开拓进取，为实现体育跨世纪经营而努力。BallyTotalFitness美国倍力健身公司是全美国和全世界最大的健身中心商业运营商。亦是美国上市公司(股票代码NYSE:B)。到目前为止倍力在美国28个州和加拿大的部分城市共经营了430多家"倍力健身中心"。在倍力健身中心所处的50多个大都市区域中，拥有400万会员。在过去一年里美国倍力健身中心接待了超过1亿人次的健身客户。
小懒,小懒,小懒是日本佐贺县中央地区的一座城市，2005年3月1日由芦刈町等地区合并而成。
Kowa,kowa,KOWA是日本兴和株式会社集团所拥有的品牌。
花王,花王,花王，日本知名日用品品牌。花王株式会社成立于1887年，花王前身是西洋杂货店“长濑商店”（花王石碱），主要销售美国产化妆香皂以及日本国产香皂和进口文具等，花王创业人是长濑富郎。目前花王产品涉及化妆品等600多种，大都是高分子化学品。
KAO,kao,
越洋,越洋,《越洋》是影start创作的网络小说，发表于晋江文学网。
无印良品,无印良品,无印良品是一个日本杂货品牌，在日文中意为无品牌标志的好产品。产品类别以日常用品为主。产品注重纯朴、简洁、环保、以人为本等理念，在包装与产品设计上皆无品牌标志。产品类别从铅笔、笔记本、食品到厨房的基本用具都有。最近也开始进入房屋建筑、花店、咖啡店等产业类别。2017年3月15日，3·15晚会曝光，在无印良品超市，一些日本食品的外包装上都被贴上了产地为日本的中文标签，但是当揭开中文标签后，露出了这些产品的真实产地为东京都，名列禁止进口名单。2017年3月16日，无印良品在其官方微博和微信上发布声明，称被曝光的食品日文标识上所标示的地址是该公司在日本的注册所在地，而不是食品生产地址，并出具了原产地证明书和入境检疫检验证明。上海国检局随后也确认，“经核查无印良品(上海)商业有限公司的进口记录，未发现有来自于日本核辐射地区的产品。” 
MUJI,muji,MUJI即无印良品，是西友株式会社于1980年开发的PB品牌，1983年于东京流行发讯地的“青山”开出第一家独立旗舰店，于1990年正式成立良品计划株式会社。现为日本最大的LifeStyleStore。此外，无印良品在英国、法国、香港三地已经成立了公司。
同仁堂,同仁堂,北京同仁堂 是全国中药行业著名的老字号。创建于1669年（清康熙八年），自1723年开始供奉御药，历经八代皇帝188年。在300多年的风雨历程中，历代同仁堂人始终恪守“炮制虽繁必不敢省人工，品味虽贵必不敢减物力”的古训，树立“修合无人见，存心有天知”的自律意识，造就了制药过程中兢兢小心、精益求精的严细精神，其产品以“配方独特、选料上乘、工艺精湛、疗效显著”而享誉海内外，产品行销40多个国家和地区。 
TRT,TRT,TRT——(BlastFurnaceTopGasRecoveryTurbineUnit以下简称TRT)高炉煤气余压透平发电装置(即TRT)是利用高炉冶炼的副产品——高炉炉顶煤气具有的压力能及热能使煤气通过透平膨胀机做功将其转化为机械能，再将机械能转化为电能。 
MEO,MEO,中地球轨道（MediumEarthOrbit，简写为MEO），是位于低地球轨道（2000千米（1243英里））和地球静止轨道（35786千米（22236英里））之间的人造卫星运行轨道。
超品,超品,封建王朝中品级的一种，是仅次于皇帝的最高品级，比一品都高。普通官员是无法得到的，即使丞相也不例外。
拂尘,拂尘,拂尘，又称尘拂、拂子、尘尾，是一种于手柄前端附上兽毛（如马尾、麈尾）或丝状麻布的工具或器物，一般用作扫除尘迹或驱赶蚊蝇之用。拂尘起源于汉朝时期，最早用于驱蚊扫灰，在汉魏时期深受士大夫阶层喜爱。在道教文化中，拂尘是道士常用的器物，一些武术流派更视拂尘为一种武器。佛教传入中国后，拂尘也被汉传佛教收为法器，象征扫去烦恼。
花红小黑膏,远红外风湿关节炎痛贴,远红外风湿关节炎痛贴 是贵州苗药药业有限公司研发生产出的一种用于治疗风湿性关节炎及由风湿性关节炎引起的疼痛、麻木、关节肿胀病症的辅助治疗的产品，为国家食品药品监督管理局批准的医疗器材。 
KLEENEX,舒洁,舒洁（Kleenex）是全球最知名的面巾纸品牌之一，曾多次被美国《商业周刊》评为全世界100个最有价值的品牌之一。多年来，Kleenex一直致力于提供最优质的产品给广大的消费者，Kleenex舒洁纸巾采用100%原生木浆，并加入特别的柔软纤维，以最柔软细致的纸巾，让心和家人一起舒适起来，始终给自己和家人温暖和关爱。
RAPAS,RAPAS,
健之佳,健之佳,云南健之佳连锁健康药房有限公司，是以医药，健康，便利商品零售为主的医药连锁企业。
MAC,MAC,Mac 它是苹果公司自1984年起以“Macintosh”开始开发的个人消费型计算机，如：iMac、Macmini、MacbookAir、MacbookPro、Macbook、MacPro等计算机。使用独立的MacOS系统，最新的OSX系列基于NeXT系统开发，不支持兼容。是一套完备而独立的操作系统。
双飞人,双飞人,历史悠久，为著名老牌药，是从1838年就开始行销全世界万灵特效良药。1838年，药剂师亨利里克莱斯创建一个基于薄荷和乙醇的药水——双飞人，双飞人这个商标由此被提出，但其在1857年才真正开始。两次世界大战促进了双飞人药水品牌的发展，因为双飞人的多功效使它倍受欢迎，是当时士兵不可或缺的药水。双飞人药水以其功效齐全而被广泛认知，具有治疗伤风感冒、肚痛疴呕、蚊咬止痒、消化不良、烫火灼伤、牙痛头痛、消暑提神、驱风救急、舟车晕浪、消毒止炎的功效。
清舒,清舒,清舒是汉语词汇，拼音是qīngshū，意思是清爽舒服。
MI,熔融指数,熔融指数是一种表示塑胶材料加工时的流动性的数值。它是美国量测标准协会(ASTM)根据美国杜邦公司惯用的鉴定塑料特性的方法制定而成，其测试方法是先让塑料粒在一定时间（10分钟）内、一定温度及压力（各种材料标准不同）下，融化成塑料流体，然后通过一直径为2.095mm圆管所流出的克（g）数。其值越大，表示该塑胶材料的加工流动性越佳，反之则越差。
FLEXWARM,Flexwarm,Flexwarm，智能外套。
博士伦,博士伦,博士伦是一家全球性的眼睛保健公司，致力于通过创新的科技与技术，让消费者看得更好、形象更好、感觉更好。博士伦成立于1853年，目前年度营业额近二十亿美元，在全球50多个国家聘有约11500名员工，产品行销全球一百多个国家，其全球总部设在美国纽约州罗彻斯特市。
安康信,安康信,安康信（通用名：依托考昔®），是一种选择性COX-2抑制剂，具有抗炎、镇痛和解热作用，适用于治疗骨关节炎急性期和慢性期的症状和体征，也可以治疗急性痛风性关节炎。由默沙东公司（在美国和加拿大被称为默克）研发、生产，目前已在包括中国在内的全球的84个国家和地区上市。安康信已被美国风湿病学会痛风诊治指南推荐用于急性痛风性关节炎的治疗。我国骨关节炎诊治指南以及中华医学会骨科学分会的骨科疼痛处理专家意见推荐有胃肠道风险的患者选用选择性COX-2抑制剂，可使用安康信。
倍轻松,倍轻松,深圳市倍轻松科技股份有限公司（以下简称“倍轻松”），成立于1996年，集研发、生产、销售于一体，是便捷式按摩产品的高新技术企业。经过17年的持续发展，产品远销世界120个国家及地区，现已成长为便携式按摩器行业的领导品牌。
breo,breo,公司的品牌为“BREO(倍轻松)”。公司产品分为头部、眼部、MINI按摩器三大系列，由公司科研人员根据传统的中医经络学按摩原理，结合现代生物磁学理论自行研制而成
春鹿,水鹿,水鹿（学名：Rusaunicolor）体型粗壮接近马鹿。成年雄鹿体高130厘米左右，体长130～140厘米，体重200～250千克。雌鹿较矮小。水鹿泪窝较大，鼻镜黑色，颈毛较长，尾端部密生蓬松的黑色长毛。被毛黑褐色，冬毛深灰色。有黑棕色背线，臀周围呈锈棕色，无臀斑。茸角为单门桩，眉枝。喜水，常活动于水边，栖息于阔叶林、混交林、稀树的草场和高草地带，清晨、黄昏觅食。雨后特别活跃。平时单独活动，有一定的行动路线。分布于中国、斯里兰卡、印度、尼泊尔、中南半岛以及东南亚等地区。该物种已列入《世界自然保护联盟》（IUCN）2013年濒危物种红色名录ver3.1—-濒危（EN）。
LIFAair,LIFAair,LIFAair 是芬兰的空气净化品牌，创立于1988年，专注于室内空气治理，涉及商用系统和家用产品两个领域。
乐喜,乐喜,乐喜汉语意思为欢乐之意，另有春秋时期宋国名臣司城乐喜。
LeXi,Lexi,Lexi，出生于美国，曾获得第37届世界旅游小姐MTI全球亚军。
妮飘,妮飘,妮飘（nepia） 由王子（OJI）集团旗下王子妮飘株式会社在中国投资的法人企业王子制纸妮飘（苏州）有限公司 所创立的品牌。主要负责生活用纸的生产与销售。主要产品有盒装纸巾，手帕纸，卫生用纸等。
微氧,微氧,微氧是一款手机应用软件。 微氧利用互联网+健身的新福利，上海的623所运动健身场馆都可任意使用。 
目邻,目邻,一款全方位的眼健康管理应用，随时随地监控自己的眼健康状况，在线咨询专业眼科医生，同时连接线下的眼健康医疗产品为用户提供专业检查和治疗服务。 
百多邦,百多邦,百多邦旗下共有两款产品：百多邦®莫匹罗星软膏和百多邦TM创面消毒喷雾剂。百多邦®软膏为外用抗生素，主要成分是莫匹多星，适用于革兰阳性球菌引起的皮肤感染，例如：脓疱病、疖肿、毛囊炎等原发性皮肤感染及湿疹合并感染、不超过10厘米x10厘米面积的浅表性创伤合并感染等继发性皮肤感染。百多邦TM创面消毒喷雾剂为外用消毒剂，主要成份是苯扎氯铵，适用于皮肤、伤口的消毒。
兴和,兴和,兴和县位于内蒙古自治区中南部，地处晋、冀、蒙三省区交界处，素有“鸡鸣闻三省”之称。
KOWA,kowa,KOWA是日本兴和株式会社集团所拥有的品牌。
诺轩,诺轩,诺轩(NOTIONAL)品牌成立于2009年，一直致力于男士商务休闲箱包皮具以及箱包皮具的研发设计，专业生产销售钱包、单肩包、手包、手提包、商务包、密码包、皮带等产品。倾力打造的“诺轩(NOTIONAL)”品牌，源自于对唯美的追求，以及时尚和休闲的向往，倡导一种轻松时尚、积极向上、用于挑战的生活方式。
KC,kc,KC（keepContact）
曼秀雷敦,曼秀雷敦,曼秀雷敦(Mentholatum)公司1889年在美国创立，创办人希尔先生成功创制曼秀雷敦薄荷膏，迅即成为家喻户晓的必备良药，曼秀雷敦(Mentholatum)的英文名字“Mentholatum”是由“MENTHOL”(薄荷醇)及“PETROLATUM”(石腊油)组合而成。 曼秀雷敦除生产薄荷膏外，还推出润唇膏、男士护肤、女士护肤、防晒、抗痘、手霜、面膜等护肤品，以及眼药水、摩擦膏等OTC药品，畅销世界150多个国家和地区。 
Mentholatum,曼秀雷敦,曼秀雷敦(Mentholatum)公司1889年在美国创立，创办人希尔先生成功创制曼秀雷敦薄荷膏，迅即成为家喻户晓的必备良药，曼秀雷敦(Mentholatum)的英文名字“Mentholatum”是由“MENTHOL”(薄荷醇)及“PETROLATUM”(石腊油)组合而成。 曼秀雷敦除生产薄荷膏外，还推出润唇膏、男士护肤、女士护肤、防晒、抗痘、手霜、面膜等护肤品，以及眼药水、摩擦膏等OTC药品，畅销世界150多个国家和地区。 
向天歌,向天歌,向天歌，原名孙景义，还曾用笔名春苑、柳迪等，男，汉族，1972年出生，河南省虞城县人。自幼喜欢诗文。1989年开始发表诗歌作品，至今已在国内外各级媒体发表了大量的文学及新闻作品，在国家、省、市征文赛事中30多次获奖。
白花油,白花油,白花油，疏风止痒，理气止痛，消疲提神。用于关节酸痛，伤风感冒，头痛鼻塞，扭伤。
雅酷,雅酷,
陈氏太极,陈氏太极,陈氏太极拳，原为陈家沟拳术是一套传统拳术，属于太极拳流派之一。集长拳、炮拳及红拳之术，源自明末清初河南省温县陈家沟人陈王廷，陈式太极拳有良好的健身作用。其上乘的技击作用及独特的演练风格吸引着越来越多的爱好者。
蓝洛,蓝洛,《蓝洛》是在起点中文网连载的一部作品，作者是心悠悠。
凡尘,凡尘,
福瑞达,昌河福瑞达,福瑞达是昌河汽车在国外成熟车型基础上结合中国的国情，历经两年时间开发的一款微客。
夕阳红,夕阳红,中央电视台《夕阳红》栏目开播于1993年10月11日，其时距中国进入人口老龄化社会尚有六年之遥。“春江水暖鸭先知”，当时的中央电视台社教中心科教部与国务院发展研究中心《管理世界》杂志社的联合创办者们，较早地嗅到了中国社会人口老龄化的信息，于是《夕阳红》栏目在媒介体制改革的第一个浪潮中应运而生，成为中央电视台最早，也是至今惟一的老年栏目。该节目于1993年10月11日在中央电视台综合频道首播，2013年3月30日现节目在中央电视台社会与法频道播出，现由黄薇主持。
CarE,care,名词n.看护；保护
五湖,五湖,近代一般以洞庭湖、鄱阳湖、太湖、巢湖、洪泽湖为“五湖”。古代的说法不同，如《国语》、《史记》中的五湖专指太湖，或太湖及其附近的湖泊。六湖：我国的几个大湖，说法不一，一般指洞庭湖、鄱阳湖、太湖、巢湖、洪泽湖、千岛湖。在《地理通释十道山川考》中，原先的五湖名称是指彭蠡、洞庭湖、巢湖、太湖、鉴湖。(彭蠡即鄱阳湖。鉴湖到了清代则被洪泽湖代替。)但根据《史记河渠书集解》五湖，湖名耳，实一湖，今太湖是也。
STRONG,strong,英文单词，strong:adj.强壮的；强大的；粗鲁的，蛮横的等。通常用来形容人物身体
Simply Basic,simply basic,
强生,强生,美国强生(Johnson&Johnson)成立于1886年，是世界上规模最大，产品多元化的医疗卫生保健品及消费者护理产品公司。据《财富》和《商业周刊》97年公布的结果，强生公司市场价值指标评比名列全球第20位，并位居全美十大最令人羡慕的公司之列，1999年全球营业额高达275亿美元。强生在全球60个国家建立了250多家分公司，拥有约11万5千余名员工产品销售于175个国家和地区。强生公司是世界上最具综合性、分布范围最广的卫生保健产品制造商、健康服务提供商。公司创建于1886年，产品畅销于175个国家地区，生产及销售产品涉及护理产品、医药产品和医疗器材及诊断产品市场等多个领域。强生作为一家国际性大型企业，在全球57个国家建立了230多家分公司，拥有11万6千余名员工。旗下拥有强生婴儿、露得清、可伶可俐、娇爽、邦迪、达克宁、泰诺等众多知名品牌。2016年6月，强生旗下的漱口水品牌李施德林在其香港推广活动中邀请了何韵诗，该品牌也遭到《环球时报》的批评。截至当地时间周一晚，该公司网站继续使用何韵诗的照片。 
Johnson,johnson,johnson吉他，是axl公司的下属品牌，主要以民谣吉他为主。另外有同名IPC-A-610D和IPC-7711/7721授权认证培训师。
爱迪士,爱迪士,aldes爱迪士是绿色生态健康住宅倡导者、全球高品质室内空气解决方案领导厂商，创立于1925年，总部设在法国里昂。爱迪士从事于新风、净化、热舒适、吸尘及防火五大领域产品的研发、生产和销售。在新风领域，爱迪士是整体解决方案的专家，为别墅、公寓、办公场所、医院、学校、机场、高级养老公寓、购物中心、剧院、酒店、工厂等室内场所提供成套的系统解决方案和数字化智能舒适系统。 
一步到位,一步到位,《一步到位》是2011年中国物资出版社出版的图书，作者是马银春。作为社会生活中的人，应当“做人做到位”“做事做到位”；作为社会交往中的人，应当“说话说到位”“关系搞到位”；作为领导人，应当“管理管到位”。
ILUMINAGE,iluminage,iluminage是联合利华有限公司创立的品牌。
花红,花红,花红是一种蔷薇科、苹果属落叶小乔木，叶卵形或椭圆形，花粉红色。果实球形，黄绿色带微红，果皮脆而韧，果肉黄白色，有清香味，是常见的水果。适应性强，适宜生长山坡阳处、平原砂地，海拔50-2800米。 
LJ,LJ,LJ，是词语首字母，中文是黧鸡，形容比较奇怪的人或事情。
雅思,雅思,雅思考试（IELTS），全称国际英语语言测试系统，外文名InternationalEnglishLanguageTestingSystem，由剑桥大学考试委员会外语考试部、英国文化协会及IDP教育集团共同管理，是一种针对英语能力，为打算到使用英语的国家学习、工作或定居的人们设置的英语水平考试。雅思考试分学术类和培训类两种，分别针对申请留学的学生和计划在英语语言国家参加工作或移民的人士。考试分听、说、读、写四个部分，总分9分。 雅思考试已获得全球135个国家逾9000所教育机构、雇主单位、专业协会和政府部门的认可；雅思考试作为全球留学及移民类英语测评的领导者，每年有超过200万人次的考生参加雅思考试。 
爱不释手,爱不释手,《爱不释手》是收录在专辑《李丽芬的东西·爱不释手》的一首歌曲，由李丽芬演唱，小虫作词、作曲，是电视剧《唐太宗李世民》的片头曲。
香娜露儿,香娜露儿,
CHANTELLE,chantelle,法国第一品牌内衣Chantelle(仙黛尔)开创于1876年，内衣材质上采用最高级的Leaver蕾丝、Guipur蕾丝和立体感十足的Textron蕾丝等，为了收到第二层肌肤般舒适、无压迫感的效果，也采用了较体贴的高级丝光棉、超柔纤等面料。产品的设计及制造上十分注重每一个小细节的特色。
见证奇迹,见证奇迹,《见证奇迹》又名《魔幻7月见证奇迹》，口号是：魔幻7月，见证奇迹。本节目是中央电视台综艺频道在2012年暑期为观众奉上的一档特别节目，节目中内地、香港、台湾的知名新生代魔术师、杂技团和民间绝活高手齐济一堂，在暑期给观众们奉献上一道精彩绝伦的视觉盛宴。
太极,太极,2009年问世的“太极”，是第一只国产双轴立体陀飞轮手表。由北京表厂生产，对中国生产顶级陀飞轮手表有历史意义。
利必通,利必通,利必通（拉莫三嗪片），适应症为癫痫：对12岁以上儿童及成人的单药治疗：1.简单部分性发作2.复杂部分性发作3.续发性全身强直-阵挛性发作4.原发性全身强直-阵挛性发作目前暂不推荐对十二岁以下儿童采用单药治疗，因为尚未得到对这类特殊目标人群所进行的对照试验的相应数据。两岁以上儿童及成人的添加疗法(add-ontherapy)：1.简单部分性发作2.复杂部分性发作3.续发性全身强直-阵挛性发作4.原发性全身强直-阵挛性发作本品也可用于治疗合并有Lennox-Gastaut综合征的癫痫发作。
丰林,黑龙江丰林国家级自然保护区,黑龙江丰林国家级自然保护区位于黑龙江省伊春市境内，始建于1958年。1963年成立专门管理机构。1988年被国务院批准为国家级自然保护区。1993年加入中国人与生物圈网络。1997年被联合国教科文组织纳入世界生物圈保护区网络，是联合国开发计划署森林可持续经营能力建设、研究与推广项目示范区，也是黑龙江省加入世界生物圈网络最早的保护区。2006年，被列为全国示范保护区。主要保护对象为以红松为主的北温带针阔叶混交林生态系统和珍稀野生动植物，属森林生态系统类型自然保护区。
epc,EPC,EPC（EngineeringProcurementConstruction）是指公司受业主委托，按照合同约定对工程建设项目的设计、采购、施工、试运行等实行全过程或若干阶段的承包。通常公司在总价合同条件下，对其所承包工程的质量、安全、费用和进度进行负责。在EPC模式中，Engineering不仅包括具体的设计工作，而且可能包括整个建设工程内容的总体策划以及整个建设工程实施组织管理的策划和具体工作；Procurement也不是一般意义上的建筑设备材料采购，而更多的是指专业设备、材料的采购；Construction应译为“建设”，其内容包括施工、安装、试测、技术培训等。 还应包括全部正常达标，接手就可正常使用。交付前应做无负荷试运行、还包括带负荷联动试运行、试生产直至达产达标，正常生产为止。
Refresh,refresh,refresh英语动词，意思是使恢复，使振作，使焕然一新，翻新，恢复精神，补充给养。
华北制药,华北制药,华北制药即华北制药股份有限公司是由原华北制药厂(现华北制药集团有限责任公司)投入其全部生产经营性资产并经募股于1992年8月组建的股份有限公司。1993年11月8日，公司股票上市发行，股票名称为“华北制药”股票代码为600812发行数量为7000万股；1994年1月14日，公司股票在上海证券交易所挂牌上市。
NCPC,NCPC,NCPC2011washeldonthe1stofOctober2011.250teamscompetedat12universitiesthroughoutthefiveNordiccountries.ThewinnerwasNocontestforoldmenfromLundSwedenwhosolvedall10problems.Fortheresultslookatthescoreboards.
LG,LG集团,韩国LG集团于1947年成立于韩国首尔，位于首尔市永登浦区汝矣岛洞20号。是领导世界产业发展的国际性企业集团。 LG集团目前在171个国家与地区建立了300多家海外办事机构。事业领域覆盖化学能源、电子电器、通讯与服务等领域。
清诺,清诺,瓶、手动定量喷雾泵、喷嘴、防尘盖和氯化钠溶液组成
安塞尔,安塞尔,安塞尔是一名后卫，现在效力于墨尔本胜利足球俱乐部。
ansell,Ansell,Ansell，是一家成立于1905年，拥有悠久历史的全球知名公司。Ansell是全球领先的安全防护产品和服务提供商。
白云山,白云山,白云山，位于广东省广州市白云区，为南粤名山之一，自古就有“羊城第一秀”之称。山体相当宽阔，由30多座山峰组成，为广东最高峰九连山的支脉。面积20.98平方公里，主峰摩星岭高382米。 白云山是广州市风景区行业的第一家国家AAAAA级旅游景区，也是广州市唯一同时拥有全国文明风景旅游区、国家AAAAA级旅游景区两项荣誉的景区。
Nichiban,nichiban,nichiban，自1918年在东京南品川成立以来，经过多次的实验，致力于商业活动，使得nichiban能够顺利增长一直到现在。
康维佳,康维佳,康维佳，男，中央人民广播电台记者·1962年2月生于山西省运城市，祖籍山西省平遥县南郑乡南郑村，高级记者，中央人民广播广播电台山西记者站站长。
佰草金邦,佰草金邦,佰草金邦，治疗颈椎病等的药品。
T,t,Tt是拉丁字母中的第20个字母。今日的字母T系由腓尼基语的象形字母变化而来。早先的字形恰似如今的字母X，叫做taw，意为“记号”（mark）。Taw是西方闪族语字母表和希伯来字母中的最后一个字母。闪族语中的Taw的音值、希腊字母。.（Tau）以及伊特鲁里亚字母和拉丁字母的T都曾发作/t/。在北约音标字母中使用Tango来表示字母T。
博锐,博锐,英特尔vPro博锐™技术是为整体业务的长足发展而设计的一项平台技术，主要用于增强系统的安全性。由Symantec和英特尔通力合作，共同将基于硬件的虚拟化带入主流IT环境中，从而使企业的安全性跃上一个新的台阶。有了英特尔博锐™技术，重要的安全软件就可以在后台防篡改的隔离虚拟分区上时时运行，即使用户在客户端操作系统上执行密集型计算应用时也不会受到影响。基于Symantec安全应用和英特尔博锐™技术的虚拟安全解决方案可简化管理、更充分地利用管理资源、提高终端安全性的可靠程度，并帮助改善台式机的系统和管理一致性。
防护盾,防护盾,防护盾是一个手机系统安全类软件，主要作用是控制锁定、跟踪和删除你的移动数据在以避免发生损失或偷窃。
贝亲,贝亲,贝亲是日本母婴用品品牌，创始于1957年，秉承爱的理念，致力于为消费者提供高品质和种类齐全的母婴用品和服务，贝亲产品涵盖了母乳喂养、奶瓶奶嘴、宝宝肌肤护理、衣物清洗、水杯餐具等抚育宝宝的方方面面。2002年正式进入中国市场之后，工厂规模和生产规模不断扩大，如今，贝亲在中国拥有上海外高桥、青浦和常州3家工厂，引进国外先进生产流水线，严格按照PQS（PigeonQualityStandard）执行管理。2013年，贝亲全新推出芬芳亲子洗护系列以及“真绵实感”婴儿纸尿裤 ，新品的推出强化了贝亲产品线，从而进一步提升了妈妈们育儿生活的品质。
迪士尼,迪士尼,全球闻名遐迩的迪士尼，全称为TheWaltDisneyCompany，取名自其创始人华特·迪士尼，是总部设在美国伯班克的大型跨国公司，主要业务包括娱乐节目制作，主题公园，玩具，图书，电子游戏和传媒网络。皮克斯动画工作室（PIXARAnimationStudio）、惊奇漫画公司（MarvelEntertainmentInc）、试金石电影公司（TouchstonePictures）、米拉麦克斯（Miramax）电影公司、博伟影视公司（BuenaVistaHomeEntertainment）、好莱坞电影公司（HollywoodPictures）、ESPN体育，美国广播公司（ABC）都是其旗下的公司（品牌）。迪士尼于2012年11月收购了卢卡斯影业。2017年6月，《2017年BrandZ最具价值全球品牌100强》公布，迪士尼排名第18位。 
Disney,迪士尼,全球闻名遐迩的迪士尼，全称为TheWaltDisneyCompany，取名自其创始人华特·迪士尼，是总部设在美国伯班克的大型跨国公司，主要业务包括娱乐节目制作，主题公园，玩具，图书，电子游戏和传媒网络。皮克斯动画工作室（PIXARAnimationStudio）、惊奇漫画公司（MarvelEntertainmentInc）、试金石电影公司（TouchstonePictures）、米拉麦克斯（Miramax）电影公司、博伟影视公司（BuenaVistaHomeEntertainment）、好莱坞电影公司（HollywoodPictures）、ESPN体育，美国广播公司（ABC）都是其旗下的公司（品牌）。迪士尼于2012年11月收购了卢卡斯影业。2017年6月，《2017年BrandZ最具价值全球品牌100强》公布，迪士尼排名第18位。 
一正,一正,一正，读音yīzhèng，汉语词汇，释义为谓统一法度政令
稳健医疗,稳健医疗,稳健医疗集团有限公司（以下简称稳健公司）是国内最大的医用敷料生产和出口企业，2001年至今连续八年为中国医用敷料出口第一。企业创立至今二十年，已在湖北、上海、成都、香港设立了十家分公司，员工6500人。20年来，稳健公司在国内市场已经建立了从研发——生产——营销——终端的一条龙服务平台，在国际市场上建立了生产——营销——出口的一整套生产和供应体系。
开颜,开颜,开颜，汉语词汇。拼音：kāiyán基本解释：指露出微笑。如：孩子们个个笑开颜。
圣和,圣和,姓邵，系清乾隆时期的制壶好手，尝见一持朱泥小壶，盖内同刻「圣和」阴文楷字，底钤「大清乾隆年制」。拙着《荆溪紫砂器》收有榴山款朱泥壶，底款：榴山，盖款：圣和。此壶式度甚佳，惜出土时壶盖已碎为两瓣。全器纯以打身筒成形，壶身微皱绵密，正所谓「无皱不朱」。底款镌有「榴山」，盖款「圣和」，俱以三刀法刻就，刀工爽利，入刀处尤其精采，刀刀精严，却又笔意延绵，诚为朱泥款识中，难得一见的佳作。若依朱泥壶落款惯例研判：壶底的榴山者，应该是订烧的文人或显贵。
马应龙,马应龙,马应龙是一家经国内贸易部认定的中华老字号企业，创始于公元1582年。经过持续快速健康发展，马应龙已经成为一家涉足于药品制造、药品研发、药品批发零售、连锁医院等多个领域的专业化多功能国际化的医药类上市公司。
仙卡,仙卡,丹田被破少年，偶得超级仙卡神器！从此走上一条与众不同的修仙路！一张张仙卡在手，神仙妖怪都不怕！无限仙卡无限可能！火系卡：给我烧死这些妖兽！火球术。
张国周,张国周,张国周（1903～1984）出生于旅顺水师营（今大连市旅顺口区水师营街道）。1927年在上海东亚同文书院毕业，翌年到大连政记轮船公司任职。1934年以后，任伪满财务职员训练班讲师、营口市盐务署长、资源委员会鞍山钢铁公司职员。1948年去台湾后任台湾省政府专员、怡昌公司国外部经理。1980年由台湾回到大连定居，任中国人民政治协商会议辽宁省委员会常委。1981年11月3日，任大连市政协常务委员、驻会常委。
灸,灸,灸有两个特点：一是发热，二是穴位，是中华民族早期使用的一种治病方法，最具有安全、方便、无副作用的特点。烧，中医的一种医疗方法。用艾叶等制成艾炷或艾卷，烧灼或熏烤人身的穴位：针灸（针刺与艾灸的合称）。
王太医,王太医,《红楼梦》书中描写了那个王太医王济仁的情况。书中第四十二回《蘅芜君兰言解疑癖潇湘子雅谑补余香》中写道：贾府的老祖宗史太君两宴大观园，不慎着了凉，“叫风吹病了”，忙去传请太医院的王大夫进府诊治。当王济仁来到贾府后，贾母见到他穿着六品服色，便含笑问道；“供奉好？”并提到当年太医院正堂有个御医叫王君效的“好脉息”。王济仁听后，连忙躬身说那是自己的叔祖，贾母遂以“世交”相称。
方诣,方诣,
TSU,TSU,Tsu是美国纽约的移动社交公司。与其它社交媒体的做法不同，为鼓励用户发帖和邀请新用户，Tsu将把90%的广告收入以收入分成的形式发放给用户。
三奇,三奇,三奇是一个词语，在奇门遁甲中指“丙、乙、丁”三天干。乙乃甲之妹，甲以妹乙嫁于庚，乙与庚合而能救甲，故乙为一奇。丙为甲之子，丙火能克庚金而救甲，故丙为二奇。丁为甲之女，丁火亦能克庚金而救甲，故丁为三奇。三奇者，乃乙丙丁，然不如见卯巳午为贵。查法：天干有乙丙丁或地支有卯巳午，顺行为妙。
IRIS,IRIS,《IRIS》是韩国首部间谍电视剧，投资高达1亿人民币。该剧讲述了国家安全局要员们的工作、友情和爱情，由李秉宪、金泰熙、郑俊浩、金素妍、金承佑等眼下韩国最当红的明星出演，被称为是2009年韩国最期待的一部电视剧。 《IRIS》由韩国KBS电视台出品，导演金奎泰、杨允浩联袂执导，李秉宪、金泰熙、郑俊浩、金素妍、金承佑主演。该剧取自韩国大型谍战题材，剧中以国家安全局为舞台，讲述国家安全局要员与犯罪组织进行周旋、斗争的故事。IRIS，即国际反动个人集团（InternationalReactionIndividualSystem的简称），在剧中是一神秘组织。 
Roca,ROCA,ROCA（乐途/乐卡宝贝）是源自香港的母婴用品品牌。由深圳市美儿乐母婴用品有限公司在中国大陆区域全权独家代理和销售。ROCA产品涵盖奶瓶、奶嘴、水杯、婴儿汤匙、牙胶、奶粉格等哺喂系列用品。
爱丽思,爱丽思,爱丽思是由爱丽思欧雅玛株式会社公司申注册所有。 总部位于日本宫城县仙台市青叶区五桥2丁目12番1号。 
QUANIS,Quanis,Quanis（克奥妮斯），于2008年创立于日本国京都府，是世界著名的高端化妆品品牌。其中最著名的专利（一种微针系统及其制造方法）是由日本京都药科大学神山文男教授带领的多学科研究团队取得的重大科技成果，获得日本国最高科学技术奖赏，其中玻尿酸可溶微针在美容化妆品领域备受推崇。
星洲,新加坡,新加坡共和国（英语：RepublicofSingapore），简称新加坡，旧称新嘉坡、星洲或星岛，别称为狮城，是东南亚的一个岛国，政治体制实行议会制共和制。新加坡北隔柔佛海峡与马来西亚为邻，南隔新加坡海峡与印度尼西亚相望，毗邻马六甲海峡南口，国土除新加坡岛（占全国面积的88.5%）之外，还包括周围63个小岛。 8世纪新加坡属室利佛逝；14世纪始属于拜里米苏拉建立的马六甲苏丹王朝；18-19世纪属柔佛王国。19世纪初被英国占为殖民地；1942年2月15日，新加坡被日本侵占；1963年加入马来西亚；1965年新加坡正式独立。 新加坡是一个多元文化的移民国家，促进种族和谐是政府治国的核心政策，新加坡以稳定的政局、廉洁高效的政府而著称，是全球最国际化的国家之一。 新加坡是一个较为发达的资本主义国家，被誉为“亚洲四小龙”之一，其经济模式被称作为“国家资本主义”。根据2018年的全球金融中心指数（GFCI）排名报告，新加坡是继纽约、伦敦、香港之后的第四大国际金融中心，也是亚洲重要的服务和航运中心之一 。新加坡是东南亚国家联盟（ASEAN）成员国之一，也是世界贸易组织（WTO）、英联邦（TheCommonwealth）以及亚洲太平洋经济合作组织（APEC）成员经济体之一。  
舒德尔玛,舒德尔玛,舒德尔玛，1975年诞生于法国，2003年就通过民间的渠道进入中国市场，2014年舒德尔玛正式由九州通国际引入中国市场。
美宝,美宝,
思维,思维,思维最初是人脑借助于语言对客观事物的概括和间接的反应过程。思维以感知为基础又超越感知的界限。通常意义上的思维，涉及所有的认知或智力活动。它探索与发现事物的内部本质联系和规律性，是认识过程的高级阶段 。思维对事物的间接反映，是指它通过其他媒介作用认识客观事物，及借助于已有的知识和经验，已知的条件推测未知的事物。思维的概括性表现在它对一类事物非本质属性的摒弃和对其共同本质特征的反映 。随着研究的深入，人们发现，除了逻辑思维之外，还有形象思维、直觉思维、顿悟等等思维形式的存在。
S,s,s是中文拼音中的声母。s是拉丁字母中的第19个字母。s被广泛运用于各个领域，其代表含义均不相同。例如：在物理学中，S的意思为秒，它是计时单位；在化学中，表示硫（sulfur）的化学符号；在计算机中，是一种统计编程语言；在S.H.E中为Selina；在好莱坞电影《超人》里面则是s美国英雄Superman的标志。
NICHIBAN,nichiban,nichiban，自1918年在东京南品川成立以来，经过多次的实验，致力于商业活动，使得nichiban能够顺利增长一直到现在。
奇正,奇正,奇正是一个汉语词汇，读音为qízhèng，指既要出奇制胜，又要科学严谨，正确；古时兵法术语。出自《易经》中的阴阳变化之理及古代兵家刚柔、奇正、攻防、彼己、虚实、主客等对立关系相互转化的思想推演而成，含有朴素的军事辩证法的因素。
LET'S Diet,Let's Diet,
LION,锂离子电池,锂离子电池：是一种二次电池（充电电池），它主要依靠锂离子在正极和负极之间移动来工作。在充放电过程中，Li+在两个电极之间往返嵌入和脱嵌：充电时，Li+从正极脱嵌，经过电解质嵌入负极，负极处于富锂状态；放电时则相反。锂系电池分为锂电池和锂离子电池。手机和笔记本电脑使用的都是锂离子电池，通常人们俗称其为锂电池。电池一般采用含有锂元素的材料作为电极，是现代高性能电池的代表。而真正的锂电池由于危险性大，很少应用于日常电子产品。
杜邦,杜邦,杜邦公司是一家以科研为基础的全球性企业，提供能提高人类在食物与营养，保健，服装，家居及建筑，电子和交通等生活领域的品质的科学解决之道。杜邦公司成立于1802年，在全球70个国家经营业务，共有员工79000多人。2015年，陶氏化学和杜邦美国宣布合并新公司将成为全球仅次于巴斯夫的第二大化工企业。 
大王,大王,大王（本名沈夏），12月24日出生于四川省，毕业于四川师范大学表演系，中国内地女主持人。2009年，大王参加台湾电视谈话性娱乐节目《康熙来了》接班人比赛，获得获了全国总冠军 。2010年11月，作为“幸福代表团”成员参加江苏卫视深夜档节目《幸福晚点名》的录制 。2012年3月，搭档语熙参加江苏卫视主持人选拔节目《脱颖而出》的比赛。2013年，大王担任浙江卫视生活类综艺节目《开心大买卖》主持人。2015年，参加湖南卫视代际沟通观察类节目《妈妈的牵挂》的录制 。2016年，以柳岩闺蜜的身份参加乐视视频户外婚恋真人秀节目《女神的选择》的录制 。2017年，大王参加爱奇艺说话达人秀《奇葩说》第四季的录制 。
GLADSTONE,Gladstone,
康宝莱,康宝莱,康宝莱是一家全球领先的营养和体重管理公司，公司英文名字Herbalife（英文的意思是“草本生活”），总部设在美国洛杉矶，它已在全球90多个国家和地区设立分公司，中国总部设立在上海，产品销往世界各地。康宝莱公司成立于1980年，是纽约证券交易所上市公司，2011年零售额达54亿美元，全球雇员超过7400名，赞助了超过250位世界级的运动员、运动队和赛事。
KRYOLAN,Kryolan,近六十年来以产品的完整度稳居彩妆界领导地位，深获好莱坞巨星的青睐，屡被指定为必备彩妆造型品；质感多样化的粉底，庞大齐全的彩妆色库，更被专业model与彩妆师MOTOMI肯定。
片仔癀,片仔癀,片仔癀，中成药名。为清热剂，具有清热解毒、凉血化瘀，消肿止痛之功效。用于热毒血瘀所致急慢性病毒性肝炎，痈疽疔疮，无名肿毒，跌打损伤及各种炎症。
三友,三友,孔子曰：“益者三友，损者三友。友直(1)，友谅(2)，友多闻，益矣。友便辟(3)，友善柔(4)，友便侫(5)，损矣。”
敬修堂,敬修堂,广州敬修堂（药业）股份有限公司是广州医药集团有限公司、广州药业股份有限公司（香港H股和上海A股大型上市公司）下属的主要中成药制造企业之一。
鱼跃,鱼跃,守门员的一种难度较高的接球技术。以与球同侧的一脚用力蹬地，异侧腿屈膝提摆，使身体跃出接球。接球后落地时，双手按球，用前臂的侧面先着地，团身护球。因是腾身侧面跃出，增大了接球的范围，故能接住用其他动作难以接到的球。守门员在鱼跃扑球时，一只手在球后，一只手在球上，触球后应迅速抱入怀中。为保护自己，应蜷曲头部和腿部。如果守门员鱼跃扑球时，对手采取挑射，应伸臂拦球以形成最大的防守屏障。应伸脚挡球将减小防守面积。
505,505,505是一种由湖南省水稻研究所选育的籼型常规水稻。
仁和,仁和,江西仁和药业有限公司江西仁和药业有限公司位于江西省樟树市药都南大道158号。成立于2000年5月，是仁和药业股份有限公司所属骨干企业。公司建立了遍布全国30个省、市、自治区的营销网络。先进的市场营销和营销管理模式、大规模的广告支持、周到的售后服务、快速有力的物流保障，构成了仁和商业“争天时，取地利，倡人和”的经营特色。公司自成立以来，取得了销售收入连年翻番增长的佳绩。
摩洛哥阿甘油,摩洛哥阿甘油,阿甘油又称坚果油，它由生长于摩洛哥的阿甘树上的坚果榨取而成，摩洛哥人世世代代都在使用着。近些年来研究发现它的许多独特的化学成份，使其成为一种对付各种皮肤和头发问题的美容珍宝！从此阿甘油一直吸引着外界不断的关注，欧美国家每年都从摩洛哥进口大量的阿甘油，它已经在世界范围内被公认为”液体黄金”并成为一种可靠的纯天然护肤品。
李大夫,李大夫,李大夫同志1965年参加工作，从教40年整，先后担任物理教员、班主任、教研组长、教导处主任、副校长、党总支书记、校长等职。
蒸功夫,蒸功夫,蒸功夫，来自"中国包子之乡"——安徽安庆江镇。主要以包子、馒头等相关面食产品推广与研发。以“蒸旺”商标作为品牌核心竞争力，以新颖的包子外卖，还相继不断开发新产品，深受市场热烈欢迎。2011年9月13日，北京曝光“蒸功夫”的香精包子，3家店面自行关闭，1家无经营许可证被查封。
朔茂,旗木佐云,旗木佐云（HatakeSakumo），虚拟人物，9月3日生，《火影忍者》中角色，旗木卡卡西之父，木叶隐村的上忍，手持散发白光的查克拉短刀，人称“木叶白牙”。实力强大，连”传说中的三忍“也要敬他几分。因为放弃任务而选择去救同伴从而被村里人怪罪，以至于最后被救的同伴都反过来指责他，因受不了众人的排挤而选择自杀，这也导致卡卡西从小内心有了阴影。
新风,新风,新风是指建筑物外的空气，或在进入建筑物前未被空调通风系统循环过的空气。空调机组、新风机组和变风量空调机组的新风口直接与建筑物外部空间相连，引入新风。
中美史克,中美天津史克制药有限公司,中美天津史克制药有限公司（简称：中美史克），属于中外合资企业，成立于1987年，是全球最大的药厂之一的葛兰素史克(GSK)与国内大型药厂天津中新药业集团股份有限公司和天津太平（集团）有限公司共同投资设立的消费保健用品公司。
RELAXSAN,relaxsan,relaxsan成立于1987年，总部位于意大利，是一家经营静脉曲张袜的公司。
华伦,罗伯特·佩·华伦,罗伯特·佩·华伦(RobertPennWarren1905-)诗人、小说家、文艺批评家。出生于肯塔基，曾在范德比尔特大学、加利福尼亚大学和耶鲁大学求学，后去英国牛津大学深造。曾在范德比尔特大学、耶鲁大学等学校任教，同时从事创作，并参与《南方评论》杂志的创建和编辑工作。在范德比尔特大学求学期间，与“新批评派”建立了密切联系。他早期写的一本传记《约翰·布朗：烈士的产生》(1929)表现了他对南方问题的兴趣。1930年，与10余名学者联名发表题为《我要表明我的态度》一文，被称为“南方重农学派”的宣言。华伦最初是以诗歌成名，曾多次获得奖金。著有诗集《诗三十六首》(1935)、《同一主题的诗十一首》(1942)、《诗选，1923-1943》(1944)、《龙的兄弟》(1953)、《许诺，1954至1956年的诗歌》(1957)等，以生动的比喻和优美的描写见长，洋溢着肯塔基的乡土气息。华伦是“南方重农学派”中在小说领域取得显著成就的作家，有些评论家认为他是福克纳之后最重要的南方小说家。他的第一部小说《夜骑》(1939)写肯塔基州农民和烟草公司的斗争。华伦的最受重视的一部小说《国王的人马》(1946)曾获普利策奖，并被改编成电影。小说的主要人物威利·斯塔克是路易斯安那州的州长，后来成了作恶一方的“独裁者”。评论家认为斯塔克是真实的人物，是政客休伊·朗的化身。1950年出版小说《足够的空间与时间》。
紫荆花,红花羊蹄甲,红花羊蹄甲（学名：BauhiniablakeanaDunn）：常绿乔木，树高6-10米。叶革质，圆形或阔心形，长10-13厘米，宽略超过长，顶端二裂，状如羊蹄，裂片约为全长的1/3，裂片端圆钝。总状花序或有时分枝而呈圆锥花序状；红色或红紫色；花大如掌，10-12厘米；花瓣5，其中4瓣分列两侧，两两相对，而另一瓣则翘首于上方，形如兰花状；花香，有近似兰花的清香，故又被称为“兰花树”。花期十一月至翌年四月。花大如掌，略带芳香，五片花瓣均匀地轮生排列，红色或粉红色，十分美观。该物种是美丽的观赏树木，花大，紫红色，盛开时繁英满树，终年常绿繁茂，颇耐烟尘，特适于做行道树；树皮含单宁，可用作鞣料和染料，树根、树皮和花朵还可以入药。为广州主要的庭园树之一。世界各地广泛栽植。（概述图片参考资料来源： ）
透蜜,透蜜,透蜜源自“英国眼护大师”的花蜜护肤品牌，于2011年正式在中国地区大力推广。
王老吉,王老吉,王老吉是王老吉凉茶的品牌，创立于清道光年间（1828年），被公认为凉茶始祖，采用本草植物材料配制而成，有“凉茶王”之称。产品形式经历了水碗凉茶——凉茶包——凉茶粉——凉茶饮料等载体变化。除了红罐王老吉、绿盒王老吉外，2012年10月份成功推出500毫升和1.5升瓶装王老吉凉茶。2012年12月27日王老吉凉茶家族再添“吉祥三宝”：固体凉茶、低糖凉茶和无糖凉茶，开创了凉茶产品新形态。 2014年12月3日，王老吉诉加多宝虚假宣传纠纷案在北京市第三中级人民法院公开宣判，法院判决加多宝方面停止使用含有“加多宝凉茶连续7年荣获‘中国饮料第一罐’”等用语的广告，在指定媒体上连续七日刊登声明以消除影响，并且赔偿王老吉方面300万元。 广东省高级人民法院对王老吉加多宝“配方案”做出终审判决，驳回加多宝上诉，维持原判。2017年8月16日，王老吉加多宝"红罐之争"终审判决：双方共同享有。 2018年1月，王老吉诉加多宝侵权案败诉，3亿赔偿等诉求被驳回。 
老中医,老中医,获得“名中医”称号的专家共有69位，借助网络，特别是百度百科的宣传，详细例举了其中几位老专家。这几位专家只是众多中医名家的缩影，在上海，还有许多与他们一样德高望重的中医专家正默默耕耘于望、闻、问、切与辩证施治之妙方良药的开拓与创新，为人类健康倾其毕生心血。
欧姆龙,欧姆龙集团,欧姆龙集团从1933年5月10日创业至今，通过不断创造新的社会需求，已经发展成为全球知名的自动化控制及电子设备制造厂商，掌握着世界领先的传感与控制核心技术。
OMRON,欧姆龙集团,欧姆龙集团从1933年5月10日创业至今，通过不断创造新的社会需求，已经发展成为全球知名的自动化控制及电子设备制造厂商，掌握着世界领先的传感与控制核心技术。
万宁,万宁,万宁市位于海南岛东南部沿海，东经110.39°北纬18.8°，东濒南海，西毗琼中，南邻陵水，北与琼海接壤。万宁市城市总面积为4443.6平方公里，其中陆地面积1883.5平方公里，海域面积2550平方公里。2010年万宁市全市总人口55.56万人，其中汉族45.66万人，黎苗等18个少数民族8.9万人 ；行政辖区有12个镇、6乡、201个管理区。万宁市人民政府驻地为万城镇。万宁素有中国著名的长寿之乡、咖啡之乡、槟榔之乡、温泉之乡、书法之乡、华侨之乡、海南美食天堂、中国冲浪之都等美誉。
mannings,Mannings,万宁(mannings)是香港一间连锁超级市场。是首间香港在CEPA架构下进入中国大陆的外资零售机构，也是亚洲最大的零售集团牛奶公司在中国大陆全资拥有的健与美连锁企业。至2010年年底，亚洲区共有1235家分店，分别于香港有335家、澳门有13家、中国大陆有163家、马来西亚有387家、印尼有206家、文莱有21家、越南有15家及新加坡有135家。
舒思,舒思,舒思quetiapinefumarate【药物类别】治疗抗精神病药【药物别名】富马酸奎硫平、奎的平【分子式成分】11-{4-2-（2-羟乙氧基）乙基-1-哌嗪}二苯骈bf14硫氮杂卓·1/2富马酸盐。本品为类白色或微黄色结晶性粉末，无臭无味，在冰醋酸中溶解，在甲醇或乙醇中微溶，在丙酮或氯仿中极微溶解，在水中几乎不溶。熔点170～174℃。【制剂规格】片剂，25mg，100mg
青柚,青柚,《青柚》是恪清扬创作的网络小说，发表于晋江文学网。
健美,健美,健美，是一种强调肌肉健壮与美的活动，是对身体的雕刻，跟传统竞技运动完全不一样，起源于古希腊，最初只由男性参加，以男子的粗壮的脖子、发达的胸肌、粗壮的双腿为美。现代健美运动则由德国人尤金·山道（EugenSandow）开始。并由他以夸张的宣传手法，发扬光大。负重训练为健美运动的重要训练元素，但健美运动不以追求最大力量为目标，负重训练的目的是增加肌肉量及改善线条；另一方面，控制体内脂肪比率也是健美运动的重点。古典健美比赛裁判通常由解剖学与雕塑艺术家等组成。现代健美比赛裁判则由具健美协会组织专业认证的裁判组成。然而社会上对健美的评价相当负面，特别是中国，提起健美，大部分人的印象是现代健美，大多数人认为过度发达的肌肉反而失去了均匀的美感大多数人也对健美选手滥用禁药的情形产生反感。
敦睦堂徐氏,敦睦堂徐氏,
富林,富林,2009年6月14～20日是内蒙古自治区节能减排宣传周，本次宣传周的主题是“推动公共机构节能，降低机关运行成本”，旨在通过一系列宣传活动推进自治区节能减排工作的深入开展。
康为世纪,康为世纪,康为世纪成立于2007年，注册资金1400万，立足于生命科学领域，全力打造高品质生物试剂产品链和技术服务链，立志成为生命科学研究领域的问题解决专家。
MTG,MTG,MTG，意大利著名时尚品牌（MORAITG）的简写，“MTG”这一品牌早期主要设计和出售高档皮具和箱包，进入21世纪后，成为涉足时装、饰物、皮鞋、箱包、家居、家饰等领域的巨型时尚航母。
梦纱,梦纱,《梦纱》是百度文学旗下纵横中文网签约作家千岁兰梅创作的一部都市生活小说，小说已于2014-07-09正式发布。
虎,虎,虎（学名：Pantheratigris；英文名：Tiger）：大型猫科动物；毛色浅黄或棕黄色，满有黑色横纹；头圆、耳短，耳背面黑色，中央有一白斑甚显著；四肢健壮有力；尾粗长，具黑色环纹，尾端黑色。老虎是典型的山地林栖动物，由南方的热带雨林、常绿阔叶林，以至北方的落叶阔叶林和针阔叶混交林，都能很好的生活。在中国东北地区，也常出没于山脊、矮林灌丛和岩石较多或砾石塘等山地，以利于捕食。虎常单独活动，只有在繁殖季节雌雄才在一起生活。无固定巢穴，多在山林间游荡寻食。能游泳，不会爬树。由于林区开发、人口激增，过去偏远地区都已发展为村镇，虎亦常到林区居民点附近觅食。虎多黄昏活动，白天多潜伏休息，没有惊动则很少出来。虎的活动范围较大，在北方日寻食活动范围可达数十公里；在南方西双版纳因食物较多则活动距离较短。发情交配期一般在11月至翌年2月份，发情期间，虎的叫声特别响亮，能达2千米远。怀孕期105天左右，每产1-5仔，通常2仔，新生虎仔重约1千克，哺乳期5-6个月，雌虎和幼仔在一起生活2-3年，在此期间雌虎不发情交配，故在自然条件下雌虎要每隔2-3年才能繁殖一次。雌虎3年龄时性成熟，雄虎要更晚些。虎的寿命一般20-25年。由于人类的猎杀和野外栖息地碎片化，虎成为珍稀濒危物种，被列为《华盛顿公约》CITES附录Ⅰ级保护动物，《世界自然保护联盟》（IUCN）红色目录濒危动物。2016年调查显示，全球野生虎的数量为3890只。
TIGER BALM,万金油,万金油，又称为清凉油，用薄荷脑﹑樟脑﹑桂皮油﹑桉叶油等加石蜡制成的膏状药物，发明人是福建人胡文虎。当人们遇到蚊虫叮咬、皮肤瘙痒或者有轻度烫伤时，取万金油涂抹患处，即能活血消肿、镇痛止痒；此外，当伤风、头痛时，取万金油涂在印堂、太阳穴处，便有清凉缓解之效，亦称清凉油。现代汉语中常引申为：形容人或物用处较多，在很多地方都能起到一定作用，可做褒义词也可做贬义词。
ReFa,REFA,REFA–德国企业管理协会源自1924年9月成立的“帝国劳动时间考察委员会”，是当今世界上历史最悠久、规模最大的劳动研究和企业管理组织。REFA的目标是结合企业生产能力和员工需求为企业定制盈利的解决方案。对高效工作流程的开发是REFA的第一次重要创新成果。第二个重要成果是以测量、评估和塑造工作系统为基础的研究工作的发展。REFA努力在实践中实现理论和科学相结合的解决方案，而以科学管理为基础的REFA解决方案，可应用于各个行业、各种规模的企业工厂。
必清,必清,古装神话剧《活佛济公3》将在江苏卫视全国首播，青年演员叶祖新在剧中饰演小和尚必清，是一个颇具喜感的角色，制片方表示，叶祖新饰演的必清是最萌最可爱的小和尚，一定会十分讨观众的喜欢。
黄皮肤,黄皮肤,黄皮肤是一款中药乳膏，主要成分有土槿皮、苦参、蛇床子、地肤子等等。禁忌是禁止口服，有过敏史者慎用。对引起皮炎、湿疹、手足癣，体股癣、花斑癣、牛皮癣、龟头炎、女阴瘙痒、痔疮、疥疮、蚊虫叮咬、痤疮、水泡、白色糠疹、荨麻疹等感染的葡萄球菌、念珠菌、大肠杆菌等有较强的抑杀作用，并能预防皮肤感染。
皇太医,皇太医,成立于1972年的韩国零添加，拥有世界尖端的科研和生产技术，研制出有别于一般护肤品，并首创不含防腐剂等、化学添加剂的美容及健康食品，杜绝了一般含防腐剂的护肤品所引起的肌肤问题，稳占世界的“零添加”领导地位。
欧碧,欧碧,欧碧，拼音ōubì，是指一种浅绿色的牡丹花。
OB,OB,OB是高尔夫运动规则中“OutofBounds”的简称，其中文是“界外”，是指球场界限以外的区域或被委员会标定位界线以外的球场的任何部分。
蓝贝,蓝贝,蓝贝是一种可供人类食用的双壳纲软体动物。
佳禾,佳禾,
方晨,方晨,中华易学家方晨：主要研究方向：中华姓名学，命运成因分析学，企业经营策划学。
神叶,神叶,《神叶》是连载在纵横中文网的小说，作者是阡羽陌恒。
好及施,好及施,好及施是一种高载药量、高释放、高渗透的水凝胶贴剂。冷感型好及施（复方山金车花贴片）适用于跌打扭伤、骨折痛、肩周炎、腰背肌肉痛、冻疮等治疗，适于炎症初期的红肿热痛等的治疗；温感型好及施（复方辣椒贴片）适用于关节肌肉疼痛、腰背酸痛、肩周炎、骨折痛以及冻疮等治疗，适于慢性痛症的缓解和治疗。
李先生,李先生,北京李先生加州牛肉面大王有限公司，位于北京经济技术开发区东区经海二路9号，公司占地8亩。自1987年5月28日发展至今，公司在全国十九个省市，共开设380余家餐厅。今天，“美国加州牛肉面大王”已出现许多仿冒者，给消费者带来许多误导。为此，李先生加州牛肉面大王，从2008年5月1日起，对全国380多家连锁餐厅进行一系列改造，将“美国加州牛肉面大王”改为“李先生”，正式以“李先生”为号，让“李先生”作为中国大陆快餐行业的一面鲜艳旗帜，在神州大地上高高飘扬。
西外研所,西外研所,
石泽研究所,石泽研究所,石泽研究所是日本国民级护肤品牌。1989年成立于亚洲潮流之都——东京·表参道。
银领,银领,银领(Silver-collarworker)是既要能动脑，又要能动手，具有较高知识层次、较强创新能力、熟练掌握高技能的高级技术人才，是知识与技能都要具备的复合型、实践性人才。也有将自由职业者中的某些时尚行业成为银领的说法。
SNP,SNP,SNP主要是指在基因组水平上由单个核苷酸的变异所引起的DNA序列多态性。它是人类可遗传的变异中最常见的一种。占所有已知多态性的90%以上。SNP在人类基因组中广泛存在，平均每500~1000个碱基对中就有1个，估计其总数可达300万个甚至更多。 
仁和可立克,仁和可立克,仁和可立克（复方氨酚烷胺胶囊），适应症为用于缓解普通感冒及流行性感冒引起的发热、头痛、鼻塞、咽痛等症状，也可用于流行性感冒的预防和治疗。
娇韵诗,娇韵诗,娇韵诗是娇韵诗公司旗下一个品牌，成立于1954年，是法国美容界的著名品牌。它的崛起不同于那些由流行服饰起家的化妆品牌，也有别于一般由脸部护肤开始发展的保养品。当大多数品牌将身体保养品列为较晚发展的项目时，娇韵诗却已经以非常完整的身体保养系列为自己在市场上找到明确的定位，并奠定了品牌基础。在娇韵诗的经营理念中，产品的开发设计一直以顾客的需求为主。娇韵诗已开发出细致肌肤护理、特造曲线护理、调和曲线护理、舒爽护理、特殊身体护理、香醒露系列以及美胸护理等，总共30余种不同的保养品系列，带动美体保健新潮。娇韵诗很早便从与消费者的沟通中，了解到女性会因工作时间及家庭压力的增加而缩短护肤时间，因此不用按摩的瘦身产品将大为风行，于是，娇韵诗率先推出纤体精华露方便忙碌的女性。90年代，随着女性对身体保养的日益重视，不用按摩的塑身护理品果然走俏，成为身体保养品市场的主力。娇韵诗不计成本，努力研发新产品，同时跟随科技前进的脚步，不断改善现有的护肤产品。在娇韵诗的实验室里，每一件产品的问世都必须经过多达86项的品质管制和效果试验以及皮肤科专家的认证，以确保持久安全的效果。对于如此高品质的产品，娇韵诗始终采用中价位策略，旨在让消费者不必花太多钱就可获得肌肤的健康和美丽。在广告及促销活动中，娇韵诗不搞赠品、特价等促销形式，而是常在世界各地举办讲座，介绍产品的使用方法，进行卫生、营养咨询等。
CLARINS,娇韵诗,娇韵诗是娇韵诗公司旗下一个品牌，成立于1954年，是法国美容界的著名品牌。它的崛起不同于那些由流行服饰起家的化妆品牌，也有别于一般由脸部护肤开始发展的保养品。当大多数品牌将身体保养品列为较晚发展的项目时，娇韵诗却已经以非常完整的身体保养系列为自己在市场上找到明确的定位，并奠定了品牌基础。在娇韵诗的经营理念中，产品的开发设计一直以顾客的需求为主。娇韵诗已开发出细致肌肤护理、特造曲线护理、调和曲线护理、舒爽护理、特殊身体护理、香醒露系列以及美胸护理等，总共30余种不同的保养品系列，带动美体保健新潮。娇韵诗很早便从与消费者的沟通中，了解到女性会因工作时间及家庭压力的增加而缩短护肤时间，因此不用按摩的瘦身产品将大为风行，于是，娇韵诗率先推出纤体精华露方便忙碌的女性。90年代，随着女性对身体保养的日益重视，不用按摩的塑身护理品果然走俏，成为身体保养品市场的主力。娇韵诗不计成本，努力研发新产品，同时跟随科技前进的脚步，不断改善现有的护肤产品。在娇韵诗的实验室里，每一件产品的问世都必须经过多达86项的品质管制和效果试验以及皮肤科专家的认证，以确保持久安全的效果。对于如此高品质的产品，娇韵诗始终采用中价位策略，旨在让消费者不必花太多钱就可获得肌肤的健康和美丽。在广告及促销活动中，娇韵诗不搞赠品、特价等促销形式，而是常在世界各地举办讲座，介绍产品的使用方法，进行卫生、营养咨询等。
名古屋,名古屋市,名古屋市（英文：Nagoya，日文：なごやし），是日本中部爱知县的首府，也是日本三大都市圈（东京大都市圈，京阪神大都市圈，名古屋大都市圈）之一，名古屋大都市圈的中心城市，属于日本二战前规定的国内六大都市之一。全市总面积326.45平方公里，总人口228.4万人（2015年）。作为重要的港口城市，名古屋港也是日本的五大国际贸易港之一。中国在名古屋市设立有中华人民共和国驻名古屋总领事馆。 名古屋市位于日本爱知县的西部，也是爱知县县厅所在地和日本人口第四大的城市（仅次于东京都区部、横滨市及大阪市）。这里过去曾是尾张德川的城下町，历史上是日本战国文化的重要发祥地，日本战国三杰都出身于以名古屋市为中心的爱知县内。另外，名古屋大都市圈集合了日本大量的制造业企业和著名高校，形成了日本国内工业出货额第二位的中京工业核心地带。又因为它是日本中部地区的商业、工业、教育和交通的中心，而且位于东京和京都的中间，所以又被称作“中京” 。
铍宝,铍宝,铍宝消炎癣湿药膏最好的皮肤药，纯中药不含激素，大人小孩都可以。
早康,早康,"早康"是宁夏早康枸杞股份有限公司注册的枸杞品牌商标。早康公司成立于1999年，由宁夏中宁县早康枸杞开发有限公司股份制改制而来，公司注册资金5000万元，是国内最大的优质枸杞系列产品供应商之一 。2014年1月24日顺利在全国中小企业股份转让系统（俗称“新三板”）挂牌，成为首家登陆我国多层次资本市场的枸杞深加工企业。早康枸杞证券名称：早康枸杞，证券代码是430631 。
巴黎水,巴黎水,巴黎水即Terraké·法国天芮海洋能量保湿爽肤水。天芮的“巴黎水”具有十分强的保湿补水能量，含有精粹和活性成分，更能够激发后续保养品的吸收。
Perrier,Perrier,巴黎水是一种天然有气矿泉水。制作巴黎水的水源位于法国南部，靠近尼姆的Vergèze镇内的孚日山脉，是天然有气矿泉水与天然二氧化碳及矿物质的结合。
博朗,博朗,1921年在德国法兰克福奠下基业，德国博朗以精致的设计缔造出一个又一个经典，成为德国设计的典范。旗下10大类200多种产品涵盖男士剃须、女士脱毛、美发护发等，成为全球小家电巨头。德国博朗的产品曾经荣获60多项红点设计大奖，现代气息、简约、纯正和高品质正是博朗的风格。而德国博朗的设计理念，更被其设计大师迪特·拉姆斯总结成那赫赫有名的“十句箴言”，影响着一代又一代的设计师。2014年博朗理发器系列震撼登陆中国，带给消费者来自博朗的终极理发体验。
BRAUN,BRAUN,布劳恩1850年6月6日出生于德国的富尔达（Fulda）。他在此地接受了地方普通中学的教育。他曾在马尔堡大学、柏林大学学习过，1872年毕业，他的毕业论文是关于弹性弦的振动。后来他在维尔茨堡大学担任过昆开（Quincke）教授的助手，1874年受聘到莱比锡的圣托马斯中学任教。两年后他受聘为马尔堡大学的理论物理学编外教授，1880年又被聘请到斯特拉斯堡大学担任同样的职务。1883年布劳恩成了卡尔斯鲁厄（Karlsruhe）工业大学的物理学教授，并于1885年受聘到杜宾根大学任教。他到这里的任务之一是建立一所新的物理研究所。他没有接受莱比锡大学的邀请去继承魏德曼的职务，而是在10年后于1895年又返回斯特拉斯堡担任物理研究所主任。
拜耳,拜耳,拜耳公司是世界最为知名的世界500强企业之一。公司的总部位于德国的勒沃库森，在六大洲的200个地点建有750家生产厂；拥有120000名员工及350家分支机构，几乎遍布世界各国。高分子、医药保健、化工以及农业是公司的四大支柱产业。公司的产品种类超过10，000种，是德国最大的产业集团。该公司生产的阿司匹林，被人们称为“世纪之药”，也创造出了“魔鬼的杰作”，就是海洛因。
BAYER,拜耳,拜耳公司是世界最为知名的世界500强企业之一。公司的总部位于德国的勒沃库森，在六大洲的200个地点建有750家生产厂；拥有120000名员工及350家分支机构，几乎遍布世界各国。高分子、医药保健、化工以及农业是公司的四大支柱产业。公司的产品种类超过10，000种，是德国最大的产业集团。该公司生产的阿司匹林，被人们称为“世纪之药”，也创造出了“魔鬼的杰作”，就是海洛因。
梓豪,梓豪,
洁尔阴,洁尔阴,洁尔阴（一般是指洁尔阴洗液）是一种棕色至深棕色液体、气芳香的阴道护理产品，该产品清热燥湿，杀虫止痒。
菲尔博德,菲尔博德,菲尔博德，FEELBIRD ，是浙江笨鸟科技有限公司 旗下品牌，其产品有菲尔博德空气净化器、菲尔博德车载空气净化器、菲尔博德口罩、菲尔博德新风系统等。
半岛,半岛,半岛是指陆地一半伸入海洋或湖泊，一半同大陆或更大的岛屿相连的地貌状态，它的其余三面被水包围。从分布特点看，世界主要的半岛都在大陆的边缘地带。
和兴,和兴,和兴，即和兴机械公司，该公司专业制造金属圆锯机（切管机）、弯管机、缩管机、磨齿机、卷弯机、压弯机、铆钉机、倒角机等八大类近六十多个产品的各类管材，型材，零件的加工机械。
科诺,科诺,Kenuo科诺，K.KristoKono(1907～)阿尔巴尼亚作曲家。1907年7月17日生于地拉那。科诺的主要作品有：小歌剧《共同生活》，康塔塔《五月一日的诗》，管乐曲《阿尔巴尼亚狂想曲》、《在德列诺的枞树林中》和许多群众歌曲以及电影《新阿尔巴尼亚》的配乐等。
KERNEL,Kernel,Kernel操作系统内核操作系统内核是指大多数操作系统的核心部分。它由操作系统中用于管理存储器、文件、外设和系统资源的那些部分组成。操作系统内核通常运行进程，并提供进程间的通信。
薇诺娜,薇诺娜,薇诺娜从根本上区别于药妆，是在医生指导下使用的，“不可用于临床，而是就作用于医学临床”的快速功能性护肤产品。薇诺娜自诞生以来，基于舒敏药理概念，提供以全系列医学护肤产品为核心，以具有医务执业执照的医学美容中心为深度服务的一揽子皮肤解决方案。薇诺娜的另一大特点——在强调专业医学护肤作用的同时，更注重天然、纯净的成分属性，致力重塑东方顶级功能草本护肤概念。薇诺娜舒敏保湿特护霜（小药精）、柔润保湿霜、清痘修复精华液、EGF（表皮生长因子）喷雾等4款单品在国内各大医院皮肤科享有极高声誉和消费口碑。
WINONA,薇诺娜,薇诺娜从根本上区别于药妆，是在医生指导下使用的，“不可用于临床，而是就作用于医学临床”的快速功能性护肤产品。薇诺娜自诞生以来，基于舒敏药理概念，提供以全系列医学护肤产品为核心，以具有医务执业执照的医学美容中心为深度服务的一揽子皮肤解决方案。薇诺娜的另一大特点——在强调专业医学护肤作用的同时，更注重天然、纯净的成分属性，致力重塑东方顶级功能草本护肤概念。薇诺娜舒敏保湿特护霜（小药精）、柔润保湿霜、清痘修复精华液、EGF（表皮生长因子）喷雾等4款单品在国内各大医院皮肤科享有极高声誉和消费口碑。
先声再康,先声再康,先声再康于2011年8月喜获江苏省首家互联网药品交易许可证。未来将围绕绿色、健康的理念，为广大群众提供方便、快捷、廉价、安全的健康服务，旨在将网上健康商城打造成专业性的健康服务类交易平台。
绿荫,绿荫,绿荫，意思指是有叶树木底下的阴处，夏日绿荫遮阳、避暑的好去处。可作动词，亦可作形容词。
晨洁,晨洁,《晨洁》是如是非迎创作的网络小说，发表于晋江文学网。
SOS,sos,S.O.S是国际摩尔斯电码救难信号，并非任何单词的缩写。鉴于当时海难事件频繁发生，往往由于不能及时发出求救信号和最快组织施救，结果造成很大的人员伤亡和财产损失，国际无线电报公约组织于1908年正式将它确定为国际通用海难求救信号。这三个字母组合没有任何实际意义，只是因为它的电码“...---...”（三个圆点，三个破折号，然后再加三个圆点）在电报中是发报方最容易发出，接报方最容易辨识的电码。光线发射方法为：短光——长光——短光。
德国,德国,德意志联邦共和国（德语：BundesrepublikDeutschland），简称“德国”（两德统一前简称西德或联邦德国），是位于中欧的联邦议会共和制国家，北邻丹麦，西部与荷兰、比利时、卢森堡和法国接壤，南邻瑞士和奥地利，东部与捷克和波兰接壤，该国由16个联邦州组成，首都为柏林，领土面积357376平方公里 ，以温带气候为主，人口约8267万人，是欧洲联盟中人口最多的国家，以德意志人为主体民族。 德国人的祖先是古代居住在中欧的日耳曼人。10世纪时日耳曼人建立神圣罗马帝国，后发生分裂。1871年普鲁士王国统一除奥地利帝国以外的日耳曼各邦国建立德意志帝国。1914年和1939年，德国先后挑起两次世界大战并战败。1945年分裂为东西两部分。1990年10月3日，德意志民主共和国（简称东德或民主德国）正式加入联邦德国，实现两德统一。目前，德国是欧洲第一大经济体，也是欧盟的创始会员国之一、还是北约、申根公约、八国集团、联合国等国际组织的重要成员国。 德国是一个高度发达的资本主义国家。欧洲四大经济体之一，其社会保障制度完善，国民具有极高的生活水平。以汽车和精密机床为代表的高端制造业，也是德国的重要象征。 2017年2月12日，弗兰克·瓦尔特·施泰因迈尔当选新任德国总统，2017年3月22日正式宣誓就任。 
贝优清,贝优清,贝优清 ，商标申请注册号：29418201，注册号类5，申请人是北京普瑞康成科技有限公司 
年轻态,年轻态,年轻态即年轻的姿态。我们经常会看到，一些老人虽然年纪大了，却依旧活力四射，笑容满面，精神奕奕。 美国科学家最新研究表明，老年人群中存在着“老年超人”，他们是越老越聪明，80岁的年龄却拥有50岁的智力等级。 
刘三黑,刘三黑,刘三黑 ：男，1967年5月生，汉族，中共党员，江西省南昌市人，现任河南省华健实业有限公司总经理
凌远,凌远,中央音乐学院凌远教授，著名钢琴演奏家、教育家。曾任中央音乐学院附中钢琴学科主任，全国考级专家委员会副主任。“全国教育系统劳动模范”“北京市优秀教师”称号获得者，被收入《英国剑桥国际音乐家名人录》，《中国人物年鉴》、《中国当代教育家大辞典》、《中国教场名人词典》、《中国名人传略》等。
GLM,GLM,国际物流师资格认证GlobalLogisticsManagement项目简称GLM，由中国国际人才交流基金会（CITEF）与美国运输与物流协会（AST&L）合作，推动中国物流人才发展，加快物流人才国际化进程。
美林康博,美林康博,
LACUES,LACUES,LACUES 是露可莳有限公司旗下护肤品牌，品牌注册号16733770。 
中脉,中脉,中脉（zhōngmài），叶片中央的一条主脉，一般由叶基引伸直达叶尖。也称“中肋”。人体中脉是指会阴穴指向百会穴的两个穴位的两点直线即为人体中脉，方向是会阴穴指向百会穴。
JM,JM,旨在培养高层次法律实践型专门人才。自1996年试办至今，中国已有78所高等院校开展JM教育。“法律硕士专业学位”是中国专业学位的一种，是在借鉴美国、欧洲等国家培养高层次应用型法律专门人才的基础上，结合中国的国情和教育实际而建立起来的。
晓青,晓青,晓青，达斡尔族1959年生于内蒙古海拉尔市1976年在呼伦贝尔草原下乡1980年毕业于内蒙古扎兰屯市师范学校美术专业1986年毕业于中央美术学院，艺术学士1995年毕业于中央民族大学，艺术硕士（导师：刘秉江教授、罗贻教授）1999年定居加拿大。现为北京中关村学院美术系副教授、系主任。
金动力,金动力,金动力管理软件是北京凌飞科技有限责任公司旗下自主研发的软件产品，拥有自己的知识产权。公司具备二次开发能力，能够为用户提供从软件开发到项目实施、从管理咨询、技术培训到售后服务在内的一系列完善服务。金动力管理软件融合了最先进的管理理念和开发技术，是当前市场绝对领先的新一代企业管理软件。
泰方,泰方,泰方（奥硝唑分散片），适应症为本品适用于敏感原生动物和厌氧菌引起的感染。1.用于毛滴虫引起的男女泌尿生殖道感染。2.用于阿米巴原虫引起的肠、肝阿米巴虫病（包括阿米巴痢疾、阿米巴肝脓肿）。3.用于贾第鞭毛虫病。4.用于厌氧菌感染：如败血症、脑膜炎、腹膜炎、手术后伤口感染、产后脓毒病、脓毒性流产、子宫内膜炎以及敏感菌引起的其他感染。5.用于预防各种手术后厌氧菌感染。
小蜜蜂,小蜜蜂,小蜜蜂（全称：小蜜蜂拓客、小蜜蜂拓客派单），是房地产行业营销手段中的一种硬广告式推广手段之一，其营销手段具有：准确性高，性价比高，成交率高的三大特性，故有：开盘一月全报广，卖房全靠小蜜蜂的业内说法。
Burt's Bees,Burt's Bees,美国缅因州起家的Burt'sBees以一个“大胡子老爷爷”养蜂人肖像及一只小蜜蜂为标记，几乎所有产品都与蜜蜂有关，质地软滑甜润，宣传却毫不甜言蜜语。价格亲民，是个绿色环保、老少皆宜的护肤品牌。
hulu,HULU,hulu是美国的一个视频网站。该网站由美国国家广播环球公司（NBCUniversal）和福克斯在2007年3月共同注册成立。该网站在洛杉矶、纽约、北京均设有办事处。并于2007年十月获得了私人股权投资公司普罗维登斯股本合伙人一亿美元的风险投资基金。2011年7月19日微软放弃竞购Hulu，雅虎以20亿美元胜出。
绿房子,绿房子,《绿房子》是秘鲁作家马里奥·巴尔加斯·略萨的作品。《绿房子》该部以丛林为背景的长篇小说通过一家妓院的兴衰叙述了秘鲁北部的社会生活。 《绿房子》这部小说，涉及了秘鲁整个北部地区社会生活的各个方面，它场面宏大，人物众多，既有上流社会醉生梦死的豪华奢侈，又有底层民众水深火热的挣扎呻吟，为读者展示了一幅广阔的社会生活画卷。
冰虫,冰虫,冰虫是分布在寒冷冰川中的一种环节动物。终年生活在冰雪中，其生存机理仍然不十分明确。因为冰虫的奇特生态环境，对于研究寒冷状态下的生命活动有重要意义。冰虫研究正获得越来越多的关注。本位将主要介绍冰虫的生活环境、生活习性、形态分类、生理生化特点等方面。由于冰虫本身仍然有不少谜团，仍需广大学者广泛研究。
维蕾德,维蕾德,总部在德国南部的WELEDA是人智学创始人，医学博士RudolfSteiner(1861-1925澳大利亚人)。在瑞士1921年所创办的品牌，是一个在世界上超过40个国家，致力于人类健康的获得和巩固强化为宗旨的的企业。从一开始，它就将人与自然和谐统一作为企业最核心的精神，维蕾德Weleda的发展、生产和运做在于医药品，营养补给品和身体保养品方面。多年来，WELEDA和大学以及国家级研究机构长期紧密合作，拥有自己的实验室和欧洲最大的保养品用花草种植园，充分保证了货源的纯净和充足，并于2004入选为德国最佳企业之一。
美林,美林,美林™由上海强生制药有限公司生产，主要产品有布洛芬混悬液和布洛芬混悬滴剂。布洛芬混悬液（100ml/30ml）：适用于1-12岁儿童，用于儿童普通感冒或流行感冒引起的发热。也用于缓解儿童轻至中度疼痛，如头痛、关节痛、偏头痛、牙痛、肌肉痛、神经痛。布洛芬混悬滴剂（15ml）：专为婴幼儿设计，用于婴幼儿的退热，缓解由于感冒、流感等引起的轻度头痛、咽痛及牙痛等。
自由呼吸,自由呼吸,自由呼吸品牌遵循一贯“医学+顶尖科技”的护肤理念，专注研发具有治疗级效果的顶级护肤圣品。2010年，FREEDAYskin携手蜚声国际的BERNARD贝尔纳护肤研究所，将其专业定制医学护肤理念与享誉国际的生化博士——Micheal.Paster(米歇尔.巴斯德)生物细胞前沿研究大胆结合，开创史无前列的跨界合作。旨在破译DNA年轻密码，极速干预，研制媲美微型整容速效疗程的顶级护肤圣品。——由此中国第一个医美专业定制医学护肤品牌真正诞生。
百合,百合,百合，学名（Liliumbrowniivar.viridulumBaker）又名强蜀、番韭、山丹、倒仙、重迈、中庭、摩罗、重箱、中逢花、百合蒜、大师傅蒜、蒜脑薯、夜合花等，是百合科百合属（学名：Lilium）多年生草本球根植物，原产于中国，主要分布在亚洲东部、欧洲、北美洲等北半球温带地区，全球已发现有至少120个品种，其中55种产于中国。近年更有不少经过人工杂交而产生的新品种，如亚洲百合、香水百合、火百合等。鳞茎含丰富淀粉，可食，亦作药用。
ELE,ELE,E.L.E.，electronic电子商务电子商务是指在互联网（Internet）、企业内部网（Intranet）和增值网（VAN，ValueAddedNetwork）上以电子交易的方式进行交易活动和相关服务的活动，是传统商业活动各环节的电子化、网络化。E.L.E.，即extinctionlevelevent缩写，译为灭世级、浩劫毁灭级级别事件，曾出现于影片《天地大冲撞》，"美国总统"提出，暗示彗星撞地球，即将发生灭绝事件。
凤,凤,〈名〉(1)形声。从鸟凡声。本义:凤凰。中国古代传说中的百鸟之王。常用来象征祥瑞。雄的叫凤雌的叫凰。(2)同本义凤神鸟也。朋古文凤。——《说文》
三金,三金,在合同的违约责任问题上，有个著名的“三金”制度（损害赔偿金、违约金、定金）。民事责任以补偿性为首要目的，故合同法的损害赔偿金也是以补偿性为主，而以惩罚性为例外。
海昌,海昌,海昌是第一个将软性隐形眼镜带入中国市场的专业隐形眼镜生产公司，海昌公司经过七年来的努力奋斗，厂区面积已发展到10000多平米。
花藤,花藤,花藤是QQ空间的一项新功能。爱心值、阳光值、雨露值、营养值这四个属性决定花藤的成长。
昆中药,昆中药,昆中药肇启于明太祖洪武十四年（1381年），正式开工于清道光六年（1826年），至今已有600多年的历史！昆中药是我国五大中药老号之一，公司全称“昆明中药厂有限公司”，是“中华老字号”企业，国家级非物质文化遗产保护单位，高新技术企业，博士后科研工作站，云南省企业技术中心，云南十大历史品牌企业。
HuXi,Huxi,《Huxi》是MercanDede演唱的一首流行歌曲，所属专辑《Breath》。
何浩明,何浩明,何浩明，男，汉族，1948年1月生，贵州贵阳人（籍贯浙江宁波），中专学历，1968年12月参加工作，1986年2月加入中国共产党。曾任贵州省瓮福（集团）有限责任公司董事长、党委书记。 2015年10月23日，涉嫌受贿犯罪，立案侦查，并采取强制措施。
GIT,GIT,Git(读音为/gɪt/。)是一个开源的分布式版本控制系统，可以有效、高速的处理从很小到非常大的项目版本管理。 Git是LinusTorvalds为了帮助管理Linux内核开发而开发的一个开放源码的版本控制软件。Torvalds开始着手开发Git是为了作为一种过渡方案来替代BitKeeper，后者之前一直是Linux内核开发人员在全球使用的主要源代码工具。开放源码社区中的有些人觉得BitKeeper的许可证并不适合开放源码社区的工作，因此Torvalds决定着手研究许可证更为灵活的版本控制系统。尽管最初Git的开发是为了辅助Linux内核开发的过程，但是我们已经发现在很多其他自由软件项目中也使用了Git。例如很多Freedesktop的项目迁移到了Git上。 
小狮,小狮,小狮，1980年7月30日出生于湖南，曾任青春杂志《花火》主编。花火工作室创始人之一、青春文学金牌策划人。他美术专业毕业却成为文字编辑。参与策划了《花火》等十余个畅销期刊品牌，发掘和打造了以独木舟、夏七夕、乐小米为首的多位知名作家。同时创作出版了《锦夜》等多个畅销作品，其人却一直谦逊低调隐居幕后。仅以温暖、阳光，偶尔幽默鬼马的形象，活跃在青春杂志界。
诗洁,诗洁,诗洁是浙江诗洁生物制药有限公司旗下注册品牌。
双踣,双踣,双踣，本名李大君，笔名双踣，是山东著名的中医研究者，生于1947年，山东人，儒家思想的创立人孔子、孟子，以及墨家思想的创始人墨子、和文化的创始人柳下惠、军事家吴起等，均出生于山东。在2014年创建了自己的布贴品牌，双踣红珠贴。双踣主要服务于腰椎、颈椎、关节炎等筋骨损伤的朋友。2015年以来，双踣全面的向社会人士公开服务于民间百姓商界人士壮于筋骨。李大君通过中医医术结合自家的古方研制的双踣布贴，帮助了来自聊城市、济南市、北京市、菏泽市等其他省市的朋友。半截塔村、冉固镇等街坊邻居使用后再去做磁共振，显示正常，是当地人民群众看得见的亲身体会的实实在在的真实效果。目前看过的腰椎、颈椎朋友近千人，是当地公认的中医骨科神奇古方。
sos,sos,S.O.S是国际摩尔斯电码救难信号，并非任何单词的缩写。鉴于当时海难事件频繁发生，往往由于不能及时发出求救信号和最快组织施救，结果造成很大的人员伤亡和财产损失，国际无线电报公约组织于1908年正式将它确定为国际通用海难求救信号。这三个字母组合没有任何实际意义，只是因为它的电码“...---...”（三个圆点，三个破折号，然后再加三个圆点）在电报中是发报方最容易发出，接报方最容易辨识的电码。光线发射方法为：短光——长光——短光。
本草纲目,本草纲目,《本草纲目》，本草著作，52卷。明代李时珍(东璧)撰于嘉靖三十一年(1552年)至万历六年(1578年)，稿凡三易。此书采用“目随纲举”编写体例，故以“纲目”名书。以《证类本草》为蓝本加以变革。序例(卷1、2)相当于总论，述本草要籍与药性理论。卷1“历代诸家本草”，介绍明以前主要本草41种。次辑录明代以前有关药物气味阴阳、五味宜忌、标本阴阳、升降浮沉、补泻、引经报使、各种用药禁忌等论述，其中又以金元诸家之论居多。卷3～4为“百病主治药”，沿用《证类本草》“诸病通用药”旧例，以病原为纲罗列主治药名及主要功效，相当于一部临证用药手册。卷5～52为各论，收药1892种，附图1109种。其总例为“不分三品，惟逐各部；物以类从，目随纲举。”其中以部为“纲”，以类为“目”，计分16部(水、火、土、金石、草、谷、菜、果、木、服器、虫、鳞、介、禽、兽、人)60类。各部按“从微至巨”、“从贱至贵”，既便检索，又体现出生物进化发展思想。部之下为60类，各类中常将许多同科属生物排列在一起。各药“标名为纲，列事为目”，即一药名下列8个项目(即“事”)。其中“释名”列举别名，解释命名意义；“集解”，介绍药物出产、形态、采收等；“辨疑”(或“正误”)，类集诸家之说，辨析纠正药物疑误；“修治”，述炮炙方法；“气味”、“主治”、“发明”，阐述药性理论，提示用药要点，其下每多作者个人见解；“附方”，以病为题，附列相关方剂。
SR,锶,锶是一种银白色带黄色光泽的碱土金属。是碱土金属（除铍外）中丰度最小的元素。在自然界以化合态存在。可由电解熔融的氯化锶而制得。锶元素广泛存在在土壤、海水中，是一种人体必需的微量元素，具有防止动脉硬化，防止血栓形成的功能。用于制造合金、光电管，以及分析化学试剂、烟火等。质量数90的锶是一种放射性同位素，可作β射线放射源，其核电荷数为38，五层电子层，最外层电子数位为2，易失电子
白头偕老,白头偕老, 白头偕老是一个汉语词语，意思是夫妻共同生活到老。释义白头：头发白；偕：共同。夫妻共同生活到老。白头偕老，又可说成“白首偕老”。出处明·陆采《怀香记·奉诏班师》：“孩儿，我与你母亲白头偕老，宝贵双全。” 白头偕老也是一副中国族传统吉祥图案，寓意婚姻美满。
QS,qs,根据国家质量监督检验检疫总局《关于使用企业食品生产许可证标志有关事项的公告》（总局2010年第34号公告），企业食品生产许可证标志以“企业食品生产许可”的拼音“QiyeshipinShengchanxuke”的缩写“QS”表示，并标注“生产许可”中文字样，与原有的英文缩写QS（qualitysafety质量安全），表达意思有所不同。与qualitystandard（“质量标准”）的含义也不同。根据新《食品生产许可管理办法》规定，2018年10月1日及以后生产的食品一律不得继续使用原包装和标签以及“QS”标志，取而代之的是有“SC”标志的编码。 
黄金塔,黄金塔,黄金塔位于芜湖市无为县城北郊西河之畔，宋咸平元年（公元998年）僧登公开建，2013年5月，被批为第七批全国重点保护文物。
乌梢蛇,乌梢蛇,乌梢蛇是蛇目、游蛇科、乌梢蛇属中体形较大的一种蛇，俗称乌蛇，乌风蛇。乌梢蛇分布范围很广，是中国较为常见的一种无毒蛇，长势快适应性强、抗病力高、市场畅销、很适宜人工养殖。乌梢蛇主要生活在丘陵地带，狭食性蛇类，以蛙类（主食）、蜥蜴、鱼类、鼠类等为食。由于栖息地破坏及人类大量捕杀，目前野外生存数量大减，急需保护。
尧舜,尧舜,尧舜是古史传说中的两位圣明君主，远古部落联盟的首领，出自《易·系辞下》：“黄帝尧舜，垂衣裳而天下治，盖取诸乾坤。”韩康伯注：“垂衣裳以辨贵贱，乾尊坤卑之义也。”
Zoli,Zoli,Zoli，演员，主要作品有2009年上映的《女孩自毁之生活指南》。
嘉娜宝,佳丽宝,佳丽宝(Kanebo)是来自日本东京的著名化妆品品牌。佳丽宝(Kanebo)品牌创立至今已有百余年之久，涉足化妆品也有60多年，在世界化妆品行业内始终处于重要地位，享有盛誉。
KANEBO,佳丽宝,佳丽宝(Kanebo)是来自日本东京的著名化妆品品牌。佳丽宝(Kanebo)品牌创立至今已有百余年之久，涉足化妆品也有60多年，在世界化妆品行业内始终处于重要地位，享有盛誉。
DNC,DNC,DNC(DistributedNumericalControl)称为分布式数控，是网络化数控机床常用的制造术语。其本质是计算机与具有数控装置的机床群使用计算机网络技术组成的分布在车间中的数控系统。该系统对用户来说就像一个统一的整体，系统对多种通用的物理和逻辑资源整合，可以动态的分配数控加工任务给任一加工设备。是提高设备利用率，降低生产成本的有力手段，是未来制造业的发展趋势。
喜宝,喜宝,《喜宝》是2002年南海出版公司出版的小说，作者是亦舒。该小说讲述了剑桥圣三一学院的法学高材生姜喜宝，本是炙手可热的俏佳人，尚有高贵文凭压身，却反其道之，决定做富商的情妇的故事。
HiPP,HiPP,喜宝奶粉来自德国，是德国婴幼儿食品第一品牌，全球最大的有机食品生产商，几乎每个德国小朋友都是吃着喜宝的产品长大的。英文名称是HIPP，经欧盟认证，100%纯天然及有机的保证，单纯保留食材最原始的味道，口感自然味道极佳，让宝宝摄取最天然的营养而不会造成肠胃道的负担，绝无任何人工添加香料、色素及化学成份的营养素，100%纯天然、营养的食物就像您给宝宝满满的爱与呵护。
Dermatix,Dermatix,Dermatix是一款专利配方，采用透明、无味的凝胶形式，内含具有生物惰性和生物适合性的硅树脂化合物，即聚硅氧烷、二氧化硅和非挥发性硅树脂成分。
POLA,POLA,Pola是即拍即现，一次成像相机。1947年，美国人发明了一次成像胶片，并由宝丽来公司生产出一次成像的拍立得相机。这一发明，使得旅游者的摄影变得非常方便，而不用受当时还非常不普及的冲洗服务的影响。这种照相机用特种胶片，拍摄后立即自动冲洗。在拍摄后从相机中拉出或自动弹出的已经是冲洗好的照片。拍摄者即拍即现可以看到刚拍摄的效果。
资生堂,资生堂,资生堂（Shiseido），是日本著名的化妆品品牌。取名源自中文《易经》中的“至哉坤元，万物资生”，资生堂的涵义为孕育新生命，创造新价值。“至哉坤元，万物资生”意为“赞美大地的美德，她哺育了新的生命，创造了新的价值。”这一名称正是资生堂公司形象的反映，是将东方的美学及意识与西方的技术及商业实践相结合，将先进技术与传统理念相结合，用西方文化诠释含蓄的东方文化。资生堂是株式会社资生堂（ShiseidoCompanyLimited）旗下品牌，总部在东京都中央区银座7丁目5番5号(104-0061)，于1872年创立，注册资金645亿日元。总经理兼董事长末川久幸，销售额6442亿日元（截止2010年3月），集团员工人数约29000名（截止至2010年3月）。
荣海,荣海,荣海，西安海星科技实业（集团）有限公司总裁，复旦大学计算机系硕士研究生。海星集团涉足IT系统、果汁、房地产、零售等行业的大型企业，总资产达26亿元，共有2000名员工。其中海星集团控股的“海星科技”于1999年6月在上海证券交易所挂牌上市。
松下,松下,松下（Panasonic），是日本的一个跨国性公司，在全世界设有230多家公司，员工总数超过290493人。其中在中国有54，000多人。2001年全年的销售总额为610多亿美元，为世界制造业500强的第26名。Panasonic的中文为“松下”（早期叫National，1986年开始逐步更改为Panasonic，2008年10月1日起全部统一为Panasonic）由日本松下电器产业株式会社自1918年松下幸之助创业，发展品牌产品涉及家电、数码视听电子、办公产品、航空等诸多领域而享誉全球；该企业品牌跃入《世界品牌500强》排行榜。松下于2012年10月31日宣布2012财年(2012年4月～2013年3月）的合并最终损益（按照美国会计标准）预期从盈利500亿日元下调为亏损7650亿日元。
Panasonic,松下,松下（Panasonic），是日本的一个跨国性公司，在全世界设有230多家公司，员工总数超过290493人。其中在中国有54，000多人。2001年全年的销售总额为610多亿美元，为世界制造业500强的第26名。Panasonic的中文为“松下”（早期叫National，1986年开始逐步更改为Panasonic，2008年10月1日起全部统一为Panasonic）由日本松下电器产业株式会社自1918年松下幸之助创业，发展品牌产品涉及家电、数码视听电子、办公产品、航空等诸多领域而享誉全球；该企业品牌跃入《世界品牌500强》排行榜。松下于2012年10月31日宣布2012财年(2012年4月～2013年3月）的合并最终损益（按照美国会计标准）预期从盈利500亿日元下调为亏损7650亿日元。
英和,索绰络·英和,索绰络·英和（1771年－1840年），初名石桐，字树琴，一字定圃，号煦斋，索绰络氏，满洲正白旗人。清朝大臣、书法家。礼部尚书德保之子。英和少有俊才，权臣和珅欲召之为婿，德保不准。乾隆五十八年（1793年）癸丑科二甲进士，选庶吉士，散馆后授编修。官至军机大臣，户部尚书，协办大学士，加太子太保衔。道光七年（1827年）因“家人私议增租”被降职，外放热河都统。次年，授宁夏将军，以病为由请求解职，获得批准。不久，因之前监修之宣宗陵寝地宫浸水，被重责，本拟处死，幸有太后说情，改发配黑龙江充当苦差，子孙也一并革职。道光十一年（1831年）被释回，子孙复官。道光二十年（1840年）卒，赠三品卿衔。英和工诗文，善书法，著有《恩福堂诗集笔记》、《恩庆堂集》、《卜魁集纪略》等。
LFS,lfs,LFS──LinuxfromScratch，就是一种从网上直接下载源码，从头编译LINUX的安装方式。它不是发行版，只是一个菜谱，告诉你到哪里去买菜（下载源码），怎么把这些生东西(rawcode)作成符合自己口味的菜肴──个性化的linux，不单单是个性的桌面。
妈妈壹选,妈妈壹选,妈妈壹选清洁洗涤品牌，品牌授权威莱(广州)日用品有限公司洗衣凝珠、餐具净、天然皂液等清洁产品上使用。
dermatix,Dermatix,Dermatix是一款专利配方，采用透明、无味的凝胶形式，内含具有生物惰性和生物适合性的硅树脂化合物，即聚硅氧烷、二氧化硅和非挥发性硅树脂成分。
TYVEK,tyvek,Tyvek(特卫强)是杜邦公司优秀的无纺布 产品，这种纺粘型烯烃(SpunbondedOlefin)用高密度聚乙烯纤维制成，它拥有均衡的物理特性，厚度薄、重量轻、不易变形、柔软平滑、坚韧、抗撕裂、不透明、防潮湿、抗水渍、表面摩擦力小、弹性大，结合了纸、布及薄膜所具之的特点。因此，其应用上比传统的布料更灵活，是一种用途极为广泛的材料。
永治,永治,永治（1141年七月十日至1142年四月二十八日）是日本的年号之一。
阿华,阿华,原名蒋佩华，艺名阿华，江苏常州人，曾做过主持人，后因热爱音乐开始练歌，并学习创作。他的自创单曲《如果那夜你回头》一经推出就广受歌迷喜爱，于2008年转签新东家引尚文化后的首张全新大碟《我最爱的人》，其个人创作才华锋芒毕露并用勤奋感动着身边的每一个人。阿华主打歌曲《双人床一个人睡》曾入选电视剧《佳人当道》插曲。2010年，阿华推出最新力作两首歌曲《你爱着谁》和《我要你爱我》。2011年，由阿华主演的网络情感短剧《假情真爱（真情2010）》隆重上演，一经推出立即掀起了网络的一阵热潮，众大视频网站、论坛等点击以及转载量高，人气火爆。2012年，阿华参演电影《三峡人家》饰演--白鱼，《我的乡亲，我的兄弟》饰演—福奎，进军影坛。2013年，阿华推出第三张个人专辑《三峡的记忆》。
SQL,结构化查询语言,结构化查询语言(StructuredQueryLanguage)简称SQL(发音：/ˈeskjuːˈel/"S-Q-L")，是一种特殊目的的编程语言，是一种数据库查询和程序设计语言，用于存取数据以及查询、更新和管理关系数据库系统；同时也是数据库脚本文件的扩展名。结构化查询语言是高级的非过程化编程语言，允许用户在高层数据结构上工作。它不要求用户指定对数据的存放方法，也不需要用户了解具体的数据存放方式，所以具有完全不同底层结构的不同数据库系统可以使用相同的结构化查询语言作为数据输入与管理的接口。结构化查询语言语句可以嵌套，这使它具有极大的灵活性和强大的功能。1986年10月，美国国家标准协会对SQL进行规范后，以此作为关系式数据库管理系统的标准语言（ANSIX3.135-1986），1987年得到国际标准组织的支持下成为国际标准。不过各种通行的数据库系统在其实践过程中都对SQL规范作了某些编改和扩充。所以，实际上不同数据库系统之间的SQL不能完全相互通用。
康美,康美,康美，1959年9月26日出生，汉族，现居住于北京。当代著名油画家、学院派画家，山西朔州美协主席，北京油画学会会员。
BS,B/S结构,B/S结构（Browser/Server，浏览器/服务器模式），是WEB兴起后的一种网络结构模式，WEB浏览器是客户端最主要的应用软件。这种模式统一了客户端，将系统功能实现的核心部分集中到服务器上，简化了系统的开发、维护和使用。客户机上只要安装一个浏览器（Browser英），如NetscapeNavigator或InternetExplorer，服务器安装SQLServer、Oracle、MYSQL等数据库。浏览器通过WebServer同数据库进行数据交互。
MELISSA,メリッサ,2003年版钢之炼金术师TV版OP1。为第1集至第13集OP。
野口,野口,野口是小丸子里面智商最高的人物。非常聪明但是深藏不露。原画作者对她很偏爱，经常给与野口重头戏。主题曲和片尾曲中也经常都会出现她的影子。虽然野口很少讲话，经常用极简单的“嗯和好”回答别人的问话，引起各种冷场和尴尬。但是如果说话的话，每次都会给别人留下深刻的印象哦。在班里面野口不仅是一个安静的同学，也是一个大家都不敢去欺负和忽略的人物。野口的好朋友是小丸子。如果是小丸子参加的聚会，野口也往往就会喜欢参加。在班里野口不像是一个小孩子，因为她拥有成年人的观察力和洞悉力。胆子也特别大，喜欢一些玄异和灵异的东西。喜欢研究古今中外的笑话。知识面也比较宽广。而且还有笑话相声的表演天赋。她虽然很聪明却是大智若愚的样子，不会特意去显露自己。笑起来总是“可可可”的声音，很有特色。野口的爸爸妈妈经常在工作或者去旅行。感觉对野口的关心不够。哥哥是叛逆且长相丑陋的。有个互相欣赏的同样很丑的女朋友柿绘。他对野口也是漠不关心的，就算大雨天也会让野口出去帮他跟他女朋友买点心。还好野口有个很亲爱的爷爷给与她笑容和默契。野口的个性很独立，并不像其他小朋友一样经常会需要有个同伴在一起玩。野口喜欢沉浸在自己丰富多彩的精神世界，不过同学们如果有什么有趣的活动，野口也是很积极地去参加的。野口虽然看起来是阴森森的，她出现的时候经常是阴风阵阵，如果班上出现很好笑的事情，野口就会突然飘过去可可可地笑。 
新视界,新视界,新视界网站于2011年8月6号上线，是新视界推出的预防假性近视、儿童近视，和治疗高度近视、遗传近视的网站。是集预防近视和治疗近视于一体的在线交流平台。
霸王龙,霸王龙,霸王龙即雷克斯暴龙（TyrannosaurusRex），生存于白垩纪末期的马斯特里赫特阶(MAA)距今约6850万年到6500万年的白垩纪最末期，是白垩纪-第三纪灭绝事件前最后的非鸟类的恐龙种类之一。化石分布于北美洲的美国与加拿大，是最晚灭绝的恐龙之一。霸王龙属暴龙科中体型最大的一种。体长约11.5-14.7米。平均臀部高度约4米。最高臀高可达到5.2米左右，头高最高近6米。平均体重约9吨，(生态平均约7.6吨)，最重14.85吨，头部长度最大约1.55米。咬合力一般9万牛顿—12万牛顿，嘴巴末端最大可达20万牛顿左右，同时也是体型最为粗壮的食肉恐龙。霸王龙的属名在古希腊文中意为「残暴的蜥蜴王」，种名在拉丁文中意为国王。有些科学家认为亚洲的勇士特暴龙（Tarbosaurusbataar）是暴龙超科的第一个有效种，而其他科学家则认为特暴龙是独立的属。除此之外还有许多暴龙科的种已被提出，但它们多被认为是暴龙的异名，或被分类于其他属。
msd,MSD,MSD是MeanSquareDisplacement缩写，指的是均方位移。其定义为液体和气体分子不会待在一个固定位置，而是不停移动的。MSD均方根位移的量与原子的扩散系数存在对应关系。。。
周文王,姬昌,姬昌（前1152年―前1056年），姬姓，名昌，周太王之孙，季历之子，周朝奠基者，岐周（今陕西岐山）人。其父死后，继承西伯侯之位，故称西伯昌。西伯昌四十二年，姬昌称王，史称周文王。在位50年，是中国历史上的一代明君。 周文王在位期间，“克明德慎罚”，勤于政事，重视发展农业生产，礼贤下士，广罗人才，拜姜尚为军师，问以军国大计，使“天下三分，其二归周”；收附虞、芮两国，攻灭黎（今山西长治）、邘（今河南沁阳）等国；建都丰京（今陕西西安），为武王灭商奠基；旧传《周易》为其所演。除此之外，创周礼，被后世儒家所推崇。孔子更是称文王为“三代之英”。 周文王五十年（前1056年），文王崩，葬于毕原。西周王陵（周公庙遗址）位于陕西宝鸡岐山县凤凰山南麓。 前1046年，姬昌嫡次子周武王姬发灭商建周 ，追尊姬昌为文王。690年，武则天称制时自称武家为姬昌后代，追尊周文王为始祖文皇帝。 
KARCHER,karcher,Top-classperformanceincleanlinessandmaintenanceofvalueAlfredK&auml;rcher–innovatorandentrepreneurAlfredK&auml;rcherwasoneoftheinventorsandentrepreneurswhocontributedgreatlytotheprogressofWürttembergsincethebeginningofindustrialisationalongwithotherfiguressuchasRobertBoschGottliebDaimlerandCountZeppelin.Heshowedgreatdedicationandcommitmentinimplementinghisideas.
Fitx,Fitx,Fitx，全名是FunInputToyforLinux，Fitx的姐妹版FunInputToy
施贵宝,施贵宝,百时美施贵宝公司是一家以科研为基础的全球性的从事医药保健及个人护理产品的多元化企业，其主要业务涵盖医药产品、日用消费品、营养品及医疗器械。
Nordic Naturals,挪帝克,挪帝克是一个鱼油品牌，世界上最大的鱼油生厂商之一。
欧业,欧业,欧业，任广东省阳江市农林局调研员、广东省阳江市农林局工会主席。
冰王,冰王,冰王是郭敬明成名玄幻小说《幻城》中冰族至高无上的权威统治者，在2016电视剧版《幻城》中由邵兵饰演。
久火,久火,《久火》是重音太阳创作的网络小说，发表于晋江文学网。
浙南,浙南,浙南，指浙江南部的温州、台州、丽水三地级市，临海、龙泉、瑞安、温岭、乐清五县级市和苍南、洞头、缙云、景宁、平阳、青田、庆元、三门、遂昌、松阳、泰顺、天台、文成、仙居、永嘉、玉环、云和、宁海、象山十九县。该区域中心城市为温州。
ZN,锌,锌是一种化学元素，它的化学符号是Zn，它的原子序数是30，在化学元素周期表中位于第4周期、第IIB族。是一种浅灰色的过渡金属。锌（Zinc）是第四"常见"的金属，仅次于铁、铝及铜，不过地壳含量最丰富的元素前几名分别是氧、硅、铝、铁、钙、钠、钾、镁。外观呈现银白色，在现代工业中对于电池制造上有不可磨灭的地位，为一相当重要的金属。另外，锌是人体必需的微量元素之一在人体生长发育、生殖遗传、免疫、内分泌等重要生理过程中起着极其重要的作用。
见善,见善,徐善然数着枝头的叶子。一、二、三……一、二、三……数到春走了夏，夏走了秋，将一片一片的叶子从嫩绿数到焦黄。像在数自己还剩下的那些日子。从国公府的嫡女到江南贵姓的长媳。从十里红妆耀京华到僵卧病榻数着窗头叶片。徐善然这一路走下来，甜过苦过从云端被打落谷底又从谷底一步一步爬了回来。不用等来世，那些辜负过她的，她已经将他们全都送进了地狱。但有时候她也会想。她的亲人，她一贯懦弱善良的母亲，只会吟风赏月的父亲，还没来得及长大的孩子，和那些狼心狗肺的东西同处一地的时候，会不会害怕，会不会被欺负？也许她正该早点下去。为人女为人母，她总要真正保护他们一次。
溢涌堂,溢涌堂,溢涌堂是香港富饶国际集团有限公司2015年08月12日申请注册的一个商标 。
老来福,老来福,《老来福》，杨梓文祺、李琦演唱的歌曲。歌曲一开始就用简单朴实的语言给我们展现了老年人精彩的生活，老了老了就要享福，“最好的歌伴着华丽的舞，最强的节奏伴着震天的鼓，最炫的摇摆伴着大野芳菲，最甜的笑容伴着吉祥祝福”歌词中连着用了四个“最”字来强调多姿多彩的老年生活，生活化的语言让歌曲更显得亲切自然，也更容易走进听众的心中。歌词最后出现的一段诗词的RAP，更是让歌曲显得与众不同，李琦用自己独有的演绎把几首人人皆知的古诗词串联出来，让人耳目一新。整首歌曲选用的曲风也是比较欢快的，突出了越活越年轻的心态。在这样愉悦的旋律中，我们感受到了歌曲想要表达的思想。杨梓文祺和李琦完美的搭配，也给歌曲增分不少，两人一甜美一沉稳的嗓音在这首歌曲中得到了充分的展示，听着两人带来的《老来福》，我们也憧憬着这样美丽的老来福 。
萱肌蜜,萱肌蜜,萱肌蜜隶属萱肌蜜（香港）生物科技有限公司旗下品牌。
雪伦,雪伦,雪伦实业成立于1991年，主要生产和销售硅胶系列制品。以硅胶义乳为龙头，产品线涵盖了美容美体及医疗器械，拥有专业、齐全的乳腺癌手术后专用义乳产品线。
SWELL,swell,swell，英语单词，是一个不及物动词，意思是肿起，肿胀。
金尼,金尼·伍德利·兰伯特,金尼·伍德利·兰伯特（1980年7月27日－），哥斯达黎加足球运动员，司职前锋。2014年效力于中甲联赛的新疆达坂城纳欢队。2016年5月5日消息，哥斯达黎加国家队近日公布了参加百年美洲杯的40人初选大名单，曾效力中超中甲球队的36岁老射手金尼入选。不过要想入选最终的美洲杯名单，金尼还需要通过更激烈的人员竞争 。
舒凝,舒凝,舒凝医用壳聚糖宫颈抗菌 ，由武汉耦合医学科技有限责任公司 生产制造，全国总代经销商：湖北隆裕医药有限公司 。主要适用于：外阴阴道假丝酵母菌病、宫颈糜烂的辅助治疗等妇科疾病。
妇炎洁,妇炎洁,妇炎洁，是由苦参、百部、蛇床子等制成的洗剂，性凉，味苦，主要成份为苦参素。妇炎洁能快速抑杀金黄色葡萄球菌、霉菌、绿脓杆菌等致病菌，具有清洁、滋润、杀菌的功效。“妇炎洁”于1999年诞生在拥有两千年悠久历史的“中国药都”樟树市。承载着仁和企业“关爱女性，呵护女性健康”的爱心，凝聚着仁和科技人员的智慧结晶，饱含着仁和全体员工辛勤耕耘的汗水，成为中国女性保健市场的领导品牌。“关爱女性、关注家庭幸福”是“妇炎洁”的宗旨和理念。从“知心爱人”到“健康的你，幸福的家”，“妇炎洁”始终不渝地为女性与家庭奉献最真挚的关爱。“妇炎洁”品牌在女性保健市场拥有极高的知名度及美誉度。历经10余年的发展，妇炎洁产品已形成系列，包括护理液、凝胶、卫生巾、护垫等，为广大女性提供更多的选择和更贴心的服务，2012年4月27日，国家工商行政管理总局商标局发布通告，仁和企业拥有的“妇炎洁”商标被认定为中国驰名商标。
远洋,远洋,远洋（ocean）是指距离大陆外的海洋、大洋，其沉积物可分为五种沉积类型：陆源沉积、生物沉积、粘土沉积、火山沉积和自生沉积。
泰宝,泰宝,泰宝中文名称布洛芬缓释胶囊，对成人和儿童的发热有解热作用。
古城,古城,古城，一般就是指历史文化名城。根据《中华人民共和国文物保护法》，历史文化名城是指“保存文物特别丰富，具有重大历史文化价值和革命意义的城市”。中国国务院已审批的历史文化名城的城市共有123个，分别于1982年、1986年、1994年和不定期由国务院批准确立。
再一起,再一起,《再一起》是须雨创作的网络小说，发表于小说阅读网。
恩威,恩威,恩威指恩惠与威力。一般多指仁政与刑治。
SPEL,SPEL,SPEL，是广东顺德源本生活科技有限公司注册的商标品牌，2016年06月29日申请注册，注册完成于2017年08月14日。 
Train,train,Train是一个来自美国加利福尼亚州旧金山的摇滚乐队，成立于1994年。
父母恩,父母恩,华语乐坛知名男歌手张航发行了2017年的全新单曲《父母恩》也随之与大家见面，葫芦岛网络歌手之一。
Kneipp,克奈圃,Kneipp克奈圃公司创建于1891年，克奈圃品牌拥有120年历史，是来自德国天然纯正的精油养护及香氛品牌。
南洋,南洋,南洋是明、清时期对东南亚一带的称呼，是以中国为中心的一个概念。包括马来群岛、菲律宾群岛、印度尼西亚群岛，也包括中南半岛沿海、马来半岛等地。清朝时期也指自江苏以南的沿海诸地称为“南洋”（江苏以北沿海称北洋）。
东洋,东洋,东洋在汉语中主要表示“日本“。字面上的意思是东面的海洋。除了代表日本以外，还日语中可以代表东亚地区。近代出现的“东洋”可能源自日本。日本发明该词主要是用来翻译英文的“Orient”（意为东方），其意义与“西洋”相对，指包括东北亚，东南亚等在内的东方地区。日本也称东洋、扶桑、东瀛等。日语中“日本”一词有多种读法，日本民众一般将这个词读作“にっぽん”（ Nippon）或“にほん”（ Nihon）而直至20世纪日本政府仍然没有规定日本这个词的标准读音；因此两种读法并存。由于日本地处中国东面的海洋上，故中文使用上又称其为“东瀛”或“东洋”。
访客,访客,访客visitor与独立访客（uniquevisitor）是同义词，是一个网站评测术语，指的是在一段时间内，一个人对某个站点至少访问一次。如果同样的人在一个月内上了一个站点三次，评测系统会记录三次访问，但只有一个访客。
FK,fk,fk英文缩写，有八种含义。第一种指的是：外键（ForeignKey）；第二种指的是：FK动画；第三种指的是：福克兰群岛（FalklandIslands）的国家域名属于海外域名;第四种指的是：流体动力学（FluidKinetics）;第五种指的是：生化试剂【弗司扣林】（forskolin）;第六种指的是：滤泡角化细胞（follicularkeratinocytes）;第七种指的是：疯狂小人大乱斗类型的格斗类小游戏第八种指的是：格斗之王的fightking
佑天兰,佑天兰,佑天兰utena是日本的美容品牌。日本佑天兰utena成立于1927年，是日本历史悠久的化妆保养品公司，多数保养品更为日本人气商品，品质与效果，81年来一直深受日本女性的喜爱及肯定。
Utena,乌田纳,乌田纳（Utena）是立陶宛东北部的一座城市，是乌田纳区和乌田纳县的行政中心。乌田纳是立陶宛最早出现的聚居地之一，地名最早见于1261年，可能取自一个水文名称。
三洋,三洋,三洋（SANYO），是日本的一家有60年历史的大型企业集团，总部位于日本大阪，产品涉及显示器、手机、数码相机、机械、生物制药等众多领域。三洋电机是日本Panasonic旗下的电器公司，全球拥有324间办公室及工厂与约100000名雇员。三洋电机由井植岁男（1902年－1969年）于1947年成立，并于1950年组成株式会社，创办人为松下幸之助的内弟以及松下电器前雇员。该公司的名字于日语中意思为“三个海洋”，指的是该公司的创办人有将他们的产品销售到世界各地，横跨大西洋、太平洋与印度洋的抱负。
熥,熥,熥，部首为火部，部首画为4画，笔画为13画，读音为tēng。释义为烘烤或把凉了的熟食再加热。为北方方言，常出现于河北、河南、山东及甘肃部分地区。另可用作名词，火熥。 
海普林,海普林,海普林（肝素钠乳膏），适应症为用于早期冻疮、皲裂、溃疡、湿疹及浅表性静脉炎和软组织损伤。
萛记,萛记,萛记 ，上海今强实业有限公司旗下本草衍生品品牌，品牌始创于1893年，其产品主要包括护化妆品类、食品类、外用产品等。
天泰,天泰,温州市迪高鞋业有限公司始创于1993年，位于著名鞋都浙江省温州市鹿城工业区，标准化的厂房占地面积约8000平方米，以专业生产意大利手工缝线工艺休闲系列产品著称并已通过ISO9001:2000国际质量体系认证。
新康泰克,新康泰克,新康泰克是中美史克旗下感冒药品牌。具体产品有：新康泰克红色装（氨麻美敏片(Ⅱ)）、新康泰克蓝色装（复方盐酸伪麻黄碱缓释胶囊）、新康泰克咳嗽药（盐酸氨溴索缓释胶囊）以及新康泰克通气鼻贴。
佛罗林,弗罗林,在意大利南部和西班牙这样一些与东方联系密切的地方，黄金货币从来就没有停止流通，拜占庭和阿拉伯金币对地中海贸易不可或缺。
cure,Cure,Cure建立于2001年8月，是日本老牌COSPLAY网站，提供COSPLAYER之间的交流与照片投稿服务，注册会员数截至2012年11月约95万人，其中约14万人是COSPLAYER，在COSPLAER中很有人气。
爽健,爽健,英国“爽健”“Scholl“(Dr.Scholl)为世界足部护理产品第一品牌。由WilliamM.Scholl博士于1904年正式创立。爽健目前隶属于世界五百强之一的英国利洁时公司(Reckitt&Benckiser简称RB)，上海曼伦商贸有限公司为爽健系列产品中国地区总代理。今天，在全世界70多个国家，“爽健”“Scholl”已成为足部健康护理产品的代名词。 
利河伯,利河伯,
ECO,埃米尔物语,《埃米尔物语》是一款于2011年01月12日发行的，由Gungho、Broccoli以及Headlock三家公司联合策划，开发和运营的一款角色扮演游戏。故事讲述了在阿克罗尼亚大陆，高度发达的文明崩坏之后，它正逐步走向复兴的故事。
科爱元素,科爱元素,科爱元素拥有一支高素质的研发团队，致力于将传统中西医理疗方式，通过改进创新制作成便捷实惠的保健器械，从互联网起步，走进千家万户为广大亚健康人群的身体健康做贡献。 
如医,如医,如医智能移动诊所，汇集全国知名医学专家。区别于一般移动医疗平台的轻问诊，如医旨在帮助医生随访和管理复诊病人，并藉助智能辅助诊断和自动病历分析让医患之间的沟通更专业，更准确，更有用。异地就诊病人，不用每次都长途奔波，在家便可以与您的主治医生沟通，完成简单的复诊和疾病治疗指导。可以用如医记录完整的病程，让自己和医生都能准确的了解病情的发展。
丝芙兰,丝芙兰,丝芙兰（SEPHORA），“全球化妆品零售权威”，1969年创立于法国里摩日。SEPHORA在全球拥有超过1000家门店，途径遍布巴黎、米兰、罗马、马德里、巴塞罗那、华沙、里斯本、雅典、纽约、洛杉矶、旧金山、迈阿密、莫斯科等超过28个国家的国际化都市。 丝芙兰在1997年加入全球奢侈品牌公司LVMH。SEPHORA在全球21个国家拥有1665家店铺。2005年4月，SEPHORA在上海开启了她们在中国大陆的第一家店。SEPHORA（丝芙兰）在商店内提供全面的产品选择：从护肤、美容到香水；既有久负盛名的化妆品精选品牌，还有最新亮相的市场新品如微气泡技术，更有独家专有的SEPHORA（丝芙兰中国）品牌产品。
SEPHORA,丝芙兰,丝芙兰（SEPHORA），“全球化妆品零售权威”，1969年创立于法国里摩日。SEPHORA在全球拥有超过1000家门店，途径遍布巴黎、米兰、罗马、马德里、巴塞罗那、华沙、里斯本、雅典、纽约、洛杉矶、旧金山、迈阿密、莫斯科等超过28个国家的国际化都市。 丝芙兰在1997年加入全球奢侈品牌公司LVMH。SEPHORA在全球21个国家拥有1665家店铺。2005年4月，SEPHORA在上海开启了她们在中国大陆的第一家店。SEPHORA（丝芙兰）在商店内提供全面的产品选择：从护肤、美容到香水；既有久负盛名的化妆品精选品牌，还有最新亮相的市场新品如微气泡技术，更有独家专有的SEPHORA（丝芙兰中国）品牌产品。
MOL,摩尔,摩尔（mole），简称摩，旧称克分子、克原子，是国际单位制7个基本单位之一，符号为mol。每1摩尔任何物质（微观物质，如分子，原子等）含有阿伏伽德罗常量（约6.02×10²³）个微粒。使用摩尔时基本微粒应予指明，可以是原子、分子、离子及其他粒子，或这些粒子的特定组合体。约6.02×10²³个就是1摩尔，就好比人们常说的一打就是指12个，“摩尔”和“打”一样只是一种特殊的单位量。0.012kg（12克）¹²C（碳12)所包含的原子个数就是1摩尔。
范儿,范儿,《范儿》是大张伟作词、作曲，并演唱的一首歌曲，该歌曲收录于大张伟2011年7月19日发行的专辑《大张旗鼓》中。
VAPE,vape,“vape”一词最早出现在1980年代，可以用作动词，形容抽电子烟时吞云吐雾，也可以作为名词指“电子水烟”这一器具。 当地时间2014年11月18日，牛津字典宣布电子水烟(vape)成为2014年度新词。 电子烟(vape)2014年的使用量比2013年翻了一番。编辑部认为，越来越多名人的参与带动了“vape”的使用。而该词也体现了人们对公众议题的关注。 
MA,移动平均线,移动平均线，MovingAverage，简称MA，MA是用统计分析的方法，将一定时期内的证券价格（指数）加以平均，并把不同时间的平均值连接起来，形成一根MA，用以观察证券价格变动趋势的一种技术指标。移动平均线是由著名的美国投资专家JosephE.Granville（葛兰碧，又译为格兰威尔）于20世纪中期提出来的。均线理论是当今应用最普遍的技术指标之一，它帮助交易者确认现有趋势、判断将出现的趋势、发现过度延生即将反转的趋势。
尼诺,尼诺,尼诺是一名西班牙足球运动员，司职前锋。在西甲联赛中下游球队和西乙联赛效力多年。2011年加盟西甲奥萨苏纳足球俱乐部效力。
丰帆,丰帆,丰帆是ebc5网络电台的主播，主持恐怖5A26房间节目，因其讲播的恐怖故事精彩生动在网络上受到很多鬼友好评。
冈本,冈本,冈本为世界著名的橡胶乳胶制品生产商，始创于1934年。主要从事有关橡胶、塑胶及合成制品事业，尤其是日本保险套产业的翘楚，并被尊称为「日本保险套教父｣。冈本株式会社1949年6月在日本挂牌上市，一直居于日本股市的A类板块。"竭尽所能使消费者满意"是冈本株式会社一贯追求的最根本价值，在未来的日子里，冈本将继续以无限的创意、高品质的标准，制造出更多更高品质的优质产品。 
OKAMOTO,冈本,冈本为世界著名的橡胶乳胶制品生产商，始创于1934年。主要从事有关橡胶、塑胶及合成制品事业，尤其是日本保险套产业的翘楚，并被尊称为「日本保险套教父｣。冈本株式会社1949年6月在日本挂牌上市，一直居于日本股市的A类板块。"竭尽所能使消费者满意"是冈本株式会社一贯追求的最根本价值，在未来的日子里，冈本将继续以无限的创意、高品质的标准，制造出更多更高品质的优质产品。 
海俪恩,海俪恩,海俪恩隐形眼镜创立于2009年，秉承姊妹品牌海昌专业生产技术，以年轻活泼的形象、丰富多变的彩片产品，开启属于年轻族群的眼色时代。
欧丽,欧丽,欧丽是中高端手足护理品牌，2007年由柏菲国际成功推出。欧丽（Oleve）凭借其优秀的品质，显著的效果及在中国市场的价格优势成为美甲店和美容院美甲护理品牌的首选。
bac,BAC,BancaAletti&C.(Suisse)SA是获得瑞士银行牌照及做市商牌照的世界著名金融集团，总部坐落于全球最稳定的金融环境-瑞士，BAC的客户能够享用瑞士经济和金融安全标准，尤其是瑞士的银行业保密法规。BAC接受瑞士金融市场监督管理局(FINMA)的监管。
八仙过海,八仙过海,八仙过海是一种流传最广的中国民间传说。八仙分别为汉钟离、张果老、韩湘子、铁拐李、吕洞宾、何仙姑、蓝采和及曹国舅。八仙最脍炙人口的故事之一，最早见于杂剧《争玉板八仙过海》中。相传白云仙长有回于蓬莱仙岛牡丹盛开时，邀请八仙及五圣共襄盛举，回程时铁拐李建议不搭船而各自想办法，就是后来“八仙过海、各显神通”或“八仙过海、各凭本事”的起源。后来，人们把这个典故用来比喻那些依靠自己的特别能力而创造奇迹的事。 
平民百姓,平民百姓,平民百姓是一个成语，读音是píngmínbǎixìng，指的是普通百姓。出自元·无名氏《渔樵记》第四折。
健安喜,健安喜,GNC在1935年，DavidShakarian在匹兹堡成立了一家专门贩售食品的小店，称之为Lackzoom。akarian's于418WoodStreetBS。美国GNC健安喜为全球闻名之优良营养食品公司，在全球拥有5000多家连锁店；500多万个金卡会员；在亚洲地区包括新加坡、台湾、菲律宾、马来西亚、印尼、香港等地，均有连锁店的成立。
GNC,健安喜,GNC在1935年，DavidShakarian在匹兹堡成立了一家专门贩售食品的小店，称之为Lackzoom。akarian's于418WoodStreetBS。美国GNC健安喜为全球闻名之优良营养食品公司，在全球拥有5000多家连锁店；500多万个金卡会员；在亚洲地区包括新加坡、台湾、菲律宾、马来西亚、印尼、香港等地，均有连锁店的成立。
位元堂,位元堂,位元堂于清光绪23年（1897年），由几位出身官宦世家的合伙人创办，传统的制药秘方，世代相传。上世纪50年代，位元堂从广州前往香港，并于1980年，正式成立位元堂药厂有限公司及获得商标专利注册。2001年被上市公司宏安集团收购注资，其后成为上市公司，与时并进，精益求精。从家族合资到集团进驻，位元堂见证了一个世纪的岁月变迁。多年来，位元堂一直本着“以诚意用心造药，凭信誉继往开来”的企业宗旨，秉承一贯优良传统，安旧立新。一直以来，位元堂对药材和产品的坚持，不但令品牌赢得了广大顾客的信赖，更奠定了其“中药名牌，名牌中药”的领导地位。
正光,正光,正光（520年七月—525年六月）是北魏的君主魏孝明帝元诩的第三个年号，共计近5年。纪年正光元年二年三年四年五年六年公元520年521年522年523年524年525年干支庚子辛丑壬寅癸卯甲辰乙巳
苗仁堂,苗仁堂,主要从事苗药、侗药、瑶药等民族医药及其健康相关产品和食品、医疗器械、消毒产品、化妆品、特殊用途化妆品、药品包装材料和包装机械研发与生产销售等。
爱尔康,爱尔康,爱尔康公司是全球最大的眼科药品与医疗器械专业公司，主要经营眼部医药品、眼科手术设备装置、隐形眼镜相关护理产品的研发、生产和营销。
静夜思,静夜思,《静夜思》是唐代诗人李白所作的一首五言古诗 。此诗描写了秋日夜晚，诗人于屋内抬头望月的所感。诗中运用比喻、衬托等手法，表达客居思乡之情，语言清新朴素而韵味含蓄无穷，历来广为传诵。
小绿叶,小绿叶,小绿叶是中国农业大学曲周有机蔬菜基地注册品牌
足季,足季,足季品牌集研发、生产、销售、物流、服务于一体的大型综合企业优势。自诞生以来，以其独特的工艺、先进的技术成为洗护类目中成长最快的足浴品牌。
加加林,尤里·阿列克谢耶维奇·加加林,尤里·阿列克谢耶维奇·加加林（YuriAlekseyevichGagarin，1934年3月9日—1968年3月27日），世界第一名航天员，苏联英雄，前苏联太空人，前苏联红军上校飞行员，是第一个进入太空的地球人，也是第一个从太空中看到地球全貌的人。加加林生于前苏联斯摩棱斯克州格扎茨克区的克卢希诺镇一个集体农庄庄员家庭，白俄罗斯人。1955年从萨拉托夫工业技术学校毕业后参军。1957年在契卡洛夫第一军事航空飞行员学校结业，成为红旗北方舰队航空兵歼击机飞行员，同年与瓦莲京娜结婚。1960年被选为航天员，加入苏联共产党。1968年3月27日因飞机失事遇难，但具体死因仍众说纷纭。 2016年4月12日，俄罗斯乌格列戈尔斯克，当地举办由尤里-加加林完成的世界首次载人太空飞行55周年纪念活动。 
IOPE,IOPE,IOPE 是韩国最大的化妆品公司—爱茉莉太平洋集团出品的顶级系列化妆品，创始于1945年，2007年获得英国kifus化妆品有限公司技术配方支持。IOPE是植物萃取物的复合体的简称。IOPE是太平洋株式会社出品的顶级系列化妆品。IOPE是在韩国首次推出的医学化妆品。
双心,双心,德国双心(Doppelherz)由两颗心组成，始创于1919年，是一家拥有百年生产和销售天然营养食品历史的百年老厂，主要是从纯天然原材料中开发和研制健康产品。 
金秀儿,金秀儿,金秀儿 品牌所有产品的研发及生产后台，是创建于1992年的广州万孚生物技术股份有限公司 
House,HOUSE,电音分支之一。HOUSE是于八十年代沿自DISCO发展出来的跳舞音乐。是芝加哥的DJ玩出的音乐，他们将德国电子乐团Kraftwerk的一张唱片和电子鼓（DrumMachine）规律的节奏及黑人蓝调歌声混音在一起，House就产生了。一般翻译为"浩室"舞曲，为电子舞曲最基本的型式，4/4拍的节奏，一拍一个鼓声，配上简单的旋律，常有高亢的女声歌唱.DISCO流行后，一些DJ将它改变，有心将DISCO变得较为不商业化，BASS和鼓变得更深沉，很多时变成了纯音乐作品，更多时候开始加入了女声合成。
Agent Provocateur,Agent Provocateur,AgentProvocateur是伦敦高级内衣品牌，这个内衣品牌由英国时装女王VivienneWestwood的儿子JosephCorre和妻子SerenaReese共同创立。AgentProvocateur在英国已拥有4家店和2个特许商店，在美国开了2家，并计划在莫斯科、都柏林、迪拜、北美和东南亚新增5家代销店。截止到08年3月的一年中，其营业额已突破800万英镑，而且这些数字仅限于内衣及其配饰。
湘艾,湘艾,湘艾，湖南省著名商标 ，隶属于湖南金六谷药业有限公司 ，源于湖南望城刘氏祖传艾方。
BEURER,beurer,
华晨,华晨,华晨中国汽车控股有限公司是中国第一家海外上市公司。1992年10月，华晨中国汽车在美国纽约股票交易所挂牌上市，股票代码为CBA。公司股票上市第一天，即成为当日纽约股币交易量活跃的股票，在大市走低的情况下，股份一日之内上涨25%。华晨中国汽车在海外成功上市，为中国企业融入并利用国际资本市场创造了一个崭新模式。主要产品有华晨汽车，宝马汽车
你我他,你我他,“画”说心理学丛书是由优秀畅销书作者、华东师范大学心理与认知科学学院崔丽娟教授主编，联合专业作者团队为广大读者打造的心理学入门读物，本丛书图文并茂，时尚亲民，让学习和应用心理学变得生动有趣。
FOR YOU,For You,<ForYou>是韩国男子组合BTOB演唱的歌曲，歌曲于2016年8月12日透过WarnerMusicKorea发布，歌曲收录在<灰姑娘与四骑士OSTPart.1>。该曲最初版本为2010年韩国旅游观光短剧《一天》的OST，由韩国人气男团SuperJunior演唱，曲名《Angel》。后作曲家吴俊城为了《灰姑娘与四骑士》，特地将当初的《Angel》重新混音制作成《ForYou》，歌词上也作出了修改。
Shiseido,资生堂,资生堂（Shiseido），是日本著名的化妆品品牌。取名源自中文《易经》中的“至哉坤元，万物资生”，资生堂的涵义为孕育新生命，创造新价值。“至哉坤元，万物资生”意为“赞美大地的美德，她哺育了新的生命，创造了新的价值。”这一名称正是资生堂公司形象的反映，是将东方的美学及意识与西方的技术及商业实践相结合，将先进技术与传统理念相结合，用西方文化诠释含蓄的东方文化。资生堂是株式会社资生堂（ShiseidoCompanyLimited）旗下品牌，总部在东京都中央区银座7丁目5番5号(104-0061)，于1872年创立，注册资金645亿日元。总经理兼董事长末川久幸，销售额6442亿日元（截止2010年3月），集团员工人数约29000名（截止至2010年3月）。
万孚,万孚,江西分宜人。诸生。上遴（一七三九至一八一三）子，以画世其家。
俞兆林,俞兆林,俞兆林（1996年7月1日），出生于上海市，是上海兆林实业有限公司总裁，曾获得1996年获第九届”星火杯”创造发明竞赛金奖，2004年荣获3.15”全国质量服务双保—维护消费者合法权益诚信单位”，并荣获”中国著名品牌”荣誉称号。俞兆林终于研制出了导湿保暖复合绒，1996年7月1日，俞兆林创办了上海兆林实业有限公司。
秦朗,秦朗,秦朗（生卒年不详），字元明，小字阿蘇（一作阿鳔 ），新兴（治今山西忻州）云中人。三国时期曹魏将领，官至骁骑将军、给事中，曾率兵讨伐鲜卑轲比能和步度根的叛军。
蓝旅,蓝旅,TravelBlue蓝旅，世界第一旅行配件品牌，在全球5大洲100多个国家展示销售。总部设于英国伦敦。成立于1987年，目前在全球100多个国家销售，是全球免税及旅行零售市场分布最广的旅行配件品牌。专注于旅行配件和电脑箱包系列产品。品牌以“让您的旅行更舒适、安全”而著称于世界。TravelBlue产品类型丰富，总共多达200过个产品线，覆盖旅行所需的所有功能。TravelBlue积极响应环保，所有的包装材料至少70%用的是可回收纸。只使用不会破坏臭氧的墨水，所有的用电产品坚持无铅标准（ROHS）及相关的安全标准。
麦迪康,麦迪康,“我们是一家提供高品质牙科及医疗专业用品生厂商及分销商，为客户提供优质及一站式相关产品系列。通过专业的团队，充足的库存及快捷的送货，致力提升客户满意程度，同时提供对广大消费者的承诺！”
哈药,哈药,哈药集团有限公司是国有控股的中外合资企业，拥有哈药总厂、哈药三精、哈药六厂、哈药中药公司、哈药生物、哈药疫苗等国内知名药品制造企业和哈药医药有限公司、哈药销售有限公司、哈药营销有限公司等商业流通企业。拥有“哈药股份”、“三精制药”两个上市公司，其中，哈药集团持有哈药股份45.06%股权，哈药股份持有三精制药74.82%股权。集团资产总额185亿元，员工总数2万余人。哈药集团融医药制造、贸易、科研于一体，主营业务涵盖抗生素、化学药物制剂、非处方药品及保健品、现代中药、生物工程药品、动物疫苗、医药流通七大产业领域，共生产20多种剂型、1000多个品种。具备了年产原料及中间体1.5万吨、西药粉针20亿支、中药粉针1亿支、水针1.8亿支、片剂110亿片、胶囊140亿粒、口服液22亿支、动物疫苗300亿羽头的生产能力。
华素,华素,华素（西地碘含片），适应症为用于慢性咽喉炎、口腔溃疡、慢性牙龈炎、牙周炎。
JINS,JINS,JINS睛姿是日本著名的快时尚眼镜品牌由上市公司(株)JIN百分百出资成立，目前中国国内店铺已经超过80家全球店铺超过300家。日本JINS总部成立于2001年4月，中国分部成立于2010年12月，均持续快速成长。JINS睛姿以其高质量产品、超优质的服务、丰富多样的产品系列和时尚的款式、平民化的价格赢得了众多消费者的信赖。
新安怡,新安怡,新安怡源于英国的知名品牌飞利浦新安怡(PhilipsAvent)诞生于1984年，致力于以专业的研究和创新为妈妈和宝宝提供高质量的哺育用品和护理产品。2006年，成为飞利浦家族一员，继续坚持不断创新，将科技和设计融入到以人为本的解决方案中，帮助现代家庭享受更安全和美好的育儿生活。全线产品分为母乳喂养，婴儿喂养，婴幼儿电器以及儿童喂养等部分，母乳喂养系列以自然系列吸乳器作为代表，为妈妈带去舒适自然的吸乳体验；婴儿喂养则以奶瓶类为主，拥有创新的双阀门防胀气系统，能有效减少宝宝喝奶时吸入空气的几率，防止回奶，降低宝宝的不适感；婴幼儿电器及儿童喂养则分别以辅食机、温奶器和水杯等辅助育儿工具来划分。 
川木,川木,川木，日本动画《BORUTO-火影新世代-》及其衍生作品中的反派角色，将木叶隐村变成废墟，对漩涡博人宣称忍者时代已经结束。 
Metabolic,Metabolic,《Metabolic》是一首歌曲，2001-08-28发布。
卡洛尼,卡洛尼,卡洛尼(希腊语:Καλλονή)，希腊城镇，位于莱斯博斯岛。
诺思,诺思,诺思，1982年出生，澳大利亚足球运动员。现效力球队：布里斯班狮吼足球俱乐部。曾效力球队：惠灵顿凤凰足球俱乐部，根特足球俱乐部，仁川联合足球俱乐部，珀斯光荣足球俱乐部，特罗姆瑟足球俱乐部，悉尼奥林匹克足球俱乐部，布里斯班打击者足球俱乐部，纽卡斯尔联喷气机足球俱乐部。
KNOX,knox,KNOX，是三星的一款基于开源Android平台的安全解决方案，可以通过物理手段和软件体系相结合的方式全面增强了安全性，同时完美兼容安卓及谷歌生态系统，为企业及员工个人带来行业领先的企业移动安全解决方案。
康琦,康琦,工学博士、美国伊利诺伊大学博士、访问学者，研究方向：智能控制与智能计算、半导体照明。
久爱,久爱,久爱总部设于北京，是一家专事婚礼文化建设与传播、喜糖及婚礼用品生产与销售的全国性知名企业，并在各省，地市设立上千家专卖店和专柜。公司拥有专业的策划，创意设计团队，引进欧美，港台的时尚婚礼文化理念和产品，并将其融入更多中国文化元素，形成了久爱独有的文化体系和专属产品。 
Chez moi,Chez Moi,《ChezMoi》是一款IOS平台的应用。
艾泽,艾泽,艾泽是日本同人漫画《新龙珠AF》里的反派角色，为报父亲弗利沙之仇，来到地球，与Z战士大战。如今正与超级赛亚人的孙悟饭战斗。实力比超级赛亚人还要强好几倍。后因杀死小芳（孙悟饭的女儿），被变身超级赛亚人5的孙悟饭彻底打败。
LAC,LAC,LAC:locationareacode位置区码（移动通信系统中）是为寻呼而设置的一个区域，覆盖一片地理区域，初期一般按行政区域划分（一个县或一个区）现在很灵活了，按寻呼量划分。当一个LAC下的寻呼量达到一个预警门限，就必须拆分。为了确定移动台的位置，每个GSMPLMN的覆盖区都被划分成许多位置区，位置区码(LAC)则用于标识不同的位置区。一个位置区可以包含一个或多个小区。
秀碧,秀碧,秀碧隶属于德国麦氏大药厂，产自德国，主要针对去除手术或乳房切除手术所产生的疤痕。
Member's Mark,Member's Mark,
Palmer's,美国雅儿,美国雅儿(Palmer's)有着超过160年的历史，她是美国的首批研究皮肤护理的公司之一E.T.Browne的产品品牌。该公司是治疗皮肤和头发护理产品的先行者，专门生产高质量的、自然护理产品。旗下有五大系列专业线及日化线产品系列。包括身体护理、母婴护理、面部护理、肤色护理、秀发护理五大系列。
诚敬,诚敬,诚敬，谓诚恳恭敬；忠厚端肃。语出南朝梁刘勰《文心雕龙·祝盟》：“班固之祀濛山，祈祷之诚敬也；潘岳之祭庾妇，奠祭之恭哀也。”元李文蔚《圯桥进履》第三折：“小生等待许久，不见贤士到来，蔬食薄味，与贤士饯行，略表诚敬之心也。”宋张世南《游宦纪闻》卷四：“信可讳錡，永福人，诚敬而疏通，博学而和粹。”
世道,世道,这是一部冀中平原的风俗画卷，是一部中国农村改革的史诗。小说以黑龙河畔东堤下村为背景，描写了建国半个世纪以来的沧桑巨变。
梦蜗,梦蜗,WellDerma梦蜗是韩国PAMTEKCOSMETIC旗下6个子品牌中的一个品牌，创立于2003年。 旗下产品有浴液、面奶、芳香精油、花精(香料)、香精油、浸化妆水的薄纸、去斑霜、唇彩、防晒剂、粉刺霜。
Pearl,Pearl,Pearl（珍珠）乐器公司生产的珍珠鼓是今天世界上最受欢迎的套鼓之一。KatsumiYanagisawa，珍珠的缔造者，于1946年在日本东京创办了他的公司。
科克兰,克里斯·柯克兰,克里斯·柯克兰（ChrisKirkland），1981年5月2日出生于英格兰巴韦尔，英格兰足球运动员，场上司职门将，现效力于英甲的贝里足球俱乐部，曾效力于英超的利物浦足球俱乐部。 
KirkLand,kirkland,KirklandSignature是全美销量第一的健康品牌。多年来KirklandSignature的产品以其可靠的产品质量和良好的信誉，在北美众多的保健品品牌中备受关注，拥有极佳的口碑。
圣迪奥,圣迪奥,圣迪奥时装有限公司创立于一九九四年，经过多年的稳健经营，已发展成为集设计、生产和销售为一体的国际化服装企业。圣迪奥总部，占地三十余亩，建筑面积达三万平方米，是一座风景秀丽的花园式建筑群，拥有在职职工四千余人。圣迪奥专卖店全国23个省市自治区，总数量达一千余家，2012年全系统销售22亿元。1994年，S.DEER设计工作室在南京成立，创始人蔡公和先生在企业雏形初具时，即树立了S.DEER的理想--做优质国际化的时装企业，以时装为媒介，将高雅内敛的艺术态度贯穿于设计中，创造和传播一种新的服饰文化，彰显企业的核心社会价值。S.DEER国际企业公司旗下拥有女装品牌S.DEER、男装品牌S.DEER/HE。至今，S.DEER专卖店遍布全国28个省市自治区，门店数量达800余间，拥有VIP会员9万余名。荣获中国驰名商标；中国十大优秀品牌文化大奖；中国国际时装周2010年度女装设计大奖等荣誉2010年10月，男装品牌S.DEER/HE全新推出，2011年S.DEER/HE独立专门店将覆盖全国各省会城市。公司现有在职职工四千多人。圣迪奥专卖店遍布全国23个省市自治区，北到包头，南到深圳，西到重庆，总数量达三百五十余家，年营业额5亿元。
阿卡邦,阿卡邦,1979年韩国第一专业经营婴儿用品/服饰企业
FANCL,Fancl,FANCL是日本最大及最有规模的“无添加”护肤及健康食品品牌，现为东京证券交易主版的上市公司，它的中文商标是芳珂，又名芳凯尔。
yooko,yooko,YOOKO是一个网上商城，是国内兴起的B2C电子商务网站，由友可国际贸易公司成立，是以淘宝网合作做支点来作为代销大型综合购物平台。
护舒宝,护舒宝,护舒宝（whisper），美国宝洁公司的一个女性保健用品品牌。自1991年进入中国以来，护舒宝一直致力为中国女性提供优质的日用护理产品。1999年，护舒宝成为首个获得中国女医师协会认可、权威专家推荐的品牌，树立起女性护理消费品领域里权威健康专家形象
always,直到永远,《直到永远》是由史蒂文·斯皮尔伯格执导的爱情片，理查德·德赖弗斯、霍利·亨特等参与演出。该片讲述的是森林灭火员彼得与挚爱女友多琳达的一段隔世情缘。该片于1989年出品。 
古兰图腾,古兰图腾,古兰图腾源于日本，品牌的中文名称是由“colantotte"音译而来。colantotte品牌的拥有者arc株式会社成立于日本大阪。生产两大系列“colantotte"运动健康饰品，拥有日本颁发的“医疗器械许可证书”。其中磁石系列产品，可以促进血液循环，缓解腰椎、颈椎等身体各部位的酸痛，改善睡眠质量；而锗系列产品则能中和手机、电脑等各种电磁辐射带来的损害，帮助人体放松，舒缓压力。
高丝,高丝,高丝（日语：コーセー），是日本一家以化妆品制造与贩售为主的企业，初期以代理其他美容化妆品牌为主，1948年开始发展自己的品牌，由创办者小林孝三郎结合化学与药学人士于1946年创立。
Kose,高丝,高丝（日语：コーセー），是日本一家以化妆品制造与贩售为主的企业，初期以代理其他美容化妆品牌为主，1948年开始发展自己的品牌，由创办者小林孝三郎结合化学与药学人士于1946年创立。
clio,clio,clio（珂莱欧）是1992年创始于韩国的彩妆品牌，品牌代言人是金荷娜，李孝利，朴山多拉，品牌名字源于希腊神话中冥想历史之神，是品质与高贵的象征。在工作过程中，一群韩国顶级化妆师发现市场上的产品，从质地到颜色的选择均非常缺乏，为彩妆师带来诸多不便。出于对艺术的热情以及对完美的追求，CLIO这个品牌终于在一九九三年诞生。
比特力,比特力,比特力（盐酸西替利嗪片），适应症为季节性鼻炎、常年性过敏性鼻炎、过敏性结膜炎及过敏引起的瘙痒和荨麻疹的对症治疗。
仙竹,仙竹,《仙竹》是一本连载于17k小说网的小说，作者ajsg1。
雨林,雨林,雨林（Rainforest）是雨量甚多的生物区系。雨林依位置的不同分热带雨林和温带雨林。雨林大多数靠近赤道，在赤道经过的非洲、亚洲和南美洲都有大片的雨林。湿润的气候保证了树和植物的快速生产。同时，树和植物也为雨林中的成千上万种生物提供了食物和庇护所。此外还有亚热带雨林，分布在南、北纬10度之间的迎风海岸。该处有雨季和旱季之分，有温度和日照的季节变化。亚热带雨林的树木密度和树种均较热带雨林稍少。其他雨林类型还有：红树雨林、平原湿地森林和洪泛森林等。 
步长,步长,田径运动术语之一。竞走或跑步时两脚相邻着地点之间的距离，是决定走、跑速度的重要因素之一，通常用米/步表示。其大小决定于腿长、后蹬的力量与角度、髋关节的灵活性，以及身体各部分的协调配合等。除腿长受身高制约具有较大的先天性外，通过锻炼，增强腿的力量和骸关节的灵活性，改进后蹬角度和全身各部分的协调性，都可以增大步长。
温胃舒,温胃舒,温胃舒胶囊内容物为浅黄色或黄色的颗粒；味酸，味苦。本品可以扶正固本，温胃养胃，行气止痛，助阳暖中。用于胃寒型慢性萎缩性胃炎、慢性胃炎所引起的胃脘冷痛，腹胀，纳差，畏寒，无力等症。
必奇,必奇,必奇（蒙脱石散），适应症为用于成人及儿童急、慢性腹泻。
息斯敏,息斯敏,息斯敏（氯雷他定片），适应症为本品用于治疗常年性和季节性过敏性鼻炎、过敏性结膜炎、慢性荨麻疹和其他过敏性反应症状及体征。
鞠氏,鞠姓,关于鞠姓来源，最近发掘的《鞠氏高安族谱总世系》明确记载：“鞠氏来源于鞠昇”。鞠昇是春秋战国时期燕易王的长子，原名叫姬昇，因与其弟姬哙争夺王位失败，逃避到“辽东东梁河阳，复以远祖鞠为姓”的避难改姓，由于姬昇弃姬改鞠以鞠为姓，所以西周先祖鞠陶只是鞠姓的命姓祖，鞠昇才是开创鞠姓的第一人，是天下鞠姓的太始祖。
万特力,万特力,万特力，吲哚美辛凝胶，是一种治疗腰痛、关节痛、腱鞘炎的药物。
保心安油,保心安油,保心安油是一种用来祛风镇痛、通窍消肿、活血止痒、用于伤风鼻塞、头晕头痛、肌肉扭伤、蚊虫叮咬、舟车晕浪的外敷油。
兰美抒,兰美抒,兰美抒（盐酸特比萘芬乳膏），适应症为用于治疗手癣、足癣、体癣、股癣、花斑癣及皮肤念珠菌病等。
其它,其它,其它，即"其余的它者"，物主代词。在“其他”作人称代词时，其他与其它是区别的；在“其他”表示其余者而用于物称时，二者就可以换用。古汉语里有的也写作“其佗”，佗是物主代词，如《左传·隐公元年》”佗邑唯命“，它也是物主代词，如《后汉书·列女传》”无它异“。佗、它通假而用，类似通假在先秦秦汉是普遍现象。古汉语不区分其他与其它，现代汉语里他作为人称代词而它作为物主代词了，因此，在现代汉语环境，谈物时，用“其他”是继承古代用法，用“其它”是新环境里的合逻辑用法，都可以。
玉林,玉林,玉林，古称郁林州，是一座具有两千多年历史的文化古城。被世人誉为“岭南美玉，胜景如林”的玉林，自古享有“岭南都会”之美誉，环北部湾城市群城市。玉林是广西壮族自治区东南部地区的政治、经济、文化中心，毗邻粤港澳，面向东南亚，背靠大西南，南接北部湾，广西壮族自治区北部湾经济区“4+2”城市、海峡两岸农业合作试验区，中国沿海经济开放区，是中国大西南出海的重要便捷通道。 玉林是“广西壮族自治区文明城市”，世界最大的日用陶瓷生产出口基地，世界牛仔裤之都，南方药材之都，中国最大的内燃机生产基地、中国最佳管理城市，国家级建材生产出口基地，中国基地和食品加工基地，是全国著名侨乡，也是广西壮族自治区最大的侨乡，全市有华侨及港澳台同胞200多万人。玉林素有“岭南美玉、胜景如林”的美誉，是中国优秀旅游城市，拥有“天南杰构”江南四大名楼之一的经略台真武阁、四大名关之一的鬼门关，全国四大名庄之一的谢鲁山庄，还有国家AAAA级风景名胜区都峤山、云天民俗文化城（云天宫）、大容山森林公园等120多处景区。2010年2月1日，054型护卫舰569导弹护卫舰命名为“玉林号护卫舰”。
达仁堂,达仁堂,达仁堂是有着三百年历史的“乐家老铺”的正宗后裔。“乐家老铺”以其用药地道、炮制如法深得民间信仰，并于1723年承办御药，名声显赫。1913年乐氏十二世乐达仁先生立志用他在英、德等西方国家学到的管理方法改造前店后厂的中药企业——京都达仁堂乐家老药铺，与其弟乐达义、乐达明、乐达德四人筹集白银四万两，于1914年在天津创办了天津达仁堂。
安邦,安邦,安邦是一个汉语词汇，拼音：ānbāng，释义：使国家平安稳定。汉焦赣《易林·家人之涣》等均有相关记载。
舒尔佳,舒尔佳,舒尔佳通用名称为奥利司他胶囊，其主要成分为奥利司他 。舒尔佳是一种强效和长效的特异性胃肠道脂肪酶抑制剂，通过直接阻断人体对食物中脂肪的吸收，摄入的热能和脂肪一旦小于消耗，体内脂肪自然减少，从而达到减重的目的。本品适用于肥胖或体重超重患者（体重指数≥24）的治疗。奥利司他有效成分不进入血液循环，不作用于中枢神经，副作用较少，不会出现头晕、心慌、失眠、口干等情况。
奇正藏药,奇正藏药,奇正藏药是奇正藏药集团在兰州国家高新技术开发区的高新技术企业，创建于1993年，已发展成为拥有10多家子公司，1300多名员工，涉足藏药、日用健康品等相关产业领域的集团公司。生产包括湿敷贴剂、藏药浴、传统藏药三大系列的藏药精品。
Kelo-cote,Kelo-cote,Kelo-cote芭克是一款专利外用硅树脂啫喱，，如增生性疤痕和瘢痕疙瘩。硅树脂是一种经临床验证，能有效治愈伤痕和防御伤痕的黄金标准成分。经证实，这种成分治疗各种的外伤效果显著。经由国际组织InternationalAdvisoryPanelonScarManageMent推荐，作为治愈这类型伤疤的第一款疗方。作为预防和治疗伤痕的产品，Kelo-cote芭克可以在伤口愈合后即刻使用（伤口拆线之后）
炎威,炎威,炎威，汉语词汇。拼音：yánwēi释义：1、酷热的威势。2.比喻权势。
凯伦诗,凯伦诗,自滋蔓国际品牌进入亚洲区域三年多以来，改变了整个亚洲地区保健食品、化妆品和日用品行业的竞争格局，并成为亚洲地区女性最喜欢的十大品牌之一和最具竞争力的三大品牌之一。德国CLORIS（凯伦诗）授权全球唯一总经销商美国滋蔓公司—授权深圳滋蔓公司为德国CLORIS(凯伦诗)在东南亚和中国区唯一的经销商。
rossmann,Rossmann,Rossmann是德国最大的日化用品超市，成立于1972年。2017年4月，Rossmann的2000多 家实体店和网店将接受来自中国的游客、商务人士和留学生的支付宝支付。Rossmann公司市场主管RaoulRossmann先生表示 ，接受支付宝支付可以方便中国顾客消费，同时争取市场份额。 
可乐必妥,可乐必妥,可乐必妥®(左氧氟沙星氯化钠注射液)，本品适用于敏感细菌所引起的下列中、重度感染：1.呼吸系统感染：急性支气管炎、慢性支气管炎急性发作、弥漫性细支气管炎、支气管扩张合并感染、肺炎、扁桃体炎（扁桃体周脓肿）；2.泌尿系统感染：肾盂肾炎、复杂性尿路感染等；3.生殖系统感染：急性前列腺炎、急性副睾炎、宫腔感染、子宫附件炎、盆腔炎（疑有厌氧菌感染时可合用甲硝唑）；4.皮肤软组织感染：传染性脓疱病、蜂窝组织炎、淋巴管（结）炎、皮下脓肿、肛周脓肿等；5.肠道感染：细菌性痢疾、感染性肠炎、沙门菌属肠炎、伤寒及副伤寒；6.败血症、粒细胞减少及免疫功能低下患者的各种感染；7.其他感染：乳腺炎、外伤、烧伤及手术后伤口感染、腹腔感染（必要时合用甲硝唑）、胆囊炎、胆管炎、骨与关节感染以及五官科感染等。
金秀,金秀瑶族自治县,金秀瑶族自治县隶属于广西壮族自治区来宾市，位于广西壮族自治区中部偏东、来宾市东北大瑶山主体山脉上，地跨北纬23°41'20''～24°27'58''、东经109°48'47''～110°27'20''之间。东与蒙山县相连，南与平南县、桂平市、武宣县毗邻，西与象州县接壤，北与鹿寨县、荔浦县交界。自治县境东西最大横距62.4公里、南北最大纵距93公里，面积面积2468.7901平方公里；辖3个镇、7个乡；总人口15.46万人（2014年）。2015年，金秀瑶族自治县地区生产总值达到4.07亿元。 金秀瑶族自治县主要旅游景点有莲花山、圣堂山、罗汉山、板显峡谷、花王山庄、原始森林度假村和银杉公园。 金秀瑶族自治县有“广西最大水源林区”、“国家级珠江流域防护林建设源头示范县”，“大瑶山国家级森林公园”，“大瑶山国家级自然保护区”等称号。 2011年、2013年，金秀瑶族自治县分别获科技部授予“全国科技进步工作先进县”荣誉称号。 
LF,LF,《LF》是由朱海导演的校园DV剧，由谢卓鹏、陈德智等演员出演。该剧讲述几个刚刚踏入大学门槛的学子们，开始了不一样的校园生活，展现了象牙塔里面纯真的爱情和友情。
依然,依然,依然是一个汉语词汇。读音为yīrán，常作为副词，指照往常、依旧的意思。也指依恋不舍的样子。
美德乐,美德乐,美德乐（北京）医疗科技有限公司是一家专业提供吸乳器，母乳收集、母乳喂养等专业服务的专业化公司。在超过50年的时间里，美德乐从一个瑞士小型家族式公司发展成了全球先进的吸乳器和医疗负压解决方案制造商。
一新,一新,一新，汉语词语，在全部更新的意思。
绿之源,绿之源,“绿之源”是专业从事家电清洗和家政保洁的连锁项目，其隶属于山东蓝伞国际科技开发有限公司，公司在全国首创上门清洗饮水机、油烟机服务，并研发了具有全国领先的清洗设备，该设备采用了先进的制造工艺，利用物理原理对饮水机、油烟机进行全方位一体化的清洗，解决了用传统方法清洗饮水机、油烟机不彻底、有残留、污垢易累积等不健康因素。
故乡月,故乡月,故乡月作者西宜，是连载言情小说。
王大夫,王大夫,王大夫，从事男科疾病临床工作20余年，国家权威杂志发表论文10余篇，对各类泌尿系感染疾病做长期的专题研究，具备丰富的理论知识和临床经验，将祖国医学精华与国外医学前沿科技相结合，攻克了多种泌尿系疑难杂症。尤其对泌尿外科疾病的诊断与治疗具有丰富的经验。
安托,安托,安托，拼音是āntuō，安排托付。在《金瓶梅词话》第二五回：“他爹要把淫妇安托在我屋里过一夜儿。”
华森,华森,华森是电视剧《爱情真善美》中的人物，由张丹峰饰演。
安多福,安多福,坐落在中国美丽的南海之滨深圳市，是专业从事消毒器械、抗菌产品、医疗器械等健康卫生产品的研发和制造的高科技企业。
龙虎,龙虎,龙虎一个汉语词汇，其主要作为养生术语使用，因各家有不同的说法，故龙虎的含义有多种。有穴旁左右二砂，贴身左右等意思。
京东众筹,京东众筹,2014年7月1日，京东众筹正式诞生，在新消费升级时代下，京东众筹不仅是一个为用户提供“与众，不同”的趋势性产品体验的品质生活平台，更是一个为创新创业企业发展提速的筹资与孵化平台。 
齐鲁,齐鲁,齐鲁，指今山东。东临滨海的齐国产生了以姜太公为代表的道家思想学说又吸收了当地土著文化（东夷文化）并加以发展。而春秋时期的鲁国，产生了以孔子为代表的儒家思想学说，齐鲁是中国区域范围名称，该名始于先秦齐、鲁两国，到战国末年，随着民族融合和人文同化的基本完成，齐、鲁两国文化也逐渐融合为一体。因先秦时期今山东大体分属于齐鲁两国，齐国是以山东淄博为国都，山东以东的大片土地，鲁国是以山东济宁曲阜为国都，山东以西的小块土地，故有此称。公元前256年楚国灭鲁国，公元前221年秦国灭齐国。因为文化的一体，“齐鲁”形成一个统一的文化圈，由统一的文化圈形成了“齐鲁”的地域概念。这一地域与后来的山东省区范围大体相当，故成为山东的代称。
舒尔美,舒尔美,舒尔美/SOUERMEI静脉曲张袜北京康达人和科技有限公司旗下品牌。
科颜氏,KIEHL'S,Kiehl's（科颜氏）1851年创立于纽约曼哈顿，早期Kiehl's（科颜氏）以典型的19世纪药剂师的身份，提供纽约客药水及自然成分提炼的药膏。Kiehl's（科颜氏）老店坐落在纽约第13街及第3大道的交叉口，以贩卖草药、精油、处方药、茶及蜂蜜为主。Kiehl's（科颜氏）揉和了美容、药草、药学及医学等专业领域的知识背景，逐渐建立了其独特的形象，进而发展成全方位的药局，并推出第一个以Kiehl's（科颜氏）命名的保养品；到了1960年代早期，Kiehl's（科颜氏）的药剂师们有着丰富的经验和专业知识，开始根据顾客需求研发出不同系列且男女皆适用的保养品；150多年来，Kiehl's（科颜氏）仍努力不懈地致力于提供顾客最专业的咨询服务，以及从脸部、身体、秀发甚至是运动后专用的顶级保养产品。2000年，Kiehl's（科颜氏）正式加入欧莱雅集团(L’Oreal)；2009年6月，Kiehl's（科颜氏）正式踏入中国内地开设专柜，并正式取中文名为科颜氏(此前一直被称为“契尔氏”)。Kiehl's（科颜氏）畅销多年的护唇膏(LipBalm#1)，小黄瓜植物精华化妆水(CucumberHerbalAlcohol-FreeToner)，特级保湿乳液(UltraFacialMoisturizer)和经典润肤乳(CremedeCorps)，都是大家爱不释手的明星级商品；许多好莱坞明星都是Kiehl's（科颜氏）保养品的忠诚爱用者。
Kiehl's,KIEHL'S,Kiehl's（科颜氏）1851年创立于纽约曼哈顿，早期Kiehl's（科颜氏）以典型的19世纪药剂师的身份，提供纽约客药水及自然成分提炼的药膏。Kiehl's（科颜氏）老店坐落在纽约第13街及第3大道的交叉口，以贩卖草药、精油、处方药、茶及蜂蜜为主。Kiehl's（科颜氏）揉和了美容、药草、药学及医学等专业领域的知识背景，逐渐建立了其独特的形象，进而发展成全方位的药局，并推出第一个以Kiehl's（科颜氏）命名的保养品；到了1960年代早期，Kiehl's（科颜氏）的药剂师们有着丰富的经验和专业知识，开始根据顾客需求研发出不同系列且男女皆适用的保养品；150多年来，Kiehl's（科颜氏）仍努力不懈地致力于提供顾客最专业的咨询服务，以及从脸部、身体、秀发甚至是运动后专用的顶级保养产品。2000年，Kiehl's（科颜氏）正式加入欧莱雅集团(L’Oreal)；2009年6月，Kiehl's（科颜氏）正式踏入中国内地开设专柜，并正式取中文名为科颜氏(此前一直被称为“契尔氏”)。Kiehl's（科颜氏）畅销多年的护唇膏(LipBalm#1)，小黄瓜植物精华化妆水(CucumberHerbalAlcohol-FreeToner)，特级保湿乳液(UltraFacialMoisturizer)和经典润肤乳(CremedeCorps)，都是大家爱不释手的明星级商品；许多好莱坞明星都是Kiehl's（科颜氏）保养品的忠诚爱用者。
蓝琪尔,蓝琪尔,蓝琪尔，一味药物。本品为黑色的包衣浓缩丸，除去包衣后呈褐色或棕褐色；气香，味苦、微辛。主治疏肝解郁，理气止痛，活血破瘀，消积化痰，软坚散结，补气健脾。用于乳腺增生病。
卡诗,卡诗,1964年，世界顶级专业护发品牌巴黎卡诗KÉRASTASE在法国巴黎诞生。逾50年间，巴黎卡诗秉承尖端科技、卓越品质、极致服务的传统，力求每一个护理细节的尽善尽美，承诺每一款产品的卓越功效。同时，巴黎卡诗坚持通过美发师的双手，给到顾客专业个性化的服务，给予秀发至美转变。
康达,康达集团,康达集团成立于1997年，是一家在种植业、养殖业、畜产品加工业、国际贸易和信息服务多元化发展的高科技企业集团，是以推动我国现代农业向高效益、生态化、产业化发展，将信息技术、生物工程、航天航空育种等高新技术运用到现代农牧业领域的北京市农业产业化重点企业。
康奇力,康奇力,康奇力药业位于五华县城五华河畔，是一家由原国有企业“广东康宝药业有限公司”转制成立的科技型民营企业。属下有广东五华县康和医药有限公司和广东康奇力药业有限公司中草药（岗梅）GAP种植示范基地。2003年通过了药品生产GMP认证，2007年通过了食品固体饮料QS认证和C标志认证。是梅州市原制药企业中率先通过国家药品GNP认证和食品QS认证的企业。
迪沙,迪沙,迪沙（格列吡嗪片），适应症为适用于经饮食控制及体育锻炼2-3个月疗效不满意的轻、中度2型糖尿病患者，这类糖尿病患者的胰岛β细胞需有一定的分泌胰岛素功能，且无急性并发症(如感染、创伤、酮症酸中毒、高渗性昏迷等)，不合并妊娠，无严重的慢性并发症。
朗韵,朗韵,朗韵是汉语词语，读音为lǎngyùn，意思是高雅的气质。
洁沃,洁沃,GEHWOL洁沃德文含意为行走健康，德国爱德华·洁兰赫公司（EduardGerlachGmbH）最具有代表性品牌之一，德国及欧洲知名足部护理品牌。
阿穆隆,阿穆隆,阿穆隆，1984年8月30日出生于内蒙古锡林郭勒盟正镶白旗，中国内地男歌手、演员。2007年，参加湖南卫视《快乐男声》的比赛，获得全国总决赛第八名，赛后发行首支个人单曲《思念母亲》，从而正式进入演艺圈 。2008年，发行了与许茹芸合唱的情歌《男人女人》 ；同年，出演了张瑜执导的电影《八十一格》，在剧中担纲男一号 。2009年，发行了首张个人专辑《木头人》 。2010年，出演了电影《异度公寓》。2007快男阿穆隆酒后驾车撞伤女子李荣珍，后者最终不治身亡，阿穆隆逃逸数日后投案，最终被判入狱三年半 。2012年，发行了出狱后的首支单曲《证明你的存在》 。2013年，主演音乐微电影《相遇就在寒冷的季节》 。2014年，发行了首张个人蒙古语专辑《心之印》 。2017年2月，签约造梦嘉音乐，成为旗下签约艺人 。
AMGUULAN,阿穆隆,阿穆隆，1984年8月30日出生于内蒙古锡林郭勒盟正镶白旗，中国内地男歌手、演员。2007年，参加湖南卫视《快乐男声》的比赛，获得全国总决赛第八名，赛后发行首支个人单曲《思念母亲》，从而正式进入演艺圈 。2008年，发行了与许茹芸合唱的情歌《男人女人》 ；同年，出演了张瑜执导的电影《八十一格》，在剧中担纲男一号 。2009年，发行了首张个人专辑《木头人》 。2010年，出演了电影《异度公寓》。2007快男阿穆隆酒后驾车撞伤女子李荣珍，后者最终不治身亡，阿穆隆逃逸数日后投案，最终被判入狱三年半 。2012年，发行了出狱后的首支单曲《证明你的存在》 。2013年，主演音乐微电影《相遇就在寒冷的季节》 。2014年，发行了首张个人蒙古语专辑《心之印》 。2017年2月，签约造梦嘉音乐，成为旗下签约艺人 。
SAMUEL,Samuel,Samuel，2002年1月17日出生于美国加利福尼亚州洛杉矶市，美籍流行乐男歌手 。2013年，Samuel出演了综艺节目《SEVENTEENTV》 。2015年，随二人嘻哈组合1PUNCH发行首张迷你专辑《TheAnthem》，正式出道 。2016年，与Silentó合作发行单曲《SPOTLIGHT》并凭借该歌曲获得了第26届首尔歌谣大赏世界合作奖 。2017年4月7日，Samuel以练习生的名义出演mnet音乐节目《Produce101第二季》 ；8月2日，Samuel发行首张个人迷你专辑《Sixteen》，solo出道 。
娇妍,娇妍,娇妍（广州）日用品有限公司成立于1996年，是中国生产女性护理液的先行者，自创品牌有“娇妍”、“娇研”等。
JOLLy,LOVE桥林,Love桥林是我国电子竞技著名解说人陈梁敏的土豆网注册网名。LOVE桥林就是：loveJolin（蔡依林）。因为其专业而诙谐、固定而不乏亮点的解说风格受到了广大电子竞技爱好者的欢迎。陈梁敏在电子竞技圈内被广泛称呼为“桥老湿”，由于他的电子竞技ID是u·s·T_3H·Qiaomm而被一些粉丝旎称为“桥MM”。同时，陈梁敏还是一位电子竞技业余玩家，取得了一定的成绩。
采药师,采药师,采药师指常年出没于深山林莽，以采集中草药为生的人。采药师是一个古老的职业，拥有漫长的发展历史，如今这个职业已濒临消失。神农氏、药王孙思邈、名医李时珍都是著名的采药师。在中国古代大部分郎中都有采药的经历，很多郎中还有专门的药童，采药行医是他们的工作。草药伴随着农耕时代的发展而发展，从那时候开始就有了神农尝百草的传说，神农氏被认为是中国最早从事采药的采药师。中草药是祖国医学的重要组成部分，李时珍所撰的《本草纲目》，更是总结了明代以前中国数千年的医学经验，对后世的医学、药物学影响巨大。随着时代的发展，特别是草药已经开始批量种植生产，从事采药的采药师已尽消失，只有少数边缘山区的农民以及热衷中医事业的老中医仍然坚守在采药师这个职位上。
CIC,CIC,中华联合财产保险股份有限公司根据中国保险工作的实际情况，参照国际保险市场的习惯做法（主要是参照ICC，即“伦敦保险协协会保险条款”），制定了各种涉外保险业务条款，总称为“中国保险条款”（ChinaInsuranceClauses，常用简称CIC）。一般在我国进出口合同、信用证中注明按照1981年1月1日（现行版本）修订的CIC条款由买/卖方投保**险。（也有按照CIC条款办理保险的。）
伊利欣,伊利欣,本品为高效、作用持久的三环类抗组胺药，为选择性外周H1受体拮抗剂。可缓解过敏反应引起的各种症状。
光彩年华,光彩年华,这部电影改编自英国讽刺幽默小说家伊芙琳·沃在上世纪三十年代出版的小说。这是青年导演斯蒂芬·弗雷的第一部剧情长片。
益生所艾,益生所艾,益生所艾是由上海灿艾健康科技有限公司开发的一款让养生仪器可以与手机连接的APP软件。
弥生,弥生,弥生文化是由发现弥生式陶器的东京都文京区弥生町而得名弥生时代。
YOUHOO,YOUHOO,YOUHOO是隶属于香港中环国际有限公司旗下的隐形眼镜品牌 ，主打“健康短周期”的季抛与日抛隐形眼镜。 秉承时尚、百变、玩趣理念，提供不断创新的隐形眼镜产品、服务和品质视觉体验，致力打造一个潮流眼镜品牌。 
朗通,朗通,
多芬,多芬,从事美容行业将近50年历史的多芬是全球著名的女性品牌，是联合利华最有价值的品牌之一。40多年来，多芬一直用真人来做广告。就像多芬的英文名字Dove一样，这是一个象征着希望、快乐、和平以及所有积极事物的名字。其旗下产品包括护肤品，洗发膏等。
Dove,德芙,德芙是世界最大宠物食品和休闲食品制造商美国跨国食品公司玛氏（Mars）公司在中国推出的系列产品，1989年进入中国。
敖东,吉林敖东药业集团股份有限公司,吉林敖东药业集团股份有限公司（股份代码：000623）的前身是1957年成立的国营延边敦化鹿场，于1981年建立延边敖东制药厂，1993年3月经省体改委批准改制为吉林敖东药业集团股份有限公司，1996年10月28日在深交所挂牌上市。2012年12月末，公司共控股9家从事现代中药、生物化学药和植物化学药的专业制药子公司，3家医药销售子公司，3家医药配套子公司，2家高端保健品公司，1家公路建设收费公司及参股广发证券股份有限公司、通钢集团敦化塔东矿业有限责任公司，拥有种植、养殖基地，建立了“公司+标准化基地+特许农户”的产业链经营模式，逐步发展成为“资源共享、管理科学、持续发展”的集医药业、证券业、采矿业、公路建设业为一体的控股型集团上市公司。
kerasys,kerasys,kerasys是来自韩国爱敬公司旗下的产品Kerasys的主要产品有洗发水、护发剂、香氛香皂、牙膏等从2009年至今，代言人为韩国演员韩彩英 
dodo,dodo,dodo是具有国际背景的彩妆品牌，它开创了韩国第一个彩妆品牌，其产品被韩国主要电视台KBS、MBC、SBS指定为主持人专用化妆品，被电影公司指定专用彩妆供应商。dodo公司以不断创新和敢为先驱的精神先后研制开发了CINEORA、U2B+、PALGANTONG、ISOKEIM、DODO、SEATREE、BENICO、SINFULCOLORS等多个高档彩妆护肤品牌，并开办了多所彩妆艺术学院，1998年dodo公司还应邀在中国中央电视台开办化妆栏目，二十年来，dodo以其优秀的品质多次获得国际大奖，成为世界知名的彩妆品牌。
