同仁堂,同仁堂,北京同仁堂 是全国中药行业著名的老字号。创建于1669年（清康熙八年），自1723年开始供奉御药，历经八代皇帝188年。在300多年的风雨历程中，历代同仁堂人始终恪守“炮制虽繁必不敢省人工，品味虽贵必不敢减物力”的古训，树立“修合无人见，存心有天知”的自律意识，造就了制药过程中兢兢小心、精益求精的严细精神，其产品以“配方独特、选料上乘、工艺精湛、疗效显著”而享誉海内外，产品行销40多个国家和地区。 
TRT,TRT,TRT——(BlastFurnaceTopGasRecoveryTurbineUnit以下简称TRT)高炉煤气余压透平发电装置(即TRT)是利用高炉冶炼的副产品——高炉炉顶煤气具有的压力能及热能使煤气通过透平膨胀机做功将其转化为机械能，再将机械能转化为电能。 
东阿阿胶,东阿阿胶,东阿阿胶从汉唐至明清一直都是皇家贡品。据史料考证，阿胶的应用迄今已有3000年的历史，阿胶自古以来就被誉为“补血圣药”、“滋补国宝” 
燕之屋,燕之屋,燕之屋连锁机构是中国知名专营燕窝的企业，始于1997年。燕之屋连锁机构总部与辐射全国各地的燕窝连锁店，形成一个生产、研发、加工、设计、销售、服务多位一体、有序循环的连锁网络体系。十几年来，燕之屋致力于高品质的燕窝的研究和经营，取得许多突破性的创举。其率先推出的“燕之屋燕窝专卖店模式”成为行业内典范；其独创的燕窝“一站式”服务，开创了中国人享受燕窝的全新风尚十几年的探索与总结，针对燕窝专营连锁，形成了一套燕之屋所独有的、既完整又细致的营运标准，通过高效、反复、持续的培训，“克隆”了一个又一个充满活力的连锁店。在燕窝这个健康产业的腾飞，不仅使燕之屋成为行业翘楚，也使燕之屋更加关注并参与“和谐社会”的构建。燕之屋提出“以人为本，和谐共进”的企业宗旨。在企业内部，重视员工的心灵建设；对加盟事业，强调健康发展；及社会大众，乐于参加各慈善活动。
雷允上,雷允上,吴门名医雷大升（1696--1779年）字允上，号南山，自幼读书习医，清康熙五十四年（1715年）弃儒从医。清雍正十二年（1734年），雷大升在苏州阊门内专诸巷天库前周王庙弄口，开设了诵芬堂老药铺，始创雷允上药业。雷大升著有《金匮辨证》、《要症方略》、《经病方论》、《丹丸方论》等典籍。由于医术高明治病有方，于是“雷允上”名声遍闻苏州，蜚声杏林。
修正,修正,修正是一个汉语词汇，拼音是xiūzhènɡ，指改正；品格端正，亦指遵行正道的人。出自《汉书·贾山传》：“举贤以自辅弼，求修正之士使直谏。”
康美,康美,康美，1959年9月26日出生，汉族，现居住于北京。当代著名油画家、学院派画家，山西朔州美协主席，北京油画学会会员。
正官庄,正官庄,正官庄，是一个韩国高丽参的品牌老字号，从1899年创立人参专卖以来，已经有一百多年的历史，曾经历专卖厅、韩国烟草人参公社、韩烟人参股份等的时代。
桃花姬,桃花姬阿胶糕,桃花姬阿胶糕由国内最大的阿胶生产企业山东东阿阿胶股份有限公司针对都市白领推出的保健零食，2007年推出市场后，成为阿胶糕品类的领导品牌，“熬好的阿胶”作为桃花姬阿胶糕的产品定位更被人所熟识。桃花姬阿胶糕有滋阴养血、润燥、美容养颜、增强免疫力的功效，已经成为都市白领养颜滋补的首选佳品。11月13日，东阿阿胶·桃花姬荣获首届中国特色旅游商品“百金百银”银奖。 
神农金康,神农金康,神农金康公司是专业从事原生态原叶养生茶研发、生产、销售的集团企业，是中国茶疗产业的领航者及行业规范的制定者，致力于打造从茶山到茶杯的全产业链茶疗企业，为消费者提供最纯粹的茶疗珍品，让每一位消费者感受并体验中华五千年茶疗的精髓，实现人类“不因老而衰，不因病而亡”的最高茶疗养生境界。
云南白药,云南白药,云南白药，云南省江川县特产，中国国家地理标志产品。云南白药白药是云南省出产的传统中成药，由于对止血愈伤，活血散瘀，消火去肿，排脓驱毒，具有良好疗效，因此成为主治各种跌打损伤、红肿疮毒、妇科血症、咽喉肿痛和慢性胃病的特效药品，从二十世纪初行销于世以来，蜚声中外，历久不衰，被誉为伤科圣药。近年来研究发现，云南白药还具有抗癌、抑制肿瘤的作用。云南白药是由云南民间医生曲焕章吸取民间传统配方，经过多年钻研和实践而首创配制的，最初取名为“百宝丹”，后称云南白药。目前，云南白药有传统瓶装和胶囊剂白药两种。
草晶华,草晶华,草晶华·破壁草本是中山市中智药业集团有限公司(股票简称：中智药业;股票代码：03737.HK)下属子公司中山市中智中药饮片有限公司自主研发生产的养生草本新品。草晶华·破壁草本是运用现代破壁粉碎技术，把药材细胞壁打破，在不添加赋形剂的情况下制成30-100目颗粒(国家发明专利)，可直接冲泡服用的新型养生草本。具有更好吸收，服用便捷等特点。中草药采用超微粉碎技术处理后，药材有效成分能最大限度地释放出来，有效成分吸收利用率达到90%以上，药物起效时间显著缩短，对人体的作用更强、更全面，明显提高了生物利用度。 
靠山庄,靠山庄,靠山庄为一地名，是一个自然村。其位于河北省保定市顺平县蒲上镇境内。
寿仙谷,寿仙谷,寿仙谷是省级风景名胜区，位于武义县西南部的王宅镇石井里村，距武义县城20公里，是个丹霞地貌向火山岩地貌渐变的峡谷景观。相传为南极寿翁故里，神仙皆居好山水，可见此处风光奇。难怪古诗人惊叹：“天高重霄九，地美大莱口，山青水又秀，古井称魁首。”
康维他,康维他,
吉雪,吉雪,吉雪是悬疑犯罪刑侦推理剧《见习法医》中的女主角，由陈冰饰演。她外貌出众，才华横溢，是一个真正的天才，旁人眼中的完美女神。16岁考入了中国最好的医科大学之一的华南第一医科大学临床专业，19岁被哥伦比亚大学录取，25岁取得了心理学和法学双博士学位，后被新海市公安局技术中队特招入伍，成为一名法医。
仲景,仲景,仲景，汉末著名医学家张机的字。唐刘知几《史通·人物》：“若元则仲景时才重於许洛，何祯许询文雅高於扬豫。”《中国近代文论选·读新小说法》：“不解此理，则求金鸡那于《本草》，比库雷唉以仲景，盲探瞎索，无有是处。”
庄民,庄民,庄园农民，包括名主、田堵等地主阶层和租借庄园土地的直接耕作者。自垦地系庄园的庄民多是领家的奴婢和流入的浮浪人等。庄民有承担年贡、公事、徭役等义务。
胡庆余堂,胡庆余堂国药号,“江南药王”胡庆余堂，系清末“红顶商人”胡雪岩于公元一八七四年（清同治十三年）创建，地处杭州历史文化街区清河坊，是国内保存最完好的晚清工商型古建筑群，系徽派建筑风格之典范。整个建筑形制宛如一只仙鹤，栖居于吴山脚下，寓示“长寿”。恢宏的建筑，辉煌的大厅，精湛的雕刻，以及它特立独行的经营格局至今风貌犹存。 一百四十多年过去了，胡庆余堂国药号始终秉承“戒欺”祖训、“真不二价”的经营方针，已成为保护、继承、发展、传播祖国五千年中药文化精萃的重要场所，是杭州人文历史文化不可或缺的重要组成部分。胡雪岩开创的经营之道、经营技巧以及胡庆余堂百余年沉淀的深遂中药文化，也多有著书立说或拍成电视剧广于颂扬称道。1988年胡庆余堂被国务院定为全国重点文物保护单位、2002年，胡庆余堂上榜中国驰名商标；2003年，“胡庆余堂”被认定为浙江省首届知名商号；2006年，胡庆余堂中药文化入围首批国家级非物质文化遗产名录、国药号也被商务部认定为首批中华老字号，党和国家领导人江泽民、李鹏、朱镕基、尉建行、李瑞环、李岚清等先后亲临博物馆，并挥毫题词，殷情勉励。“江南药王”胡庆余堂国药号已然成为全国最具历史风貌、最具人文特征、最具观赏价值的中华老字号，也是全国唯一一家双国宝单位。
万松堂,万松堂,万松堂集团是一家专门开发、生产与经营保健茶、养生茶、传统茶叶、茶食品、茶饮品、特种茶等的现代化高科技集团，其前身为百年老字号万松堂养生茶铺，沿袭正统皇室制茶工艺，采用业内较高生产工艺标准制茶，是业内人士认可的价值潜力茶业品牌。
敖东,吉林敖东药业集团股份有限公司,吉林敖东药业集团股份有限公司（股份代码：000623）的前身是1957年成立的国营延边敦化鹿场，于1981年建立延边敖东制药厂，1993年3月经省体改委批准改制为吉林敖东药业集团股份有限公司，1996年10月28日在深交所挂牌上市。2012年12月末，公司共控股9家从事现代中药、生物化学药和植物化学药的专业制药子公司，3家医药销售子公司，3家医药配套子公司，2家高端保健品公司，1家公路建设收费公司及参股广发证券股份有限公司、通钢集团敦化塔东矿业有限责任公司，拥有种植、养殖基地，建立了“公司+标准化基地+特许农户”的产业链经营模式，逐步发展成为“资源共享、管理科学、持续发展”的集医药业、证券业、采矿业、公路建设业为一体的控股型集团上市公司。
宝芝林,宝芝林,“宝芝林”是一个药店，是黄飞鸿一生中行医济世、广收门徒的重要场所。宝芝林是取宝剑出鞘，芝草成林之意。1924年8月，广州国民政府镇压商团暴乱，“宝芝林”受到牵连而被烧毁。
百瑞源,百瑞源,宁夏百瑞源枸杞产业发展有限公司位于宁夏国家级经济技术开发区——银川德胜工业园区，是一家专业从事枸杞研发、种植、加工、营销于一体的全产业链高科技民营企业。旗下品牌百瑞源荣获“中国驰名商标”。
ANB,ANB,ANB是厦门的潮流品牌公司，主要为服饰设计。
早康,早康,"早康"是宁夏早康枸杞股份有限公司注册的枸杞品牌商标。早康公司成立于1999年，由宁夏中宁县早康枸杞开发有限公司股份制改制而来，公司注册资金5000万元，是国内最大的优质枸杞系列产品供应商之一 。2014年1月24日顺利在全国中小企业股份转让系统（俗称“新三板”）挂牌，成为首家登陆我国多层次资本市场的枸杞深加工企业。早康枸杞证券名称：早康枸杞，证券代码是430631 。
宫诺,宫诺,宫诺是长沙恩邦生物科技有限公司旗下品牌。源于古代宫廷养生理念，致力于全天然高品质、高纯度营养补充剂产品的研发、销售和推广，服务于人类的健康。
楼上,楼上,《楼上》是2009年上映的德国电影，由Robert-AdrianPejo执导，卢克·贝里，凯莉·哈里森等人主演。《楼上》讲述年轻设计师WardWeaver看到了一个房产出租广告，来到了漂亮女钢琴师GraceStearn位于密西根州的家中。她独自生活，因为一次事故导致Grace双目失明，并且陷入了财政危机。为了维持生活，她教10岁的Emily学钢琴，并决定把楼上出租给Weaver。但是，Grace对WardWeaver却知之甚少，Weaver和她玩起了阴险游戏。为了生计，她别无选择，只得驱逐他。但是Weaver并不打算离开。现在，只能靠Grace自己摆脱这个可怕的噩梦。
康富来,康富来,香港康富来集团是一家国际性集团公司，在香港、东南亚及加拿大等地均有投资及贸易发展，受到各地政界及商界的重视。在中国国内主要从事新型食品、保健品、药品的专业研究、开发、生产、销售以及房地产、工业城等地产业相关项目的开发。
杞里香,杞里香,杞里香是一家专注于网络渠道宁夏枸杞的零售和批发，自主生产并拥有自主品牌，通过从采购，加工，销售方面高效运作为客户最大限度减少中间环节，把宁夏中宁枸杞直接从产地直销到全国各地，最终为客户提供质优价廉的枸杞的公司。
神象,神象,神象 作为上海医药集团股份有限公司旗下专注于中药保健养生产品的专营品牌公司，以上海上药神象健康药业有限公司为经营主体 为经营主体，主营野山参、冬虫夏草、石斛枫斗、西洋参、燕窝等中药滋补品及其深加工产品。
古方,古方,古方R商标所有人为黔西南古方红糖有限责任公司，该品牌用于黔西南古方红糖有限责任公司生产红糖。古方牌红糖不采用现代工业化制糖工艺，不添加磷酸、硫磺等化学物质，而以手工精制，天然保留了甘蔗的全部营养与原味清香。
绿萝花,绿萝花,绿萝花，有两个不同的涵义：一是植物绿萝开的花卉名称；另外一个是学名结香，灌木，春季开花，花香浓郁。绿萝花可以泡茶喝，绿萝花（茶）对糖尿病，冠心病，高血压，各种血管炎症有效果。
鹤年堂,鹤年堂,“老字号”最令北京人津津乐道。但目前北京所谓老字号者，大都是百年前乃至几十年前出现的，若以时间先后计，在北京城中，要首推位于菜市口的“鹤年堂”了。北京鹤年堂成立于1405年（明永乐三年），是由元末明初著名回回诗人、医学养生大家丁鹤年创建的。鹤年堂原址座落在现宣武区菜市口大街铁门胡同迤西路北，骡马市大街西口，与丞相胡同相对，与回民聚居的牛街相邻。鹤年堂是真正的“老北京”，它比故宫和天坛要早十五年，更要比地坛早一百二十五年。
蜜纽康,蜜纽康,“蜜纽康（ManukaHealth）”，是知名度较高的蜂产品品牌之一。新西兰是全球高端蜂产品的主要出口国，在新西兰的蜂产企业中，蜜纽康拥有丰富的产品线和广阔的出口市场。
仙芝楼,仙芝楼,仙芝楼是中国灵芝行业中的著名企业，她始创于1989年，在20多年的企业发展岁月中，仙芝楼人始终恪守着“传承千年养生文化，缔造全民健康工程”的企业理念，全心致力于有机原木灵芝的栽培、研发、生产和销售事业，并逐步建立和完善了现代化企业构架。
黄金海岸,黄金海岸,黄金海岸是澳大利亚的假日游乐胜地，位于澳大利亚的东部沿海。这里有明媚的阳光、连绵的白色沙滩、湛蓝透明的海水、浪漫的棕榈林，来到这里的旅游景点天堂农场，还有跳伞，冲浪的等诸多户外项目，黄金海岸的中心就是冲浪者天堂（SurfersParadise）。
恩珍源,恩珍源,“恩珍源”是由韩国人参公社全资投入-吉林韩正人参有限公司倾力铸就的顶级红参品牌。“恩珍源”传承115年韩国人参公社高丽红参的炮制科技和管理经验，严选纯净长白山人参原料，使用世界先进设备打造系列红参产品。首批上市的产品包括模压红参、红参蜜片和红参茶，正在注册中的有10 种保健食品 ，后期还将引进韩国KGC畅销产品，并在中国研发适合中国消费者的新品 。
小仙炖,小仙炖,小仙炖 鲜炖燕窝由国家一级健康管理师、国燕委常务副理事长林小仙 打造，创立鲜炖燕窝5大标准 。小仙炖创立于2014年， 曾获得360董事长周鸿祎 、新东方教育集团董事长俞敏洪 、洪泰基金创始合伙人盛希泰、影视演员陈数等人的投资 。目前，其已经在北京建立3000余平方米的燕窝加工中央工厂，并同顺丰冷链合作实现“定制生产、24小时送达” 。 小仙炖经过了国家级鲜炖QS食品生产标准认证 2015年4月7日，燕窝互联网品牌小仙炖获得150万天使融资，与印尼及马来西亚燕窝厂商展开了更深度的合作。 小仙炖获得2000万元人民币A轮融资， 由演员陈数领投， 梦泉时尚集团跟投。 2016年7月， 小仙炖获得了包括36氪股权投资参与在内的千万人民币pre-A轮融资。 
旗黄,旗黄,旗黄是湖北金鹰生物科技有限公司旗下注册的商标，注册成功于2015年08月21日. 
福牌阿胶,福牌阿胶,福牌阿胶是福胶集团的品牌，来自“中国阿胶之乡”——东阿镇。现福胶集团已经成为阿胶业界唯一的中华老字号企业，其传统熬胶技艺也已被列入国家级非物质文化遗产名录。福牌阿胶的生产，继承总结了东阿镇2500多年的阿胶制作技艺精华，在传统熬胶工艺的基础上，形成了独具特色的与现代科学技术相结合的生产流水线和质量监控系统，被认定为山东省高新技术企业。多年来，福胶集团一直是阿胶工艺、阿胶质量标准的主导者，参与各部药典标准的制定，为建立统一的阿胶质量标准及行业标准做出了突出贡献。
正典燕窝,正典燕窝,
龙宝,龙宝,龙宝是北京学慧乐科技文化有限公司推出的“开心学慧乐”系列幼教订阅产品的主卡通人物形象。龙宝和他的小伙伴们组成的“龙宝家族”将伴随小朋友们健康快乐的成长。
南之禾,南之禾,南之禾（NANZHIHE）是滋补类三七品牌，隶属于云南书达商贸有限公司，由CEO张元昭于2009年创立，一直致力于输出专业的三七知识。
汪氏,汪姓,汪姓起姓于安徽的汪芒氏的汪姓和山东以邑为姓的汪姓，是我国早期历史上汪姓在南北方繁衍的中心地带。其中北方的山西省境内发展成了一大望族。东汉末年，汪文和迁居新安（今安徽歙县），发展成为新安一带望族，唐代汪华封越国公。世居今安徽歙县，家族甚旺。宋代以后，汪姓迅速繁衍起来，成为我国南方的一个典型大姓。 
芝神堂,芝神堂,芝神堂隶属于上海芝神生物科技有限公司，创立于1990年。旗下有：安徽芝神堂药业公司等生产型企业。芝神堂灵芝系列产品是以中国安徽大别山为基地，经多年研制并开发注册创立的著名品牌。立足上海闻名全国，产品并出口远销至美国、日本等发达国家。 
泰然堂,泰然堂,
宁安堡,宁安堡,镇北堡（音普）、宁安堡、平吉堡，这些在古代就已使用的地名，很多被宁夏人延用至今，而其蕴含的历史文化也正逐渐被世人所解读。正如今天人们一提起中国电影就会想到“镇北堡”一样，宁安堡在过去以其家喻户哓的“宁安枸杞”闻名于世。
国老,国老,国老有四重解释，一是指告老退职的卿、大夫、士；二是掌管教化的官职；三是特指国之重臣；四是甘草的别称。
中科,中科,zhōnɡkē，犹中品，中等。《周书·苏绰传》：“今之宰守，当勤於中科，而慕其上善。如在下条，则刑所不赦。”
海晏堂,海晏堂,圆明园古迹海晏堂“海晏”一词取意“河清海晏，国泰民安”。《文苑英华》唐郑锡《日中有王字赋》：“河清海晏，时和岁丰”河，黄河；晏，平静。“河清海晏”也作“海晏河清”，意指黄河水流澄清，大海风平浪静。此语用以比喻天下太平，有歌颂世界和平的吉祥涵义。中国皇家园林圆明园中观赏实用性建筑“海晏堂”之名也出于此。此建筑群的精华——十二生肖铜雕以水报时，闻名世界。
HYT,HYT,沃益多---HYT(HighYieldTechnology“高产技术”产品)是源于美国，由挪威AgrinosAS全球推广的高效微生物菌肥系列产品。沃益多(HYT)是由美国生物学家团队，经过数年研究开发出的高活性土壤微生物菌种，在上世纪90年代开始推广应用，在过去20年中不断发展成熟。沃益多产品实现了生物学和土壤微生物技术上的重大突破。
永刚,永刚,永刚，本名张永刚，男，汉族，1980年9月出生，辽宁省大石桥市人，中国传媒大学新闻专业毕业，本科学历。
南北朝,南北朝,南北朝（420年—589年 ）是南朝和北朝的合称。南北朝时期是中国历史上的一段大分裂时期，也是中国历史上的一段民族大融合时期，上承东晋十六国下接隋朝，由420年刘裕代东晋建立刘宋始，至公元589年隋灭陈而终。南朝（420年—589年）包含刘宋、南齐、南梁、南陈四朝；北朝（386年—581年）则包含北魏、东魏、西魏、北齐和北周五朝。南北两方虽各有朝代更迭，但长期维持对峙形势，故称为南北朝。南北朝前期仍是士族政治，社会阶层分为士族、齐民编户、依附户及奴婢，对外交流也很兴旺，东到日本和朝鲜半岛，西到西域、中亚、西亚，南到东南亚与南亚。此时也出现民族大融合的趋势，比如北魏孝文帝改革，进一步加速少数民族封建化（汉化）的步伐。 
芝人堂,芝人堂,芝人堂集团（中国）有限公司成立于2009年，旗下有：济南芝人堂大药房有限公司、泰安市泰山利华灵芝保健品有限公司、泰安市岱岳区下港乡芝人堂灵芝培植基地等多家单位。芝人堂灵芝基地坐落于风景秀丽、山清水秀的五岳之尊---泰山脚下，得天独厚的地理环境保证了芝人堂灵芝产品的优良品质。
SHOYO,SHOYO,SHOYO 是北京美若天成商贸有限公司旗下食品品牌，品牌创立于2016年04月12日。 
沃森,詹姆斯·杜威·沃森,詹姆斯·杜威·沃森（JamesDeweyWatson），20世纪分子生物学的带头人之一，1953年和克里克发现DNA双螺旋结构_（包括中心法则），获得诺贝尔生理学或医学奖，被誉为“DNA之父”。DNA双螺旋结构发现是20世纪最为重大的科学发现之一，和相对论、量子力学一起被誉为20世纪最重要三大科学发现。 继爱因斯坦发现相对论之后的又一划时代发现，标志着生物学研究进入了分子层次。作为现代生命科学和基因组科学的权威，在沃森等人的推动下，“生命登月”工程——人类基因组计划在过去10多年里成功得以实施，人类第一次拥有自己的基因图谱。 在生物学历史上惟一可与达尔文进化论相比的最重大的发现，它与自然选择一起，统一了生物学的大概念，标志着分子遗传学的诞生。是科学史上的一个重要里程碑。当时年仅25岁的沃森则一鸣惊人，成为公众心中令人瞩目的科学英雄，为人类作出了巨大贡献。 1962年与莫里斯·威尔金斯、弗朗西斯·克里克三人获得诺贝尔生理学或医学奖。 1968年~2007年间，沃森任冷泉港实验室主任，带领冷泉港实验室成为世界上最好的实验室之一 2012年沃森被美国《时代周刊》杂志评选为美国历史上最具影响力的20大人物之一。 
胶源堂,胶源堂,
Swisse,Swisse,Swisse，1960年创建于澳大利亚墨尔本 ，是澳洲知名品牌 ，是澳大利亚自然健康品牌 。 
康恩贝,康恩贝,康恩贝是康恩贝集团有限公司的控股子公司，是一家集药品研发、生产、销售及药材种植为一体的医药上市企业。公司于2004年4月在上海证券交易所上市，股票代码为600572。公司注册地为兰溪，管理总部设在浙江省杭州市，公司在杭州、兰溪、金华，以及江西、云南、内蒙古、四川等地拥有先进规范的药品生产基地，并在兰溪建有国内最大的现代植物药制造基地——康恩贝植物药产业园。
树德堂,树德堂,中药店名，树德堂，明清时候易洲药店老子号。居易洲城内蔡家胡同南口。明永乐年间有蔡姓开办该店隐居在易洲城内。清道光年间蔡后裔衰落，药店被厂城皇粮庄头张海环接管。张海环为大绅士，又为当地名医，该店重新繁荣。
轻氧,轻氧,网络作家。07年投身网文大军，混迹潇湘、红袖，马甲众多，有过两年为青春风格杂志写作的经历。后签约网站。现为华音倾弦广播剧组编剧组成员。
百花,百花,各种花。
M,摩尔质量,单位物质的量的物质所具有的质量称摩尔质量（molarmass），用符号M表示。当物质的量以mol为单位时，摩尔质量的单位为g/mol，在数上等于该物质的原子质量或分子质量。对于某一化合物来说，它的摩尔质量是固定不变的。而物质的质量则随着物质的量不同而发生变化。
怀山堂,怀山堂,怀山堂是怀药商行，源自清乾隆三十八年（公元1773年），其创始人为清朝“怀山堂”第一代传人康玉生，历经河南温县康家八代相传，迄今已有240多年历史，现任董事长康明轩。2016年11月22日，怀山堂生物科技股份有限公司在全国中小企业股份转让系统即“新三板”正式挂牌股票代码839834。在“新三板”的成功挂牌，标志着怀山堂在健康养生食品产业之路上又迈出了坚实的一步。 
王春喜,王春喜,姓名：王春喜性别：男职务：武警天津总队医院癫痫科主任医师毕业院校：湖南中医学院毕业专业：癫痫科职称：主任医师、副教授、博士生导师
医容堂,医容堂,医容堂APP是一款能够为用户寻找到现代美疗理念的应用程序。 
红印,红印,《红印》是2008年03月黑龙江龙脉影艺影视有限公司报备拍摄的电视剧。导演是金韬。
山滋情,山滋情,山滋情，商标申请注册号20179783，注册号类5，申请人是吉林朗朗东北土特产电子商务有限公司。 
白兰氏,白兰氏,白兰氏（BRAND‘S），亚洲知名保健品牌，在悠久的品牌发展中，始终秉持不断探索的精神，求精求变，不断超越，带来值得信赖的高品质保健美容产品。白兰氏品牌由食益补太平洋有限公司所有，食益补太平洋有限公司（英文名：CerebosPacificLimitedCo）是新加坡交易所主版上市公司，并在亚太区多个国家和地区设立了工厂和公司。
BRAND'S,Brand's,Brand's（白兰氏），一家食品公司的品牌，由食益补太平洋有限公司持有。
无限能,无限能,《无限能》是李连杰在2015年拍摄的广告片，拍摄地点是云南保山市腾冲县。
呀啦嗦,呀啦嗦,《呀啦嗦》是藏族青年歌唱家、中国人民解放军总政歌舞团独唱演员泽旺多吉演唱的一首单曲，发表于2010年4月。
张太和,张太和,张太和，明代钱塘人。善为曲，著有《曲录》叙红拂奔李靖故事，极为汤显祖所赏。
汉阳树,汉阳树,汉阳树位于武汉市汉阳区凤凰巷（现建桥街汉阳树巷）12号的庭院内，是一棵古银杏树，树龄530年，高28米、胸径1.5米，冠幅达21.8米。它是武汉市城区最老的树，因它坐落在汉阳，而被俗称为“汉阳树”。清·同治年间汉阳柏泉三甲张氏十五世祖张行方将凤凰巷12号宅院买下并给庭院取的堂号取名“张教忠堂”，雅号“银杏轩”，自称“银杏轩主”。“银杏轩”是座面北的两层楼大三合院，南北长五十米，从凤凰巷12号大门至汉阳树公园铁栏杆院墙外“汉阳树”碑石处；东西宽约二十米，从西边的院墙，至现五医院住院部。他把银杏树东西两侧的厢房作为儿子的书房，为儿子买了很多书，还有意结交一些读书人。后来张仁芬将南边的几个房子买下使该宅院往南延伸到显正街，并取名为“怀清斋”。“怀清斋”南北长一百米，东西宽二十米。这所庭园是当地的地标性建筑，元代是安南国王陈益稷的“安南花园”，后归太常寺少卿王秩所有，明万历年间是布政使萧丁的宅邸。清康熙年间，督察院左都御史江蘩购得后，命名为‘江氏林园’。无独有偶，几代前的老祖母江兰，就是江蘩的妹妹，可说行方仁芬父子是隔代的外甥回舅家。《汉阳历史文化》、《巍巍汉阳树-记怀清斋主人张仁芬》
东阳光,东阳光,东阳光是一家股份制研发型企业，现有四大生产基地，共有员工1.5万人，主要从事铝业、药业、养生三大产业。
金日,金日,金日，MuSikim品牌创始人，朝鲜族，生于黑龙江哈尔滨。祖籍韩国庆尚北道，毕业于哈尔滨商业大学德强商务学院。金日时尚服饰有限公司主要创始人之一，现任金日时尚服饰有限公司首席执行官。
贺爷,贺爷,
道地,道地,道地，指代人事先疏通，以留馀地；实在；合适。语出《汉书·酷吏传·田延年》：“丞相议奏延年‘主守盗三千万，不道’。霍将军召问延年，欲为道地。”
灵叶,灵叶,灵叶，自幼喜爱传统文化，童年时期，五岁开始以俗家弟子身份在广济寺生活14年。1987年毕业于北京商学院。大专、商业管理专业。
沃福百瑞,沃福百瑞,沃福百瑞简介：沃福百瑞全称为：宁夏沃福百瑞生物食品工程有限公司成立于2000年，注册资金1680万元，是以生物工程、食品工程设计、研究、开发、生产、销售为一体的高科技民营企业。公司遵循“诚信、敬业、创新、发展”的创业方针，致力于地方特产资源的开发和高新技术的应用研究。
天使艾美,天使艾美,天使艾美是北京天使艾美生物科技有限公司旗下品牌之一！
江山,江山,江山市，浙江省衢州市代管县级市，位于浙闽赣三省交界处，是浙江省西南部门户和钱塘江源头之一。1987年撤县设市，区域总面积2019平方公里，人口46.79万（2010年），浙赣铁路复线和黄衢南高速公路贯穿全境。主要景点有江郎山景区、清漾景区、廿八都古镇、浮盖堆石洞群、和睦彩陶文化村、仙霞岭景区、戴笠秘宅、石鼓峡谷、月亮湖景区、市区景观等。 江山先后被命名为“中国猕猴桃之乡”、“中国白鹅之乡”、“中国白菇之乡”、“中国蜜蜂之乡”、“中国水泥之乡”、“中国木门之都”、“江南毛氏发祥地”、“毛泽东祖居地”、首个“中国村歌之乡”、“中国幸福乡村”。 2017年6月，江山市被命名国家卫生城市。
JS,javascript,JavaScript一种直译式脚本语言，是一种动态类型、弱类型、基于原型的语言，内置支持类型。它的解释器被称为JavaScript引擎，为浏览器的一部分，广泛用于客户端的脚本语言，最早是在HTML（标准通用标记语言下的一个应用）网页上使用，用来给HTML网页增加动态功能。在1995年时，由Netscape公司的BrendanEich，在网景导航者浏览器上首次设计实现而成。因为Netscape与Sun合作，Netscape管理层希望它外观看起来像Java，因此取名为JavaScript。但实际上它的语法风格与Self及Scheme较为接近。 为了取得技术优势，微软推出了JScript，CEnvi推出ScriptEase，与JavaScript同样可在浏览器上运行。为了统一规格，因为JavaScript兼容于ECMA标准，因此也称为ECMAScript。
盐阜,盐阜,江苏盐阜区成立于1941年（民国30年）9月1日。因行政公署设立在阜宁县陈集，所以取其“阜”字，称为“盐阜”。“盐阜”一词由此而来。
WOHO,woho,WOHO国际教育拥有热诚的员工和强大的研发能力，核心管理团队分别来自于国际早期教育协会、中国老教授协会及国内知名的早幼教机构的专家，在企业及幼儿园发展战略咨询，中高层管理人员培训经验，等领域积累了丰富的经验。“WOHO”教育品牌是隶属于香港文浩才智国际教育集团（WOHO国际），WOHO商标由知名专业设计师设计，并且在香港工商事务局商标注册合法保护，是国际知名幼儿教育品牌，该品牌得到了ACEI国际早期教育协会（香港）的认可，国际早期教育协会是WOHO国际品牌长期技术支持机构。 北京文浩才智教育（WOHO教育）是香港文浩才智国际教育集团在中国大陆的唯一子公司，是ACEI国际早期教育协会（香港）中国代表处。北京文浩才智教育成立之初便致力于成为“国内领先的幼儿园发展综合解决方案服务供应商”。经过一年多的充分市场调研及120家国内幼儿园运营案例研究，结合目前欧美幼儿园最新发展趋势，尤其是得到了北京师范大学老教授协会强大的技术支持，WOHO国际教育品牌正式推出了系列幼儿园发展综合解决方案，全力帮助我们的加盟幼儿园商业成功，并通过我们的共同努力，推动中国幼儿教育事业的快速和谐发展。
东仔,陈亦楠,作为90后新生代综艺主持人，09年就读于北京师范大学珠海分校播音与主持艺术专业。
三奇堂,三奇堂,三奇堂是以制造、科研、商贸为一体的中型股份制高新技术企业。企业自始以来，已拥有近十名国家级专家和数十名高级技术人才。下设有药品、保健品、健康相关产品科研机构。已逐步形成科、工、贸一体化体系。已具备严格科学的管理体制和一个优秀、坚实的领导班子。 
墨源,墨源,墨源 ，国家一级美术师，享受国务院特殊津贴，中国美术家协会会员，中国书法家协会会员，中央美术学院教授，外交部画院画师，中国文化收藏品专项基金委员会创作顾问，人民日报社特聘画家，神州珍藏画院首席山水画家，中国书画家协会理事，民族之魂艺术馆艺术顾问。
位元堂,位元堂,位元堂于清光绪23年（1897年），由几位出身官宦世家的合伙人创办，传统的制药秘方，世代相传。上世纪50年代，位元堂从广州前往香港，并于1980年，正式成立位元堂药厂有限公司及获得商标专利注册。2001年被上市公司宏安集团收购注资，其后成为上市公司，与时并进，精益求精。从家族合资到集团进驻，位元堂见证了一个世纪的岁月变迁。多年来，位元堂一直本着“以诚意用心造药，凭信誉继往开来”的企业宗旨，秉承一贯优良传统，安旧立新。一直以来，位元堂对药材和产品的坚持，不但令品牌赢得了广大顾客的信赖，更奠定了其“中药名牌，名牌中药”的领导地位。
HB,血红蛋白,血红蛋白英文缩写为HGB或Hb。血红蛋白是红细胞内运输氧的特殊蛋白质，是使血液呈红色的蛋白，由珠蛋白和血红素组成，其珠蛋白部分是由两对不同的珠蛋白链（α链和β链）组成的四聚体。现在多统一采用国际单位制，以每升（一千毫升）血液中有血红蛋白多少克为准。血红蛋白与红细胞的使用价值近似，血红蛋白的升高和降低可参考红细胞升高与降低的临床意义。
艺福堂,艺福堂,“艺福堂”创立于2008年，取“百年福气，茶艺满堂”之意，其创始人为李晓军，主张做老百姓喝得起的健康茶，引导年轻人喝茶，被都市快报誉为“改变千百年来行业规则的创新者” 。为杭州市首批大学生创业企业，是电子商务领域中一家集生产、销售、科研为一体的现代茶业企业。艺福堂主打西湖龙井，兼营世界各地名优茗茶及花草茶、茶具，是中国茶行业为数不多的年销售额过2亿的品牌之一，也是全球十佳网商、互联网茶叶领导品牌、杭州市农业龙头企业、杭州市十大产业重点企业、杭州市著名商标。
肌活,肌活,肌活是天津肌活科技发展有限公司注册的商标名，主要有食用燕窝、食用海藻提取物、食用鱼胶、沙丁鱼（非活）、鱼制食品、海参（非活）、鱼翅、水果罐头等产品。
草觉堂,草觉堂,
百年堂,百年堂,百年堂是一家成立于2009年的阿胶生产企业。
汤臣倍健,汤臣倍健,汤臣倍健创立于1995年10月，2002年系统地将膳食补充剂引入中国非直销领域，并迅速成长为中国膳食补充剂领导品牌和标杆企业。2010年8月，国际篮球巨星姚明签约成为汤臣倍健的形象代言人，同年12月15日，汤臣倍健在深圳交易所创业板挂牌上市。十几年来，汤臣倍健坚持执行“三步走”的差异化全球品质战略，从全球原料采购到全球原料专供基地建立，再到全球自有有机农场建立。迄今为止，汤臣倍健原料产地遍及世界各地23个国家和地区，并在巴西、澳大利亚等地建立了五个原料专供基地，自有有机农场也在筹建中。在全球范围内不懈甄选优质原料，汇聚世界各地的营养精粹，构筑起优中选优的营养品联合国。
世斛堂,世斛堂,世斛堂是一家集研发和销售为一体的传统滋补食材品牌商。公司主营的产品有：石斛、西洋参、虫草花、枸杞、玛卡、冬虫夏草等养生滋补食材。世斛堂产品遵循“全是好货”的开发原则，专注于滋补养生产品的甄选汇集，开发整合，不断优化产品品类，产品结构和用户品牌体验，力图精益求精。在新产品的开发上，不求有多快，只求稳步抓品质。世斛堂的所有产品采取最严格的检测，做到批批检，真正给消费者一个信心。本着诚于心立于信的做事原则，真诚的服务于我们每一位客户。
晨曦,晨曦,晨曦，汉语词语，拼音是chénxī，意思是清晨的阳光，象征温暖，光明。一般指早上5-7点的时光，温柔的唤醒，这便是晨曦的魅力。
陈李济,陈李济,陈李济，由广东南海人陈体全（？—1749）和李升佐创立于1600年，是我国现存最古老的中药企业，比浙江人乐显扬创建的同仁堂还要早69年。这是一家拥有吉尼斯世界记录的"最古老的正在运营的制药厂"，比外国最早的制药企业德国默克还要早68年。
林岛,林岛,《林岛》是萧度然创作的网络小说，发表于晋江文学网。
太子,太子,太子原名“甘子泰”，曾担任“洪兴社”尖沙咀区话事人，非常能打，有“洪兴战神”之称。《古惑仔》“仁义智勇”四大主角之“勇”字主角人物。太子醉心武学，十六岁到“渔民子弟协会”跟随名师邵百坚研习国术多年，后因年少不满国术只利强身健体，而拜“洪兴社”前油尖区话事人宝华为师，学习卡柔肯拳（美国街头武术），在经历K-1世界之最后则专习巴西柔术。太子是本书中与神人交手次数最多的人。他的格斗技巧出神入化，与车宝山交战一胜一负，和地中海打擂台以1点惜败。最后和其他六位话事人前往福田拯救自毁的陈浩南。在单挑中痛扁地中海，但还是被地中海重创腰部，壮烈牺牲。
大德康元,大德康元国际药业有限公司,大德康元国际药业有限公司是一家集进口、研发和销售为一体、以滋补药材、保健品为主导产品的综合性企业，同时以传播中华养生文化，引导时尚健康养生为己任。
长生纪,长生纪,《长生纪》是茗香阁主写的网络小说连载于晋江文学城。
通惠,通惠,通惠是一款生活实用类软件，支持Android2.1。
三江源,三江源,三江源地区位于我国青海省南部，平均海拔3500～4800米，是世界屋脊——青藏高原的腹地，为孕育中华民族、中南半岛悠久文明历史的世界著名江河：长江、黄河和澜沧江（国外称湄公河）的源头汇水区。地理位置为北纬31°39'～36°12'东经89°45'～102°23'，行政区域涉及包括玉树、果洛、海南、黄南四个藏族自治州的16个县和格尔木市的唐古拉乡，总面积为30.25万平方公里，约占青海省总面积的43%，占16县1乡总面积的97%。现有人口55.6万人，其中藏族人口占90%以上，其他还有汉、回、撒拉、蒙古等民族。2018中国西北旅游营销大会暨旅游装备展上，入围“神奇西北100景”榜单。 
好健康,好健康,新西兰GoodHealth（好健康）公司，由新西兰Blanchard家族创建于1987年，做为GoodHealth的创始人，JohnBlanchard很早就意识到天然保健食品对人类健康的重要性，他预感到天然保健食品在新西兰的市场将会迅速发展，他想成为其中的一员，于是他便决定创立一家天然保健食品公司----新西兰好健康GoodHealthProductsCo.Ltd。
乐陶陶,乐陶陶,词语：乐陶陶拼音：lètáotáo【注音】：ㄌㄜˋㄊㄠˊㄊㄠˊ
余仁生,余仁生,余仁生 是具有百年历史的中医药保健品牌。中医药保健品世家，品质流传成佳话，深受消费者认可和赞誉。创立之初，就以关爱世人健康为起源，时至今日，余仁生已是老字号知名品牌。余仁生秉承仁者仁心的宗旨，对品质有着严格的要求，将安全、责任贯彻始终。
沂山康宝,沂山康宝,沂山康宝沂山康宝是山东康宝蜂业有限公司旗下品牌，公司位于鲁中山区，国家级森林公园—沂山脚下—国家优质蜜出口基地，东距青岛港200公里，潍坊60公里，交通发达、物流便利。临朐县养蜂历史悠久，蜂蜜资源得天独厚，是山东最大的蜂产品集散地之一。公司成立于1996年，前身是临朐养蜂协会（成立于1985年12月），注册资本300万元。2003年下半年投资兴建的新厂占地面积约12.5亩，位于七贤镇工业园，现已投入生产，建有蜂蜜加工车间、蜂胶包装车间、王浆加工间、GMP标准车间，高标准化验室等。配置日产20吨先进的蜂蜜加工设备、蜂蜜小包装设备及理化、蜂胶深加工设备和蜂王浆冻干粉加工设备等设备。公司现有员工50余人，技术人员20人，是集科研、生产、加工、出口于一体的综合性企业，主要生产蜂巢蜜、蜂蜜、蜂王浆、冻干粉、蜂花粉、蜂胶、雄蜂蛹、蜂蜡等，并可根据客户的需要进行OEM合作。本公司的巢蜜产业化生产技术填补国内空白，现已形成规模化生产，主要出口日本等国家。经过近20年的不懈努力，公司产品遍布全省，走向全国，正逐渐打入国际市场。
苗乡,苗乡,《苗乡》是歌手李二广演唱单曲，收录在专辑《我在西江等你》中，于2017年2月发行。 
茅岩莓,茅岩莓,茅岩莓，又名土家甘露/土家神茶/婺源雪菊/甜茶/眉茶/白茶/龙须茶。茅岩莓并非茶科，系葡萄科蛇葡萄属植物的茎叶，学术名为显齿蛇葡萄，简称藤茶(Ampelopsisgrossedentata，vinetea)。产地生源:我国长江流域以南的湖南省张家界西北部罗塔坪/青安平/温塘镇/三家馆4个乡镇，海拔800～1300米的山地灌丛中、林中、红沙岩中、悬崖峭壁上。
碧康达,碧康达,碧康达是钦州市百草源生物科技有限公司旗下产品，该公司是一家生产和经营健康产品现代化高科技企业公司，该公司将产品定位在中药疗茶，提出草本精粹，养生茶疗新主张。公司以传统中医药为基础，主张药食同源理论。
本典,本典,
平利绞股蓝,平利绞股蓝,平利绞股蓝，葫芦科绞股蓝属植物。中药材品种，陕西省平利县特产，中国国家地理标志产品。平利是绞股蓝的自然分布分化中心，有“绞股蓝故乡”之称，独特的区域小生态环境十分适宜绞股蓝的生长发育，是中国开发最早、规模最大的绞股蓝人工栽培基地县、国家绞股蓝标准化示范区。平利县绞股蓝产品以纯天然、无公害和富含微量元素走俏日本、北京、广州等市场。
祥麟参社,祥麟参社,祥麟参社，是长白山人参采挖与种植公社，位于中国“山参之乡”，桓仁满族自治县。参社为“辽参文化”传承者的代表，致力于人参种植技术研究、传播，野山参资源保护及合理开发利用。
皇封,皇封,皇封，读音为huángfēng，是一个汉语词汇，释义为旧称皇帝赏赐的茶、酒等。
中华,中华,中者，即是指中原河洛地区（河，黄河；洛，洛水、洛阳）。因其在四方之中，以区别其他四方而称为中国（古代“中国”与“中原”同义）。后随着历史演化，与各民族不断融合，因此凡属于中华文化范畴的皆属中国。 华者，初源于华胥氏（位于华山之西，今西安市蓝田华胥镇）。《列子·黄帝》有载，华胥生男名“伏羲”，生女名“女娲”，伏羲、女娲生子少典。《国语·晋语》载：“昔少典娶有蟜氏，生黄帝、炎帝。故而，华胥正是炎黄之祖也。 
若小姐,若小姐,若小姐 于2016年12月14日在中国商标网注册的商标；商品服务:糖;咖啡;茶;甜食;蜂蜜;调味品;谷粉制食品;以谷物为主的零食小吃;冰淇淋;谷类制品;
九芝堂,九芝堂,九芝堂，前身“劳九芝堂药铺”创建于1650年。2004年2月，“九芝堂”商标被国家工商行政管理总局商标局认定为中国驰名商标；2006年9月，“九芝堂”被国家商务部认定为“中华老字号”；2008年6月，九芝堂传统中药文化被列入国家级非物质文化遗产保护目录。
姿美堂,姿美堂,姿美堂（SIMEITOL）是一个美容护肤品牌，口号“见证美丽改变”，产品有胶原蛋白粉、胶原蛋白护肤品等。2015年2月，姿美堂开始在线下行销，其产品入驻屈臣氏线下商铺，正式启动全渠道营销战略转型。
Fitx,Fitx,Fitx，全名是FunInputToyforLinux，Fitx的姐妹版FunInputToy
萛记,萛记,萛记 ，上海今强实业有限公司旗下本草衍生品品牌，品牌始创于1893年，其产品主要包括护化妆品类、食品类、外用产品等。
自耕农,自耕农,自耕农是以小块土地私有制为基础，以单个家庭为经济单位，从事耕织相结合的个体农业劳动的农户。是中国封建社会赋税、徭役的主要承担者。由于他们是个体小生产者，经济地位极不稳固，两极分化极为显著。自己占有土地和其他生产资料，依靠自己和家庭成员进行农业经营的个体农民。一般不剥削别人，或者对别人有轻微剥削，或者受别人轻微剥削。其生产通常带有较大程度的自给自足性质（某些商业性农业区除外）。
仁和,仁和,江西仁和药业有限公司江西仁和药业有限公司位于江西省樟树市药都南大道158号。成立于2000年5月，是仁和药业股份有限公司所属骨干企业。公司建立了遍布全国30个省、市、自治区的营销网络。先进的市场营销和营销管理模式、大规模的广告支持、周到的售后服务、快速有力的物流保障，构成了仁和商业“争天时，取地利，倡人和”的经营特色。公司自成立以来，取得了销售收入连年翻番增长的佳绩。
元生泰,元生泰,元生泰，企业商标名称，原生态之谐音，寓意企业以人为本、崇尚自然的文化诉求。原生泰集团是一家集食（药）用菌种植、加工、研发、销售为一体的科技型企业，是专业从事食（药）用菌产业化种植、中药材深加工、灵芝养生保健美容用品开发的现代技术型企业。
九唐,九唐,九唐位于中国宁波东钱湖畔，东钱湖旅游度假区环湖南路688号，规划用地493亩，容积率0.3，建筑密度低于18%。九唐所在地块背靠福泉山，东北向湖，属湖景山地高端住宅用地。
太行山,太行山脉,太行山（北纬34°34'—40°43'、东经110°14'——114°33'），又名五行山、王母山、女娲山，是中国东部地区的重要山脉和地理分界线。位于山西省与华北平原之间，纵跨北京、河北、山西、河南4省、市，山脉北起北京市西山，向南延伸至河南与山西交界地区的王屋山，西接山西高原，东临华北平原，呈东北—西南走向，绵延400余公里。它是中国地形第二阶梯的东缘，也是黄土高原的东部界线。 
幸福来,幸福来,幸福来，中国人民解放军空军政治部文工团独唱演员吴彦凝演唱歌曲。
中农,中农,介于贫农和富农之间的农民。农村的小资产阶级。一般占有土地，拥有一部分牲畜和劳动工具，生活来源靠自己劳动。一般不剥削他人，也不出卖劳动力受人剥削。
习礼,习礼,习礼，学习礼仪。亦有演习、练习和举习进行中之意。
益诺,益诺,益诺是用于普通感冒或流行性感冒引起的发热也用于缓解轻至中度疼痛如头痛关节痛偏头痛牙痛肌肉痛神经痛痛经
CATALO,CATALO,美国家得路（CATALO）是天然健康食品专家，源自美国 。以天然健康食物为大众打造健康，建立口碑。更获香港旅游发展局嘉许为“优质旅游服务”计划的认可商户，并荣获香港品牌发展局和中华厂商联合会颁发“香港名牌”。每款高级健康食品由药物管理局（FDA）颁发制药执照及美国天然产品协会（NPA）颁发良好生产规模认证cGMP证书的产房生产，品质达国际最高标准。值得信赖，让最关注孩子食品安全健康的妈咪们更加放心购买，吃得安心。
加一,加一,【加一】（Cail）古港名。故址在今印度南部土提利林以南的丹勃拉帕尼河（TambraparniR.）口附近。公元十三世纪时，为往来波斯湾、红海和中国间的船舶经常靠泊之所，又为采珠业中心之一，商业繁盛。
仙客来,仙客来,仙客来（CyclamenpersicumMill.），别名萝卜海棠、兔耳花、兔子花、一品冠、篝火花、翻瓣莲，是报春花科、仙客来属多年生草本植物，叶片由块茎顶部生出，心形、卵形或肾形，叶片有细锯齿，叶面绿色，具有白色或灰色晕斑，叶背绿色或暗红色，叶柄较长，红褐色。仙客来是一种普遍种植的鲜花，适合种植于室内花盆，冬季则需温室种植。仙客来的某些栽培种有浓郁的香气，而有些香气淡或无香气。“仙客来”一词来自学名Cyclamen的音译。仙客来是山东省青州市的市花，也是1995年天津举办的第43届世界乒乓球锦标赛的吉祥物。
程瑞珍,程瑞珍,程瑞珍 ，现居北京。毕业于宁夏大学美术专业。媒体美术编辑1985年就读中央工艺美术学院（现清华大学美术学院）装饰绘画。指导老师张仃，吴冠中、朱军山、庄寿红、权正环、刘巨德等导师。
斯诺德,斯诺德,斯诺德是2015年06月19日注册的商标。
宁草堂,宁草堂,
宏济堂,宏济堂,宏济堂，始创于1907年，是中国21个重点中药企业之一，迄今已有一百多年的历史，素以生产中成药而驰名中外。1995年被中华人民共和国国内贸易部评为“中华老字号”，1996年被中国中医药管理局命名为50强中药生产企业，1991年被山东省科委认定为高新技术企业。济南宏济堂制药有限责任公司占地面积六万平方米，有职工923人，各类专业技术人员占职工总数的35%，主要生产胶囊、口服液、片剂等11个剂型，118个品种，拥有各类制药设备600多台套，产品畅销世界各地。
宁夏红,宁夏红,“宁夏红”枸杞果酒系列产品利用中国枸杞之乡产新鲜枸杞为原料。“宁夏红”枸杞酒由于它迎合了现代消费需求，率先提出了“健康饮酒，饮酒健康”的时尚消费理念，以全新的枸杞消费方式给予消费者充满人性与健康的关怀，对传统枸杞消费观念和消费方式进行革命性引导，使其潜在的巨大市场空间得到有效开发，造就了一个枸杞消费的新时代。我国果酒泰斗，中国食品发酵研究院专家郭其昌先生品评“宁夏红”枸杞酒后评价说：“宁夏红”的诞生是一项对科学技术方面的创新，更是中国酒行业发展的重大突破，使中国酒类又添新族，是对人类健康做出的贡献。它不但给利用宁夏枸杞这种自然资源开辟了一个新的途径，而且由此给地方经济带来可观的效益。
端木赐,端木赐,端木赐（公元前520年－公元前456年），复姓端木，字子贡(古同子赣)，以字行。华夏族，春秋末年卫国(今河南鹤壁市浚县)人。孔子的得意门生，孔门十哲之一，“受业身通”的弟子之一，孔子曾称其为“瑚琏之器”。子贡在孔门十哲中以言语闻名，利口巧辞，善于雄辩，且有干济才，办事通达，曾任鲁国、卫国之相。他还善于经商之道，曾经经商于曹国、鲁国两国之间，富致千金，为孔子弟子中首富。“端木遗风”指子贡遗留下来的诚信经商的风气，成为中国民间信奉的财神。子贡善货殖，有“君子爱财，取之有道”之风，为后世商界所推崇。《论语》中对其言行记录较多，《史记》对其评价颇高。子贡死于齐国，唐开元二十七年追封为“黎侯”，宋大中祥符二年加封为“黎公”，明嘉靖九年改称“先贤端木子”。
中智,中国国际技术智力合作有限公司,中国国际技术智力合作有限公司（中智公司）是中央管理的国有重点骨干企业，由国务院国有资产监督管理委员会监管。2017年，中智进入中国企业500强列第231位，同列2017中国服务业企业500强第92位，连续12年位居中国人力资源行业企业第一。 2018年，中智荣获“2017-2018大中华区最佳综合人力资源服务机构（国有）”大奖 
每日清晨,每日清晨,
双鹤,双鹤,双鹤乡，成立于2001年3月23日，由原崖下乡和双风淹乡合并而成，取双风淹的双字及崖下乡鹤坡村的鹤字而成现名。
国爱堂,国爱堂,国爱堂作为国内首家集研发、生产、销售三位于一体的大型养生文化企业，公司整合资源优势，拥有从原料到销售终端的完整产业链，在全国多个省市建立原料供给基地，先后与多家国内外知名连锁超市、药店建立了长期的合作关系，同时结合互联网先进的网络营销模式和宣传模式，形成了立足山东，辐射全国的营销服务体系。 
片仔癀,片仔癀,片仔癀，中成药名。为清热剂，具有清热解毒、凉血化瘀，消肿止痛之功效。用于热毒血瘀所致急慢性病毒性肝炎，痈疽疔疮，无名肿毒，跌打损伤及各种炎症。
蜜乐,蜜乐,蜜乐 是一款集造星、交友、娱乐于一体的移动社交应用。平台用创新的移动互联网模式助力行业新人发展通过线上创新与线下媒体结合的推广方式迅速为新人积累粉丝提高业界影响力拓展发展机会助新人离梦想更近一步!
益言堂,益言堂,“益言堂”企业工厂坐落在深圳市南山区西丽牛成第二工业区，占地2000多平方米，建筑面积3310多平方米，厂区周围环境整洁，中药滋补品、饮片生产设备先进，各类专业技术人员200多名，年生产能力800多吨以上；检验、经营管理严格按照国家标准《中华人民共和国药典》、《广东省中药炮制规范》要求进行，是深圳市率先通过国家中药GMP认证的企业之一。旗下“益言堂牌”冬虫夏草系列、参茸系列、燕窝系列、灵芝系列（特别是灵芝孢子粉）深受业内和广大消费喜爱并获一致好评。而经过精心甄选的上乘药材系列精品更是多达560多种
麦卢卡,麦卢卡,麦卢卡，毛利语：Mānuka，英文原名Manuka，拉丁文名leptospermumscoparium，又被翻译为唛奴卡，是新西兰及澳大利亚南部独有的桃金娘科灌木。一种丰富多产的矮树种，通常灌木丛长到2-5米（7-16ft），在条件良好的情况下也可以长成一个中等大小的树（15米）。树叶通常为绿色，树枝繁多，树叶可以达到7-20毫米长，2-6毫米宽。花为白色，偶尔为粉色。花的半径为8-15毫米（极少情况下可以长到25毫米），有五片花瓣儿。
方回春堂,方回春堂,“方回春堂”位于杭州，已有三百余年历史，是中国最古老的国药馆之一。清顺治六年(1649年)，钱塘籍人士方清怡创办了国药号“方回春堂”。方清怡出身于中医医药世家，精通药理，悉心研究明代万历年间杭城名医吴元溟的《痘科切要》、《儿科方要》，常以家传秘方研制丸药，使沉痈久病之人得以康复。
老山,老山,老山位于于中国云南省文山州麻栗坡县天保镇，是一座与越南交界的山，老山位于天保镇驻地船头村以西，8平方公里，著名区域有主峰区域（27个山头，最高点1422米）、松毛岭区域（最高800多米）。附近有中国国家级天保口岸。1996年经云南省人民政府批准建立老山风景名胜区。老山全线共7个高地，主峰为4号高地。主峰区域异于主峰点：老山8平方公里，主峰区域有四个高地、面积大，不等于高高的主峰点（4号高地）。主峰点的划归问题：有的说是划归中国，有的说是划在越南。2016年6月9日查老山的百度地图时，看到中国方注明“老山风景名胜区”（包括主峰区域的1、2、3号高地），越南方注明“老山主峰”（其实指主峰点），靠近分界线50米左右。麻栗坡县：与越南接壤，国境线长438公里。县城：距文山80公里，距省级旅游度假区普者黑200公里，距省会昆明380公里；至国家级天保口岸40公里，至越南河江省省会河江市63公里，至首都河内380公里。
龙标,龙标,龙标。电影的“准生证”。影片从最初的立项到上映，在审查的环节上一般要经历3个关卡，拿“龙标”是至关重要的一环。 
DRAGON,dragon,Dragon，中文译名“龙”，但是与中国“龙”（英文译为：loong）有本质的区别。Dragon是西方神话中一种强大的生物，第一眼看上去外形类似一只长着类似蝙蝠肉翼的蜥蜴。龙有很多种，生活环境从沙漠到森林，甚至海洋都有分布，习性和颜色也随种类的不同而不同，共通的特点是喜欢财宝，穴居，会喷火。中国“龙”则是中国历史上的一个图腾形象。在中国古代传说中，龙是一种能兴云降雨的神异动物。在封建时代，龙则作为皇帝的象征。
长白山人参,吉林长白山人参,吉林长白山人参，吉林省特产，中国国家地理标志产品。人参为五加科，人参属植物，通常所说的人参是指其干燥根。吉林长白山野山参以其形美、质坚硬，断面皮部显裂隙，形成层明显，气微香，味微苦且甘被誉为人参中珍品。吉林长白人参以其“补五脏、安精神、定魂魄、除邪气、止惊悸，明目开心益志，久服轻身延年”的神奇功效，被誉为百草之王，稀世珍宝，民间称人参为长白山上三宝之首。 
鹰牌,鹰牌,鹰牌卫浴是1996年在香港成立的一个卫浴公司，鹰牌卫浴（香港）控股有限公司是一家专业致力于开发生产洁具产品的大型卫浴企业。公司以“质量第一，服务至上”为企业的经营理念，打造世界洁具行业的知名品牌。公司经营产品品种齐全，质量可靠，产品符合GB6952-2005国际标准并通过ISO9001:2000国际质量体系认证，先后荣获“中国著名品牌”“全国产品质量公证十佳品牌”“中国优秀环保绿色产品”等一系列证书。
詹氏,詹姓,詹姓出自姬姓，上世纪六十年代提倡简化字，民间一部分人把詹写为占。詹文侯在幽王时任少师，见幽王宠爱褒姒，玩物丧志，遂辞职返回自己的封地。后来幽王烽火戏诸侯，导致亡国之祸，自己也命丧黄泉。江西、湖北、浙江、四川为詹姓人口最多的四个省。清朝以后，全国逐渐形成了以粤、闽、台为中心的向外递减的詹姓分布带。在宋版百家姓中排名倒数第4位。根据第六次全国人口普查资料，2015年新排名倒数第4位。
知医堂,知医堂,知医堂（ciytan），全球首家功效美疗品牌。由知医堂药业独家运营，联合海图国际（香港）有限公司、美国爱普斯国际生物研究院共同创建。名字源于“知医识药，注重功效”，涵指凭借医药研发力量，打造最具功效的美疗品。迄今为止，专精、专注、专业于8类美疗产品的研究与发展。
ciytan,ciytan,ciytan中文名称知医堂
禾坊小厨,禾坊小厨,禾坊小厨是由上海佰蕊实业有限公司开发的原生态营养滋补保健品。产品坚持“健康源于自然”的理念，依据中华“药食同源”的理论，将纯天然的有一定食疗作用的天然食材，筛选洗净、熟化、低温干燥与研磨，保留食材原有的风味及营养，积极打造"原生态营养滋补专家"的品牌形象，为我们带来安全、质优、味美、健康、养生的优良食品。
东流水,东流水,东流水是指从西流来的水，性味与千里水大致相同。
三里人家,三里人家,惠州三里人家电子商务有限公司(简称“三里人家”)2015年4月23日，是一加专注于美容、健康行业的移动社交电商平台。三里人家是中国移动社交电商平台，团队代理总人数超过30万。 
好想你,好想你,《好想你》是朱主爱演唱的歌曲，由黄明志填词并谱曲，由李乃刚编曲。作为主打歌收录在《四叶草JoyceChu》EP中，于2015年11月13日发行。
蓝帽子,蓝帽子,帝国时代(AgeofEmpiresII：TheAgeofKings)的简称，也就是帝国时代2，因为其图标为蓝帽子，所以被玩家戏称为蓝帽子。
福尚康,福尚康,山东福尚康食品有限公司，原名济南固康堂食品有限公司，成立于2014年5月，经过3年多的发展于2017年12月22日成为山东福尚康生物集团。总部位于山东省济南市槐荫区。下辖山东尚福医疗器械有限公司、山东尚瑞化妆品有限公司、山东思众文化传媒有限公司、山东福尚康生物集团有限公司，是一家专注于传统养生产品和现代护肤品新零售业务的集团公司。 
Jolie,JOLIE,
国人,国人,国人，汉语词汇。拼音：gúorén指一个国家的人民，通常是遵纪守法的好公民，和人民含义类似。起源于西周时期，国人是指城邑及附近的人。国人在古代指的是居住在大邑以内的人 
千泉,千泉,千泉，古地名。又名屏聿。
芝参堂,芝参堂,芝参堂是家专业生产加工海参的企业，有着近30年历史，30年前是一个家庭式的小作坊，经过几代人的不懈努力，现在已经发展成为一家有着现代化生产设备的先进企业，2001年买地建起设较为现代化的生产厂房。由于以前一直以是养殖生产加工，自产自销的模式进行，没有概念去注册品牌，只是传统模式的养殖加工。凭着信誉，都是老客户来上门拿货。很多的领导及体育团队都会选择我们的海参来食用。现在是品牌的时代，我们要做的是保品质的前提下，直接面对更多的消费者，做大做强！现在芝参堂已经进入全面的品牌建设时代，将结合更多更先进的生产技术，让更多人享受到营养价值更高的海参产品。
长白工坊,长白工坊,长白工坊是研发、生产长白山原生态天然健康产品的专业品牌与机构。长白工坊标识
高生源,高生源,高生源，男，1942年12月9日生，辽宁省东港市人，辽宁省作家协会会员，中国群众文化学会会员。
QIJI,Qiji,
珍其道,珍其道,汤，是中医最常用的剂型，古称汤液，现称汤剂。在生活中，既要取药之效，又需入口甘甜，于是人们在中药的煎熬中悟出了老火靓汤的做法，使汤演变成“甘”、“润”的日常养生补品。中华五千年历史，其中食文化仅一千多年，而汤文化却源远流长，达三千年之久。古人以“民以食为天，食以汤为先”，就是对汤文化几千年历史的生动写照。
颜如玉,颜如玉,颜如玉，中国漫画《狐妖小红娘》及其衍生作品中的角色之一，亦是漫画中《颜如玉》篇的男主角。本体为空陷山牛鬼，后向涂山容容拜师，成为其唯一弟子，习得涂山易容术等。但在十五月圆之夜，颜如玉的妖力就会散去，显出原形。曾为了律笺文被黑狐附体控制，变为黑狐大将三尾黑魉。最后在涂山苏苏和白月初的帮助下，除掉了附身的黑狐，并与转世的律笺文在一起 。
冠生园,冠生园,冠生园创建于1915年，已有103年的历史。冠生园是中国民族工业的名牌老字号企业。主要生产和经营糖果、蜂制品、酒类、面制品、味精、冷冻食品、保健食品、生物医药、休闲食品等近20个系列上千个品种。
晶珠,晶珠,
美澳健,美澳健,美澳健系列保健食品、营养补充剂。在中国市场销售七年以来，坚持全球精选优质天然原料；参考RNI标准（居民营养推荐摄入量）研制；生产过程严格执行GMP标准；实施全程质量监控；配备专业的营养指导和完善的售后服务。该品牌产品致力于帮助人体补充不足、代谢多余、排解毒素、均衡营养，从而帮助维护健康、防御疾病。在保健食品行业具有相当的知名度和良好的口碑，曾先后荣获“中国著名品牌”、“绿色环保知名品牌”、“3.15消费者质量服务放心品牌”等多项荣誉。
JC,JC,曾经突破全美唱片销量纪录，风靡全球的欧美男孩组合Nsync（超级男孩）主唱之一，全名，JoshuaScottChasez，（另一个主唱为justintimberlake），他同时也是音乐制作人，才华出众，词曲制作编曲外，另擅长多种乐器的演奏
安康信,安康信,安康信（通用名：依托考昔®），是一种选择性COX-2抑制剂，具有抗炎、镇痛和解热作用，适用于治疗骨关节炎急性期和慢性期的症状和体征，也可以治疗急性痛风性关节炎。由默沙东公司（在美国和加拿大被称为默克）研发、生产，目前已在包括中国在内的全球的84个国家和地区上市。安康信已被美国风湿病学会痛风诊治指南推荐用于急性痛风性关节炎的治疗。我国骨关节炎诊治指南以及中华医学会骨科学分会的骨科疼痛处理专家意见推荐有胃肠道风险的患者选用选择性COX-2抑制剂，可使用安康信。
金奥力,金奥力,金奥力保健品，保健食品，慧星液体钙软胶囊和螺旋藻、海豹油、深海鱼油、大蒜油、大豆异黄酮、甲壳素、小麦胚芽油1998年3月5日紫薇大豆卵磷脂胶囊被威海市消费者协会确定为消费者协会推荐产品。
许,许姓,许姓，中华姓氏，属颛顼帝姬姓子孙衍生姓氏，是一个多民族、多源流的姓氏。《百家姓》排列第二十位。2007年姓氏排行榜上名列第二十八位，人口约八百九十八万四千余，占中国人口总数的0.56%左右，以江苏、山东、云南、广东、河南、安徽、浙江等省居多，这七个省的许氏约占中国汉族许氏人口的55%。2014年国家统计局的数据显示，许姓在姓氏排行榜上名列第二十六位 。许姓南迁始于魏晋南北朝。唐初陈政、陈元光父子奉命入闽，有河南许姓将佐随往，在福建安家落户。唐僖宗时，侍御史许爱镇守漳州招安，后入晋江石龟。唐以后许姓大举南迁繁衍于江苏、浙江、湖北、福建、广东等省。宋末元初，许氏有一支徙广东。明代福建人许冲怀、许申移居台湾，此后许氏又多次向台湾迁徙，进而移居海外。迁至四川，湖南、广东、广西、福建许氏，有的融入侗、壮、布依、土家等少数民族。 
宇王,宇王,“宇王”取意主显大气，寓意汲取天地灵气之大成，彰显王者之风范。大连宇王茶业有限公司，是中国唯一一家集生产、加工、销售于一体的槐花茶生产综合性企业。作为国内一流槐花茶品牌，“宇王”正以开拓、务实、创新、进取的先锋姿态，打造非凡的品牌标签。在茶香满意的茗海之中占据一席之地，逐步崭露它夺目的光芒。“宇王”拥有20年的行业资质，遵循一站式、多元化、国际化的发展战略，在天然槐花之源——大连建立生产基地，立足北方，辐射全国。目前公司旗下拥有占地百亩的大型茶园及专业的研发团队，目前拥有七大系列上百种产品，以高品质的产品赢得了中外顾客的良好口碑，稳固了自身的行业龙头地位。并于2001年获得首届中华国际茶文化交流会茶叶茶艺展评金奖。使宇王产品逐步成为消费者品茗休闲、馈赠亲友的主流产品。
卫民,卫民,卫民（1917－1944）南汇县（现上海市南汇区）四团八甲卫家宅人。原名光弟。8岁入本村蒙馆读书，后进盐仓小学。
礼亲堂,礼亲堂,礼亲堂公司全称深圳市礼亲堂电子商务有限公司，自成立之初则立志在滋补保健行业打造一个在全国范围内有影响力的直销品牌，打造好货养生。
绿瘦,绿瘦,绿瘦品牌创立于2007年，总部设于广州，是目前互联网新经济环境下，中国领先的体重管理综合服务提供商之一。植根于大数据营销这一核心竞争力，公司集电子商务、大数据分析、一对一用户咨询服务、地面渠道的优势于一体，正成长为我国体重管理的标杆性企业。 
维桑,维桑,维桑，读音wéisāng，汉语词语，指代故乡。如：《诗·小雅·小弁》：“维桑与梓，必恭敬止。”
慈蜂堂,慈蜂堂,牡丹江德世盟生物科技有限公司，是集蜂蜜养殖，蜂产品研发、生产、加工、销售及对外贸易出口产业化的公司。公司位于黑龙江省东南部牡丹江市区内，与俄罗斯海参崴——日本新泻国际陆海大通道中段，东北亚国际大通道的重要枢纽，也是沿边开放城市工业园区。东部与俄罗斯接壤，边境线达211公里，距乌苏里斯克209公里，海参崴248公里。被誉为“边塞明珠”的旅游城市。其生产基地处于小兴安岭北部张广才岭，生态环境优良，蜂业资源雄厚，森林覆盖率达68%。蜜蜂园区植物面积130万公顷，每年生产蜂产品能力约3000吨。
燕澜坞,燕澜坞,燕澜坞 是一款女性滋养的小资轻奢燕窝品牌。 
卓宇,卓宇,卓宇，男，汉族，1965年2月生，安徽灵璧人。1991年11月参加工作，1985年参加中国共产党。西安公路学院（现长安大学）载运工具运用工程专业，长安大学在职博士研究生学历。现任渭南师范学院党委委员、党委副书记、院长。
集珍源,集珍源,集珍源是广东分子态生物股份有限公司 旗下的滋补品品牌。
雅女湖,雅女湖,“雅女湖”是洪雅县瓦屋山药业有限公司旗下优秀中药品牌，以中药材，中药饮片，药食同源产品为主打。
鹤芝堂,鹤芝堂,鹤芝堂是经国家工商总局注册的商标 ，隶属于北京芝人堂生物科技有限公司所有。
明晰,明晰,明晰，汉语词汇。拼音是míngxī，释义：1、清楚。2、明确、不模糊，一目了然。
三堂,三堂,三堂位于太和县城东北部，东经115°52′、北纬33°18′，京九铁路与308省道在此交汇，距离县城30千米，东临苗老集镇，西连原墙镇，南接三塔镇，北靠宫集镇。人民政府驻地三堂村，电话区号0558，邮政编码236645，南距阜阳市40千米。
王立成,王立成,王立成，1957年11月生，高级工程师，现任营口市向阳化工厂总厂厂长 。
昂立,昂立,昂立教育是上海著名的教育培训机构，作为被心怀梦想的学员誉为“高分摇篮”的学习深造圣地：昂立屡创显赫通过率，连续10年通过率沪上居首；“上海十大品牌教师”也因为昂立在教学上的卓越表现，而被轻松收入囊中。昂立依托交大的先天性高校优势，开展多种形式的教研活动，和沪上名校交大联合设立国家级教研中心，由各领域名师组成，专职负责学院教学课程体系的研发和实施。每年十余万学员在昂立获益。作为沪上最大的综合性教育机构，只要有学习意愿，在昂立总能找到适合自己的课程：幼儿园、少儿教育、中学生培训、成人外语、学历文凭、管理培训、职业教育、出国考试，从幼儿到成人，从国内教育到出国留学，从上海各区到长三角，昂立都能为不同年龄段，不同区域的学员提供各种优质的教学服务，而昂立的诸多招牌科目：全日制，口译，四六级，日语，新概念，商务英语，美国口语，雅思，托福，德语，法语等，也必将成为您培训深造的首选。
藏秘珍坊,藏秘珍坊,藏秘珍坊，源自青藏高原的滋补类药材第一品牌，为拉萨易贡珍坊商贸有限公司旗下自主品牌。2011年藏秘珍坊旗下冬虫夏草在整个淘宝网销量排名第一，藏红花，绿萝花，红景天等西藏土特产也在淘宝商城名列前茅。
如新,如新,如新（NUSKIN）集团是全球最大的直销巨头之一，1984年成立于美国犹他州普罗沃市。
Nu Skin,如新集团,如新集团自1984年于美国犹他州普罗沃市成立，至今成为全球最大且发展最迅速的直销公司之一，业务遍及亚洲、美洲、欧洲、非洲及太平洋地区等53个市场，全球年营业额达20亿美元(约合100亿人民币)，活跃销售人员超过80万人，乃直销业之翘楚。如新中国更是第一批获发中国直销经营许可证的直销公司之一。
佰草汇,佰草汇,佰草汇，创立于2012年2月，取“荟萃百草，健康四季”之意，是国内知名养生茶研发企业，肩负着“引领绿色养生新风尚”的企业使命，致力于弘扬中华养生文化，传承花草养生理念。产品涵盖花草茶、养生茶、代餐粉等多个领域，主打产品花草茶已经有上百种，并且不断推陈出新。
祁山,祁山,祁山位于甘肃礼县东、西汉水北侧，西起北岈（今平泉大堡子山），东至卤城（今盐官镇），绵延约50华里。连山秀举，罗峰兢峙，被誉为“九州”之名阻，天下之奇峻，地扼蜀陇咽喉；势控攻守要冲，所以成为三国时魏蜀必争之地。
网易严选,网易严选,网易严选，网易旗下原创生活类自营电商品牌，于2016年4月正式面世，是国内首家ODM（原始设计制造商）模式的电商，以“好的生活，没那么贵”为品牌理念。严选通过ODM模式与大牌制造商直连，剔除品牌溢价和中间环节，为国人甄选高品质、高性价比的天下优品。 
健之佳,健之佳,云南健之佳连锁健康药房有限公司，是以医药，健康，便利商品零售为主的医药连锁企业。
Organika,Organika,ORGANIKA&reg，即CanadaOrganikaHealthProductsInc（加拿大ORGANIKA&reg;健康产品公司），作为全球最大的健康产品制造商之一，Organika研制开发了450多种产品，是北美及欧洲地区的知名品牌。在亚洲地区的日本、新加坡、马来西亚、香港、澳门、台湾等国家和地区已畅销多年。为了保障消费者的健康权益，每一瓶Organika产品的标签上都印有加拿大政府批准的“GMP/QCM『优良制造标准/质量控制标准』认证图案”，同时也印有国际标准化组织批准的“ISO9001认证标志”。Organika也是权威的TRUELABELPROGRAM『诚信标签协会』会员。Organika遵循加拿大卫生部门的规定，将所有在加拿大生产的健康产品向加拿大卫生部门申报，并获得NaturalProductNumber(NPN)证书。
伟博,伟博,伟博是一个词语，拼音是wěibó，意思是巨大；宏伟博大。
青钱神茶,青钱神茶,青钱神茶是以珍稀植物青钱柳叶为主要原料，辅以药食两用的黄芪、山药和绿茶，运用传统保健理论精心研制而成的保健饮品。经检测：含有多糖、氨基酸、黄酮等化合物，还富含人体必须的锌、硒、锗等微量元素。本品经动物试验和数百例II型糖尿病人群试食试验，证明具有辅助降低血糖和血脂（甘油三脂和胆固醇）的功效。本品口味清香，饮用安全可靠，保健功能明确。
桂格,桂格,桂格1901年，几家美国早期燕麦粉加工商联合成立公司，桂格麦片公司由此诞生。
QUAKER,Quaker,Quaker是基督教的一个教派贵格会，又称教友派或者公谊会，是基督教新教的一个派别。该派成立于17世纪，创始人为乔治·福克斯，因一名早期领袖的号诫“听到上帝的话而发抖”而得名QUAKER，中文意译为“震颤者”(tremble)，音译贵格会。
LAC,LAC,LAC:locationareacode位置区码（移动通信系统中）是为寻呼而设置的一个区域，覆盖一片地理区域，初期一般按行政区域划分（一个县或一个区）现在很灵活了，按寻呼量划分。当一个LAC下的寻呼量达到一个预警门限，就必须拆分。为了确定移动台的位置，每个GSMPLMN的覆盖区都被划分成许多位置区，位置区码(LAC)则用于标识不同的位置区。一个位置区可以包含一个或多个小区。
SPEL,SPEL,SPEL，是广东顺德源本生活科技有限公司注册的商标品牌，2016年06月29日申请注册，注册完成于2017年08月14日。 
方家铺子,方家铺子,方家铺子始创于1906年，是一家专注于东方膳养食材的百年老铺。方家铺子定位于健康、营养、全面的“私人食养管家”，以南北干货、粮油米面、滋补健康等产品为主，服务超过1000万家庭，产品长期出口港澳台地区和东南亚国家。2016年，方家铺子面向国内市场制定“1+N”企业发展战略；2017年，方家铺子布局国际化业务，拓展东南亚市场；同时，斥资2亿打造百亩生态农业园，进一步推动品牌“加工十仓储十物流+农业产业孵化”一体化进程。 目前，方家铺子品牌旗下有10大产品类目，细分产品已超过550款，核心产品是南北干货、粮油米面、健康滋补食材。 
香蕉船,香蕉船,香蕉船多为海边的一项娱乐设施，由海上摩托牵引着船体在海上移动，一般船上可坐3-4人。此项目不具有太大的危险性，多为孩子所喜爱。之所以称之为“香蕉”船，是因为船体本身很像香蕉，故此得名。其实就是形似香蕉型的气垫船。
延寿堂,延寿堂,北京紫禁城西北的慈宁 花园内有延寿堂，东与含清斋相对称。始建于明嘉靖十七年（1538年）。据史料记载，延寿堂与含清斋同时修建，含清斋亦为乾隆皇帝侍奉太后或丁忧守制之用；延寿堂亦为太后嫔妃们疗养、游憩之处，皇上及后妃有恙，即招太医于延寿堂望闻问切、开方奉药。 
北芝堂,北芝堂,北芝堂是一家专业灵芝企业，公司贯彻国家环保健康政策，从创办之日起，就以创一流品牌、为人类健康提供优质服务为己任，本着“为人类健康事业服务”的宗旨和“质量以德为先，服务从心做起”的服务口号，北芝菌业的成长受到各界领导、同仁的的密切关注。
东湖,武汉东湖风景区,武汉东湖生态旅游风景区，简称东湖风景区，位于湖北省武汉市中心城区，是国家5A级旅游景区、全国文明风景旅游区示范点、首批国家重点风景名胜区。毛泽东一生钟爱东湖，将其称为“白云黄鹤的地方”。 东湖因位于湖北省武汉市武昌东部，故此得名，现为中国水域面积最为广阔的城中湖之一，水域面积达33平方公里，是杭州西湖的六倍。其位于长江南岸，是由长江淤塞而形成，100多年前曾和武昌其他湖泊相通并与长江相连，水患频繁。1899年至1902年，湖广总督张之洞下令在长江与东湖之间修建了武金堤和武青堤，并在堤防上修建了武泰闸和武丰闸。在人工干预下，从此东湖及其周边的湖泊与长江分离。武汉东湖是以大型自然湖泊为核心，湖光山色为特色，集旅游观光、休闲度假、科普教育为主要功能的旅游景区，每年接待海内外游客达数百万人次，是华中地区最大的风景游览地，2014年前曾是中国最大的城中湖，2014年因武汉中心城区扩大，东湖退居武汉市江夏区的汤逊湖之后，是中国第二大城中湖。东湖生态旅游风景区面积88平方公里，由听涛区、磨山区、落雁区、吹笛区、白马区和珞洪区6个片区组成，楚风浓郁，楚韵精妙。湖岸曲折，港汊交错，碧波万顷，青山环绕，岛渚星罗，素有九十九湾之说。武汉大学、华中科技大学和中国地质大学（武汉）等全国重点大学坐落在东湖湖畔，成为一道绝佳的风景线。2016年12月28日开通运营的东湖绿道为世界级绿道。
当然,当然,拼音，副词，表示对某一行为的确认或肯定；表示就是这样、应当这样。
blossom health,BLOSSOM HEALTH,BLOSSOMHEALTH 是国外DJ健康集团有限公司旗下品牌，品牌于2016年04月01日创立 
葡萄王,葡萄王,葡萄王树，位于洛浦县杭桂乡斯坦乌其村。1982年经国家林业部门鉴定为132年。
益群,益群,益群，本名程庆光1938年6月生，笔名益群，河南卫辉人，1962年7月毕业于新乡师范学院生物系，阜新军分区副司令员，现退休。系中国文物学会民间收藏委员会会员、中国报协集报分会筹委会委员、中国夕阳红门券收藏研究会顾问、辽宁省集报协会副会长兼秘书长等。
抚参堂,抚参堂,抚参堂，位于吉林省长白山脚下抚松县，经营长白山人参及当地特产，并与中国人参博物馆、抚松林业局合作打造长白山人参品牌并建设养殖基地将绿色无污染有机食品销售全国各地。
弘方,弘方,弘方是一个汉语词语，拼音是hóngfāng，意思是宽宏方正。
衍生,衍生,衍生，指演变而产生，从母体物质得到的新物质（如经过取代或水解）。如衍生物，衍生品等。
祁安,祁安,祁安，男，汉族，1983年9月出生，2005年7月参加工作，2001年5月加入中国共产党，大学学历，江苏省淮安市淮阴区人。现任淮海商报社副总编辑。 
Airborne,airborne,airborne是一个英文单词，意思是空运的，飞机载的;航空的;空气所带的;空气传播的;airborne是个形容词。
正清,正清,作用于消化系统的肠康片
黑金传奇,黑金传奇,《黑金传奇》是在原创中文网上连载的一本小说。
渭河源,渭河源,
燕格格,燕格格,燕格格是主要经营燕窝、燕窝礼盒、燕窝礼品品牌。燕窝的主要来源是直接来自于东南亚。 杭州燕窝销售品牌燕格格前往印度尼西亚巴厘巴板，对合作燕屋和工厂进行了考察，给消费者带来了一场印尼燕窝生产加工的“全面曝光”。
梁剑波,梁剑波,梁剑波（1920-2003），岭南文化大师，中国近代奇才，全国著名中医药专家，国务院特殊津贴专家，中国医学“岭南派”创始人之一。
草姬,草姬,草姬以助人建立健康生活为本、以客为先、持续进取、打造一个真正健康、关怀、有爱心的世界。
Artemis,阿尔忒弥斯,阿尔忒弥斯（希腊语：Ἄρτεμις、英语：Artemis），又名辛西娅，是古希腊神话中的狩猎女神，同时也是野兽的女主人与荒野的女领主，奥林匹斯十二主神之一。还是宙斯和勒托之女，阿波罗的孪生姐姐。 阿尔忒弥斯自由独立，热爱野外生活，反对男女婚姻。喜欢和保护不嫁的处女们，以及那些蔑视阿佛洛狄忒的青年，她与赫斯提亚、雅典娜被视为奥林匹斯山上的三处女神。她从小就向父亲宙斯许诺做永远的处女，同时索要弓箭、所有的山脉和20个给她保养猎靴的宁芙侍女。在林莽和山野间，阿尔忒弥斯手持弓箭，由猎狗伴随，与侍奉她的众仙女以狩猎为乐。她很喜欢金角鹿，并抓到这种鹿给她拉车。 阿尔忒弥斯因被命运女神选为接生神，于是便向宙斯索取主管接生新生儿的权力。她是古希腊人祭祀最多的神祇之一。世界七大奇迹之一的阿尔忒弥斯神庙就是专门为她修建的。
葵花,葵花,葵花，学名向日葵（Helianthusannuus）别名太阳花，是菊科向日葵属的植物。向日葵花语为爱慕、光辉、高傲之意，仰慕、凝视着你。温暖，耐旱，能产果实葵花籽。原产北美洲，世界各地均有栽培。向日葵也是俄罗斯，秘鲁的国花。
ARTEMIS,阿尔忒弥斯,阿尔忒弥斯（希腊语：Ἄρτεμις、英语：Artemis），又名辛西娅，是古希腊神话中的狩猎女神，同时也是野兽的女主人与荒野的女领主，奥林匹斯十二主神之一。还是宙斯和勒托之女，阿波罗的孪生姐姐。 阿尔忒弥斯自由独立，热爱野外生活，反对男女婚姻。喜欢和保护不嫁的处女们，以及那些蔑视阿佛洛狄忒的青年，她与赫斯提亚、雅典娜被视为奥林匹斯山上的三处女神。她从小就向父亲宙斯许诺做永远的处女，同时索要弓箭、所有的山脉和20个给她保养猎靴的宁芙侍女。在林莽和山野间，阿尔忒弥斯手持弓箭，由猎狗伴随，与侍奉她的众仙女以狩猎为乐。她很喜欢金角鹿，并抓到这种鹿给她拉车。 阿尔忒弥斯因被命运女神选为接生神，于是便向宙斯索取主管接生新生儿的权力。她是古希腊人祭祀最多的神祇之一。世界七大奇迹之一的阿尔忒弥斯神庙就是专门为她修建的。
澳佳宝,Blackmores,Blackmores，又名澳佳宝。是澳大利亚的保健品品牌。提供一系列高品质的维生素、矿物质、草药以及营养补充品。澳佳宝成立于1930年，已经有近87年历史。经过87年努力，它已经成长为澳洲本土及全世界最被信任的生活科技健康食品公司。在1985年5月正式成为上市公司。目前拥有超过400名员工，总部设在澳大利亚悉尼。
Blackmores,Blackmores,Blackmores，又名澳佳宝。是澳大利亚的保健品品牌。提供一系列高品质的维生素、矿物质、草药以及营养补充品。澳佳宝成立于1930年，已经有近87年历史。经过87年努力，它已经成长为澳洲本土及全世界最被信任的生活科技健康食品公司。在1985年5月正式成为上市公司。目前拥有超过400名员工，总部设在澳大利亚悉尼。
柯蓝,柯蓝,柯蓝，1972年7月25日出生于北京，演员、主持人、模特。1994年加入卫视音乐台，成为第一代亚洲VJ。1996年加入凤凰卫视中文台，成为《音乐无限》节目的主持人 。2005年离开了奋斗8年的凤凰卫视，同年参演由张建栋执导的电视剧《靠近你，温暖我》。2009年柯蓝辞别主持工作，专职演艺事业。2010年在龚若飞执导的《国歌》中饰演安娥，同年10月获得2010粉红音乐盛典粉红宣传大使奖，同年11月13日获得华鼎奖近代革命题材类最佳女演员 。2011年，创建了自己的官方电子杂志《好三八》 。2012年在《健康女性》当杂志封面模特 。2014年12月在潘军执导的谍战剧《虎口拔牙》出演阿金一角 。2016年，参演行业医疗剧《急诊科医生》 。2017年，主演的反腐电视剧《人民的名义》在湖南卫视播出 。
秦建国,秦建国,秦建国，男，中国作家协会会员。从1989年起，在《花城》等全国大型文学刊物上发表长、中、短篇小说、散文等200万多字。已经出版文学作品和新闻作品书籍多部。文学作品和主创、执导的电视栏目及大型节会多次获省级和全国大奖。先后从事新闻和行政工作，现社会兼任市作协副主席，分管小说创作。
优蜜,优蜜,优蜜是一个china-ume网站下经营品牌，全称是UME·优蜜。
UMI,UMI,UMI，有多个义项。UMI数据库，是世界著名的学位论文数据库。是悠米实业有限公司正式注册的商标品牌。是小熊座的简称，距北天极最近的星座。另外还是韩国人气明星李由美的英文名。
绿地,绿地,绿地城市规划术语标准中指出，城市绿地是指城市专门用以改善生态，保护环境，为居民提供游憩场地和美化景观的绿化用地。绿地是城市绿地的简称，主要分为大类、中类、小类三个层次。具体分类因参考《城市绿地分类标准》CJJ/T85-2002。城市用地可分为：居住用地、公共设施用地、工业用地、仓储用地、对外交通用地、道路广场用地、市政设施用地、绿地、特殊用地、水面及其他用地
梁上燕,梁上燕,梁上燕，中国资深市场营销策划专家。先后担任碧桂园集团销售部经理，香港李颂熹集团执行董事、中国公司总裁等职务，宏宇集团董事、副总裁。 
真颜,真颜,《真颜》是晋江文学城连载的小说，作者是dearhowareyou。
华谊兄弟,华谊兄弟传媒集团,华谊兄弟传媒股份有限公司是中国大陆一家知名综合性民营娱乐集团，由王中军、王中磊兄弟在1994年创立，1998年投资著名导演冯小刚的影片《没完没了》、姜文导演的影片《鬼子来了》正式进入电影行业。因每年投资冯小刚的贺岁片而声名鹊起，随后全面进入传媒产业，投资及运营电影、电视剧、艺人经纪、唱片、娱乐营销等领域，在这些领域都取得了不错的成绩，并且在2005年成立华谊兄弟传媒集团。2009年9月27日，证监会创业板发行审核委员会公告，华谊兄弟传媒股份有限公司（首发）获得通过，这意味着华谊兄弟成为了首家获准公开发行股票的娱乐公司;也迈出了其境内上市至关重要的一步。2017年5月11日，华谊兄弟传媒集团入选第九届全国“文化企业30强”。 
哈贝高,哈贝高,哈贝高是江西维莱营健高科有限公司旗下的一个保健食品品牌，成立于2007年。
云尚,云尚,云尚是绿象集团旗下重点打造品牌之一，亦是云尚生物技术有限公司（绿象集团核心企业成员之一）整个团队以“云南尚品，泽惠众生”为目标而全力运作的品牌。
白云山,白云山,白云山，位于广东省广州市白云区，为南粤名山之一，自古就有“羊城第一秀”之称。山体相当宽阔，由30多座山峰组成，为广东最高峰九连山的支脉。面积20.98平方公里，主峰摩星岭高382米。 白云山是广州市风景区行业的第一家国家AAAAA级旅游景区，也是广州市唯一同时拥有全国文明风景旅游区、国家AAAAA级旅游景区两项荣誉的景区。
放鹤洲,放鹤洲,放鹤洲位于嘉兴市城南路西南湖畔，与西南湖生态绿洲隔湖相望。放鹤洲占地面积约5.2万平方米，其中水域面积9714平方米。
金动力,金动力,金动力管理软件是北京凌飞科技有限责任公司旗下自主研发的软件产品，拥有自己的知识产权。公司具备二次开发能力，能够为用户提供从软件开发到项目实施、从管理咨询、技术培训到售后服务在内的一系列完善服务。金动力管理软件融合了最先进的管理理念和开发技术，是当前市场绝对领先的新一代企业管理软件。
五谷磨房,五谷磨房,五谷磨房食品集团有限公司（原香雅国际集团） 成立于2006年，是“食补养生粉”这一新品类的开创者和行业领跑者。秉承“为消费者提供量身定制的天然食补方案”这一宗旨，五谷磨房逐渐形成了农产品原料基地、产品研发、加工、品牌运作、直营销售网点管理一体化集团公司，被业界评为“21未来之星——最具成长性的企业”和“中国最具投资价值企业50强”。2006年第一家专柜在深圳开业，同年开设专柜11家2007年进驻广州、珠海、惠州等五座城市，开设专柜29家2008年进驻14所城市，开设专柜103家2009年进驻120余座城市，开设专柜623家，连续四年复合增长率超过500%
汇尔康,汇尔康,汇尔康品牌，专业的市场品牌，生产销售绿色徐州土特产养生产品：五行蔬菜汤，糙米茶，牛蒡茶，苦荞茶，牛蒡酱，牛蒡酥，银杏胶囊，银杏茶.膨化食品：小孩酥，蜜三刀，羊角蜜，绿豆糕，核桃酥，黄桃罐头。肉制品：捆蹄，捆香蹄，沛县狗肉，沛县驴肉，香肠，烧鸡：贡酒系类：绿豆烧，泥池酒，和香油千种系类产品。
橘园,橘园,《橘园》是宋朝诗人范成大的作品之一。
阿细蜜源,阿细蜜源,阿细蜜源蜂业有限公司位于”阿细跳月”的故乡——美丽神奇的云南省红河州弥勒市。公司依托有“森林王国”美誉的云南那丰富的野生植物资源，在素有“天然氧吧”之称的香格里拉、梅里雪山、丽江玉龙雪山、太子雪山、高黎贡山、西双版纳原始森林和广西巴马等天然原生态区域建有数十个生态养蜂基地，这里空气清新，水质纯净，珍稀植物分布广泛，无任何工业和农业以及人为污染，空气中负氧离子含量高达每立方米2—4万个，采集的蜜源均为天然成熟，优质纯净零污染，富含负氧离子。加工过程中不添加任何其它物质，经低温萃取，最大限度保留蜂蜜中珍贵的活性物质，确保每一瓶蜂蜜高品质，原生态，是真正的有机食品。2008年8月28日，湖南卫视《乡村发现》对公司哀牢山森林蜂场所在地自然保护区野蜂蜜做过专题报道和推荐，2009年3月2日，央视CCTV10《探索发现之旅》也讲述了阿细蜜源哀牢山森林蜂场所在地自然保护区养蜂人采集蜂蜜的过程，公司产品正日渐成为消费者保健养生的首选。
阿辉,阿辉,1989年香港TVB电视台播映的单元剧《阿辉》，由王天林监制，吴孟达、梁鸿华主演。
济,济,本意是过河，渡过的意思，如同舟共济，直挂云帆济沧海等；由此动词引申为，对困苦的人加以帮助：～世。救～。赈～。周～。接～。以上用法均读作四声。另外的一种三声读音，是由古水名----济水而来，此河流今天虽已不复存在，却依然有相关地名存世，如济南，济宁，济阳，济源等。当它作名词或形容词时，读三声；作动词时，读四声。
清平路,清平路,清平路位于中国广州市西关荔湾区，是一条呈南北走向的街道。南起六二三路，北至第十甫路，长439米，宽7米。
扶元堂,扶元堂,扶元堂，称全广州市扶元堂实业有限公司，广东省东南实业有限公司旗下全资子公司，广州市扶元堂实业有限公司成立于1997年，是一家致力于食品、药品、保健品以及生物制品的研究、开发和销售的大型综合企业，总部位于广东省广州市。
葆春,葆春,武汉市葆春蜂王浆有限责任公司创始于1989年6月，创立之初已拥有极为丰富的天然蜂产品临床食疗经验，二十多年来孜孜以求，将“返璞归真”、“回归自然”的蜂产品作为经营之本。“葆春”是国家蜂产品技术体系武汉综合实验站依托单位的蜂产品企业，已发展为拥有与国际标准接轨的GMP工厂，在澳大利亚注册有分公司，旗下终端卖场50多处，涵盖直营店，特许加盟店和国际独立零售商联盟A类卖场零售点。“葆春”专注于天然成熟蜂蜜和鲜王浆对人体健康研究，并在王浆新鲜度、蜂蜜天然成熟度、蜂花粉霉菌杂菌的感官精准检测上所掌握的技术成为业内神话，获得国家职能部门及权威机构对葆春公司及葆春产品高度认可。
采芝林,采芝林,“采芝林”创立于清朝嘉庆年末，已有180多年的历史。“采芝林”原是广州市老城区的老字号药店铺号，由南海河清堡黎氏同族四人合股始创，在惠爱大街、广州府署西侧的清风桥边（原中山五路95号）办起前店后作坊的中药铺。广州采芝林药业连锁有限公司，是广州采芝林药业有限公司属下的一家大型药品零售企业，总部设在北京路药材商场，拥有30多家零售门店，是华南地区首屈一指的中药名店。
抱犊崮,抱犊崮国家森林公园,抱犊崮位于山亭区东南部，距枣庄市驻地23公里。面积达665.5公顷，是国家AAAA级旅游景区、国家森林公园、国家地质公园。从古至今，数易其名。汉代称作“楼山”，魏晋称作“仙台山”，唐宋时曾叫“抱犊山”，明清时期称“君山”，据《峄县志》载：昔有王老汉抱犊耕其上，后仙去，故尔得名“抱犊崮”。抱犊崮属沂蒙山区，海拔580米，是一座集自然景观、人文景观为一体的名山。这里山势突兀、巍峨壮丽、泉流瀑泻、柏苍松郁。山脚下有古庙两座，分别为清华寺和巢云观；半山处有洞数十个，名日桃源洞、水帘洞等；崮顶沃土良田数十亩，松柏茂盛，苍翠欲滴，奇花异草，满崮烂漫。伫崮东眺，黄海茫茫云雾缭绕。
东岛,东岛,中国西沙群岛东部的东岛，位于宣德群岛东边的东岛环礁（属于宣德群岛），在永兴岛东南约50公里，是西沙群岛中面积第二大岛。名称来源是以七连屿为标准。该岛呈长方形，岛周围有沙堤环绕，岛中部地势低洼，面积1.7平方公里。该岛是上升礁和珊瑚贝壳沙体复合组成的岛屿。属于热带海洋气候，终年高温多雨，是中国水热条件最优越的地区之一。经过疏浚航道，在岛西侧建有码头，中国海军守备队在岛上驻防。东岛的野牛群：是1659年前后40年（明末清初）的时代流亡者从海上出逃，带入东岛的 。行政上隶属于中国海南省三沙市管辖。
双营,双营,一个交通枢纽之地，一个交通站点。
海捷亚,海捷亚,海捷亚®（通用名称：氯沙坦钾氢氯噻嗪片），处方药，由默沙东公司（在美国和加拿大被称为默克）研发、生产，2000年获中国国家食品药品监督管理局批准上市。海捷亚®是第一个AngⅡ受体(AT1型)阻滞剂氯沙坦和利尿剂氢氯噻嗪组合的固定复方制剂， 用于治疗高血压。基于这2种药物不同机制的双重阻断作用，海捷亚®能抑制负调节机制，发挥协同降压作用，氯沙坦则防止血钾丢失，降低尿酸水平，起到防止代谢异常的作用。
美心,美心,美心是重庆美心（集团）有限公司在国家商标总局申请注册的商标品牌。 
T2,T2次,T2次，现为Z2次（2016年5月15日调图）列车是由长沙开往北京的特快列车，隶属广铁集团，列车全程1593公里，下午17点50从长沙出发，到第二天的早上7点58分到达北京西，全程时长14小时08分，途经湖北，河南、河北、三个省。中途停靠岳阳，武昌、郑州、石家庄、四个站。 先后荣获过"全国卫生列车"、"全国百家用户满意单位"、"全国青年文明号"、"全国精神文明创建先进单位"、"全国职业道德建设十佳单位"等150多项国家级、省部级荣誉称号。 
以便以谢,以便以谢,在示罗以西约三十公里，距离亚弗仅三公里，非利士人听到以色列人聚集在米斯巴，便惧怕他们起来反抗，于是率先攻击以色列人。希伯来人未准备作战，十分惊恐。在他们要求撒母耳为他们代求后，撒母耳献上全牲的燔祭（看来利未人才可以这样献祭——代上二三26～31），并祷告。结果神大发雷声，奇妙地击退敌人，以色列在那日取得胜利。为感谢神，撒母耳立了一座石碑。名叫“以便以谢”（意思为帮助之石：“到如今耶和华都帮助我们”！）。目的就是向他们的后裔见证神，使他们的子孙永远敬畏神（书4：1-7）。
国蓉,国蓉,1994年7月毕业于成都科技大学机械工程系机械制造及其自动化专业。2000年获西安工业学院计算机系计算机技术及应用专业工学硕士学位。2006年4月获得西安交通大学能动学院过程装备与控制专业工学博士学位，2008年9月～2009年8月，在北京航空航天大学访问学习。
金领康,金领康,金领康，是德泰生物旗下的一个品牌，是国内专业从事婴幼儿营养研究与健康食品开发的高端品牌之一。
宝昌,宝昌,宝昌镇，宝昌镇位于内蒙古自治区锡林郭勒盟太仆寺旗中部，南与贡宝拉嘎、千斤沟乡相连，东与永丰镇毗邻，西和五面井乡接壤，北与头支箭镇交界。是全旗的政治、经济、文化活动中心，全镇总面积124.65平方公里。
倾颜,倾颜,《倾颜》由作家倾颜非旃，倾心打造！拥倾国之颜，只愿平淡，踏千年之行，只要真心，一路的繁华落寞，韶华逝去，蓦然回首，执子之手，相守白头....
伊甸园,伊甸园,伊甸园是地上的乐园，根据《圣经·旧约·创世纪》记载，神·耶和华照自己的形像造了人类的祖先男人亚当，再用亚当的一个肋骨创造了女人夏娃，并安置第一对男女住在伊甸园中。伊甸园在圣经的原文含有乐园的意思。圣经记载伊甸园在东方，诗人阿利盖利·但丁的《神曲》则将伊甸园置于炼狱山的顶点。有四条河从伊甸之地流出并滋润园里，这四条河分别是幼发拉底河、底格里斯河、基训河和比逊河。人类的祖先因偷吃禁果而犯下原罪，被上帝流放，这一事迹被称为失乐园（ParadiseLost）。相应的，经过末日审判之后的人类获得救赎，重新回归乐园，这被称为复乐园（ParadiseRegained）。
岐皇,岐皇,《岐皇》是暖日生烟创作的网络小说，发表于起点网。
佳福健,佳福健,佳福健是“沈阳天乐保化品有限公司”注册的商标品牌。涉及的产品及服务包含：药酒;蜂王精;人参;维生素制剂;补药;减肥药;营养补充剂;婴儿食品;净化剂;动物用膳食补充剂等。 
康辰,康辰,2010年广州亚运会圣火火种采集“圣女”，云南女孩康辰晨当时是云南艺术学院声乐专业大四学生。火种采集仪式2010年10月9日上午十时在北京居庸关长城北烽火台举行。在仪式上，万众瞩目的采火“圣女康辰晨通过凹面镜点燃了亚运圣火的火种。
新开河,新开河,吉林新开河辽宁辽阳新开河沈阳新开河
特格尔,特格尔,本品为白色片或薄膜衣片，除去包衣后显白色或类白色。
Pure,pure,PURE(퓨어)是韩国的5人男子组合，组合成员有White秀赫，Pink灿辉，Black继民，Blue廷彬，Yellow荣昊等。
奇正,奇正,奇正是一个汉语词汇，读音为qízhèng，指既要出奇制胜，又要科学严谨，正确；古时兵法术语。出自《易经》中的阴阳变化之理及古代兵家刚柔、奇正、攻防、彼己、虚实、主客等对立关系相互转化的思想推演而成，含有朴素的军事辩证法的因素。
昆中药,昆中药,昆中药肇启于明太祖洪武十四年（1381年），正式开工于清道光六年（1826年），至今已有600多年的历史！昆中药是我国五大中药老号之一，公司全称“昆明中药厂有限公司”，是“中华老字号”企业，国家级非物质文化遗产保护单位，高新技术企业，博士后科研工作站，云南省企业技术中心，云南十大历史品牌企业。
索南才让,索南才让,索南才让，男，藏族，1963年9月 生出生于青海省尖扎县洋江村，中共党员，中央党校大学学历。现任州经济和商务委员会副调研员，拟提任副县级领导干部。研究员，硕、博士生导师，西藏自治区先进工作者、西藏自治区直属机关工委优秀共产党员、西藏自治区优秀共产党员、陕西省民族团结先进个人、咸阳市有突出贡献的专家、西藏自治区学科带头人。
沾化冬枣,沾化冬枣,“沾化冬枣”产于沾化区境内，是一种珍贵稀有的鲜食果品。十几年来，沾化区不断探索开发之路，使之造福人类。如今，这一稀有资源终于从庭院走向大田，其规模不断扩大。1995年5月，在“全国首届百家特产之乡”评选活动中，沾化区被命名为“中国冬枣之乡”。沾化冬枣成熟期晚(10月中下旬成熟)，状如苹果，有“小苹果”之称。平均单果重20g左右；色泽光亮赭红；味质极佳，皮薄肉脆，细嫩多汁，甘甜清香，营养丰富。经北京营养源研究所分析化验，沾化冬枣含人体所需的19氨基酸和A、B、C、P等多种维生素，含可溶性固形物34-38%，维生素C352cg/100g。与其它果品相比，是苹果的70倍，梨的140倍，营养价值为“百果之冠”，被誉为“百果王”、“活维生素丸”。一位中央领导品尝后称赞沾化冬枣为“天下奇果”，美国俄勒岗大学园艺农学院生命科研所主任鲍依尔、教授福基高米品尝后，称其为“世界第一果品”。
莲洲,莲洲镇,莲洲镇是经广东省民政厅批准于2003年8月25日成立的镇，由原上横镇与原莲溪镇合并而成，属于中心镇。全镇地处珠海市西北部，东面隔河与中山市板芙镇相望，西北面与江门的新会古井镇和睦洲镇接壤。面积88.6平方公里，户籍人口4.3万人，常住户317户，人口1127人；流动人口15户，60人。下辖27个行政村和3个社区，设立永利工业区。
无他,无他,无他，读音wútā，汉语词语，1.亦作“无它”。没有别的。出自《孟子·告子上》；2.犹无恙；无害。出自《后汉书·隗嚣传》；3.无二心，专一。出自《国语·晋语三》。
马应龙,马应龙,马应龙是一家经国内贸易部认定的中华老字号企业，创始于公元1582年。经过持续快速健康发展，马应龙已经成为一家涉足于药品制造、药品研发、药品批发零售、连锁医院等多个领域的专业化多功能国际化的医药类上市公司。
太太,太太,太太是汉语词语，读作tàitai，出自《两般秋雨盦随笔·太太》，对长辈妇女的尊称，现在指对已婚妇女的尊称（带丈夫的姓）。如：有位杜太太给您留了口信。
藏原蜜语,藏原蜜语,“藏原蜜语”是青海青藏生物资源开发有限公司出品的蜂产品系列，主要包括：活力源软胶囊（获国家科技进步二等奖）、超微粉蜂王浆、蜂王浆冻干粉胶囊、破壁蜂花粉、蜂花粉胶囊、蜂胶软胶囊、蜂蜜精致小包装等系列产品。
营养屋,营养屋,营养屋，中国天然草本营养品领先品牌，由留德生物化学博士、首位FelixSchoeller化学奖华人获得者，制药业专家陈耀明先生在加拿大创立。秉持“自然的、健康的”营养健康理念，营养屋专注于天然药物以及草本营养品研究开发和生产。
渔夫堡,渔夫堡,渔夫堡是一家专注于健康事业的公司，全心为追求高质量生命体验的人们提供优质的保健产品，为顾客提供专业的健康解决方案。公司以“专注健康，传递快乐”作企业的发展理念，在健康产品事业上深耕细作，迄今已发展成业内最具影响力的健康产品企业之一。2011年，影星“万人迷”陈好正式签约渔夫堡，成为品牌首席形象代言人。渔夫堡签约陈好，标志以胶原蛋白项目为前锋品牌拓展计划全面启动，渔夫堡品牌发展迈上新台阶。
海王,波塞冬,波塞冬是在日本动漫《海贼王》中登场的虚拟人物，真身是数百年才会出现一位的能够与海王类沟通能力的人鱼公主。当代的海王为白星公主，性格温柔善良，习惯在所有人的称呼后都加上“大人”。
联合邦利,联合邦利,联合邦利品牌隶属广州联存实业集团。联存实业集团成立于1999年，发展至今己拥有两个GMP生产基地，下辖广州联存医药、广州邦利生物、广州奇瑞生物、广州倍恩力等全资子公司，是一家集营养保健食品研发、生产、加工和销售于一体的年销售额突破10亿元的高科技生物医药集团企业。
UNB,UNB,《UNB》是韩国KBS电视台选秀节目《THEUNIT》最终出道的男子组合。 于2018年4月7日正式出道 。
卡尔维多康,卡尔维多康,卡尔维多康是一个保健食品品牌，遍布全球超过1500个专柜及专卖店，多年来以其配方精良、原料纯正、性价比高等优势深受世界各国消费者喜爱。
柏克森,柏克森,柏克森，唯心主义者。英国哲学家。1956年，柏克森专著了《唯物哲学之研究》，连续印了十七版，均销售一空，并翻译成了法文、德文等多国文字。后来他旅游至印度，在灵鹫山见到了大迦叶尊者。大迦叶尊者带他到寂静处，整整给他传授了一年的佛法，还将他剃度出家。数年后，他回到伦敦，引起了大家的极大关注。众多专家、学者邀请他作一次演讲。演讲时，他身披袈裟，向大家介绍了佛法，指出他以前论著中唯物哲学的错误之处，并作了忏悔，同时一一回答了大家关于佛法与哲学等的各类问题。当时就有96位博士在他面前皈依了佛法，其中有生物博士米克恩、神学博士甄克费勒、化学博士罗斯哈德及天文学博士哀泼思等。
福施福,福施福,
亨博士,亨博士,亨博士 是亨博士保健食品公司旗下的保健品品牌，以自然为本，专注于保健食品的研发、生产和销售，被评为“华东地区保健品十佳品牌”。
禾博士,禾博士,禾博士，巨人集团禾博士营养系列，以取自天然绿色草本的健康品服务于中国人健康，立志于传播关爱，让健康更简单。
生命力,生命力,生命力（shēngmìnglì）维持生命活动的能力；生存发展的能力。从生物学的角度来看，如果把文化比作生物体中的遗传信息，那么DNA必须有保护和修复机制。使之不致产生错义，尽量减少有害突变。
元甲山,元甲山,这里生态环境优美，地处皖赣交界的新岭梅山脚下，三面环山，绿树成荫，溪水绕村；这里文化底蕴深厚，历史上教育发达、文风昌盛、人才辈出，中国近代名人周馥、许世英均曾经在这里的书馆就读。这就是东至县泥溪镇元潘村元甲山庄，一个有着1300多年历史的古村落。近年来，元甲山再度声名鹊起，不仅因为千年积淀下来的深厚文化底蕴，而且在于元甲山在村庄环境治理、生态环境保护、传统文化发掘和特色农业发展齐抓并举，相互促进。在美好乡村建设中，元甲山坚持环境整治与生态保护相统一，尊重自然肌理和村庄特色，极大提升了村庄的形象和品位。同时，该村通过产业结构调整，大力发展特色生态农业，已经形成了以林业、粮油棉为基础，烟叶、瓜蒌为主导，“农家乐”观光旅游为补充的产业格局，农民收入逐年提高。
蜜滋兰,蜜滋兰,蜜滋兰蜂蜜源自素有“人间净土”美誉的新西兰，这个位于太平洋西南部的岛屿国家保留着大自然最原始的馈赠，得天独厚的自然条件，为蜜源的纯净提供了有力保证。
劲牌,劲牌,劲牌是劲牌有限公司旗下的保健酒品牌。最为国人熟知的产品就是保健酒“劲酒”，“劲酒虽好，可不要贪杯哟”的广告语耳熟能详。劲牌有限公司是专业化的健康食品企业，总部位于湖北省黄石市大冶市。
名实,名实,中国古代哲学范畴。名指名词、概念，实指实际存在的事物。中国古代哲学家们因反映的社会政治利益和所处的认识发展阶段不同，对名实关系有着不同理解，展开过长期争论，形成了中国古代哲学的名辩思潮，由此推动了中国哲学的认识论、辩证法和逻辑的发展。
养生密码,养生密码,《养生密码》是一款Android平台的应用。
华夏先葆,华夏先葆,华夏先葆（北京）中药研究院有限公司，是我国领先的致力于中药及中药健康产品研究与开发的高新技术型科研企业。自成立以来积极构建以中药养生为核心的多元产业格局，以专业、科学、规范和先进的研发理念启迪中医药健康文化本源回归，开创中医治未病的生命健康新时代。文化引领，科技驱动。华夏先葆，追求健康文化与现代科学的完美融合，着力于承扬中医药文化的同时，缔造健康生命，惠济国人。源华夏医道之本，成先葆康健之术。华夏先葆，积极构建涵盖现代保健食品、精制中药饮片、药食同源有机食品、生态产品等产品和提供系统化健康管理服务的多元化产业格局，以建设领先的综合型健康产业基地，推动我国健康文化的传播以及健康产业的发展，为国人生命健康创造价值。 
Kneipp,克奈圃,Kneipp克奈圃公司创建于1891年，克奈圃品牌拥有120年历史，是来自德国天然纯正的精油养护及香氛品牌。
台糖,台糖,台湾糖业公司，简称台糖（英语译名：Taisugar），是台湾农产业规模最大的企业之一。台糖成立于1946年，由国民政府合并日治时代之所有制糖会社（大日本制糖、台湾制糖、明治制糖、盐水港制糖）而来，在1950年代和1960年代，台糖因大量外销糖产品，成为当时台湾最大的企业。台糖现在仍是台湾最大的地主，所拥有的土地（主要为农场）遍布全台各地。
TSC,TSC,TSC（testofspokenChinese）外国人参加的汉语口语考试，分为1级~10级。1、2级是入门级；3~5级是初级；6-7级是中级；8-10级是高级。
ECC,ECC,ECC是“ErrorCorrectingCode”的简写，中文名称是“错误检查和纠正”。ECC是一种能够实现“错误检查和纠正”的技术，ECC内存就是应用了这种技术的内存，一般多应用在服务器及图形工作站上，这将使整个电脑系统在工作时更趋于安全稳定。ECC也可以解释为“errorcorrectionorcorrectingcode"or"errorcheckingandcorrecting")”还可以解释为Errorcorrectioncircuit
一哥鲍鱼,一哥鲍鱼,一哥鲍鱼创立于1997年香港回归日，秉持世界御厨杨贯一先生：“回归后，让内地高端人士宴请贵宾及家宴时，也可以品尝到原汁原味，如同一哥煲制的顶级干鲍鱼。”这一愿景而推出的鲍鱼美食高端定制品牌。
翌生美,翌生美,ESMAY/翌生美是中国著名健康美肤品牌，主要生产健康美肤保健品和化妆品。“绿色健康，自然美丽”的品牌理念一直倍受爱美女性的青睐，翌生美拥有世界一流的研发团队和技术领先的生产基地。主营产品胶原蛋白连续3年入围“中国十大胶原品牌”，同时国内第一款纳米级胶原护肤品也是源于翌生美。2013年7月，翌生美推出中国第一款可以口服的蓝帽子透明质酸。
橘氏,橘氏,橘氏，是日本平安朝大姓，是敏达天皇的后裔。家族在奈良、平安两朝出过许多的公卿，成为显赫一时的名门。历史上常将其和源氏、平氏、藤原氏并称，是日本古代四大氏族之一，但是后来与藤原氏争权失败便没落，在日本战国时代时绝嗣。
蚂蚁农场,蚂蚁农场,蚂蚁农场是由美国人米尔顿模拟仿生系统发明的一种玩具。透过玻璃，人们可以清楚地观察到小蚂蚁在“地面”和“洞穴”里的一举一动。该玩具可让孩子们非常真实、方便地观察到蚂蚁的生活和神奇的蚂蚁世界，从中享受探索大自然的巨大乐趣和收获无穷的知识。
恒寿堂,恒寿堂,上海恒寿堂药业有限公司是一家集科研，开发、生产、行销于一体，专业从事高科技生物医药保健系列产品的大型民营企业。恒银集团于1997年11月投资创办了上海恒寿堂药业有限公司，跨出了恒银发展史上的关键一步。实现了从资本经营向实业经营的转变。作为一家民营高科技企业，恒寿堂吸取了众多中国成功企业的经验和国外优秀企业的先进管理方法，按现代企业管理制度标准在保健品领域中雄心壮志，追求卓越。
左良,左良,左良，男，1943年10月生，陕西长安县人。中国青海省美术家协会主席、一级美术师。1992至1993年主持北京人民大会堂青海厅艺术品创作。擅版画、中国画及美术理论。美术作品曾36次参加全国美展；并被选送赴法国、美国、日本等20多个国家与地区参加国际性美展。代表作中国画《唐古拉山下》、版画《高原风》、《祁连风雪》等10幅作品被中国美术馆收藏。1984.1989.1994.1999年连续四届获青海省文学艺术创作评奖最高奖。
首仙,首仙,《首仙》是连载于起点中文网的一部玄幻小说，作者是燕皇。
宫匠坊,宫匠坊,宫匠坊是武汉仁济医药生物科技有限公司 旗下品牌，宫匠坊是一个以阿胶、桃仁、桑椹子、枸杞、核桃仁等中草药为原料，遵照八法（即“选、制、洗、泡、煎、秘、滤、收”等八道工序）制作成宫匠坊益甄膏。 
藏森堂,藏森堂,
紫麒麟,紫麒麟,紫麒麟，是出现在何马小说《藏地密码》中的终极灵兽，是比藏獒更为迅猛的动物。紫麒麟，体若马驹，通身紫金，头大如斗，眼若铜铃，四蹄如柱，是传说中的神兽，最为神秘的藏獒。故事从寻找照片上这个传说中的紫麒麟开始了，之后的故事环环相扣，其中隐藏的奥秘在作者笔下娓娓道来，让人不得不怀疑，这世上是否真的有这样一种神秘的藏獒。人类还在寻找着。
地上皇,地上皇,地上皇是山东省专业经营植物药草的老字号品牌，有三千余亩的灵芝合作社栽培基地，主要品牌“地上皇”，产品包括破壁灵芝孢子粉、灵芝孢子油、灵芝切片、灵芝茶、灵芝化妆品等。多年经营，汇集了养生顾问、营养体验、质量检验、食品安全、电子商务等领域的专业人士，从造福一方到福泽天下，致力于现代养生的积极探索，为全球消费者提供更好的产品和服务。 
喜乐田园,喜乐田园,《喜乐田园》是青豆豆创作的网络小说，发表于起点网。
时珍康,时珍康,时珍康是一种药，用于肠瘘周围的皮肤保护、擦伤的皮肤保护，以及急性、慢性皮炎和湿疹、溃疡等各种皮肤病。
体恒健,体恒健,体恒健为山东新稀宝股份有限公司注册商标，于2010年11月12日荣获“山东省著名商标”称号。济南体恒健生物工程有限公司（山东新稀宝股份有限公司）位于国家级开发区——济南高新技术开发区大学科技园内，由山东省优秀青年企业家汤传忠先生创办于1995年。本公司是一家立足于微量元素领域，集科研、开发、生产、经营、销售于一体的高新技术企业，是山东省首家通过GMP认证的保健食品企业，拥有大型的现代化生产基地和先进的机械设备，具备雄厚的技术力量和优良的工作环境。
寿全斋,寿全斋,宁波寿全斋药店创设于清乾隆二十五年（公元1760年），创始人为王立鳌和孙将赣（后孙退出，由王氏独家经营，代代相传，解放后历经公私合营、股份制企业等，现为民营公司），原店址在最繁华的今中山东路56号。
GND,GND,GND是电线接地端的简写。代表地线或0线。这个地并不是真正意义上的地，是出于应用而假设的一个地，对于电源来说，它就是一个电源的负极。
中国药材,中国药材,《中国药材》是一款Android平台的应用。
欧意,欧意,欧意（头孢羟氨苄颗粒），适应症为主要用于葡萄球菌、链球菌、肺炎球菌等引起的呼吸道、生殖泌尿道、皮肤软组织、消化道等感染性疾病。
天巢,天巢,
唐布拉,唐布拉,唐布拉是尼勒克县境内喀什河峡谷草原景观的统称，得名于县城东南105公里处的一个山沟，因其沟东侧山梁上有几块硕大无比的岩块，恰似玉玺印章，故名唐布拉，哈萨克语即大印章。唐布拉风景秀美，有森林、草原、飞流、山石等，据说电影《天山红花》曾在此地取外景，唐布拉从此驰名。
夏果果,夏果果,夏果果，青年作家、知名图书策划人。鲁迅文学院第八届青年作家研讨班学员，现居北京。她的文字唯美、大气，是陕西新一代青年作家的实力派代表，评论界，文学界，此前媒体把她与安妮宝贝、沧月、郭妮、张悦然一并称作“中国五大女性作家”“十年网络文学十大女性作家”之首。获搜狐网小说年度冠军，全国十大情感女作家，中国期刊杂志四小花旦之一，在全国各大期刊发表文字百万字余。
新洲,新洲区,新洲区是湖北省武汉市的远城区之一，位于武汉市东北部、大别山余脉南端、长江中游北岸，界于东经114°30′—115°5′和北纬30°35′—30°2′之间，东邻黄冈市团风县，西接武汉市黄陂区，南与武汉市洪山区、鄂州市华容区隔江相望，北与黄冈市红安县、麻城市毗邻交错，地势由东北向西南倾斜，山岗与河流呈“川”字型排列，俗称“一江（长江）、两湖（武湖、涨渡湖）、三河（举水河、倒水、沙河）、四岗（楼寨岗、叶顾岗、长岭岗、仓阳岗）”，为武汉东部水陆门户。1951年6月建立新洲县，隶于黄冈地区。1983年8月划归武汉市管辖，1998年9月撤县设区，成为武汉市的一个新型城区。全区版图面积1500.66平方公里，其中陆地占82%，水域占18%；2017年常住人口105万人，辖10街3镇1个经济开发区1个风景旅游区，是全国闻名的“双孢蘑菇之乡”、“建筑之乡”，享誉荆楚的“教育之乡”和“民间艺术之乡”。区政府所在地邾城是武汉市的卫星城，阳逻开发区是市区共建的省级经济开发区。
一枝笔,一枝笔,一枝笔莱阳梨汁产自风景秀丽的山东半岛--莱阳
平和源,平和源,平和源是“中医体质调理技术领导品牌”，是炎黄东方（北京）健康科技有限公司知己（KY3H）模式项下的主要产品。由中国中医药科技开发交流中心监制、北京中医药大学王琦体质研究室研发，其组方为中医体质养生学创始人王琦教三十多年科研成果，是王琦教授授唯一授权组方产品，它是利用中药组方、以药品生产技术生产的，适用于不同体质人群的高档功能性食品，作为“十一五”国家科技制成计划——中医“治未病”及亚健康中医干预研究项目阶段性成果产品，获得专家论证认可，经国内四家中医医院临床验证对偏颇的体质亚健康调理有较好效果。
自然之宝,自然之宝,1971年，鲁道夫在家乡——纽约长岛创立了NATURE’SBOUNTY公司，意为“大自然的恩赐”，中文译为“自然之宝”。1992年，自然之宝的母公司NBTY在美国纳斯达克(NASDAQ)首次公开发行时，随即成为90年代股票表现最引人注目的公司。2003年9月，NBTY从纳斯达克迁移到更为成熟的纽约证券交易所NY.SENATURE’SBOUNTY公司鲁道夫专注于应用新技术、产品创新、自然之宝使用天然原料和降低生产成本，令自然之宝公司在诸多方面都成为行业先驱。
sunny,李顺圭,李顺圭（Sunny）本名李纯揆，1989年5月15日出生于美国加利福利亚州洛杉矶市，韩国女歌手、主持人，女子演唱团体少女时代成员之一。李顺圭原本在其父亲的经纪公司训练了9年，准备以"TINTOP"出道时遇上经纪公司倒闭，未能出道。2007年，她在亚由美的推荐下参加韩国SM娱乐有限公司的选秀，成为旗下练习生；同年8月以演唱团体少女时代正式出道。2009年参与综艺节目《青春不败》。2012年参与综艺节目《青春不败2》 ；同年首次参演音乐剧《Catchmeifyoucan》 。2014年参演音乐剧《Singingintherain》 ；同年9月加入综艺节目《Roommate》第二季，成为固定成员并参与录制 ；12月凭其主持的广播节目《FMDate》获得“2014MBC放送演艺大赏”广播部门新人奖 。2015年10月担任“第17届富川国际动漫节”的宣传大使 。
北纬三十八度,北纬三十八度,《北纬三十八度》是由宋业明执导的战争片，丁笑宜、张一鸣等参加演出。此片讲述了志愿军从准备出兵到渡江到战争到战争结束的全部过程，披露了许多从未公开的战争史实。
老中医,老中医,获得“名中医”称号的专家共有69位，借助网络，特别是百度百科的宣传，详细例举了其中几位老专家。这几位专家只是众多中医名家的缩影，在上海，还有许多与他们一样德高望重的中医专家正默默耕耘于望、闻、问、切与辩证施治之妙方良药的开拓与创新，为人类健康倾其毕生心血。
康再普,康再普,康再普，作为一个高端的运动营养品牌，一直致力于为专业运动人群和各类健身塑身人群提供优质营养食品，不断寻找最新的科技，研发新的配方，升级已有产品，用最好的质量和最好的口感赢得客户的青睐。
海迪,海迪,“海迪”是继章鱼“保罗”后，德国的又一只明星动物。“海迪“是一只斗鸡眼负鼠，大约两岁半，先前与姐妹“奈拉”遭遗弃在美国北卡罗来纳州一家动物收容所外，2010年5月在德国莱比锡动物园安家落户。
几木朵,几木朵,几木朵（jimuduo）是一个养生食品品牌，源自宝岛台湾，所有原材料均选用台湾源生态产物，生产过程不添加防腐剂，香料及矿物油。所有产品均严格按照台湾SGS国际认证标准进行生产，纯净自然，无负担。几木朵酵素2010年1月份从台湾引进。
爱点,爱点,爱点是天津港保税区爱信食品有限公司旗下的食品品牌。
黄金搭档,黄金搭档,上海黄金搭档生物科技有限公司生产的产品。中国的儿童青少年、女士、中老年人所缺维生素和矿物质有明显差异，不宜使用同一配方，黄金搭档分三类配方。黄金搭档只补充大多数人不足或容易缺乏的维生素及钙、铁、锌、硒等，对已经充足甚至过量的不予补充。黄金搭档能使人体内维生素和矿物质充足、平衡。保证黄金搭档功能的同时，慎重对待毒性比较明显的维生素和矿物质，严格控制在安全范围内。保证长期服用黄金搭档不会产生毒副作用。
敬修堂,敬修堂,广州敬修堂（药业）股份有限公司是广州医药集团有限公司、广州药业股份有限公司（香港H股和上海A股大型上市公司）下属的主要中成药制造企业之一。
MHC,主要组织相容性复合体,主要组织相容性复合体(majorhistocompatibilitycomplex，MHC)是所有编码生物相容复合体抗原的基因群一种统称，表示可以进行MHC基因家族（MHCclassⅠclassⅡclassⅢ）编码而成分子，即MHA，的基因。MHA位于细胞表面，主要功能是绑定由病原体衍生的肽链，在细胞表面显示出病原体，以便于T-细胞的识别并执行一系列免疫功能（例如杀死已被病菌感染的细胞，激活巨噬细胞杀死体细胞内细菌，激活B细胞产生抗体等）。编码MHA(majorhistocompatibility)的基因是分布于染色体上特定区域的一组紧密联锁的基因群，即MHC不同种类哺乳动物MHC基因的编码产物的名称各异。人类的MHC通常被称为HLA(humanleucocyteantigen，HLA)，即人类白细胞抗原。MHC基因（MHCgene），定位于人类第六号染色体短臂，呈高度多态性。其编码的分子表达于不同细胞表面，参与抗原提呈，制约细胞间相互识别及诱导免疫应答。小鼠的MHC称为H-2复合体。
于阁老,于阁老,于阁老品牌下辖于阁老玫瑰制品和于阁老阿胶制品两大系列产品，是滋补养生的知名品牌，既适用于中老年人滋补养生，也适用白领男女补益气血、滋阴补肾。对于长期处于亚健康状态的白领人士来说，于阁老系列产品可达到减轻症状、调养气血、提高体力精力的作用。
海洋明珠,海洋明珠,海洋明珠花园由乳山市新宇房地产银滩分公司开发，项目三面环海，紧临总投资近80亿元人民币的潮汐湖国际游艇度假中心，495公顷的潮汐湖在银滩打造了一个天然优美的大湾塑成为一方绝美的海滨胜地。
果真了得,果真了得,果真了得，第一家出售深山百年野生老树核桃的电商品牌。创始人在1996年承包山地20000亩，种树、农作物，和野生茶园，药材等，2009申请“果真了得”商标注册，2011年4月创办郑州果真商贸有限公司，并成立了注册资金1000万的农民合作社。主营老树核桃，野生土蜂蜜，坚果，野生山菌，绿茶，花茶等清新健康美，2011年6月，果真了得天猫商城上线。
格林斯通,格林斯通,丽江格林斯通食品有限公司位于程海湖畔，是在我国第一个螺旋藻生产中试基地的基础上发展起来的知名企业，占地面积256.3亩，多年致力于螺旋藻研究与开发。公司始终遵循“为全民健康服务”的经营理念，企业十分注重产品研发与生产质量，近年来，公司加大投资力度，在程海湖畔启动GMP标准化工程，成为了程海湖畔第一家通过GMP的企业。
依然,依然,依然是一个汉语词汇。读音为yīrán，常作为副词，指照往常、依旧的意思。也指依恋不舍的样子。
督乐,督乐,督乐是中国领先的亚健康恢复平台，由从业20年以上的骨科医生，亚健康恢复教练，营养师专业团队联手打造。如果您正被腰椎、颈椎、肩周、三高、肥胖等亚健康问题困扰，不妨马上开始使用督乐，90天见成效！-轻锻炼：特别设计的轻锻炼动作，非常适合办公一族-碎片化：随时随地锻炼，简单即能完成-真人督导：彻底治愈懒癌患者，坚持才是硬道理-为您定制：系统量身定制锻炼方案，只属于您-完全免费：完全免费全功能设计 
恩济堂,恩济堂,恩济堂品牌是历史悠久的传统老字号，代代相传的恩济堂秋梨膏拥有数百年历史，其品质与功效于神州大地广为传颂，时至今日其销量于国内同行业仍然处于遥遥的领导地位。恩济堂系列产品凭借其优异的质量，独特的口感，完善的售后服务，深受广大消费者喜爱，被中国保健食品协会确定为推荐品牌，更获得中国著名品牌的殊荣。恩济堂品牌秋梨膏是在康熙年间由四大御医之一刘恩济将秘方带出宫廷，作为传家秘方，延续至今。
肌言堂,肌言堂,肌言堂Skintalk，倡导“调于内，美于外”的口服美容营养专家，专心、专注、专业为中国女性研发功效自然，高效便捷，美肤效果持久的口服美容产品。产品设计以科学佐证逻辑性为基础，由享誉全球的原强生制药核心研发团队负责产品研发及配方设计，结合国际化生技研发团队的专业，甄选原材料的天然、活性、最有效成分，设计出一系列符合现代白领女性需求的美容保养品及美颜辅食系列，通过内在美推动外在美，真正实现肌肤永远年轻的梦想。
草之典,草之典,“草之典”为福建金草生物集团股份有限公司的连锁品牌，致力于金线莲系列产品推广，旨在让国人享用到优质、正品的金线莲。草之典金线莲在解酒、抗肿瘤、提高免疫力、保肝护肝、降高血脂、降高血压、降高尿酸、降高血糖、辅助抗动脉硬化及脑血栓、抗病毒等方面效果显著。
国珍,国珍,国珍，是新时代健康产业集团的保健食品和营养食品品牌，该品牌定位为“中华养生，荟萃精华”，以“天然、科技、平衡”为核心价值。数年来，国珍品牌旗下的多款保健食品和营养食品受到了社会各界的普遍认可，是“中国航天专用保健食品”。国珍品牌被国家工商总局认定为“中国驰名商标”。
御信堂,御信堂,御信堂秉承“天然洗护，给宝宝最健康的”婴儿护肤理念，致力于母婴洗护用品研究及开发。在全球范围甄选优质、纯净、高效安全的天然植物资源，坚持以简单的物理加工工艺为主，最大限度地保持天然植物成分纯度和功效；不添加香精、色素、矿物油、苯、二恶烷、甲醛；确保宝宝使用的安全性、温和性、舒适性，精心呵护宝宝健康成长。
沃华泰康,沃华泰康,ORGANIKA&reg;(全名为：加拿大ORGANIKA&reg;健康产品公司CanadaOrganikaHealthProductsInc)成立于1990年，公司位于加拿大西海岸BritishColumbia省的Richmond市。作为全球最大的健康产品制造商之一，Organika研制开发了450多种产品，是北美及欧洲地区的知名品牌。在亚洲地区的日本、新加坡、马来西亚、香港、澳门、台湾等国家和地区已畅销多年。
蜀中,蜀中,蜀中是汉语词汇，拼音shǔzhōng，出处《华阳国志·刘先主志》。
善元堂,善元堂,善元堂 成立于1997年，是中国营养健康行业的企业和知名品牌。
复盛公,复盛公,复盛公是包头最古老的商号之一，由山西祁县和徐沟的乔姓、秦姓二人于1818年创立，最初经营草料、黄豆。于1951年停止营业，1953年春结束。
弘燕,弘燕,弘燕，字思敬，别号思敬（或作敬思误）主人，一号石琴道人。任右宗丞。喜诗文，工书，善飞白，能指画，颇有巧思，兼擅画白描佛像。
辰精,辰精,辰精，是汉语词汇，指水星。
NCB,NCB,NCB全称NationaltechCommitteeoftheBiotechnology是全国生物科技管理专业委员会英文的简写。全国生物科技管理专业委员会为全国高科技专业化协作组织中负责在全国范围内协调、促进各地生物产业实现高技术产业化的工作委员会，是非经营性部门，非法人单位（简称全国高生委、英文缩写为NCB）。NCB全称NoCompileBrowser，是一种VC程序自动生成的文件，用于显示类和结构的方法或属性。
畅乐,畅乐,畅乐是抗感染药。
金贵,金贵,金贵，湖北武汉人，画家。同名人物还有甘肃画家等。
康比特,康比特,近日，从北京康比特体育科技股份有限公司(简称“康比特”)传来消息，该公司“康比特”商标被国家工商总局认定为中国驰名商标。这也是康比特公司继荣获“2008年供奥先进企业”、“中国体育营销星光奖最佳产品创新奖”、“北京市著名商标”、“标准创制先进单位”、“全国企事业知识产权试点单位”、“国家火炬计划重点高新技术企业”后的取得的又一重要成绩。
CPT,CPT,CPT是carriagepaidto...（…namedplaceofdestination）的缩写形式，意为运费付至·.....（……指定目的地），是指卖方向其指定的承运人交货（货交承运人），但卖方还必须支付将货物运至目的地的运费。即买方承担交货之后一切风险和其他费用。“承运人”是指任何人，在运输合同中，承诺通过铁路、公路、空运、海运、内河运输或上述运输的联合方式履行运输或由他人履行运输。如果还使用接运的承运人将货物运至约定目的地，则风险自货物交给第一承运人时转移。CPT术语要求卖方办理出口清关手续。根据《INCOTERMS2000》该术语可适用于各种运输方式，包括多式联运。
纽徕佛,纽徕佛,纽徕佛——英文“NEWLIFE”，只有懂得珍惜的人，才能知道“新生”的含义，才能获得真正的新生。所有的新生，必须以强健的躯体为依托。纽徕佛(NEWLIFE)，活力新生活。珍惜自己，不断超越过去，激发活力，拥有并把握幸福。纽徕佛是阿拉斯加公司凭借自身在生物科技上强大的研发能力，与深圳市生命力科技发展有限公司一道，结合中国人的饮食生活习惯及身体特征，精心研发的新一代符合当代中国人营养需求的保健食品。
new life,New Life,《NewLife》（《新生活》）是德国伊朗混血歌手MehrzadMarashi的英语流行音乐专辑，2010年6月11日在德国发行，专辑曲目包括Don'tBelieve、EverytimeYouGoAway、RoodieRoodie、You'reMyHeart、Sweat、You'retheOne、PleaseDon'tGo、SaturdayNight、ILoveYou、YouandI、AsLongasYouLoveMe、HereIStand。
潘高寿,潘高寿,潘高寿，即广州潘高寿药业股份有限公司，始建于清光绪十六年（公元1890年），是广药集团旗下广州药业（香港H股和上海A股上市企业）的核心企业之一，是以生产止咳化痰药著称的中成药生产企业。潘高寿是国务院首批认定的“中华老字号”，其品牌价值在中国品牌研究院近年公布的“中国老字号品牌价值百强榜”中居全国第28位。
润惠堂,润惠堂,1836年（道光十六年），以行医为生的任文贵，在东阿县任庄设立润惠堂阿胶作坊，以熬制颜色乌黑、透如琥珀的上乘阿胶而声明远播。
太阳神,太阳神,中国的传统神话中的太阳神有六位，他们分别是：羲和、炎帝神农氏、日主、东皇太一、东君、太阳星君。其中羲和出自最早的神话百科全书《山海经》中的一个故事：“东海之外，甘泉之间，有羲和之国。有女子名羲和，为帝俊之妻，是生十日，常浴日于甘渊。 ”《海外东经》：“汤谷上有扶桑，十日所浴，在黑齿北，居水中。有大木，九日居下枝，一日居上枝。”《大荒东经》：“汤谷上有扶木，一日方至，一日方出，皆载于乌。”羲和浴日之甘渊，盖即十日所浴之汤谷。《楚辞·天问》云：“羿焉日？乌焉解羽？”王逸注：“《淮南》言尧时十日并出，草木焦枯。尧命羿仰射十日，中其九日，日中九乌皆死，堕其羽翼，故留其一日也。”《庄子·秋水》成玄英疏引《山海经》（今本无）云：“羿射九日，落为沃焦。”
APOLLO,阿波罗,阿波罗是百度发布的名为“Apollo（阿波罗）”的向汽车行业及自动驾驶领域的合作伙伴提供的软件平台。发布时间是2017年4月19日，旨在向汽车行业及自动驾驶领域的合作伙伴提供一个开放、完整、安全的软件平台，帮助他们结合车辆和硬件系统，快速搭建一套属于自己的完整的自动驾驶系统。 而将这个计划命名为“Apollo”计划，就是借用了阿波罗登月计划的含义。2018年2月15日，Apollo无人车亮相2018年中央电视台春节联欢晚会广东珠海分会场。在春晚直播中，百余辆Apollo无人车跨越港珠澳大桥。 2018年4月19日，百度Apollo开放平台正式发布Apollo2.5版本。 
伊利,内蒙古伊利实业集团股份有限公司,亚洲第一、全球8强的伊利在董事长潘刚带领下，2017年实现营业总收入680.58亿元，创亚洲乳企最好成绩 。 内蒙古伊利实业集团股份有限公司（以下简称伊利集团）规模大、产品线健全，位居亚洲乳业第一、全球乳业8强，是中国符合奥运会标准，为2008年北京奥运会提供服务的乳制品企业 ；也是中国符合世博会标准，为2010年上海世博会提供服务的乳制品企业 。据年报显示，2017年伊利营业总收入680.58亿元，同比上升12.29%；净利润60.03亿元，其扣非净利润同比上升17.70%；综合市场占有率20.5%，同比上升1.4%。此外，净资产收益率达25.22%，连续多年保持在20%以上。 在“全球织网”的战略下，伊利已经实现国际化布局。作为行业龙头企业，伊利集团旗下多款产品长期居市场领先地位，整体营业额在行业中遥遥领先，是进入全球排名前八的亚洲乳企。 2016年8月，内蒙古伊利实业集团在"2016中国企业500强"中排名第96位。 2018年5月9日，“2018中国品牌价值百强榜”发布，伊利位列第54。 
紫林,紫林,山西紫林食品有限公司位于中国醋都—清徐，成立于2000年2月。公司继承传统工艺、以自主创新、自主研发、自主品牌、自营出口的发展战略，坚持科技兴企、质量兴企、名牌兴企、文化兴企的经营思路，国内食醋行业率先对品牌进行精准定位，以“醋都尚品紫林厚道”为品牌传播语言，首家启用著名影星为品牌形象代言，影视明星徐帆为品牌形象大使，在激烈的市场环境中，实现了超常规、跨越式的发展。成为山西省农业产业化龙头企业、国内最大的民营食醋生产企业，在全国调味品领域确立了全面领先地位，成功地跻身于国内食品生产厂商的前列。
BEC,商务英语考试,商务英语考试（BUSINESSENGLISHCERTIFICATE），简称BEC，指的是剑桥商务英语资格考试。是剑桥系列考试中专为学习者提供的国际商务英语资格证书考试，考察真实工作环境中英语交流能力，被欧洲乃至全球众多教育机构、企业认可，将其作为入学考试或招聘录用的英语语言水平要求。商务英语考试(BEC)于1993年由中国教育部考试中心引进中国，历经多年实践和推广，其权威性和规范性使得BEC在中国极具知名度，是求职者有力的语言能力证明。全国有超过60所知名大学被授权为BEC考点。
布达拉宫,布达拉宫,布达拉宫（藏文：པོ་ཏ་ལ，藏语拼音：bodala，威利：potala），坐落于于中国西藏自治区的首府拉萨市区西北玛布日山上，是世界上海拔最高，集宫殿、城堡和寺院于一体的宏伟建筑，也是西藏最庞大、最完整的古代宫堡建筑群。布达拉宫依山垒砌，群楼重叠，殿宇嵯峨，气势雄伟，是藏式古建筑的杰出代表（据说源于桑珠孜宗堡），中华民族古建筑的精华之作，是第五套人民币50元纸币背面的风景图案 。主体建筑分为白宫和红宫两部分。宫殿高200余米，外观13层，内为9层。布达拉宫前辟有布达拉宫广场，是世界上海拔最高的城市广场。布达拉宫最初为吐蕃王朝赞普松赞干布为迎娶尺尊公主和文成公主而兴建。1645年（清顺治二年）清朝属国和硕特汗国时期护法王固始汗和格鲁派摄政者索南群培重建布达拉宫之后，成为历代达赖喇嘛冬宫居所，以及重大宗教和政治仪式举办地，也是供奉历世达赖喇嘛灵塔之地，旧时与驻藏大臣衙门共为统治中心。布达拉宫是藏传佛教（格鲁派）的圣地，每年至此的朝圣者及旅游观光客不计其数。1961年3月，国务院列为首批全国重点文物保护单位；1994年12月，联合国教科文组织列其为世界文化遗产；2013年1月，国家旅游局又列为国家AAAAA级旅游景区。说明：由于建筑风格相似，有几个建筑称为小布达拉宫：日喀则江孜古堡和桑珠孜宗堡（最像），那曲索县赞丹寺，河北省避暑山庄的普陀宗乘之庙、那曲县孝登寺。
万年船,万年船,万年船，是一款行车记录仪品牌。公司一直致力于研发、生产专业级别的行车记录仪。并为国内外提供行车记录仪OEM/ODM服务。
CARMEL,Carmel,Carmel是英特尔第一代迅驰平台的开发代号。遗憾的是，Carmel这个名字始终叫得不很响亮，知道Banias（Carmel迅驰平台的CPU组件开发代号）的人远比知道Carmel的人多。这或许是因为Banias核心的奔腾M具有太多不同于奔腾4的技术特点的原因吧。
珍奥,珍奥,珍奥公司成立于1996年，是国家火炬计划重点高新技术企业，是中国驰名商标。公司以“立足生命科学，造福人类健康”为宗旨，运用现代生物技术，从事核酸类生物制品、食品、保健品、药品、功能纺织品及化妆品等一切健康相关产品的研发、生产和销售。2003年经国家工商总局核准，正式组建集团，下辖大连珍奥药业有限公司、福建珍奥核酸有限公司、上海珍奥生物科技有限公司、大连珍奥进出口公司及大连双迪生物科技有限公司及珍奥生物工程有限公司六家子公司。
泉源堂,泉源堂,泉源堂，为湖南宁乡泉塘黄氏的堂号，即该族祠堂名号。泉源祠，在今大屯营乡石家湾村（与狮北村交接处），解放后改建为小学，后废，今不存。乾隆51年（1786年），该族创修祠堂，因选址在泉井冲之阳，故曰“泉源祠”。宁乡泉塘黄氏，为宁乡县近20支黄氏中重要的一支，属江西乐安同富黄氏分支，即乐安同富黄氏始祖黄中凂（966-？，分宁双井黄氏始祖黄玘的曾孙）的后代。
乐家老铺,乐家老铺,同仁堂药店是北京著名的老药店，其前身是“京都同仁堂乐家老铺”，之所以叫“乐家老铺”，是因它的创办人姓乐，叫乐尊育。据现任南京同仁堂药业有限责任公司董事长丁峰峻介绍，南京同仁堂药业有限公司的前身是南京同仁堂分号，始建于1926年，由同仁堂乐氏家族第十三代嫡传乐笃周受命筹办
O2B,O2B,全新商业模式，O2B即OrderToBusiness，以国际订单信息精准有效匹配供应商的新一代外贸拓展服务。O2B服务商为外贸交易双方提供供应、采购、交易等精准需求匹配的各项服务，其优势在于买卖双方信息真实、有效，节省大量外贸人员的无效询盘处理时间，直接以结果为导向，提高成交成功率。
红润,红润,红润，汉语词汇，是指色红而有光泽。也表示人很健康。
绞谷,绞谷,绞谷位于“秦巴山区”，该地因盛产高品质绞股蓝而被誉为“绞谷”。
御药堂,御药堂,《御药堂》为「仍志医药集团有限公司」旗下多个企业品牌之一。「仍志医药集团有限公司」，为一家在香港特别行政区注册的公司，众多业务涉足中成药、西方健康食品、中医诊所等，当中《御药堂》是公司最重要的业务。集团坚持以专业、用心制药外，亦为传统中药注入新元素，以崭新的科研技术不断改良中医药产品。再者，「仍志医药集团有限公司」荣获『港九中医师公会』作顾问，强大后盾支援，专家鉴定，信心保证。 
沈阳红药,沈阳红药,沈阳红药，活血止痛，祛瘀生新。用于跌打损伤，筋骨肿痛，亦可用于血瘀络阻的风湿麻木。
施宁,施宁,施宁，足球运动员，司职门将。2008至2013年在曾先后参加2010年中超联赛、2012年中甲联赛、2013赛季中甲联赛等赛事。
莱特维健,莱特维健,
鲜蜂队,鲜蜂队,
醉山,醉山,《醉山》是司攸爱财创作的网络小说，发表于晋江文学网。
华红,华红,华红中国果树农科院所以金冠为母本，穗为父本杂交选育而成。果实长圆形，个大，平均单果重185克，最大可达400克。
何金祥,何金祥,
五龙,五龙,五龙是古中国神话传承的五行思想体现的五个龙，即青龙、赤龙、黄龙、白龙、黑龙。也指远古时代神话传说的五大部落首领。分别为皇伯、皇仲、皇叔、皇季、皇少。也指道教五行神。也指誉称同时以才名著闻的五人。
三精,三精,商标，哈药集团三精制药有限公司的药业知名品牌，知名产品为三精葡萄糖酸钙口服液、三精葡萄糖酸锌口服液、三精双黄连口服液、司乐平等，最近几年又相继推出一系列感冒、胃肠道等非处方药品。
晓野,晓野,晓野，男，资深节目主持人。
贝因美,贝因美,贝因美（Beingmate）初创于1992，贝因美婴童食品股份有限公司成立于1999年。 2011年4月12日贝因美（002570）在深交所挂牌上市。2015年4月17日晚间公告，公司下属全资公司爱尔兰贝因美出资1000万欧元，认购中法（并购）基金开展对外投资。同时，公司以现金1.17亿元收购敦化美丽健乳业有限公司65%的股权，成为其控股股东。 
Beingmate,贝因美,贝因美（Beingmate）初创于1992，贝因美婴童食品股份有限公司成立于1999年。 2011年4月12日贝因美（002570）在深交所挂牌上市。2015年4月17日晚间公告，公司下属全资公司爱尔兰贝因美出资1000万欧元，认购中法（并购）基金开展对外投资。同时，公司以现金1.17亿元收购敦化美丽健乳业有限公司65%的股权，成为其控股股东。 
阿贡,阿贡,阿贡，是穆斯林，色兰世界的真主安拉的忠实信徒，不同与佛教徒和修士，其一生可取四妻。
华信,华信,武汉华信数据系统有限公司成立于2000年12月，属于湖北省高新技术企业、和湖北省软件企业，是湖北省规划的科技型中小企业成长路线图计划重点培育企业，拥有软件著作权证书18项、产品登记证书10项。公司在2008至2009年期间荣获湖北省信息产业厅软件产业专项资金2项，随后在2011年荣获武汉市软件产业发展专项基金及武汉市黄鹤白云计划云计算示范项目称号，相继在2012年再次荣获国家科技部中小企业创新基金项目2项。
獐子岛,獐子岛,獐子岛位于辽宁省大连市长山群岛的最南端，由獐子岛、褡裢岛、大耗子岛、小耗子岛等四个岛屿组成，距离大连56海里。獐子岛上有金沙滩浴场、鸭石旅游度假村、风力发电工程、鹰嘴石森林公园、滨海路等观光景点，岛上有渔家乐可以品尝地道的渔家美食。岛上的獐子岛渔民节、渔家秧歌婚礼，让游客可以更多地体验渔家风情。
伊丽莎白雅顿,伊丽莎白·雅顿,伊丽莎白雅顿（ElizabethArden）是1960年在美国建立的品牌。雅顿的产品线包括护肤保养品、彩妆、香水等，在美容界享有很高的声誉。有人称雅顿为众香之巢，并为其打出标语“美是自然和科学的结晶”。其不断攀升的业绩及来自世界各地的赞誉使它成为一个全球知名的化妆品名牌。旗下除了ElizabethArden这个品牌以外，还有一个著名的香水品牌ElizabethTaylor。
Elizabeth Arden,伊丽莎白·雅顿,伊丽莎白雅顿（ElizabethArden）是1960年在美国建立的品牌。雅顿的产品线包括护肤保养品、彩妆、香水等，在美容界享有很高的声誉。有人称雅顿为众香之巢，并为其打出标语“美是自然和科学的结晶”。其不断攀升的业绩及来自世界各地的赞誉使它成为一个全球知名的化妆品名牌。旗下除了ElizabethArden这个品牌以外，还有一个著名的香水品牌ElizabethTaylor。
碧生源,碧生源,经现代生物技术加工制成的产品会成为适合我国消费者的好产品。碧生源创始于2000年，旗下产品以优质草本原料及茶叶调配的专有配方制成，属有效安全、价格相宜，易于服用的保健品，适合患有轻度常发或慢性疾病及追求健康体格及生活的人士饮用。
燕之坊,燕之坊,安徽燕之坊食品有限公司成立于2001年5月，是一家集生产、销售、研发于一体的现代化粗粮食品综合型企业。公司凭借专业的粗粮加工技术和“燕之坊”等知名品牌而享誉全国。
雅丽,雅丽,河南雅丽化妆品有限公司。
王大夫,王大夫,王大夫，从事男科疾病临床工作20余年，国家权威杂志发表论文10余篇，对各类泌尿系感染疾病做长期的专题研究，具备丰富的理论知识和临床经验，将祖国医学精华与国外医学前沿科技相结合，攻克了多种泌尿系疑难杂症。尤其对泌尿外科疾病的诊断与治疗具有丰富的经验。
优信,优信,优信集团创建于2011年，是中国二手车交易综合服务供应商。利用互联网及移动互联网技术，优信致力于推动整个二手车行业的进步和健康成长。优信一直用专注、纯粹、诚信、价值的工匠思维和创新精神，打造“公开、公平、公正、透明”的二手车交易服务平台。旗下拥有B2B模式二手车在线交易平台优信拍、B2C模式的二手车交易平台优信二手车、优信数据以及优信新车等多个子业务。 优信集团具有横跨二手车产业链的一站式服务能力，在二手车交易中能够充分满足各方交易需求。 除了二手车业务之外，2017年，优信还以直租的模式，推出了“优信新车一成购”业务，从而正式进入了新车零售领域。 截至2017年，优信业务覆盖全国400座城市，累计交易量突破了1250000辆。 累计上架车源5000000辆 。
金活,金活,金活医药集团总部设在香港。公司主要业务为医药。制药，大部分在中国内地。集团独资控股子公司深圳市金活医药有限公司是一家医药代理公司，该公司为外商独资企业，公司注册资本8000万元，品牌无形资产价值3.12亿元，主要投资项目为医药板块和制药板块。下属主要控股公司有：深圳金活利生药业有限公司、珠海市金明医药有限公司、控股十一家咨询公司。
晓芹,晓芹,晓芹是大连晓芹食品有限公司董事长兼总经理，大连海参商会副会长，大连市金州区人大代表，大连市特等五一劳动奖章获得者，CCTV首届全国十大三农致富榜样获得者，创业多年来，她全心投入到自己的事业之中，在全国开设了几十个"店中店"，打造了企业的销售网络和品牌形象。
万基,万基,万基是一个城市的名称，现在的名称是“万盖”，位于津巴布韦北部。
国林,国林,国林，男，汉族，1935年1月生，中共党员，山东潍县人。中国老科技工作者协会副会长，中国科协荣誉委员，铁道部原副部长，中国科协发展研究中心兼职研究员。党的十三大代表，八届全国人大代表，全国五一劳动奖章获得者，1992年半月谈思想政治工作创新奖特等奖获得者。他曾任哈尔滨铁路局工程师、处总工程师、局总工程师、局长，1986年任北京铁路局局长，1993年任铁道部副部长。其中，在哈尔滨铁路局工作期间兼任黑龙江省科协副主席和黑龙江省铁道学会理事长；在北京铁路局工作期间兼任北京市科协副主席、北京铁道学会理事长，并任北方交通大学和西南交通大学兼职教授。 
佐丹力,佐丹力,佐丹力 ，创建于2013年，隶属于佐丹力健康产业集团（吉林）有限公司 。
普丽普莱,Puritan's Pride,Puritan'sPride，又称普丽普莱，公司是一家1960年创建于美国纽约长岛的美国保健品公司，是一家营养素生产企业，属下产品全部通过美国FDA认证。
Puritan's Pride,Puritan's Pride,Puritan'sPride，又称普丽普莱，公司是一家1960年创建于美国纽约长岛的美国保健品公司，是一家营养素生产企业，属下产品全部通过美国FDA认证。
米家山,米家山,米家山，1947年5月出生于山西，毕业于山西大学艺术系美术专业，中国内地男导演。1983年执导电视剧处女作《弯弯的石径》，该剧获第3届中国电视剧飞天奖电视剧一等奖 。1989年凭借执导的喜剧电影《顽主》提名第9届中国电影金鸡奖最佳导演奖 。1994年拍完故事电影《带轱辘的摇篮》后，他将工作重心转向电视剧领域 。1998年米家山离开影视圈从事广告和地产 。2005年米家山复出拍摄中韩合作的爱情电影《爱在北纬30度》 。2009年执导战争剧《战地黄花》 。2012年执导都市情感剧《留守男人》 。
太一,太一,太一是一个汉语词汇，读音为tàiyī。一、即道家所称的“道”，古指宇宙万物的本原、本体；二、古代指天地未分前的混沌之气；三、四、神名；五、星名，即帝星，又名北极二，据《荆州占》：其妃黄龙。“道者，至精也，不可为形，不可为名，强为之名，谓之太一”《老子想尔注》一也，道者。散形为气，聚形为太上老君。太上老君乃大道之主宰，无生之至精，造化自然者也。
德音,德音,德音，汉语词汇。拼音：déyīn1.指善言；旧时用来尊称别人的言辞。见《魏书·宗钦传》：“足下兼爱为心，每能存顾，养之以风味，惠之以德音。”2.犹德言，指合乎仁德的言语、教令。
SNR,SNR,信噪比（SNRorS/N），即放大器的输出信号的功率，与同时输出的噪声功率的比值，常常用分贝数表示。设备的信噪比越高表明它产生的杂音越少。一般来说，信噪比越大，说明混在信号里的噪声越小，声音回放的音质量越高，否则相反。
卡西西,卡西西,CACIZ卡西西，是爱情发展为主线，以定情、订婚、结婚、爱的升华四个方面为主题词，既是一个以中高端的钻石、铂金、黄金、珍珠、18K金等珠宝首饰商品销售、分享、服务为主体的电子商务平台，也是一个与朋友进行爱情、结婚、情感维系、幸福分享的幸福社区服务平台。在这里，你不仅获得关于爱情、结婚、情感方面的建议，也可以找到能够恰当准确传递您的情感的商品，探索找到属于自己的幸福之路。同时，您还可以将您的情感经历、幸福经验与其他的朋友一起交流、分享，让幸福传递，让更多的朋友找到幸福之路，让大家得到更多的幸福！
诺奥,诺奥,由化学家ElwoodRichard先生创立于1968年，公司总部设在美国伊利诺伊州的布鲁明戴尔市。公司拥有203，000平方英尺美国最高科技含量的生产厂房，生产超过1800种膳食补充剂、天然食品、运动营养和个人护理产品，产品销往世界68个国家，仅美国本土就拥有超过8800家销售中心，是美国发展最迅速的膳食补充剂企业，销量名列美国前三甲。
NOW,now,now，英语单词，现在的，当今的；现任的；十分时髦的，领先于潮流的，属于新一代的。
佳莱福,佳莱福, 2010年，康健人生高位起步，同国内外生命科学科研水平处于领先地位顶.尖科研机构进行战略合作，并创立了健康产业的新锐品牌──佳莱福（joylife）。 佳莱福通过国家GMP认证的标准化 、专.业化生产企；佳莱福秉承“快乐健康生活（joy&healthlife）”的品牌理念，致力打造最适合中国人需要的营养保健品，2012年先后与最具公信力的天涯社区，长兴制药，仙乐制药，南方医科大学等权威机构达成战略合作伙伴关系；佳莱福已成长为中国保健品行业的知名品牌，并获得“消费者最信赖质量放心品牌”、“中国保健食品十大品牌”等荣誉。 
大印象,大印象,保健品生产基地坐落在风景秀丽的潮汕平原大南山麓，占地3.8万平方米。大印象减肥茶2001年-2005年连续五年获得"减肥类保健食品全国销量第一"称号。"大印象"商标于1999年被认定为"广东省著名商标"。2008年，"大印象"品牌被世界品牌实验室和《世界经理人周刊》评为"中国500最具价值品牌"，评估价值达18.02亿元。
先声再康,先声再康,先声再康于2011年8月喜获江苏省首家互联网药品交易许可证。未来将围绕绿色、健康的理念，为广大群众提供方便、快捷、廉价、安全的健康服务，旨在将网上健康商城打造成专业性的健康服务类交易平台。
华北制药,华北制药,华北制药即华北制药股份有限公司是由原华北制药厂(现华北制药集团有限责任公司)投入其全部生产经营性资产并经募股于1992年8月组建的股份有限公司。1993年11月8日，公司股票上市发行，股票名称为“华北制药”股票代码为600812发行数量为7000万股；1994年1月14日，公司股票在上海证券交易所挂牌上市。
NCPC,NCPC,NCPC2011washeldonthe1stofOctober2011.250teamscompetedat12universitiesthroughoutthefiveNordiccountries.ThewinnerwasNocontestforoldmenfromLundSwedenwhosolvedall10problems.Fortheresultslookatthescoreboards.
维他多,维他多,维他多是一种营养保健食品，是澳洲保健品公司——Nature’sCare（纳世凯尔）旗下最畅销的营养补充剂品牌之一，也是澳洲健康保健食品在连锁超市销量的领头羊。Nature’sCare纳世凯尔创立于1990年，总部位于澳洲悉尼以北的国家森林公园保护区内，是澳洲首家通过澳洲药物管理局（TGA）认证的多功能“动态药品生产管理规范”（cGMP）厂家。纳世凯尔旗下拥有18个品牌，产品线涵括天然有机保健食品、成人护肤保养品及婴幼儿护肤保养品。
VITAMORE,Vitamore,Vitamore维他多营养保健食品是澳洲保健品公司——Nature’sCare（纳世凯尔）旗下最畅销的营养补充剂品牌之一，也是澳洲健康保健食品在连锁超市销量的领头羊。Nature’sCare纳世凯尔创立于1990年，总部位于澳洲悉尼以北的国家森林公园保护区内，是澳洲首家通过澳洲药物管理局（TGA）认证的多功能“动态药品生产管理规范”（cGMP）厂家。纳世凯尔旗下拥有18个品牌，产品线涵括天然有机保健食品、成人护肤保养品及婴幼儿护肤保养品
颐寿园,颐寿园,颐寿园”“颐园”为颐寿园（北京）蜂产品有限公司生产和加工的系列蜂产品的品牌名称及注册商标。
参灵草,参灵草,参灵草是以冬虫夏草、西洋参、灵芝等为原料制成的虫草复方滋补品。它就是江中集团以超越冬虫夏草为目标，历时6年研发，由国医大师路志正、朱良春，中国工程院院士王永炎等指导配方，将几千年的传统中医理论精髓和世界最先进的生产技术工艺相结合，精工制造的高级滋补保健品。
相生,相生,五行学说术语，金木水火土相生相克的关系。中国古人认为木、火、土、金、水五种物质有相互滋生和助长的关系。可用来说明脏腑间相互协调的生理现象。其次序是木生火、火生土、土生金、金生水、水生木。五行是古人朴素的辨证唯物的哲学思想。多用于哲学、中医学和占卜方面。五行学说是中国文化重要组成部分。
泛亚医药,上海泛亚生物医药集团有限公司,上海泛亚生物医药集团（BioAsiaGroup），成立于2004年，拥有8家全资和控股企业、以及3家研究机构。集团拥有杰出的科技创新人才队伍和卓越的经营管理团队，其中包括院士、教授及研究员等数十位科学家；硕士以上学历占员工总数近50%。上海泛亚生物医药集团以科研驱动定位企业发展道路，通过产学研合作，铸造中国生物医药高科技企业品牌。
群星,群星,群星一般指很多很多的（一般都是3个人以上）明星或艺人在一起做同一件事情。群星还是一个音乐组合、音乐名称、匿名歌手等等。
美丽快攻,美丽快攻,美丽快攻牌是近年来深受都市时尚人士追捧的一个致力于美容纤体的专业健康品牌。由世界各国精英组成的顶级实验室，采用世界最新科研成果，以健康安全为最高宗旨，帮助爱美人士科学塑身。
天士力,天士力,天士力集团是以大健康产业为主线、以制药业为中心，包括现代中药、化学药、生物制药和保健品，健康食品等。涵盖科研、种植、提取、制剂、营销等的高科技企业集团，是天津市重点支持的大企业集团之一。去年年报显示，该公司营业收入为132.22亿元，比2014年同期增长5.21%；归属上市公司股东的净利润为14.79万元，比2014年同期增长8.06%。 
初云,初云,《初云》是云烟千古写的网络小说连载于红袖添香网。
EAORON,EAORON,EAORON 是澳大利亚健康产业有限公司旗下护肤品牌，品牌注册号：19499993。 
雁归来,雁归来,《雁归来》是由歌手郭燕演唱的歌曲，张雷作词，王涵作曲，收录于专辑《雁归》中，于2011年4月25日发行。
久爱,久爱,久爱总部设于北京，是一家专事婚礼文化建设与传播、喜糖及婚礼用品生产与销售的全国性知名企业，并在各省，地市设立上千家专卖店和专柜。公司拥有专业的策划，创意设计团队，引进欧美，港台的时尚婚礼文化理念和产品，并将其融入更多中国文化元素，形成了久爱独有的文化体系和专属产品。 
其他,其他,其他，三种用法：1、别的，其余，不分人与物。语出《国语·晋语四》：“民生安乐，谁知其他？”古汉语流行通假，形近和音同的字常通假，他、佗、它同音或形近，因为通假而不区分人称代词与物主代词。2、其余的人（此他为人称代词），只作为（其余者里面的）人称代词而区别于物主代词“其它”，这种区别是现代汉语里的现象。3、其余的男子（此他为男称代词），区别于“其她”，这种用法也有，但很少。谈物时，用“其他”是继承古代用法，用“其它”是现代汉语环境里的合逻辑用法，都可以。因为，古汉语不区分其他与其它，现代汉语里他作为人称代词而它作为物主代词了。
黄道益,黄道益,黄道益，香港黄道益活络油创造者、知名的中医师。1919年生于台山市白沙镇朗溪型洞里，是香港著名实业家和慈善家。他饮誉香港，其事业如日中天，拓展至国内及东南亚、美、加、澳等地。他慈善为怀，积德行善，事业有成后，以扶贫济世为己任，以热心公益，造福桑梓为乐。
精典,精典,精典，读作jīngdiǎn，汉语词语，是经典的不规范用法，亦可作精致、精品、典雅、典范解。
农家十二月,农家十二月,农家十二月，由韩刚导演的24集喜剧连续剧。该剧以农时为经，以农事为纬，以农家为中心场景，铺演了我国东北农村某地—靠山村在一年里发生的一系列趣事儿。这些故事围绕着心直口快且又乐于助人……
轻悠,轻悠,轻悠是深圳市谷天科技有限公司旗下品牌，深圳市谷天科技有限公司成立于2007年，多年来一直致力于功能型食品、休闲食品的品牌策划与推广，把中国传统医学“药食同源”同现代保健学结合起来，使这些源自大自然的食物具有了浓厚的生活气息；人类生活融入了大自然的原生，健康的消费需求便自然流露出来，市场潜力正在强劲的显现。
檀君,檀君,据朝鲜民族神话传说，檀君于公元前2333年降生于太白山，《三国遗事》自注中：“太白，今妙香山。”《新增东国舆地胜览》：“妙香山，在府东一百三十里，一名太伯山。”后世学者也多将太白山视为今妙香山。大约到18世纪末，朝鲜人开始将太白山造谣为长白山。安鼎福在《东史纲目太伯山考》中根据新罗文人崔志远《上太师侍中状》中关于“高句丽残孽类聚，北依太白山下，国号渤海”的说法，一改前人的解释，谓太白山即长白山。其后，附和者渐众。直到现在，还有不少人袭其谬说，将今长白山同“檀君神话”中的太伯山联系起来，并进一步将中国东北地区视为所谓“古朝鲜”的疆域。
本草纲目,本草纲目,《本草纲目》，本草著作，52卷。明代李时珍(东璧)撰于嘉靖三十一年(1552年)至万历六年(1578年)，稿凡三易。此书采用“目随纲举”编写体例，故以“纲目”名书。以《证类本草》为蓝本加以变革。序例(卷1、2)相当于总论，述本草要籍与药性理论。卷1“历代诸家本草”，介绍明以前主要本草41种。次辑录明代以前有关药物气味阴阳、五味宜忌、标本阴阳、升降浮沉、补泻、引经报使、各种用药禁忌等论述，其中又以金元诸家之论居多。卷3～4为“百病主治药”，沿用《证类本草》“诸病通用药”旧例，以病原为纲罗列主治药名及主要功效，相当于一部临证用药手册。卷5～52为各论，收药1892种，附图1109种。其总例为“不分三品，惟逐各部；物以类从，目随纲举。”其中以部为“纲”，以类为“目”，计分16部(水、火、土、金石、草、谷、菜、果、木、服器、虫、鳞、介、禽、兽、人)60类。各部按“从微至巨”、“从贱至贵”，既便检索，又体现出生物进化发展思想。部之下为60类，各类中常将许多同科属生物排列在一起。各药“标名为纲，列事为目”，即一药名下列8个项目(即“事”)。其中“释名”列举别名，解释命名意义；“集解”，介绍药物出产、形态、采收等；“辨疑”(或“正误”)，类集诸家之说，辨析纠正药物疑误；“修治”，述炮炙方法；“气味”、“主治”、“发明”，阐述药性理论，提示用药要点，其下每多作者个人见解；“附方”，以病为题，附列相关方剂。
蒂芬妮,蒂芬妮,蒂芬妮是一家一直致力于海洋生物保健食品的开发，并且完全符合国家制药行业GMP认证标准，拥有现代化运作的完整体系。在未来，蒂芬妮生物工程有限公司还将根据市场和消费者的需求，不断研制开发各种新的保健产品，以满足各类消费者的需求。蒂芬妮还在2011年年末正式成为cctv央视网胶原蛋白唯一战略合作伙伴。
Member's Mark,Member's Mark,
梦蜗,梦蜗,WellDerma梦蜗是韩国PAMTEKCOSMETIC旗下6个子品牌中的一个品牌，创立于2003年。 旗下产品有浴液、面奶、芳香精油、花精(香料)、香精油、浸化妆水的薄纸、去斑霜、唇彩、防晒剂、粉刺霜。
STK,STK,STK是由美国AnalyticalGraphics公司开发的一款在航天领域处于领先地位的商业分析软件。STK支持航天任务的全过程，包括设计、测试、发射、运行和任务应用。
AVALON,阿瓦隆,阿瓦隆（Avalon）是亚瑟王传说中的重要岛屿，凯尔特神话的圣地，古老德鲁伊宗教的中心信仰。阿瓦隆是威尔士极乐世界的别称，另外被称之为“赐福岛”或“天佑之岛（IsleoftheBlessed）”；孟莫斯郡的杰弗里在文献《维塔·梅林》中将阿瓦隆称之为“苹果岛（IsleofApples）”。一般相信它就是现今位于英格兰西南的格拉斯顿堡。阿瓦隆是亚瑟王最终的栖息地，是彼世中的极乐世界，那里由九位仙后守卫着。阿瓦隆岛与爱尔兰神话中的提尔纳诺，希腊神话中赫斯珀里得斯的金苹果圣园以及犹太神话的极乐净土伊甸园极其相似。
九生堂,九生堂,武汉九生堂生物工程有限公司出身“名门望族”，创建于1996年，最初是由当时大名鼎鼎的世界医药巨头、“中国制药之王”——三九集团出资，在武汉东湖高新技术开发区(武汉东湖国家级开发区、中国自主创新示范区、中国生物工程基地、光谷生物城、国家生物医药园五块牌子的地盘)注册，公司现已改制为股份制公司。公司因首创独创了“酶法多肽”，并实现了工业化和产业化并引发了各方关注。还被中国食品行业和中国保健业评为“中国保健品十大诚信企业” 、被国家发改委有关部门评选为“中国营养业百强企业” 公司的经营目标是：做大做强酶法多肽产业，将肽作为全人类新的基础营养，用肽强壮中国人，在人类健康领域，让中国人成为“东方强人！
可渡河,可渡河,可渡河，亦称杨柳河、夸都河，是北盘扛北岸支流，发源于宣威县观音山坪子树乌蒙山脉东麓，东北经杉木坪至铁厂下2公里即为云贵界河，至黑石河口后折东南流转东北流，至小寨折东北流，至天生桥伏流一段，出露后东北流，至都格注入北盘江。
耆婆,耆婆,耆婆，著名佛教学者鸠摩罗什的母亲，公元四世纪的龟兹人。她出身于王族，父亲和哥哥都先后做过龟兹国王。那时的龟兹和疏勒、于阗、高昌并称为西域的四大佛教文化中心，佛教被立为龟兹的国教。因此，她从小就受到佛教文化艺术的熏陶，长大成人后，变成了一个虔诚的佛教徒。
天和,天和,天和，即天胡，是麻将中的一种和牌形式，指的是庄家利用最初摸到的14张牌和牌的情况。只有庄家能够达成，是相当少见的和牌方式，据计算概率约为30万分之一。 
太极,太极,2009年问世的“太极”，是第一只国产双轴立体陀飞轮手表。由北京表厂生产，对中国生产顶级陀飞轮手表有历史意义。
东秦,东北大学秦皇岛分校,东北大学始建于1923年，是教育部直属的国家重点大学，是国家首批“211工程”和“985工程”重点建设的高水平大学。2017年9月经国务院批准进入世界一流大学建设行列。 东北大学秦皇岛分校坐落于美丽的滨海城市秦皇岛，北倚燕山、南临渤海。学校始建于1987年，是东北大学的有机组成部分，培养包括本科生、硕士研究生、博士研究生等在内的各类高级专门人才。1996年，正式进入首批"211工程"重点建设行列，承担东北大学"211工程"建设子项目。1998年，随东北大学划入教育部。2006年，开始承担东北大学"985工程"建设子项目。东北大学秦皇岛分校共享东北大学全部博士和硕士学科点资源。截至2017年7月，占地总面积700.68亩，建筑面积348527.38平方米；设有研究生分院及7个学院，开办33个本科专业，现有全日制统招在校本科生9932人，博士、硕士研究生390人；教职工828人，其中，专任教师548人，获博士学位者占65.9%，教授、副教授193人，教育部新世纪优秀人才3人，双聘海外著名大学教授8人。 
天目山,天目山,素有“大树华盖闻九州”之誉的天目山，地处浙江省杭州市西北部临安区境内，浙皖两省交界处，距杭州84公里，在杭州至黄山黄金旅游线中段。主峰仙人顶海拔1506米。古名浮玉山，“天目”之名始于汉，有东西两峰，顶上各有一池，长年不枯，故名。是韦陀菩萨的道场。动植物种类繁多，珍稀物种荟萃，为国家教学科研重要基地。被国家授予"全国青少年科技教育基地"、"全国科普教育基地"。天目山峰恋叠翠，古木葱茏，有奇岩怪石之险，有流泉飞瀑之胜，素负"大树王国""清凉世界"盛名，为古今揽胜颐神胜地。天目千重秀，灵山十里深，她赋予人类享之不竭的璀璨文化与独特的大自然风韵。
午时药业,午时药业,湖北午时药业股份有限公司创建于1970年初，生产基地坐落于李白故里-------湖北省安陆市。午时药业企业前身为湖北安陆制药厂，1997年经过股份制改造更名为湖北午时药业股份有限公司，之后进行了公退民进，改造为民营股份制企业。并于2002年12月企业整体通过国家GMP认证。
安利,Amway,amway常被称为安利，是一家总部位于美国密执安州的亚达城的家居护理产品公司，业务遍布80多个国家和地区。安利生产的产品有450余种，包括营养保健食品、美容化妆品、个人护理用品、家居护理用品和家居耐用品等。20世纪50年代，杰·温安洛和理查·狄维士在上门推销纽崔莱维生素的过程中，发现了一个极其深刻、直至今日仍然很有价值的事实：人和人际关系是任何成功事业的核心，有了客户的信任，就有源源不断的业务。整个50年代，两位创业者都在寻找一种新的产品以开拓他们的业务，最终他们确定了生产肥皂，即乐新多用途浓缩清洁剂的雏型。该产品一经推出就获得了万千主妇的信任，也因之开拓了全新的安利事业。
Amway,Amway,amway常被称为安利，是一家总部位于美国密执安州的亚达城的家居护理产品公司，业务遍布80多个国家和地区。安利生产的产品有450余种，包括营养保健食品、美容化妆品、个人护理用品、家居护理用品和家居耐用品等。20世纪50年代，杰·温安洛和理查·狄维士在上门推销纽崔莱维生素的过程中，发现了一个极其深刻、直至今日仍然很有价值的事实：人和人际关系是任何成功事业的核心，有了客户的信任，就有源源不断的业务。整个50年代，两位创业者都在寻找一种新的产品以开拓他们的业务，最终他们确定了生产肥皂，即乐新多用途浓缩清洁剂的雏型。该产品一经推出就获得了万千主妇的信任，也因之开拓了全新的安利事业。
罗浮山,罗浮山,罗浮山是国家级风景名胜区和国家AAAAA级旅游景区，它雄峙于岭南中南部，坐临南海大亚湾，毗邻惠州西湖。汉代司马迁曰：“罗浮汉佐命南岳，天下十山之一”。被道教尊为天下第七大洞天、三十四福地，被佛教称为罗浮第一禅林。罗浮山方圆214多平方公里，共有大小山峰432座，飞瀑名泉多达980多处，洞天奇景18处，石室幽岩72个，以山势雄伟壮观，植被繁茂常绿，林木高大森古，神仙洞府超凡脱俗的特色吸引古今无数的名仙名人和游客。历代诗人陆贾、谢灵运、李白、杜甫、李贺、刘禹锡、韩愈、柳宗元、苏轼、杨万里、汤显祖、屈大钧等都留下经典的文赋和诗咏。罗浮山的“师雄梦梅”、“东坡啖荔”、“安期天饮”、“稚川炼丹”、“仙凡路别”、“花手游会”、“洞天药市”、“天龙王梦”等不少的传说，神奇幽胜，风流华夏。明代天机妙算大师刘伯温曾二度登罗浮，测出：“真龙横卧罗浮峰，百里盘恒豪气冲。”孰是孰非？果或弥真。罗浮山素有百粤群山之祖、蓬莱仙境之称，这块难得的“风水宝地”是休闲度假、养生健体、消灾纳福、商务洽谈、赏景会友的绝佳胜地。2013年12月，被评为国家AAAAA级旅游景区。
孔孟,孔孟,在儒家的传统中，孔孟总是形影相随，既有大成至圣，则有亚圣。既有《论语》，则有《孟子》。孔曰“成仁”，孟曰“取义”，他们的宗旨也始终相配合。《史记》说：“孟子序诗书，述仲尼之意。”今人冯友兰，也把孔子比作苏格拉底，把孟子比作柏拉图。国家“夏商周断代工程”、“中华文明探源工程”首席科学家专家组组长李学勤先生指出：郭店楚简中儒家著作是孔孟之间缺失的重要链环。孔孟之间的传承应是：孔子--曾子--子思--子思门人--孟子。
正方形,正方形,四条边都相等、四个角都是直角的四边形是正方形。正方形的两组对边分别平行，四条边都相等；四个角都是90°；对角线互相垂直、平分且相等，每条对角线都平分一组对角。有一组邻边相等且一个角是直角的平行四边形叫做正方形。有一组邻边相等的矩形叫做正方形，有一个角是90°的菱形叫做正方形。正方形是矩形的特殊形式，也是菱形的特殊形式。
BECHI,BECHI,BECHI，西班牙的营养保健品品牌。 BECHI1997年2月28日在西班牙国家商标局注册 ，注册号：M2080033 ，2013年09月10日，BECHI 授权香港贝琪天然营养品有限公司在中国注册成功， 创始人为RAMONGARRIDOROSSO教授（拉蒙·格莱多）。 BECHI致力于为全球提供健康咨询+调理服务，并开发系列天然营养补充品、美容护肤品和功能食品等。 
大南山,大南山,大南山位于深圳南头半岛上，周围是蛇口工业区，主峰高336米。山上树林茂密，景色宜人，登高望远，整个深圳湾畔景物尽收眼底：远可观深圳市中心区楼群、香港流浮山脉，元朗景色，近可俯视南山半岛、宝安新城
康宝莱,康宝莱,康宝莱是一家全球领先的营养和体重管理公司，公司英文名字Herbalife（英文的意思是“草本生活”），总部设在美国洛杉矶，它已在全球90多个国家和地区设立分公司，中国总部设立在上海，产品销往世界各地。康宝莱公司成立于1980年，是纽约证券交易所上市公司，2011年零售额达54亿美元，全球雇员超过7400名，赞助了超过250位世界级的运动员、运动队和赛事。
京都念慈菴,京都念慈庵,京都念慈菴的品牌标识名叫“孝亲图”，这副图画描绘了品牌创始人侍奉患病母亲的感人情景，“念慈菴”这个名称正是来自于这段孝母故事。在世界各地都享有卓越声誉的“京都念慈菴”品牌。其精良纯正的品质和浓郁真挚的情味一直令无数华人引以为傲。现在，让我们共同走进京都念慈菴的世界，回顾与品味和它一起经历的点滴时光。
思情,思情,思情是汉语词汇，拼音是sīqíng，指思念之情。
樱花,樱花,樱花是歌手庾澄庆（哈林）收录于专辑<<海啸>>中的一首歌曲。
问君,问君,《问君》是在起点中文网上连载的言情类小说，作者是奈何小洛。
伊思,伊思,
助友,助友,助友公司的张国华先生，在创立助友公司前作为深圳华为员工，从事的是“华为供应链的IT业务支持”工作。在2001年中旬的一天，华为采购总部的一位采购员找到张先生，询问能否“帮助供应商解决生产排产的问题”。原因是华为公司对供应商的交货情况进行考核，其中及时交货占有很大的考核权重，有些供应商因此购置了很多先进的设备，但对及时交货情况的改善并不明显，一个主要原因就是“车间生产安排的混乱”，车间生产什么往往是车间领导“拍脑袋决定”，造成“在有大量设备闲置的情况下，无法按时交货”
贤尊,贤尊,对他人父亲的敬称。隋侯白《启颜录·遭见贤尊》：“旦来遭见贤尊，愿郎君且避道。”唐李公佐《南柯太守传》：“王曰：‘前奉贤尊命，不弃小国，许令次女瑶芳，奉事君子。’”宋马令《南唐书·谈谐传·彭利用》：“客吊之曰：‘贤尊窀穸，不胜哀悼。’”
