雅马哈,雅马哈,雅马哈（Yamaha、山叶）品牌于1887年在日本前桥创立。雅马哈产品从钢琴、电子琴、合成器等键盘乐器，铜管、木管等管乐器，小提琴、大提琴等弦乐器，以及所有的打击乐器，直至最高级的专业音响设备都有涉及。同时，雅马哈还是一个经营音乐普及事业、网络产品、体育用品、厨房卫浴用品、发动机、贴片机等其他各种产品的综合性国际集团。雅马哈公司（英语：YamahaCorporation）是一家生产乐器、音响设备及音效产品的日本公司，现时是世界上最大的乐器生产商。总部位于日本，旗下子公司还经营家居设备及以摩托车为主的事业。于2004年开发电子音乐制作语音合成软件核心引擎VOCALOID。雅马哈的产品包括钢琴、电子琴、数码钢琴、手提式电子琴、管乐器、弦乐器、敲击乐器、静音乐器、电子乐器等全线乐器。另外，音效芯片、XG声卡、影音处理机器、系统处理机器、专业音响机器、半导体至电子产品、防音工程及高尔夫球用品都属于业务范围之内。出产品牌“Yamaha”的乐器及音响器材在香港由通利琴行代理。
YAMAHA,雅马哈,雅马哈（Yamaha、山叶）品牌于1887年在日本前桥创立。雅马哈产品从钢琴、电子琴、合成器等键盘乐器，铜管、木管等管乐器，小提琴、大提琴等弦乐器，以及所有的打击乐器，直至最高级的专业音响设备都有涉及。同时，雅马哈还是一个经营音乐普及事业、网络产品、体育用品、厨房卫浴用品、发动机、贴片机等其他各种产品的综合性国际集团。雅马哈公司（英语：YamahaCorporation）是一家生产乐器、音响设备及音效产品的日本公司，现时是世界上最大的乐器生产商。总部位于日本，旗下子公司还经营家居设备及以摩托车为主的事业。于2004年开发电子音乐制作语音合成软件核心引擎VOCALOID。雅马哈的产品包括钢琴、电子琴、数码钢琴、手提式电子琴、管乐器、弦乐器、敲击乐器、静音乐器、电子乐器等全线乐器。另外，音效芯片、XG声卡、影音处理机器、系统处理机器、专业音响机器、半导体至电子产品、防音工程及高尔夫球用品都属于业务范围之内。出产品牌“Yamaha”的乐器及音响器材在香港由通利琴行代理。
卡西欧,卡西欧,卡西欧（CASIO，カシオ计算器株式会社）是日本一家生产电子仪器、电子计算器公司旗下的品牌。该品牌于1946年4月由樫尾忠雄创立，他是一名精通装配的工程师。品牌的名字来自樫尾的日语读音Kashio。 卡西欧TR系列的初衷也是为女性打造TOP的美颜拍摄感受，最新的光影美颜功能即便在暗处拍摄也能展现自然肌肤状态。 2018年5月9日，卡西欧公司宣布，将退出小型数码相机市场。 
CASIO,Casio,CASIO中文名称卡西欧，卡西欧品牌源于日本，创立于1957年，创业之始是为计算机制造商的卡西欧计算机股份有限公司，现已发展拥有计算器、电子表、电子乐器、液晶电视等产品。这些产品帮助世界各地的人们获取信息、卡西欧的经营理念是“贡献、创造”。
罗兰,罗兰,罗兰（HelenaLawLan），1934年11月13日出生于香港，原名卢燕英，香港女演员。曾获得2000年香港电影金像奖最佳女主角和香港电影评论学会最佳女主角。于1950年涉足影坛，曾参与过百部电影的演出，长期以来都在电影中担任了绿叶一职，在长达半个多世纪的演艺生涯中，罗兰以其精湛到出神入化的演技，演活了一干龙婆、女鬼、盲女等奇异形象，被誉为香港的常青甘草演员。尤其是在70年代的鬼片风潮里，她演的女鬼形象实在令人过目难忘。是香港著名的实力派演员，代表作品有《神雕侠侣》、《阴阳路系列》、《爆裂刑警》等。2016年参演电视剧《一屋老友记》。
Roland,ROLAND,Roland是电子乐器的制造及销售商，产品范围涵盖了键盘、合成器、吉它相关产品、电子打击乐产品、数字录音设备、音箱及音频处理设备等。经过25年的不断研发，Roland在下面这些领域均树立的数字音乐技术的标准。看看你喜爱的音乐人，他们或许正在使用着Roland产品。 
红棉,红棉,红棉——木棉的别称。以开花红色得名。为木棉科落叶大乔木，又名英雄树、攀枝花，树形高大，雄壮魁梧，枝干舒展，花红如血，硕大如杯，盛开时叶片几乎落尽，远观好似一团团在枝头尽情燃烧、欢快跳跃的火苗，极有气势。因此，历来被人们视为英雄的象征。
Kapok,KAPOK,KAPOK，英文单词，意思是木棉。
星海,星海,《星海》又名《少年星海》，是李前宽、肖桂云夫妇执导的剧情片，由徐若瑄、苏嘉航、王成阳主演，苏有朋为特邀演员。同时也是庆祝新中国成立六十周年、庆祝澳门回归祖国十周年重点献礼片。 该片是以音乐家冼星海百年前在澳门的童年往事为主要内容，展示了当年其与家人的生活画卷。影片讲述少年冼星海在澳门东西文化交融的社会背景里，受葡国琴师的影响及中国音乐老师肖友梅的教导，启发其音乐天赋的感人故事。 该片入选2011年教育部广电部广电总局推荐的第26批优秀电影儿童片。 且于2014年10月20日在美国纽约联合国总部放映。 
安德鲁,安德鲁,安德鲁英文翻译为Andrew，在不同的地方和领域都被使用到，通常作为名称被使用。其中英国一家跨国企业以这个词命名；Andrew是在许多国家常见的英文名/英文姓；此外，还做为游戏人物名称。
ANDREW,Andrew Charlie Gregson,AndrewCharlieGregson是一名影视演员、模特、导演、制作人，1978年9月1日出生于泰国曼谷，主要作品有《庭院深深》、《月光皇冠》、《菜市场的爱情》等。
天鹅,天鹅,天鹅指雁族（学名：Cygnus）的鸟类，属游禽。除非洲、南极洲之外的各大陆均有分布。为鸭科中个体最大的类群。颈修长，超过体长或与身躯等长；嘴基部高而前端缓平，眼腺裸露；尾短而圆，尾羽20-24枚；蹼强大，但后趾不具瓣蹼。喜欢群栖在湖泊和沼泽地带，主要以水生植物为食，也吃螺类和软体动物。多数是一夫一妻制，相伴终生。求偶的行为丰富，雌雄会趋于一致的做出相同的动作，还会体贴地互相梳理羽毛。一年繁殖一次，卵的体积较大，如大天鹅的卵有400多克重。幼鸟为早成雏。迁徙时会多群集结，但仍是小群行动。
SWAN,SWAN,《SWAN-天鹅（芭蕾群英）》日文名白鸟作者：有吉京子制作·发行AkitaShotenShueisha出品年份1976
Tom,汤姆,汤姆（Tom）是米高梅公司制作的经典动画片《猫和老鼠》中的主角之一，是一只蓝灰和白色混合的家猫。他与小老鼠杰瑞之间可称得上是一对欢喜冤家，有时是敌人，有时是朋友，有时互相捣乱，有时互相帮助，有时争论不休，有时团结和谐。两人之间不时会追来追去，且很多时候都是善意的。他每天忙碌于捉住同住在一起的杰瑞，但总是不如意，总在被耍，憨傻得可爱。不过，很多次当他抓住了杰瑞后，也会流露出一种令人无语的善良情感，将杰瑞放了。另外，他也爱慕漂亮的千金母猫图多盖洛。有时还被其他成员欺负。总之是一个集喜剧与悲剧于一身的人物。
美得理,美得理,“MEDELI”响誉于上世纪80年代初。深圳市高新技术企业，并连续八年被评为中国乐器行业强势公司。
铃木,铃木,铃木（SUZUKI），成立于1920年，是一家日本的汽车制造企业。铃木商标图案中的“S”是“SUZUKI”的第一个大写字母，它给人以无穷力量的感觉，象征无限发展的铃木汽车公司。铃木向全世界的客户提供优质产品，并且向使用铃木产品的客户提供优质服务。1952年开始生产摩托车，1955年开始生产汽车，以生产微型汽车为主。通用持有铃木10%的股权。铃木于1984年首次提供技术给中国市场，也是最早进入中国市场的日本汽车公司之一。2012年11月5日，铃木公司宣布退出美国汽车销售市场，将集中于摩托车销售业务。
SUZUKI,铃木,铃木（SUZUKI），成立于1920年，是一家日本的汽车制造企业。铃木商标图案中的“S”是“SUZUKI”的第一个大写字母，它给人以无穷力量的感觉，象征无限发展的铃木汽车公司。铃木向全世界的客户提供优质产品，并且向使用铃木产品的客户提供优质服务。1952年开始生产摩托车，1955年开始生产汽车，以生产微型汽车为主。通用持有铃木10%的股权。铃木于1984年首次提供技术给中国市场，也是最早进入中国市场的日本汽车公司之一。2012年11月5日，铃木公司宣布退出美国汽车销售市场，将集中于摩托车销售业务。
美德威,美德威,美德威（Midway）品牌正式创立于2010年，是中国制造新时代下的新乐器品牌。 美德威前身是为国内外品牌做OEM代工的制造工厂，为品牌建立提供生产制造基础。通过现代化网络平台和呼叫中心为服务核心，配合配送系统，为消费者提供乐器产品与服务保障。美德威集设计、生产、销售、售后于一体，拥有乐器生产工厂和乐器设计师、工程师、乐器自动生产线和完善的销售体系，包括天猫、淘宝、京东、百度、亚马逊、微信等互联网电子商务平台。
奇美,奇美,奇美电子，于1998年由奇美实业投资创立，2002年8月成为台湾股票上市公司，现有台湾地区同仁17000人，全球同仁29000人(2007年10月)，产品以液晶电视用面板、显示器与笔记本电脑用面板为主，供应全球信息及家电大厂，为世界TFT-LCD（薄膜晶体管液晶显示器）领先厂商。
马丁,乔治·雷蒙德·理查德·马丁,乔治·雷蒙德·理查德·马丁（GeorgeRaymondRichardMartin），通常被称为乔治·R·R·马丁或GRRM，是一名擅长撰写奇幻、科幻和恐怖小说题材的美国作家、编辑、电视剧编剧兼制片人，雨果奖、星云奖、轨迹奖、世界科幻奖等文学奖项的多次得主。马丁的作品主要以人物为关注点，描写细腻丰富，突破了幻想文学界固有的创作模式，多次引领阅读潮流。代表作有十大浪漫太空歌剧之一的《光逝》、由雨果奖获奖名篇扩展而成的《风港》、在杂志读者群中深受爱戴的《图夫航行记》，以及当代严肃奇幻的经典《冰与火之歌》（ASongofIceandFire）系列等。由于马丁作品的辉煌成就，他被《时代》杂志誉为“美国的托尔金”和“新世纪的海明威”。
MARTIN,martin,弗兰克·马丁音乐家制作，一个半世纪以来，MARTIN吉他公司一直被公认为是世界上最好的乐器公司。在传统的家族式的管理模式下，MARTIN吉他反映的是家族六个世代吉他制作的精湛工艺。
Ibanez,IBANEZ,日本国内的吉他厂商虽有一定数量，但能够在海外知名并站住脚根的却不多。在某种意义上说，Ibanez就是这一类的高级品牌。即使是细小的零件也制作得非常精细，直到现在仍是摇滚界吉他手的宠儿。Ibanez吉他的实用性和对各种类型音乐的适用性是它受到欢迎的一大理由。
相思鸟,相思鸟,相思鸟（Silver-earedMesia学名：Leiothrix）别名红嘴玉、红嘴绿观音、恋鸟，在西方叫“乃丁格”（情鸟）。隶属鹟科、画眉亚科、相思鸟属，栖息于平原及海拔1000米的小丘，活动于常绿阔叶林、灌丛和竹丛间。相思鸟属有银耳相思鸟和红嘴相思鸟2种，中国均有分布，留居在长江流域以及江南广大地区，两种外形相似。红嘴相思鸟羽衣华丽、动作活泼、姿态优美、鸣声悦耳，颇受人们喜爱。但其鸣啭与其它画眉亚科歌鸟相比，显得单调，也不善模仿，所以养鸟者多重其羽色。
lovebird,Lovebird,Lovebird是LeonaLewis演唱歌曲，出自专辑：《Glassheart》。
The ONE,郑淳元,郑淳元（Theone），1974年3月26日出生于韩国，韩国男歌手、音乐教师。2002年，推出首张个人音乐专辑《TheLastGiftTheOne》，从而正式进入演艺圈 ；同年，获得韩国文化演艺大奖新时代歌曲10大歌手奖 ；之后，郑淳元担任韩国S.M.Entertainment公司的音乐教师，期间指导过400多位韩星，包括东方神起、少女时代、SuperJunior等 。2004年，推出第二张个人音乐专辑《TheOne》 。2008年，推出第三张个人音乐专辑《TheLast》 。2012年，参加韩国MBC综艺节目《我是歌手第二季》的比赛，获得年度冠军 。2013年，担任湖南卫视《我是歌手第一季》总决赛帮唱嘉宾，与黄绮珊合唱《Withoutyou》 。2014年，获得“第23届首尔歌谣大赏”OST部门奖 。2015年，作为补位歌手参加湖南卫视《我是歌手第三季》的比赛，最终获得总决赛季军 ；同年，推出首张个人中文专辑《因为有你》 。2016年，为音乐偶像剧《夏梦狂诗曲》演唱主题曲《天荒》 。
JOYO,亚马逊中国,亚马逊中国是一家中国B2C电子商务网站，前身为卓越网，被亚马逊公司收购后，成为其子公司。经营图书音像软件、图书、影视等。卓越网创立于2000年，为客户提供各类图书、音像、软件、玩具礼品、百货等商品。亚马逊中国总部设在北京，并成立了上海和广州分公司。至今已经成为中国网上零售的领先者。亚马逊中国是全球最大的电子商务公司亚马逊在中国的网站。致力于从低价、选品、便利三个方面为消费者打造一个可信赖的网上购物环境。2014年10月30日，直邮中国试运行。 
爱丽丝,爱丽丝·滋贝鲁库,爱丽丝·滋贝鲁库，轻小说作品《刀剑神域》Alicization篇中的女主角。金色的长发，小时候一身朴素的打扮。在11岁时和桐人、尤吉欧一起前往终结山脉探险，但在回来的路上不幸触犯了《禁忌目录》，并在次日被带走。后在公理教会受“整合之秘术”影响失去了之前的记忆，成为了侍奉最高祭司的整合骑士。 
ALICE,爱丽丝,艾丽丝是《生化危机》电影系列的女主角。是保护伞公司高层艾丽西亚的克隆体，前保护伞公司蜂巢试验基地安保者，生化危机爆发后，与T-病毒相结合后进化，被称作爱丽丝计划，后来，尽管其体内的T病毒被中和失效，但她依旧解救了无辜的人类。
伊诺,伊诺,伊诺小时就对路口堵车的情形有所思考，他发现车马叉在一起，绳索缠如乱麻，警察无能为力的现象，很想改变这种状况。成人后，随着汽车的出现，汽车的增多，伊诺又对汽车交通进行了研究。1921年，他编著的《交通的规则》一书发表，这本书得到全世界交通部门的肯定，成为现代交通问题的权威性著作。他所制定的交通法规，全世界都奉为经典而力行。为纪念伊诺的功迹，人们尊称他为“交通之父”。另有韩国的手机企业公司伊诺。
ENO,何何舞,何何舞，又称ENO，青年插画家 ，擅长水彩手绘，曾为《光年纪》、《今古传奇·武侠版》插图，为顾漫、沧月、桐华、步非烟、藤萍等大陆写手插画。著有个人画集《华盖之月》《银莲花》《空蝉与诗》《墨涧花》《骨鸟》，绘本《神之右手》《彼岸花》。
SOU,sou,Sou出生于1998年8月19日，是日本大型人气网站ニコニコ动画（niconico）ってみた版块的男唱见。 声音是温和清澈的少年音，干净而有魔性，是男性中少见的高音类 唱见。 
卡瓦依,卡瓦依,卡瓦依即KAWAI，是取自创始人河合的姓氏。它所代表的日本（株）河合乐器制作所生产的世界顶级钢琴。河合乐器创立于1927年，近百年的钢琴制造历史，专注于制造更好的钢琴。
海之韵,海之韵广场,原海之韵广场，大连八景之一，是大连广场文化中具有代表性广场之一，休闲度假的理想选择。坐落于辽宁省大连市滨海路北段入口处，1999年竣工，曾荣获全国美术设计大赛规划景观类大奖。广场内共有主雕塑和超级写实雕塑9组26件。现在这些都已经拆除，只剩下一只乌龟的雕塑在坑里，周围一直到海边都是建筑工地，东海公园几乎夷为平地（2015年4月30日亲见）。但是，十八盘和怪坡依然存在，入口在棒棰岛入口也就是原来的海之韵南门，免门票。 
珠江钢琴,广州珠江钢琴集团股份有限公司,广州珠江钢琴集团股份有限公司（股份代码：002678）建于1956年。聚焦乐器文化产业，围绕核心能力的培育，长期从事钢琴的研发、制造、销售与服务，成为“全球最大的钢琴制造商”、最具国际竞争力的中国乐器龙头企业和最具国际影响力的民族品牌。珠江钢琴集团拥有全球最大的钢琴木材加工基地和最先进的木材处理设备，在全国同行率先通过了ISO9001、ISO14001、ISO10012等国际标准的管理体系认证，被国际乐器制品协会授予“里程碑”奖，是“国家级创新型试点企业”、“国家文化出口重点企业”、“全国质量管理卓越企业”。
FENDER,fender,Fender公司(目前还没有一个比较官方的中文名字，但大多数音乐人都习惯称其为“芬达”或“芬德”）于1946年建立，全称FenderMusicalInstrumentsCorporation，在过去的50年中，Fender已经成为了美国的标志之一，Fender对现代音乐音色发展的贡献波及全球并且仍在继续。通过率先推出商业化的实心电吉他、生产出第一把电贝斯以及难以数记的经典音箱，Fender乐器已经在爵士、布鲁斯、乡村、摇滚等等许多流行音乐风格上留下了印记。
通宝,通宝,“通宝”是中国自唐初至清末铜币的一种名称。早期多以重量作为钱币名称，如半两、五铢。另有元宝、重宝、之宝等钱。唐代改变了秦、汉以来钱币以重量命名的习惯，唐高祖武德四年(621)废五铢钱，开始铸造开元通宝，币面上下右左有“开元通宝”四字。“开元”意为开辟新纪元，“通宝”意为通行宝货。有人按顺时针方向回环来读作“开通元宝”，成为后世铜币以“通宝”或“元宝”命名的由来。“通宝”名称为后世沿用，常在通宝二字前冠以年号、朝号（国号），如唐代的“建中通宝”，南唐的“大唐通宝”、“唐国通宝”，北宋的“太平通宝”，南宋的“大宋通宝”，明代的“永乐通宝”，清代的“康熙通宝”、“宣统通宝”等。辛亥革命后，云南、福建还曾试铸“民国通宝”。“通宝”钱一直流通了1300多年，在我国货币史上占主导地位。 
TOMBO,tombo,通宝公司创始人真野清次郎（清八）1872年生人。他由新泻县高田只身赴东京，经过十多年的艰苦创业，在东京市上野开设了名为“高阳堂真野商会”的玩具批发店，随后开始研发制作使用数枚自由音簧的小型手风琴，作为自己公司独特的玩具产品，大正六年（1917年）开始生产当时风靡一时的口琴产品并正式创立了（株）TOMBO乐器制作所。
达达里奥,达达里奥,达达里奥是世界知名琴弦品牌，它的出口市场分布全球100多个国家。
TAMA,TAMA,TAMA也是大家较熟悉的一个日本的品牌，属于日本星野乐器旗下，在全球销量排名第一。在国内也有不少鼓手在使用，包括它在中国的代言人陆勋，郑朝晖。
Guitarist,Guitarist,《Guitarist》是谢拉迪创作的网络小说，发表于晋江文学网。
诺艾,诺艾,望月淳漫画《瓦尼塔斯的手记》的男主角之一
iword,iWord,iWord是一款生活实用类软件，支持Android2.2。
小天使,小天使,小天使别名仙羽蔓绿绒、春羽（Philodendroncv.Xanadu）奥利多蔓绿绒，天南星科蔓绿绒属是小型多年生直立草本，其叶小而幽雅，外形有如大鸟的羽，喜半阴和温暖潮湿的环境下生长，生长适温在20～30℃，能短时间忍耐5℃的低温，但冬季不能长期低于10℃，植株四季葱翠，绿意盎然，叶态奇特，是室内主要的观叶植物。
SAGA,撒加,日本动漫《圣斗士星矢》中的人物，双子座的黄金圣斗士，曾担任圣域教皇，拥有粉碎银河、操纵次元、支配精神、剥夺五感等强大的能力，“心·技·体”兼优的圣斗士。 原作中被誉为“神的化身”，是侍奉雅典娜的最强黄金圣斗士，亦是当时众望所归的“教皇候选人”之一。由于兼有善与恶双重人格，一度因内心的邪恶占据上风而黑化并谋害了前教皇史昂，从此取而代之以教皇的身份统治圣域长达十三年之久。黑化后的撒加有着庞大野心，想取代雅典娜，企图凭借胜利女神尼姬和雅典娜之盾进一步与天神宙斯、海皇波塞冬、冥王哈迪斯对抗，成为这个时代的救世主并支配地上界的一切，是黄道十二宫篇的最大反派。 
KORG,KORG,日本老牌电子乐器厂Korg是作曲工作站（musicstation）领域的几大领袖之一，从80年代开始korg的合成器就牢牢地占据着合成器市场，KORG是专业品质的代名词，其音色相当的好，也相当的霸气，现场操作也相当直观方便。
midiplus,MIDIPLUS,Midiplus属于台湾大宏木业乐器股份有限公司旗下的自主品牌，致力于相关MIDI产品的研发，生产多系列MIDI主控键盘外销欧美受到相当肯定，许多世界知名品牌均OEM本公司自行研发之MIDI键盘乐器，行销世界各地，并连连创造销售佳绩。大宏木业乐器股份有限公司成立于西元1974年西元1977年本公司推出台湾第一台自制电子琴以”梅花”为品牌，行销全国各地广受国人肯定。
GECKO,gecko,Gecko是套开放原始码的、以C++编写的网页排版引擎。目前为Mozilla家族网页浏览器以及Netscape6以后版本浏览器所使用。这软件原本是由网景通讯公司开发的，现在则由Mozilla基金会维护。这套排版引擎提供了一个丰富的程序界面以供因特网相关的应用程序使用，例如网页浏览器、HTML编辑器、客户端/服务器等等。虽然最初的主要对象是Mozilla的衍生产品，如Netscape和MozillaFirefox，现在已有很多其他软件现在利用这个排版引擎。Gecko是跨平台的，能在MicrosoftWindows、Linux和MacOSX等主要操作系统上运行。
AROMA,AROMA,aroma中文翻译为“闻果香”。aroma是澳洲原装进口品牌红酒“闻果香”，总部在澳大利亚。
Nightwish,Nightwish,Nightwish（夜愿，港台译名“日暮颂歌”）是一支成立于1996年来自芬兰的剧院金属（美声金属）乐队。乐队大多数歌曲的词由键盘手托马斯·霍洛帕尼所撰写，前任女主唱塔雅·图仑尼的声音使得夜愿扬名国际。在2005年10月塔雅·图伦尼被开除后，他们找到了Anette接任，并且也增加了贝斯手马可·希耶塔拉的声部。夜愿的音乐风格除了剧院金属和新金属，还有其他音乐元素。托马斯曾经形容他们的音乐为“用女声表现的旋律金属”。2012年10月，乐队主唱AnetteOlzon宣布离队，前AfterForever主唱FloorJansen成为乐队主唱，并且英国作曲家，爱尔兰肘风笛、锡哨演奏者TroyDonockley成为固定成员。
卢森,卢森,卢森，中国书法家协会广西分会（现广西书法家协会），之后，曾先后任中国国际书画艺术研究院常务副院长、中国书法研究院艺术委员会会员、中国国际公共关系协会会员、中国书画经营家协会联络交流委员会委员、美国TheThomasCranePublicLibrary（QincyMA，USA）艺术顾问、中国书法艺术家卢森缅甸艺术中心（缅甸）理事长、福建省盛世开元书画院院务委员、广西书画艺术发展促进会理事长、甘肃会宁画院名誉院长、甘肃省临泽书画艺术交流中心顾问、“祖国颂”世界华人书画大赛暨海内外巡展组委会副主任。
芬达,芬达,芬达(Fanta)，是1955年可口可乐公司在意大利推出的一款橙味汽水。芬达目前拥有橙、苹果、葡萄、青柠、芒果、水蜜桃、菠萝、西瓜八种口味。
Fender,fender,Fender公司(目前还没有一个比较官方的中文名字，但大多数音乐人都习惯称其为“芬达”或“芬德”）于1946年建立，全称FenderMusicalInstrumentsCorporation，在过去的50年中，Fender已经成为了美国的标志之一，Fender对现代音乐音色发展的贡献波及全球并且仍在继续。通过率先推出商业化的实心电吉他、生产出第一把电贝斯以及难以数记的经典音箱，Fender乐器已经在爵士、布鲁斯、乡村、摇滚等等许多流行音乐风格上留下了印记。
斗牛士,斗牛士,斗牛士游戏是不一样的异域风情，体验西班牙奔牛节的疯狂乐趣！3D斗牛，给你非同一般的紧张刺激！在西班牙的街道与愤怒的公牛和热闹的人群一起狂奔，体验与命运的追逐赛跑。谁才是跑到最后的赢家？是需要宣泄怒火的公牛们？还是挑战无极限的你呢？
kaka,里卡多·伊泽克森·多斯·桑托斯·雷特,里卡多·伊泽克森·多斯·桑托斯·雷特（RicardoIzecsonDosSantosLeite），1982年4月22日出生于巴西巴西利亚，巴西著名足球运动员，前巴西国家队的核心人物，司职进攻性中场（前腰），绰号“卡卡”（Kaká）。 卡卡的脚法细腻，身体素质出众，技术全面。2001年，卡卡效力于巴西圣保罗俱乐部，出场27次，进球12个。2006年德国世界杯，卡卡入选巴西国家队，帮助球队进入八强。2007年，卡卡成为了世界足球先生。2009年，从AC米兰转会至皇家马德里。2013年，从皇家马德里又转回至AC米兰；2014年，AC米兰宣布，卡卡自由解约至奥兰多城，后被租借至巴西圣保罗队半年。2017年12月17日，卡卡正式宣布退役。 
朗斯,朗斯,朗斯（Lens）位于法国北部，是加来海峡省（Pas-de-Calais）的一个行政区，是皮卡第大区（Picarde）的一个比较大的城市，人口约三万五千。是朗斯－列埃文（Lens-Liévin）联合行政区（下属36个行政单位，人口25万）的一部分；朗斯与杜埃（Douai）又构成了杜埃－朗斯都市群（1999年的人口为55万）。
LENS,Lens,《Lens》是一本以影像为阅读方式的出版物，以图文结合的叙述方式，关注不断变化的现实、永恒不变的人性、人文艺术和生活美学，主题是营造最具影像冲击力的品质生活。
哈罗德,哈罗德,少年哈罗德因为患有某种病症，年纪轻轻就秃了头。这让他备受周围人的嘲笑。虽然头顶照秃，可日子还得过下去，他必须要努力适应新学校的环境，用其他方面的优点来弥补外貌上的不足。
凤灵,凤灵,凤魂化形，祥瑞因何成了魔女？祸及亲人，累及无辜，无奈七弦尽是杀戮！心何苦？情何堪？帝魂转世，声名地位有何可恋？众里寻她，不离不弃，纵使万人皆是怒目！心不悔！情不变！简单的快乐离她而去，仇恨和阴谋相继而来，为了被囚的师傅，她违心屠戮。为了不再连累无辜，她拒绝所有关心她的人。面对未知的敌人和阴谋，她倒底该如何应对？面对关心爱护她的人，她又该如何面对？
鸽子,鸽子,鸽，一种十分常见的鸟，世界各地广泛饲养，鸽是鸽形目鸠鸽科数百种鸟类的统称。我们平常所说的鸽子只是鸽属中的一种，而且是家鸽，家鸽中最常见的是信鸽，主要用于通讯和竞翔。鸽子和人类伴居已经有上千年的历史了，考古学家发现的第一幅鸽子图像，来自于公元前3000年的美索不达米亚，也就是现在的伊拉克。
Dove,德芙,德芙是世界最大宠物食品和休闲食品制造商美国跨国食品公司玛氏（Mars）公司在中国推出的系列产品，1989年进入中国。
tyma,tyma,tyma是一款吉他的品牌，TYMA吉他——为高端木吉他品牌泰玛的通用英文标识，发源于1978年，TYMA吉他是由一群热爱吉他的老工匠们精心孕育出来的高端民谣，其意旨为全球喜爱吉他喜爱音乐的人们带来最高质量的产品、最特别的声音和最平民的价格。
哈农,哈农,哈农，全名夏尔·路易·哈农（Charles—LouisHanon)，1819年7月2日生于法国敦刻尔克附近的雷恩居尔，1900年3月19日去世于海上布伦城。是19世纪法国著名管风琴师、钢琴师及钢琴教育家。哈农钢琴练指法的创始人。
RECORDING KING,录音之王,RecordingKing（录音之王）为美国著名吉他品牌，从20世纪30年代开始，RecordingKing就成为MontgomeryWard百货的指定供应商，其中的民谣吉他和班卓琴，更是发展成乐器制造业黄金时代的标志。
uma,未确认生物体,未确认生物体（隐匿动物、未知生物等）（UnidentifiedMysteriousAnimal---UMA）意指出现在世界各地的谜般怪兽或尚未被确认或发现的隐栖动物，在日本取其英文名称的第一个字母，简称UMA。在英国，“Cryptid“称为神秘动物学。隐栖动物指的是生活在人类看不到的地方的珍禽异兽，在美国甚至被公认是一门称为“隐栖动物学（Cryp-tozoology）“的学问。代表性的生物：野人、水怪、巨型乌贼、蒙古死亡蠕虫、泽西恶魔、天蛾人、尼斯湖水怪、南极哥斯拉等
RL,RL,回波损耗（RETURNLOSS）回波损耗是电缆链路由于阻抗不匹配所产生的反射，是一对线自身的反射。不匹配主要发生在连接器的地方，但也可能发生于电缆中特性阻抗发生变化的地方，所以施工的质量是减少回波损耗的关键。回波损耗将引入信号的波动，返回的信号将被双工的千兆网误认为是收到的信号而产生混乱。
极客,极客,极客是美国俚语“geek”的音译。随着互联网文化的兴起，这个词含有智力超群和努力的语意，又被用于形容对计算机和网络技术有狂热兴趣并投入大量时间钻研的人。现代的Geek含义虽然与过去有所不同，但大多还是相似的，现在Geek更多有一种在互联网时代创造全新的商业模式、尖端技术与时尚潮流。总之，是一群以创新、技术和时尚为生命意义的人，这群人不分性别，不分年龄，共同的战斗在新经济、尖端技术和世界时尚风潮的前线，共同为现代的电子化社会文化做出自己的贡献。
GEEK,极客,极客是美国俚语“geek”的音译。随着互联网文化的兴起，这个词含有智力超群和努力的语意，又被用于形容对计算机和网络技术有狂热兴趣并投入大量时间钻研的人。现代的Geek含义虽然与过去有所不同，但大多还是相似的，现在Geek更多有一种在互联网时代创造全新的商业模式、尖端技术与时尚潮流。总之，是一群以创新、技术和时尚为生命意义的人，这群人不分性别，不分年龄，共同的战斗在新经济、尖端技术和世界时尚风潮的前线，共同为现代的电子化社会文化做出自己的贡献。
DO,do,DO 美容是一个全国性连锁美容美妆品牌，总部位于中国·上海，“科技改变美”为品牌的一贯理念。 
enya,恩雅,恩雅，本名EithnePatriciaNíBhraonáin，1961年出生于爱尔兰共和国多内加尔郡圭多尔镇的一个音乐世家，爱尔兰女歌手。1986年，恩雅凭借为电影《青蛙王子》写配乐，正式进军音乐界。1988年，恩雅发行首张个人专辑《Watermark》。2001年，代表作《MayItBe》获得了奥斯卡“最佳原创歌曲”、金球奖”最佳原创歌曲“、格莱美奖”最佳电影歌曲“提名等多项荣誉。2007年，恩雅因为她对音乐的贡献而获得北爱尔兰大学、爱尔兰国立大学授予的两座"荣誉博士学位"奖。2009年11月，恩雅的二十年精选《TheVeryBestOfEnya》（世纪典藏）专辑在全球发行。截至2010年，恩雅的唱片销量已逾9000万（世界女歌手排名前十）。
黄牌,黄牌,黄牌是指裁判在足球比赛中，对犯规球员作出警告的一个工具。传统上裁判会将球员的犯规详情记录在随身的小记事簿内，因此警告亦被称为记名。
玉屏箫笛,玉屏箫笛,玉屏箫笛用贵州玉屏侗族自治县出产的竹子制成，遂因此而得名。玉屏箫笛是中国著名的传统竹管乐器，以音色清越优美、雕刻精致而著称，它是玉屏当地侗、汉、苗、土家等多民族文化发展的结晶，具有较高的历史文化和工艺价值。玉屏箫笛，不仅是一种极好的民族乐器，同时也是一件高雅的工艺品，其历史悠久，驰名中外。玉屏箫笛，音韵清越，工艺精巧，是民族乐器中的精品，是玉屏侗、汉、苗、土家等多民族文化发展融合的结晶。许多箫笛艺人都为它的发展作出过贡献。玉屏箫笛取材于当地的小水竹，竹节长而均匀，壁厚薄适宜，质地坚实。玉屏箫笛现在的高级制作师傅大多出自杨氏，以平海师傅工艺最是老到精湛，其选材非常严格，讲究，工序繁琐细腻。玉屏箫笛的传统雕刻颇具特色。凤翥龙翔，栩栩如生；山水花鸟，清新迷人；草纂隶楷，流畅古雅。箫笛音质纯正，音色圆润，尤其是椭圆形扁箫，音色更佳，为萧中上乘。
圣马可乐器,圣马可乐器,乐器品牌
金色年代,金色年代,《金色年代》是一部美国电影。讲述了二十世纪八十年代美国的一个平凡的家庭之中，尽管生活中少不了磕磕绊绊，但一家人生活甜蜜相亲相爱的生活。
Poputar,Poputar,
鹦鹉,鹦鹉,鹦鹉是鹦形目（学名：Psittaciformes）众多羽毛艳丽、爱叫的鸟。典型的攀禽，对趾型足，两趾向前两趾向后，适合抓握，鸟喙强劲有力，可以食用硬壳果。羽色鲜艳，常被作为宠物饲养。它们以其美丽的羽毛，善学人语技能的特点，更为人们所欣赏和钟爱。鹦鹉中体形最大的当属紫蓝金刚鹦鹉，体长可达100厘米，最小的是蓝冠短尾鹦鹉，体长仅有12厘米。大多数鹦鹉主食树上或者地面上的植物果实、种子、坚果、浆果、嫩芽嫩枝等，兼食少量昆虫。吸蜜鹦鹉类则主食花粉、花蜜及柔软多汁的果实。鹦鹉类在世界各地都有分布。分布在温、亚热、热带的广大地域。种类非常繁多，有2科、82属、358种，是鸟纲最大的科之一。主要分布于热带森林中。在南半球有些种类扩展到温带地区，也有一些种类分布到遥远的海岛上。鹦鹉在拉丁美洲和大洋洲的种类最多，在非洲和亚洲种类要少得多，但在非洲却有一些很有名的种类，如灰鹦鹉、情侣鹦鹉、牡丹鹦鹉。拉丁美洲的鹦鹉中最著名的是各种大型的金刚鹦鹉。大洋洲的鹦鹉比拉丁美洲更加多样化。
Adeline,Adeline,
唐爵,唐爵,《唐爵》是晋江文学城连载的小说，作者是曌行者。
ZOOM,极速,极速（Zoom）是美国DC漫画旗下超级反派，初次登场于的《闪电侠：秘密档案与起源》（FlashSecretFilesandOrigins）第3期（2001年11月），由杰夫·约翰斯和斯科特·科林斯联合创作。本名是亨特·佐勒蒙（HunterZolomon），是第三代闪电侠沃利·韦斯特的敌人，也是第三代逆闪电。 新52的极速（Zoom）则是艾尔伯德·斯旺（EobardThawne）
克莉丝蒂娜,克莉丝蒂娜,英雄传说3白发魔女的女主角，杰立欧的青梅竹马，会使用回复系的魔法，在性格上实在没有什么女孩的感觉，尤其是完全不会做料理和很有主见一事，可真的让杰立欧在旅途中吃尽了苦头，也幸好杰立欧的EQ很高，所以可以相安无事。
Christina,克里斯蒂娜·阿奎莱拉,克里斯蒂娜·阿奎莱拉（ChristinaAguilera），1980年12月18日出生于美国纽约史泰登岛，美国女歌手、演员。童年时期，克里斯蒂娜加入电视节目“米老鼠俱乐部”后开始演艺生涯。1998年与RCA唱片公司签约，同年为迪士尼电影《Mulan》演唱主题曲《Reflection》，获金球奖最佳原创歌曲提名。1999年发行首张同名专辑，凭借歌曲《WhataGirlWants》获得第42届格莱美最佳新人奖。2002年发行专辑《Stripped》，凭借歌曲《Beautiful》获得第46届格莱美最佳流行女歌手奖。 2006年发行第三张专辑《BacktoBasics》，凭借歌曲《Ain'tNoOtherMan》获得第49届格莱美最佳流行女歌手奖。 2010年留名于好莱坞星光大道，同年主演电影歌舞剧《滑稽戏》，自创歌曲《BoundToYou》入围金球奖最佳原创歌曲奖。2012年11月13日发行专辑《Lotus》。2013年为电影《饥饿游戏2：星火燎原》献唱歌曲《WeRemain》。 2015年2月与乐队“AGreatBigWorld”合作的歌曲《SaySomething》在57届格莱美奖中获得最佳流行组合奖 ；同年回归音乐评论节目《美国好声音》第八季担任导师。
森海塞尔,声海,声海（原名：森海塞尔），由Prof.Dr.FritzSennheiser（弗里茨·森海塞尔博士，1912年5月9日～2010年5月17日）于1945年创立的森海塞尔是世界公认领先的专业话筒和耳机制造商。森海塞尔不断地引领着新的音频技术的潮流，研究开发中心在德国汉诺威。它也是业界公认的无线电、红外声传输技术、听诊式耳机、航空通话耳机、多媒体传播、呼叫中心耳机和头戴式耳机的先驱。
Sennheiser,声海,声海（原名：森海塞尔），由Prof.Dr.FritzSennheiser（弗里茨·森海塞尔博士，1912年5月9日～2010年5月17日）于1945年创立的森海塞尔是世界公认领先的专业话筒和耳机制造商。森海塞尔不断地引领着新的音频技术的潮流，研究开发中心在德国汉诺威。它也是业界公认的无线电、红外声传输技术、听诊式耳机、航空通话耳机、多媒体传播、呼叫中心耳机和头戴式耳机的先驱。
Rex,REX,REX，中文名俞思远。以一首原创作品《暗恋情书》在青岛飙歌会上技惊四座的“魅力型男”俞思远，在“雪碧我型我秀”的晋级道路上可谓一帆风顺，最后成功进入全国总决赛四强。一路走来，健康有型的俞思远不仅为自己俘虏了众多歌迷，更是以其爆发力极强的舞台表现取得了专业评委们的欢心。在俞思远的人生道路上，他始终是位坚持理想的追梦少年。他原是上海申花青年足球队的一员猛将，曾代表申花青年队出战多场国内、国际足球比赛，战功赫赫，拥有大批铁杆球迷。另有同名雷克斯硬件网络实验室REX。
登路普,登路普,来自英国的著名品牌“DUNLOP”，与深圳市海日升源动力汽车户外用品有限公司合作，于2012年针对国内市场推出汽车自驾游装备时所使用的品牌。
DUNLOP,英国邓禄普公司,英国邓禄普公司（DUNLOP）是英国著名品牌，擅长将高科技成果应用于体育用品设计以使体坛明星达到其个人极限，同时代表着现代、流行和前卫，一向是为世界名将所推崇和喜爱的品牌。近百年来，在世界主要体育用品市场上（美国、澳洲、日本、欧洲等），DUNLOP的网球用品、壁球用品和高尔夫球用品系列一直雄居三甲之列，其中网球、壁球、壁球拍和高尔夫球等产品更是独占鳌头。近年来，凭借其在球拍的先进技术和雄厚实力，开始涉足羽毛球用品，其产品有其独特的设计和外观，性价比高，也深受羽毛球爱好者的欢迎。
海伦,海伦·凯勒,海伦·凯勒（HelenKeller，1880年6月27日－1968年6月1日），美国著名的女作家、教育家、慈善家、社会活动家。在十九个月时因患急性胃充血、脑充血而被夺去视力和听力。1887年与莎莉文老师相遇。1899年6月考入哈佛大学拉德克利夫女子学院。1968年6月1日逝世，享年87岁，却有86年生活在无光、无声的世界里。在此时间里，她先后完成了14本著作。其中最著名的有：《假如给我三天光明》《我的人生故事》《石墙故事》。她致力于为残疾人造福，建立了许多慈善机构，1964年荣获“总统自由勋章”，次年入选美国《时代周刊》评选的“二十世纪美国十大偶像”之一。
贝琪,贝琪,バジオン综合战术学校野战医务部的训练生。做什么都很努力，常常慌慌张张的样子。《奏光之Strain》中的角色
Taylor,泰勒,布鲁克·泰勒（英语：BrookTaylor，1685年8月18日－1731年11月30日）出生于英格兰密德萨斯埃德蒙顿，逝世于伦敦，是一名英国数学家，他主要以泰勒公式和泰勒级数出名。
SQUIER,squier,Squier品牌源于Fender，是20世纪70年代Fender公司为针对一些喜爱Fender吉它的年轻初学者所专门开发的分牌产品，其较低的价格以及和顶级吉它如出一辙的外观和做工，使Squier成为优质低价的代表之作，被世界各地吉它爱好者接受和喜爱。
圣马可,圣马可,圣马可，基督教《圣经》故事人物。马可为其罗马名。犹太名为约翰。母名马利亚，表兄名巴拿巴。家住耶路撒冷，后成为基督教徒聚会之所。彼得第一次被捕获释后，即往马可家报喜。巴拿巴第一次远行传教时，同往塞浦路斯。据传，保罗被拘送罗马后，他去照顾保罗；待彼得至罗马，又为彼得助手。并曾至亚历山大里亚传教，后于该地被杀。传说他根据彼得的叙述撰写《马可福音》 。
虎丘,虎丘山风景名胜区,虎丘山风景名胜区位于苏州古城西北角的虎丘山风景名胜区，有2500多年的悠久历史，有“吴中第一名胜”、“吴中第一山”的美誉，宋代大诗人苏东坡写下“到苏州不游虎丘，乃憾事也！”的千古名言。先后被评为全国首批十佳文明风景旅游区示范点，国家AAAAA级旅游景区，全国文明单位。
弯德林,弯德林,在1905年.弯得林家族就开始制作哨片和笛头了，创始人是十九世纪末巴黎歌剧院繁华时代的单簧管演奏家埃格尼.弯德林。哪时候的木管演奏者们还是自己制作哨片，好坏程度参差不齐，但埃格尼.弯德林却有他自己的诀窍，他制作的哨片音色极好，因此很多同事都肯求他出售一些给他们。手工制作哨片是一个繁锁而漫长的过程。为了节约时间，技术高超的天才工程师埃格尼设计了一台像缝纫机一样操作原理的踏板式机器。他便开始在位于德-萨特-安德烈街家中的餐厅里用这台机器制作哨片，并讯速获得成功。1905年，也就是他儿子诞生的哪一年，他在卢佩克51号开始了自己的哨片制作事业。从此哨片制作点据了他大部分精力。
Vandoren,vandoren,vandoren是一种蓝盒哨片，这种哨片声音纯净，因为它的尖部很薄（哨片振幅最大的部位）。
国光,国光,国光，是国家农药生产企业，成立于1984年，经过20年的发展历程，今天已成为中国十大名牌农药企业，四川省高新技术企业，四川省农药工业协会副理事长单位，四川省著名商标的全国知名农化企业，靠的是企业一开始就把“做质量、做诚信、做品牌、做特色、做服务、做百年”作为企业经营理念，坚信企业竞争的关键是质量、品牌和企业文化，在企业整个经营过程中，国光始终把“走诚信路、做百年厂、祥和似家”作为制定政策和行动的指南，未来农药竞争，只有品牌才能取胜。国光十分重视品牌在农民心中的建立，并将“把质量和品牌建在用户心中”落实到公司各项工作中加以执行，企业的定位是使国光成为一个有特色、专而强的小巨人。
BOSS,BOSS,《BOSS》是由日本富士电视台制作播出的11集刑侦电视剧，该剧由光野道夫、石井佑介、星野和成、成田岳联合执导，天海佑希，竹野内丰，户田惠梨香，玉山铁二等主演，于2009年4月16日在日本首播。该剧讲述了日本东京警视厅面临巨大的问题，越来越多样化的凶恶犯罪、低下的检举率，为此设立了专门美国归来的经验丰富的女警花大泽绘里子，她的属下是从各个部门调来的，被认为是多余包袱的所谓“精锐” 。
枪炮玫瑰,枪炮与玫瑰乐队,枪炮与玫瑰乐队（常缩写为枪花、GN'R或GnR）是一支1985年成立于好莱坞的美国硬摇滚乐队，乐队共发行了五张录音室大碟、两张EP以及一张Live专辑，经历了大量乐队人事变动后，Axl是乐队仅存的创始成员。他们至今仍保持全美音乐史上处子专辑最高的销售记录（3300万张以上），在美国本土和世界上已经分别拥有4600万和1.1亿的专辑总销量以及两张专辑同时成为Billboard200排行榜冠亚军的神话。枪花在80年代中期至90年代早期这一巅峰时期，有评论认为：“他们带来了一个极端享乐主义的叛逆并复兴了硬摇乐界的朋克态度，让人想起早期的滚石。”
炎黄,炎黄,炎黄，汉语词语，读音为yánhuángzǐsūn，意思是代表中华民族的祖先，出自《告抗战全体将士书》。
CORT,cort,43年前，"吉他"对于大多数亚洲人来说，还只是个完全没有实物概念的名词而已。而恰恰是在这个时候，美国人JackWestheimer不远千里来到亚洲（主要是日本和韩国），与韩国的Park家族合作，投资组建了Yoo-Ah公司，也就是现在Cort的前身，开始全线生产Cort品牌各个系列的吉他。
津宝,津宝,津宝是广东省良种引进服务公司选育而成的西瓜品种，审定编号为桂审瓜2013011号。 
UKU,UKU,UKU，孙建忠注册申请的商标，注册申请号是10566658，分类号是15。 
阿德拉,阿德拉,阿德拉是《英雄无敌3》中的人物，初始技能为基础智慧、基础外交。
Adela,Adela,Adela，来自日耳曼语，意思为高贵的、优雅的。
天中,驻马店,驻马店是河南省下辖地级市，位于河南中南部，北接漯河、周口，南临信阳，地处淮河上游的丘陵平原地区。因历史上南来北往的信使、官宦在此驻驿歇马而得名。素有“豫州之腹地、天下之最中”的美称。京广铁路、京珠、大广高速和107、106国道纵贯南北，新阳高速横跨东西，上武高速和焦桐高速穿境而过，省道、县道纵横交错。 驻马店是华夏文明的重要发祥地之一，是中华民族的始祖盘古创世纪活动的核心区域，是轩辕黄帝的夫人嫘祖的故乡，是战国时期闻名天下的兵器制造中心。秦丞相李斯、《盐铁论》的编著者桓宽、志怪志异小说家干宝、伟大的无神论者范缜、著名抗日民族英雄杨靖宇等一大批历史名人。这里是盘古文化、梁祝文化、重阳文化、车舆文化、嫘祖文化和冶铁铸剑文化的发源地，泌阳、汝南、上蔡、平舆、西平分别被命名为“中国盘古圣地”、“中国梁祝之乡”、“中国重阳文化之乡”、“车舆文化之乡”、“嫘祖文化之乡”和“冶铁铸剑文化之乡”。同时是红色革命根据地之一、享有“小延安”之称的确山县竹沟镇曾是中共中央中原局和河南省委所在地，刘少奇、李先念等老一辈革命家在这里战斗生活过，其旧址至今保存完好。 2017年6月，驻马店市被列为国家卫生城市。2017年11月，获全国文明城市称号。 
唐音,唐音,《唐音》，唐代中国诗歌总集。杨士宏编，始自元统三年(1335)，成于至正四年(1344)，“积十年之力而成，去取颇为不苟”（《四库全书总目》）。全书15卷，分为“始音”、“正音”、“遗响”三部分，共收唐诗1341首。《凡例》说“李、杜、韩诗世多全集”，所以不收李、杜、韩三家诗。
精工,精工,精工（SEIKO），原名服部计时店，1892年改名为精工舍。是一家著名的日本制表公司，始创于1881年。1924年，发表了第一只正式使用精工品牌的手表。1969年，精工、Berliget表推出了世界上第一款指针式石英手表—SEIKOASTRON35SQ。1995年，精工舍与日本东方表公司共同创建了一间合资工厂，精工舍还是电脑打印机制造商-爱普生（EPSON）的母公司。
SEIKO,SEIKO,Seiko是日本晶振制造商SeikoInstrumentsInc.的缩写，也称为SII。SII拥有世界上顶端的机械技术。除了是世界上著名的石英手表厂商，同时也生产电脑打印机。做电子元器件，在石英振子这一方面，SII也是做的非常之出色的能够与日本精工晶振全球同等级竞争的，只有日本大真空KDS。
迈斯,迈斯,迈斯是专注于门禁一卡通系统研发、生产的民族安防品牌。凭助多年从事机房动力环境监控、机房门禁、节能产品的研发优势，迈斯系列产品采用最先进的实时嵌入式技术及国际通用的“工作站+服务器+控制器”三级模块化系统架构，力求打造全国最具竞争力的门禁一卡通系统。迈斯门禁以可靠和性价比高而闻名于行业内外，针对小区、智能大厦、银行、监狱、工厂、校园、电站、基站等行业都提供了系列的完美解决方案。
MES,MES,MES系统是一套面向制造企业车间执行层的生产信息化管理系统。MES可以为企业提供包括制造数据管理、计划排程管理、生产调度管理、库存管理、质量管理、人力资源管理、工作中心/设备管理、工具工装管理、采购管理、成本管理、项目看板管理、生产过程控制、底层数据集成分析、上层数据集成分解等管理模块，为企业打造一个扎实、可靠、全面、可行的制造协同管理平台。
洛凌,洛凌,《洛凌》是在红袖添香网连载的古装言情小说，作者是蓝若玫瑰琳。
巴丽,巴丽,巴丽，女，蒙古族，1959年10月出生于南京市，副教授。南开大学
Brook,brook,2003年，斯坦福大学的IanBuck等人对ANSIC进行扩展，开发了基于NVIDIACg的Brook源到源编译器。Brook可以将类似C的brookC语言通过brcc编译器编译为Cg代码，隐藏了利用图形学API实现的细节，大大简化了开发过程。
elixir,Elixir,《Elixir》是由作者hilaryduff编辑的非小说类文学作品，是《Devoted》的第二部。
诤友,诤友,诤友是一个汉语词语，读音是zhèngyǒu，意思是指能够直言规劝的朋友。是指勇于当面指出缺点错误，敢于为“头脑发热”的朋友“泼冷水”的人，帮助自己的朋友。
华星,华星,华星，该品种由我部选育，是多用型青菜最优良种。目前远销全国，深受用户欢迎。株高18-22厘米，开展度25厘米，其身矮，基部大，束腰紧，叶片椭圆，叶色淡绿，叶柄宽厚，单株重可达1.5斤。具有、商品性好等特点。
泰山,泰山,泰山又名岱山、岱宗、岱岳、东岳、泰岳，位于山东省中部，隶属于泰安市，绵亘于泰安、济南、淄博三市之间，总面积24200公顷。主峰玉皇顶海拔1545米，气势雄伟磅礴，有“五岳之首”、“五岳之长”、五岳之尊、“天下第一山”之称。是世界自然与文化遗产，世界地质公园，国家AAAAA级旅游景区，国家级风景名胜区，全国重点文物保护单位，全国文明风景旅游区。 泰山被古人视为“直通帝座”的天堂，成为百姓崇拜，帝王告祭的神山，有“泰山安，四海皆安”的说法。自秦始皇开始到清代，先后有13代帝王引次亲登泰山封禅或祭祀，另外有24代帝王遣官祭祀72次。 泰山宏大的山体上留下了20余处古建筑群，2200余处碑碣石刻。道教、佛教视泰山为“仙山佛国”，神化泰山，在泰山建造了大量宫观寺庙。 泰山是中华民族的象征，是东方文化的缩影，是“天人合一”思想的寄托之地，是中华民族精神的家园。 
亨德尔,乔治·弗里德里希·亨德尔,乔治·弗里德里希·亨德尔（GeorgeFriedrichHandel，1685年2月23日-1759年4月14日），男，英籍德国作曲家。亨德尔生于德国哈勒（HalleS），师从管风琴家查豪学习作曲，后在教堂内任管风琴师及艺术指导。因爱世俗音乐，于1703年迁居汉堡，开始从事歌剧的创作。1706年后，在汉堡威尔及伦敦两地进行创作，不久成为英国的音乐权威人士 。代表作有《阿尔米拉》、《哈利路亚》等。
小霸王,孙策,孙策（175年—200年5月5日 ），字伯符，吴郡富春（今浙江杭州富阳区）人。破虏将军孙坚长子、吴大帝孙权长兄。东汉末年割据江东一带的军阀，汉末群雄之一，三国时期孙吴的奠基者之一。《三国演义》称其武勇犹如霸王项羽，绰号“小霸王”。为继承父亲孙坚的遗业而屈事袁术，兴平二年（195年），孙策征得袁术许可，准备东渡长江，横江进攻樊能、于糜，又在当利口袭击张英。孙策来到曲阿并以曲阿为据点，与扬州刺史刘繇进行决战曲阿之战，大败刘繇。建安元年（196年）孙策率兵进攻会稽王朗和吴郡严白虎。建安二年（197年），袁术僭越称帝后，孙策与袁术决裂。建安二年（197年）夏，曹操下诏书给孙策，要孙策讨伐袁术，任命他为骑都尉，袭父爵乌程侯，兼任会稽太守，曹操奏许朝廷任命策为讨逆将军，并封为吴侯，后统一江东。孙策为将，有智有勇，英姿勃发，其治军严整，军纪严明。但在征战中由于年轻气盛，难免出现处事不慎、好勇斗狠的弱点，这为其结怨和遇刺种下了祸根。 建安五年（200年）4月，正当孙策准备发兵北上之时，在丹徒狩猎中为刺客所伤，不久后身亡，年仅二十六岁。其弟孙权接掌孙策势力，并于称帝后，追谥孙策为长沙桓王。（概述内图片来源：金史《南陵无双谱》） 
法丽达,法丽达,惠州全丰育乐用品有限公司自1995年10月设厂至今近19年，目前已成为中国吉他制造业翘楚，Farida法丽达吉他近年来以优异的吉他制造工艺，在国内掀起高端吉他流行风潮。2010年，MusicTradeMagazine将全丰公司列为全球乐器制造供货商排名第160名。在中国乐器制造业中，只有卡罗德钢琴、珠江钢琴、星海钢琴、乐北钢琴、风灵小提琴、全丰吉他、保嘉多项乐器和金音管乐等八家被列入此份名单，全丰公司目前为中国前八强乐器制造供货商中，唯一的吉他专业制造厂商。
Farida,法丽达,惠州全丰育乐用品有限公司自1995年10月设厂至今近19年，目前已成为中国吉他制造业翘楚，Farida法丽达吉他近年来以优异的吉他制造工艺，在国内掀起高端吉他流行风潮。2010年，MusicTradeMagazine将全丰公司列为全球乐器制造供货商排名第160名。在中国乐器制造业中，只有卡罗德钢琴、珠江钢琴、星海钢琴、乐北钢琴、风灵小提琴、全丰吉他、保嘉多项乐器和金音管乐等八家被列入此份名单，全丰公司目前为中国前八强乐器制造供货商中，唯一的吉他专业制造厂商。
舒伯乐,舒伯乐,舒伯乐（SUPERLUX）是由广范实业有限公司-以多年OEM/ODM的生产制造经验基础上打造出的国际化品牌，这些产品都经过市场的严苛验。同时，广范实业有限公司欢迎知名品牌公司洽商OEM及ODM的业务需求，或者配合大型工程合约产制定制产品。我们的生产能力包括拥有自己的塑料射出机，铸造机，自动数据控制加工机等。所有金属加工，模具，制图，音头组装，电缆线制造，电子产品，喇叭驱动器等均在厂内加工，从原料直到成品完全掌控。
Superlux,Superlux,舒伯乐（SUPERLUX），成立于1986年，经营范围电缆线制造，电子产品等，是由广范实业有限公司-以多年OEM/ODM的生产制造经验基础上打造出的国际化品牌，这些产品都经过市场的严苛验。
epiphone,EPIPHONE,EPIPHONE是一家美国乐器制造商，主要生产吉他，几乎所有的吉他都在国内制造。
ELLEN,艾伦·德詹尼丝,艾伦·德詹尼斯，1958年1月26日出生于美国路易斯安纳州梅泰里，美国主持人、演员。1986年，她在约翰尼·卡森的喜剧节目《今夜秀》担任常驻嘉宾。在福克斯的《OpenHouse》中艾伦首次尝试表演。1994年，ABC邀她主演后更名为《艾伦》的电视剧集《TheseFriendsofMine》，她也凭借在剧中的表演获得两项艾美提名。2003年，艾伦·德詹尼丝为《海底总动员》“多莉”配音 。2007年，艾伦·德詹尼丝担任了第79届奥斯卡金像奖主持人 。2012年，艾伦·德詹尼丝正式留名星光大道 。2014年3月2日，第86届奥斯卡颁奖典礼在杜比剧院举行，艾伦·德詹尼丝再次担任主持人 。2016年7月31日，获得美国青少年选择奖最佳喜剧演员奖 。
王氏,王姓,王姓，中华姓氏之一，主要源自姬姓、子姓、妫姓和少数民族改姓。东周时期的姬晋为王姓始祖。2014年，根据国家统计局官方数据显示，中国大陆王姓人口达到9468万人，占全国总人口的7.1%。 中国东部地区占了王姓总人口的38.3%，中部占了王姓人口的26.0%，西部占了王姓人口23.5%，东北占了王姓人口的12.2%。 全国形成了以长江为界的高比率的北方王姓区和低比率的南方王姓区。 
汉,武汉,武汉，简称“汉”，别称“江城”，有“九省通衢”之称，是湖北省省会、中部六省唯一的副省级市和特大城市，中国中部地区的中心城市，长江经济带核心城市，全国重要的工业基地、科教基地和综合交通枢纽，也是中央军委武汉联勤保障基地驻所。全市下辖13个市辖区、3个国家级开发区，总面积8494.41平方公里，2017年常住人口1091.4万人。 武汉地处江汉平原东部、长江中游。世界第三大河长江及其最大支流汉江横贯市境中央，将武汉中心城区一分为三，形成武汉三镇（武昌、汉口、汉阳）隔江鼎立的格局，是中国内陆最大的水陆空交通枢纽、长江中游航运中心，市内江河纵横、湖港交织，水域面积占全市总面积的四分之一，构成了武汉滨江滨湖的水域生态环境。 其高铁网辐射大半个中国，拥有53条境外直达航线，是华中地区唯一可直航全球四大洲的城市。武汉是国家历史文化名城、楚文化的重要发祥地。距今8000-6000年前的新石器时代已有先民在此繁衍生息，境内盘龙城遗址有3500年历史。春秋战国以来，武汉地区一直是中国南方的军事和商业重镇。清末洋务运动促进了武汉工业兴起和经济发展，使其成为近代中国重要的经济中心。武汉是中国民主革命的发祥地，武昌起义作为辛亥革命的开端，具有重要历史意义。 2016年10月，中共中央发布的《长江经济带发展规划纲要》将武汉列为超大城市；同年12月，国家发改委原则同意并支持武汉建设国家中心城市。 2019年10月，第七届世界军人运动会将在武汉举行。 
HUN,hun,
AKG,AKG,AKG（中文商标：爱科技），音频领域最知名的品牌之一，全球四大耳机生产商之一，AKG这三个字母就是专业精神与声音品质的代表。AKG依靠话筒、耳机和通讯设备生存，良好的销售业绩向世人证明了这一决策的正确性。AKG在专业音频领域最有名望的产品是专业耳机和话筒。60多年中，AKG设计生产了用途各异的专业耳机达100多种型号，有通讯耳麦、专业监听耳机、电视伴音耳机、单声道耳机、四声道耳机、红外无线耳机、影院环绕声耳机等类型。
红星,红星,红星是一种品牌奶粉，始于1952年。上世纪50-80年代，“红星”牌奶粉被国家指定为军需奶粉，出口欧、亚、非等十多个国家和地区，被誉为中国乳品业的摇篮。
猛犸象,猛犸象,猛犸象（Mammuthusprimigenius），又名毛象（长毛象），是一种适应寒冷气候的动物。曾经是世界上最大的象之一，在陆地上生存过的最大的哺乳动物之一，其中草原猛犸象体重可达12吨。它是冰川世纪的一个庞然大物。猛犸象身高体壮，有粗壮的腿，脚生四趾，头大。其中，母象的象牙普遍在1米5至2米。而公的猛犸象象牙平均长达2米2至2米5。个别的可以接近甚至超过3米。它身上披着金、红棕、灰褐色的细密长毛，皮很厚，具有极厚的脂肪层，厚度最厚可达9厘米 。它们广泛生活在欧亚大陆北部。生活年代距今公元前1万年猛犸象陆续灭绝，这被视作一个冰川时代结束的标志。在阿拉斯加和西伯利亚的冻土和冰层里，不止一次发现冷冻的尸体 。当地时间2016年5月17日，墨西哥国家人类学和历史研究所的考古学家挖掘大量猛犸象牙化石。据了解，猛犸象牙化石在2015年12月被发现，年代为更新世时期。
唯美,唯美主义,唯美主义（英语：aestheticism）主张艺术哲学应独立于所有哲学之外，艺术只能以艺术自身的标准来评判。唯美主义运动中的作家和艺术家认为：艺术的使命在于为人类提供感观上的愉悦，而非传递某种道德或情感上的信息。因此，唯美主义者们拒绝接受约翰·罗斯金和马修·阿诺德提出的“艺术是承载道德的实用之物”的功利主义观点。相反，唯美主义者认为艺术不应具有任何说教的因素，而是追求单纯的美感。他们如痴如醉的追求艺术的“美”，认为“美”才是艺术的本质，并且主张生活应该模仿艺术。
M-AUDIO,M-Audio,M-Audio是一个在专业数位录音及MIDI应用产品领域中的主要供应商。
Warwick,华威大学,华威大学（TheUniversityofWarwick)，全球百强名校，英国顶尖研究型大学 ，目前全球排名为全球57名（QS世界大学2017-2018排名）。华威大学位于英国英格兰中部华威郡和考文垂市的交界处，创立于1965年。华威大学以其严格的学生筛选标准，高水准的学术研究和教学质量而闻名，在英国主流媒体排名中，稳居英国前五名至前十名，在QS世界大学排名中稳居全球百强、乃至前五十名 。华威大学在工、商、政、学各界均拥有良好口碑，克林顿访英时特地到访参观华威。世界闻名的华威商学院被誉为英国最顶尖的商学院之一；华威商学院的卓越表现使其在主要排行榜中稳居英国前5名，世界前30名，并处于持续上升的势头 。在2017年《金融时报》全球排名中，华威商学院的金融硕士项目超越牛津大学，位列全英第1，世界第9。此外，其传媒、戏剧 、经济学、计算机科学等专业名列前茅。传媒和戏剧专业更是多次荣膺英国专业排名第一，也是中英大学工程教育与研究联盟成员。华威大学在2014年英国官方公布的REF排名中，科研质量（GPA）位列第7名、科研实力（ResearchPower）位列第14名；在2016/17泰晤士英国大学排名中位列第7名。 因2011年英国《卫报》发布的大学排名，华威大学校报TheBoar发明创造了“Woxbridge”一词，意为华威大学、牛津大学与剑桥大学三强鼎立。华威大学在短短半个世纪内已在欧洲乃至全球建立起卓越的学术名望，是英国泰晤士国内大学排名中，除牛津、剑桥之外唯一一所未跌出过排名前十的英国大学。 
金杯,金杯,金杯，泛指精美的杯子、用黄金打造的杯子或者指金质奖杯。也可指汽车公司。
创想,创想,创想是什么？创想是传统的叛逆；是打破常规的哲学；是大智大勇的同义；是导引递进升华的圣圈；是一种智能拓展；是一种文化底蕴；是一种闪光的震撼；
青歌,青歌,小说《青歌》是由作者李蔲恩首发于榕树下的长篇言情类小说，正在连载中。
捷威,捷威,Gateway（中文译名：捷威）于1985年在美国中西部的一间农舍里创立，目前已经成长为世界最知名的技术品牌之一，拥有数百万满意的客户。公司创始人TedWaitt以他祖母向银行担保的一万美元贷款、一台租赁的计算机和一份三页的经营计划起家，将Gateway发展成了一个具有革命性意义的公司，它的创新改变了技术产业的面貌。2007年10月，Gateway被总部设在台湾的宏碁公司(AcerInc.)收购，收购后的联合实体现已成为世界第三大PC公司。
GLEAM,gleam,英v.闪烁；隐约地闪现n.微光；闪光；闪现
乐府诗,乐府诗,秦有乐府，为少府属官。汉初设乐府令，掌宗庙祭祀之乐。汉武帝立乐府，制作雅乐，采集民歌。汉乐府诗主要保存在宋郭茂倩《乐府诗集》十二类中的七类里，雅乐在《郊庙歌辞》类，《铙歌》十八曲在《鼓吹曲辞》类，民歌主要在《相和歌辞》、《舞曲歌辞》和《杂曲歌辞》类。汉乐府民歌内容丰富，反映了当时广阔的社会生活，艺术上刚健清新，其五言、七言和杂言的诗歌形式，是文人五七言诗歌的先声，是中国诗歌史上宝贵的财富。
乐退,乐退,乐退是个新生词汇，意思是说早点退休享受人生。（有备而退，富足而退，健康而退，快乐而退）。为自己、为家人筹划合理的养老计划。
沃森,詹姆斯·杜威·沃森,詹姆斯·杜威·沃森（JamesDeweyWatson），20世纪分子生物学的带头人之一，1953年和克里克发现DNA双螺旋结构_（包括中心法则），获得诺贝尔生理学或医学奖，被誉为“DNA之父”。DNA双螺旋结构发现是20世纪最为重大的科学发现之一，和相对论、量子力学一起被誉为20世纪最重要三大科学发现。 继爱因斯坦发现相对论之后的又一划时代发现，标志着生物学研究进入了分子层次。作为现代生命科学和基因组科学的权威，在沃森等人的推动下，“生命登月”工程——人类基因组计划在过去10多年里成功得以实施，人类第一次拥有自己的基因图谱。 在生物学历史上惟一可与达尔文进化论相比的最重大的发现，它与自然选择一起，统一了生物学的大概念，标志着分子遗传学的诞生。是科学史上的一个重要里程碑。当时年仅25岁的沃森则一鸣惊人，成为公众心中令人瞩目的科学英雄，为人类作出了巨大贡献。 1962年与莫里斯·威尔金斯、弗朗西斯·克里克三人获得诺贝尔生理学或医学奖。 1968年~2007年间，沃森任冷泉港实验室主任，带领冷泉港实验室成为世界上最好的实验室之一 2012年沃森被美国《时代周刊》杂志评选为美国历史上最具影响力的20大人物之一。 
妙事多,妙事多,北京妙事多食品有限公司为妙事商标持有人，是加工制作方便调味品的专业厂家，在独特的人文、自然、科技的环境中，它经过多年的历练，已成为方便调味品行业中脱颖而出的佼佼者。
三益,三益,三益有机网上商城是长沙市第一家实现有机蔬菜在线订购、在线支付、当日订购当日配送的有机商城，登录三益有机商城即可在线订购新鲜、健康、营养的有机蔬菜。网上商城中可以看到三益有机农场每种蔬菜的种植细节图片和种植日志，实时监控每个地块的工作情况，包括人工除草、施用有机肥和物理生物除虫等，此外还有食疗养生和创意厨房的相关知识。
SAMICK,撒米克,Samick吉他产品具有很高的性价比，产品包括民谣吉他、古典吉他、电吉他、尤格利利。
鲁儒,鲁儒,鲁儒是汉语词汇，拼音是lǔrú，解释为儒家学说的信奉者、儒派学者。
乐之邦,乐之邦,乐之邦，国内知名的电脑音频设备制造商，产品包含：USB声卡、PCI声卡、外置立体声解码器等。
SQ,SQ,SQ，网络用语，“色情”的拼音缩写。
Rainie,杨丞琳,杨丞琳（RainieYang），1984年6月4日出生于台湾省台北市，中国台湾女歌手、演员、导演、主持人，是一位多栖发展的艺人。2000年，杨丞琳加入组合“4InLove”而出道 ；11月，推出首张同名专辑《Fallinlove》进入音乐界。2002年末开始，杨丞琳因主持综艺节目《我猜我猜我猜猜猜》长达4年，为更多的人所认识。2001年4月，因参演偶像剧《流星花园》并凭借“小优”一角收到关注。2003年，4inlove因遇“台湾921大地震”而解散 。2005年9月，发行的个人首张音乐专辑《暧昧》在台湾地区的最终销量为17万。2006年3月，杨丞琳因主演偶像剧《恶魔在身边》而获得更多关注 。2007年，杨丞琳以电影《刺青》主题曲《小茉莉》入围第44届金马奖最佳原创电影歌曲 。2008年，推出第四张个人专辑《半熟宣言》。2010年，杨丞琳凭借偶像剧《海派甜心》获得第45届台湾电视金钟奖最佳女演员奖 。2011年，发行第六张个人专辑《仰望》，并首次以短发造型出演偶像剧《醉后决定爱上你》。2016年9月底，发行个人第十张概念专辑《年轮说》，首当MV导演 。2008年四川大地震，杨丞琳与蔡依林、罗志祥合捐100万元人民币 。2016年8月，与众多明星为同志争取婚姻平权 ；12月，杨丞琳推荐的“苦”字当选台湾年度代表字 。 
工藤,工藤,工藤是日本的一个姓氏。是日本的第66大姓氏，总人数在240000左右。罗马拼音：Kudou.工藤姓的起源：原为宪家南在木匠助金锡工藤的合成词，意为开始，全国分布。
BRUNO,bruno,BRuno是一个融合了全球领先电声技术与独立文化元素的音频品牌，它的全称为BlackRockUnitedNations’Objects，即黑岩联合国的作品。BRuno的设计源自于对事物的不满与偏执，这使其创造了DDC湃声、有源低失真、伺服共振、圆驱动单元、声表均衡与纤锋扬声等技术。
PRS,PRS,PRS，洛阳普瑞森精密轴承有限公司的注册商标。
松鹤,松鹤,松鹤是一个汉语词汇，意思是松与鹤，多比喻标格出众。也比作长久之意。
RICO,Rico,Rico是电影《马达加斯加》中令人捧腹的“企鹅四贱客”中最疯狂的企鹅。
李斯特,弗朗茨·李斯特,弗朗茨·李斯特（FranzLiszt，1811年10月22日—1886年7月31日），出生于匈牙利雷汀，匈牙利著名作曲家、钢琴家、指挥家，伟大的浪漫主义大师，是浪漫主义前期最杰出的代表人物之一。弗朗茨·李斯特生于匈牙利雷汀，六岁起学钢琴，先后是多位钢琴名家的弟子。十六岁定居巴黎。李斯特将钢琴的技巧发展到了无与伦比的程度，极大地丰富了钢琴的表现力，在钢琴上创造了管弦乐的效果，他还首创了背谱演奏法，他也因在钢琴及以上的巨大贡献而获得了“钢琴之王”的美称。
LISZT,Liszt,Liszt，是李云迪于2002年12月01日发布的专辑。李云迪这张唱片里有极高难度且严肃的奏鸣曲占了唱片的百分之六十另外约百分之四十是李斯特较罗漫帝克的作品虽比奏鸣曲轻松但绝不是没有难度的作品.李斯特的作品总有一定的难度.
NIKKO,nikko,NIKKO日高高级运动及旅游用品成立于1981年，以背囊、书包为主导产品，经过十多年的不断研究、改良、无论在用料、款式及设计方面，都力求完美，成为新一代的典范。
艾薇儿,艾薇儿·拉维尼,艾薇儿·拉维尼（AvrilLavigne），1984年9月27日出生于加拿大安大略，加拿大女歌手、词曲创作者、演员。2002年，艾薇儿发行首张专辑《LetGo》，以歌曲《Sk8erBoi》成名。2007年，艾薇儿演唱的歌曲《Girlfriend》成为当年的畅销歌曲之一，也使她获得MTV欧洲音乐颁奖礼最佳女歌手奖。2010年，她受邀担任温哥华冬奥会闭幕式嘉宾。2013年7月，艾薇儿·拉维尼与摇滚乐团Nickelback的主唱查德·克罗格在法国结婚；同年11月5日发行同名专辑《AvrilLavigne》 。2014年2月，艾薇儿在中国多地开展巡回演唱会 。
Avril,艾薇儿·拉维尼,艾薇儿·拉维尼（AvrilLavigne），1984年9月27日出生于加拿大安大略，加拿大女歌手、词曲创作者、演员。2002年，艾薇儿发行首张专辑《LetGo》，以歌曲《Sk8erBoi》成名。2007年，艾薇儿演唱的歌曲《Girlfriend》成为当年的畅销歌曲之一，也使她获得MTV欧洲音乐颁奖礼最佳女歌手奖。2010年，她受邀担任温哥华冬奥会闭幕式嘉宾。2013年7月，艾薇儿·拉维尼与摇滚乐团Nickelback的主唱查德·克罗格在法国结婚；同年11月5日发行同名专辑《AvrilLavigne》 。2014年2月，艾薇儿在中国多地开展巡回演唱会 。
德芙,德芙,德芙是世界最大宠物食品和休闲食品制造商美国跨国食品公司玛氏（Mars）公司在中国推出的系列产品，1989年进入中国。
牧歌,牧歌,牧歌原意牧人唱的歌谣。后经常用于在文学组品名或者人名。语出唐元结《五规·戏规》：“元子反倚于云丘之颠，戏牧儿曰：‘尔为牧歌，当不责尔暴。’” 
SPYKER,世爵,世爵作为历史超过百年的老厂，一直保持着品牌独特的风格。他们生产的跑车全部为手工打造，多项指标采用F1标准。作为知名的极品豪华运动汽车制造商，世爵制造的贵族运动汽车完全依据客户的需求量身定制。世爵的目标是运动汽车市场的最高端的用户，这些客户主要集中在美国、西欧、中东以及一些较小的富裕的国家，比如说瑞士和摩纳哥等等。2014年12月18日，世爵发布声明宣布破产 。2015年世爵首席执行官VictorMuller在一份声明中表示，世爵目前已经偿清债务，正在准备和电动飞机制造商VoltaVolare进行合并，将推出电动汽车产品。 
Takamine,takamine,takamine日本著名吉他品牌Takamine按照日文五十音的发音是：たかみね，读音类似塔卡米内中文意思是：高峰
打工皇帝,打工皇帝,《打工皇帝》是由徐克导演执导的香港喜剧片，由许冠杰、王祖贤、泰迪罗宾、徐克等主演。该电影主要讲述了三个好朋友和阿美与腐败的厂长一伙展开了斗智斗勇的故事。
泰勒,泰勒·斯威夫特,泰勒·斯威夫特（TaylorSwift），1989年12月13日出生于美国宾夕法尼亚州，美国流行音乐、乡村音乐创作型女歌手、音乐制作人、演员、慈善家。2006年发行首张录音室专辑《泰勒·斯威夫特》，获美国唱片业协会认证5倍白金唱片 。2008年发行第二张录音室专辑《Fearless》，在美国公告牌专辑榜上获11周冠军，是2009年全美最畅销专辑，认证7倍白金唱片 ，专辑获第52届格莱美奖年度专辑，使泰勒成为获此奖项的最年轻歌手， 也是获奖最多的乡村音乐专辑 。2010年发行第三张录音室专辑《SpeakNow》，单曲《Mean》获2座格莱美奖。同年获创作人名人堂哈尔·戴维星光奖 。2012年发行第四张录音室专辑《Red》 。2013年11月获第47届乡村音乐协会奖巅峰奖 。2014年发行第五张专辑《1989》 ，发行首周售出128万张为近12年最高纪录，使泰勒成为了美国历史上唯一一位拥有三张首周百万销量专辑的歌手，专辑也是2014年全美最畅销专辑 ，专辑获第58届格莱美奖年度专辑，使泰勒成为格莱美历史上第一位两次获得此奖项的女歌手；同年11月获第42届全美音乐奖迪克·克拉克成就奖 ；12月入围《时代》年度人物 。2015年4月获第50届乡村音乐学院奖50周年里程碑奖 ；5月，成为2015福布斯全球权势女性榜上榜最年轻女性 。2016年登顶《福布斯》全球百大名人榜榜首 。2017年发行第六张录音室专辑《reputation》，首周销量123.8万张，使她成为历史上唯一一位拥有四张首周百万销量专辑的歌手 。同年被《时代周刊》选为年度人物 。
音乐猫,音乐猫,音乐猫（广州音乐猫乐器科技有限公司） 于2012年创建 ，注册资金1200万元，总部位于广州市。 音乐猫致力于创造一种无需学习就能弹奏乐曲的高科技智能乐器，这种新型乐器颠覆了传统乐器的概念，让非专业人士也能享受弹奏乐器的乐趣，我们把这种乐器称为娱乐乐器。 
里歌,里歌,里歌，国籍：中国，籍贯：河北秦皇岛，生于1978年。
威伯,威伯,
金蝶,金蝶,金蝶是香港联交所主板上市公司（股票代码：00268），中国软件产业领导厂商，亚太地区管理软件龙头企业，全球领先的中间件软件、在线管理及全程电子商务服务商。金蝶帮助顾客成功，让中国管理模式在全球崛起为使命，为世界范围内超过400万家企业和政府组织成功提供了管理咨询和信息化服务。
伽利略,伽利略·伽利雷,伽利略（GalileoGalilei，1564-02-15-1642-01-08）。意大利数学家、物理学家、天文学家，科学革命的先驱 。伽利略发明了摆针和温度计，在科学上为人类作出过巨大贡献，是近代实验科学的奠基人之一。历史上他首先在科学实验的基础上融汇贯通了数学、物理学和天文学三门知识，扩大、加深并改变了人类对物质运动和宇宙的认识 。伽利略从实验中总结出自由落体定律、惯性定律和伽利略相对性原理等。从而推翻了亚里士多德物理学的许多臆断，奠定了经典力学的基础，反驳了托勒密的地心体系，有力地支持了哥白尼的日心学说 。他以系统的实验和观察推翻了纯属思辨传统的自然观，开创了以实验事实为根据并具有严密逻辑体系的近代科学。因此被誉为“近代力学之父”、“现代科学之父”。其工作为牛顿的理论体系的建立奠定了基础 。伽利略倡导数学与实验相结合的研究方法，这种研究方法是他在科学上取得伟大成就的源泉，也是他对近代科学的最重要贡献 。伽利略认为经验是知识的唯一源泉，主张用实验—数学方法研究自然规律，反对经院哲学的神秘思辨。深信自然之书是用数学语言写的，只有能归结为数量特征的形状、大小和速度才是物体的客观性质。他是利用望远镜观察天体取得大量成果的第一人。伽利略对17世纪的自然科学和世界观的发展起了重大作用 。从伽利略、牛顿开始的实验科学，是近代自然科学的开始 。
普拉托,普拉托,（Prato ），意大利中北部城市。位于托斯卡纳大区，亚平宁山脉西北麓，临比森齐奥河，东南距佛罗伦萨16公里。人口18万（2006年）。重要的毛纺织中心，还有水泥、纺织机械与化学等工业。本地华人移民众多的原因是，普拉托属于意大利重要的纺织基地之一，纺织业的发达促成了，上世纪80年代新华人移民到来，特别是以开立个体成衣工厂居多的华人的聚集。
风雅陶笛,风雅陶笛,风雅陶笛创建于2004年，是一家专业设计、生产、销售为一体的陶艺、陶笛生产厂家。
朗韵,朗韵,朗韵是汉语词语，读音为lǎngyùn，意思是高雅的气质。
音王,音王,“音王”，字面意思是通指音响器材的效果登峰造极。这是宁波音王集团专属的著名商标，该集团成立于1988年8月，是专业从事音响设备和相关演艺器材研发、生产、销售以及国际商贸服务于一体的、拥有自营进出口权的大型企业集团。
SAMSON,参孙,参孙：是玛挪亚的儿子，士师记中的一位犹太士师，生于公元前11世纪的以色列，是一个拥有天生神力的犹太战士。参孙以藉著上帝所赐极大的力气，徒手击杀雄狮并只身与以色列的外敌非利士人争战周旋而著名。
DHS,DHS,DHS具有多种解释。具体有：DynamicHipScrew（动力髋螺钉）；DepartmentofHomelandSecurity（美国国土安全部）；DoubleHappinessSports（红双喜）；dynamicheadspace（动态顶空分析法）；阿联酋的货币DIRHAM的简写等多种意思。
Eastman,Eastman,Eastman，英文单词，还有同名店。
奥利斯,奥利斯,奥利斯是一个著名的国外足球运动员，曾多次代表其效力队伍出征足球赛事。
朱雀,朱雀,【朱雀】“经言星鸟者，鸟谓朱雀，南方之宿。”朱雀作为传说中的神鸟，总是充满了神秘的浪漫主义色彩，全新的变形机甲T1“朱雀”，以之为名，赋予它烈焰般的强势气场和绝佳的性能。红色为主打，细节处缀有神鸟的图腾，彰显着低调的华丽。尾翼上的英语“PHOENIX”（意为不死鸟）和罗马拼音“SUZAKU”（意为朱雀），十分霸气。青色火焰，瑰丽绚烂，六个喷口，起步段位小喷动力十足。车尾设计十分灵活，侧翼可以上下翻转，减少阻力，尾翼可整体上开，喷口的全部结构一览无遗，从内而外，强势到底。
TYCOON,tycoon,tycoon（泰坤）是世界著名的打击乐器品牌，制造于美国。美国Tycoon（泰坤）打击乐是闻名世界的专业手打乐器制造公司，同时具有行业领导地位。是世界上唯一的在自己独立工厂里制造全系列手打乐器的公司。
T9,T9次,T9次列车是从北京西站开往重庆北的特快列车，属成都铁路局管辖，列车全程2078公里，于当日15:12发车，次日15:40到达终点站，列车运行总时长24小时28分，途径北京、河北、河南、湖北、四川、重庆，中途停靠石家庄、邢台、邯郸、安阳、新乡、郑州、襄阳、十堰、安康、万源、达州、渠县12个站。
美利达,美利达,美利达自行车（中国）有限公司，系台湾自行车业界中第一家股票上市公司－－“美利达工业股份有限公司”在中国大陆独资的子公司，公司始建于1990年，总投资额1228万美元，占地面积11万平方米，拥有一流的自行车生产线，采取比JIS、CPSC、BS更严格的质量标准生产，年产量可达180万台，所生产的高品质系列山地车、公路车、仿山地车、跑车等行销全球30多个国家和地区，以及国内各主要城市，并已形成高效率的营销系统。于全国各主要城市设立的销售分公司均由美利达自行车（中国）有限公司100%投资设立，并于2000年9月成立内销总部，统筹国内自行车销售业务与分公司管理；期能经由产销分离与充分合作体系，深入了解市场与消费者需求，完善产品结构与销售体系管理，为客户与终端消费者提供最优质的服务。
RD,rd,RD即RetinalDetachment的缩写，在医生为病人写病历时多用的简称，即视网膜脱离。
安可,安可,“安可”是“Encore”的音译，名词的意思是要求再唱。
活石,活石,活石，原名石勇，出生于湖南省溆浦县，经过商，当过职员，做过传媒，现供职黄石日报传媒集团。系湖北省、武汉和黄石市作家协会会员。他1989年开始创作诗歌，1992年开始创作小说，1993年第一篇中篇处女作《山的座标》问世后便一发不可收拾，随后在《芳草》、《上海小说》、《小说界》、《百花洲》、《文学界》、《天津文学》等杂志发表中短篇小说，出版过小说集《为王为冦》等
mes,MES,MES系统是一套面向制造企业车间执行层的生产信息化管理系统。MES可以为企业提供包括制造数据管理、计划排程管理、生产调度管理、库存管理、质量管理、人力资源管理、工作中心/设备管理、工具工装管理、采购管理、成本管理、项目看板管理、生产过程控制、底层数据集成分析、上层数据集成分解等管理模块，为企业打造一个扎实、可靠、全面、可行的制造协同管理平台。
阿尔罕布拉,阿尔罕布拉,《阿尔罕布拉》（Alhambra）的前身可以追溯到1992年曾经推出过的Stmmtso，作为一款经典的建筑游戏Alhambra（阿尔罕布拉）增加了一系列可堆放的卡牌。
Alhambra,Alhambra,Alhambra的中文名称为：摩尔王朝的建筑师—阿尔罕布拉宫，2003年德国年度游戏奖得主，同时也是著名游戏公司QUEENGAMES的代表作。如果卡坦岛当老大，卡卡颂当老二，那么阿尔罕布拉在德式通俗游戏的排行就是老三。
常敦明,常敦明,常敦明，高级工艺美术师。1936年11月出生，江苏扬中人。中共党员。现任扬中市长鸣乐器厂技术顾问。是中国音协民族管乐研究会会员，上海音乐协会会员，江苏省文艺家协会会员等。
VOX,VOX,1945年由匈牙利人门德尔松(GeorgeMendelssohn)创立于美国纽约，以录制古典音乐为主。George宣称他是著名作曲家门德尔松的第四代子孙，他曾在布达佩斯音乐学院学过音乐，在创办VOX之前曾任唱片推销员。该公司曾先后为指挥家OttoKlemperer、钢琴家AlfredBrendel录制过唱片。
仙声,仙声,《仙声》是连载于起点中文网的小说，作者是笨笨小阿呆。
JBL,JBL,JBL是全球最大的专业扬声器生产商，从原材料开发、喇叭单元的设计和生产、音箱的设计和生产一切都能全盘控制在自己的手中。JBL音箱的服务范围非常广泛，在专业领域上包括了电影院、大型音响工程、大型流动演出、录音室监听、乐队用的音响，以至娱乐场所如迪士科、歌舞厅、卡拉OK、酒吧等民用方面，从最高级的发烧音响，以至目前最流行的家庭影院组合，到处都可以看到JBL的身影。
弗洛拉,弗洛拉,弗洛拉是爱沙尼亚足球甲级联赛足球俱乐部。
FLORA,flora,flora是韩国服装品牌中具有欧美街头风范的大牌时装。它以T恤，上衣和牛仔裤为主，浓烈的色彩大胆撞色，充满了诱惑，时尚、个性与自我。
ProHands,prohands,prohands是针对高强度练习而设计的先进握力器。它与普通握力器的明显区别在于，它并不像以往的握力器结构那么简单，而它的独立是关节设计，能独立锻炼每个手指得单独握力，比普通握力器锻炼内容更加广泛，实用性更加高。
KAKA,里卡多·伊泽克森·多斯·桑托斯·雷特,里卡多·伊泽克森·多斯·桑托斯·雷特（RicardoIzecsonDosSantosLeite），1982年4月22日出生于巴西巴西利亚，巴西著名足球运动员，前巴西国家队的核心人物，司职进攻性中场（前腰），绰号“卡卡”（Kaká）。 卡卡的脚法细腻，身体素质出众，技术全面。2001年，卡卡效力于巴西圣保罗俱乐部，出场27次，进球12个。2006年德国世界杯，卡卡入选巴西国家队，帮助球队进入八强。2007年，卡卡成为了世界足球先生。2009年，从AC米兰转会至皇家马德里。2013年，从皇家马德里又转回至AC米兰；2014年，AC米兰宣布，卡卡自由解约至奥兰多城，后被租借至巴西圣保罗队半年。2017年12月17日，卡卡正式宣布退役。 
蓝摇,蓝摇,是美国黑人的一种较慢节奏的音乐风格，又称“布鲁斯(blues)风格、蓝调风格”。顾名思义，“蓝摇”，是带有一点“忧伤、滞重”感觉的、节奏明显的音乐风格，“切分音”的特点表现的较多。
Famosa,famosa,Famosa为西班牙国内五大玩具商之首，成立于1957年，最初是制作玩偶的厂家，后来逐渐发展扩大了玩具品种，到今天已拥有20多个不同的系列玩具，能满足世界各地30多个不同国家消费者的需求。其玩具产品50%出口，销售区域包括：英国、法国、意大利、葡萄牙、希腊、斯堪地那维亚、荷兰，以及销售额正在增长的东欧地区。
威客,威客,威客的英文Witkey是由wit智慧、key钥匙两个单词组成，也是Thekeyofwisdom的缩写，是指那些通过互联网把自己的智慧、知识、能力、经验转换成实际收益的人，他们在互联网上通过解决科学，技术，工作，生活，学习中的问题从而让知识、智慧、经验、技能体现经济价值。
witkey,威客,威客的英文Witkey是由wit智慧、key钥匙两个单词组成，也是Thekeyofwisdom的缩写，是指那些通过互联网把自己的智慧、知识、能力、经验转换成实际收益的人，他们在互联网上通过解决科学，技术，工作，生活，学习中的问题从而让知识、智慧、经验、技能体现经济价值。
ION,ion,自从2006年AMD收购ATI并推出690G芯片组之后，NVIDIA在芯片组市场中的份额便开始节节败退，nForce7系列芯片组的尽显颓势，使得一度传言NVIDIA将退出主板芯片组市场，当时NVIDIA还对类似的传闻进行了否认。
斯高,斯高,斯高是一个汉语词语，拼音是sīgāo，意思是秦代大臣李斯与赵高的并称。
cikoo,CIKOO,CIKOO ，深圳斯高玩具有限公司旗下玩具品牌，成立于2012年
抱抱熊,抱抱熊,抱抱熊是晋江嘉年华婴儿用品有限公司于1995年独立创建的品牌，抱抱熊婴儿用品以其专业化、人性化的态度主要生产研发抱婴腰凳、婴儿背带、学步带、防走失带、妈咪包、哺乳巾、披风等系列产品。 
MARTINEZ,MARTINEZ,MARTINEZ（马第尼斯）生于墨西哥市，在巴黎习画，在三大洲担任艺术指导及插画家。他曾为迪斯尼及其它大出版社绘制插画，并为享誉国际的经典文学礼物书作插画，包括《彼得潘》《小木偶》和《对话颂歌》。
韵,韵,韵是形声字，音为形，匀为声。旧多写作均。韵的本意指和谐的声音，也指风度、气质、情趣。韵也指一个音节中声母、介音以外的部分，如ang、iang、uang是三个韵母，但同是ang韵。在古代，声调不同，又分别属于不同的韵。现代韵又指韵母。韵的本意是舒服。比如韵律，感觉舒服的声音。笔韵，感觉舒服的字形。感觉舒服的字画，称作神韵。如此等等。韵是一种境界，进一步称作道。
pdp,PDP,PDP(PlasmaDisplayPanel，等离子显示板，台湾地区称为电浆显示)是一种利用气体放电的显示技术，其工作原理与日光灯很相似。它采用等离子管作为发光元件，屏幕上每一个等离子管对应一个像素，屏幕以玻璃作为基板，基板间隔一定距离，四周经气密性封接形成一个个放电空间。放电空间内充入氖、氙等混合惰性气体作为工作媒质。在两块玻璃基板的内侧面上涂有金属氧化物导电薄膜作激励电极。当向电极上加入电压，放电空间内混合气体便发生等离子体放电现象。气体等离子体放电产生紫外线，紫外线激发荧光屏，荧光屏发射出可见光，显现出图像。
门德尔松,雅科布·路德维希·费利克斯·门德尔松·巴托尔迪,雅科布·路德维希·费利克斯·门德尔松·巴托尔迪（JakobLudwigFelixMendelssohnBartholdy，1809年2月3日—1847年11月4日），德国犹太裔作曲家、德国浪漫乐派最具代表性的人物之一，被誉为浪漫主义杰出的“抒情风景画大师”，作品以精美、优雅、华丽著称。
calloway,Calloway,Calloway是一个兄弟组合，成员ReggieCalloway和VincentCalloway出生于俄亥俄州辛辛那提市，这个组合脱胎于80's放克红团MidnightStar。谈到这个组合，不得不说说其灵魂人物ReggieCalloway，其父亲是一名小号演奏家，叔叔是键盘手，姑姑是歌剧表演家。得益于这样的家庭环境的熏陶，很小的时候ReggieCalloway就一边玩着祖母的钢琴一边进行创作。
科林,科林,科林是位于捷克中部的城市。属中捷克州。在拉贝河畔。有机械制造、化工、印刷和食品工业等。
Clifton,Clifton,TheClifton拥有极好的地理位置，位于Prahran的中心地段，提供最好的墨尔本生活。TheClifton是一个令人兴奋的新开发，
特宝儿,特宝儿,
Patrick,Patrick,由日本漫画家内藤泰弘航著作的日本漫画《血界战线》及其作品中的人物。Patrick中文翻译:帕特里克一位菜鸟白帽黑客目前就读于中国某高校
荟萃,荟萃,荟萃是一个汉语词汇，读音为huìcuì，本指草木丛生的样子，后喻优秀的人物或精美的东西会集、聚集，名碑荟萃。
尼乐,尼乐,
Orange,Orange Caramel,OrangeCaramel（橙子焦糖）是由PledisEntertainment于2010年6月18日推出的女子流行演唱团体，是韩国女子组合AfterSchool的首个小分队。由队长吴艺琳（Raina）以及成员林珍娜（Nana）、朴秀英（Lizzy）三人组成。 2010年，橙子焦糖发行首张专辑《魔法少女》正式出道。组合的风格上与AfterSchool的性感强势不同，OrangeCaramel以粉嫩可爱的路线为主。 
S.yairi,s.yairi,
比乐,比乐,比乐（BILE）是福贝宠物旗下的宠物食品品牌之一。上市至今，比乐（BILE）以其“吸收好，更健康”的好口碑受到了广大消费者的喜爱。
玄鹤,灰鹤,灰鹤（学名：Grusgrus）是大型涉禽，体长100-120厘米。颈、脚均甚长，全身羽毛大都灰色，头顶裸出皮肤鲜红色，眼后至颈侧有一灰白色纵带，脚黑色。栖息于开阔平原、草地、沼泽、河滩、旷野、湖泊以及农田地带；其中尤为喜欢以富有水边植物的开阔湖泊和沼泽地带。主要以植物叶、茎、嫩芽、块茎、草子、玉米、谷粒、马铃薯、白菜、软体动物、昆虫、蛙、蜥蜴、鱼类等食物为食。春季于3月中下旬开始往繁殖地迁徙，秋季于9月末10月初迁往越冬地。迁徙时常为数个家族群组成的小群迁飞，有时也成40-50只的大群，繁殖期4-7月。每窝通常产卵2枚，雌雄轮流孵卵，孵化期28-30天。在世界范围内，繁殖在欧亚大陆北部；其越冬地在法国，阿拉伯半岛，非洲西北部和东北部，中东，巴基斯坦，印度以及中国的东部和南部，偶见于朝鲜半岛，日本和北美西部。越冬在非洲北部、伊朗、印度、缅甸和中南半岛北部。
MONO,mono,Mono是一个由Xamarin公司（先前是Novell，最早为Ximian）所主持的自由开放源代码项目。 该项目的目标是创建一系列匹配ECMA标准（Ecma-334和Ecma-335）的.NET工具，包括C#编译器和通用语言架构。 与微软的.NETFramework（共通语言运行平台）不同，Mono项目不仅可以运行于Windows系统上，还可以运行于Linux，FreeBSD，Unix，OSX和Solaris，甚至一些游戏平台，例如：Playstation3，Wii或XBox360。 
ENYA,恩雅,恩雅，本名EithnePatriciaNíBhraonáin，1961年出生于爱尔兰共和国多内加尔郡圭多尔镇的一个音乐世家，爱尔兰女歌手。1986年，恩雅凭借为电影《青蛙王子》写配乐，正式进军音乐界。1988年，恩雅发行首张个人专辑《Watermark》。2001年，代表作《MayItBe》获得了奥斯卡“最佳原创歌曲”、金球奖”最佳原创歌曲“、格莱美奖”最佳电影歌曲“提名等多项荣誉。2007年，恩雅因为她对音乐的贡献而获得北爱尔兰大学、爱尔兰国立大学授予的两座"荣誉博士学位"奖。2009年11月，恩雅的二十年精选《TheVeryBestOfEnya》（世纪典藏）专辑在全球发行。截至2010年，恩雅的唱片销量已逾9000万（世界女歌手排名前十）。
SOLO,solo,SOLO在竞技游戏中的含义，常用来指单挑。如魔兽争霸建造模式就是典型的SOLO，还比如真三中的中法，DOTA中的1v1单中，也是SOLO的一种。
Angel,立华奏,立华奏，日本动画《AngelBeats!》及衍生作品中女主角之一。在死后世界的学校中担任着学生会会长。被“死后世界战线”的人称为“天使”，不过自己否认这一说法。很少有表情变化，同时也非常寡言，所以很难得知她在想什么。喜欢吃麻婆豆腐（在食堂里因为其恐怖的辣味而无人问津）。前世接受了音无结弦的恩惠，但还未对结弦表达感谢，所以落入死后世界后，只为与恩人说一声谢谢。
魔鲨,魔鲨,“魔鲨(muza)”系列电子鼓、电子鼓音箱、数字效果器等30多个品种。是世界乐器百强企业美得理的下属
ELEVEN,eleven,eleven，女，汉族人，小名苏苏、藻藻，是一名模特。
银鱼,银鱼,银鱼科(Salangidae)银鱼属(Salanx)多种半透明鱼类的统称。见于东亚咸水和淡水中，在中国被誉为美味。体细长，似鲑，无鳞或具细鳞，很少长于15公分(6英寸)。口大，牙大而尖利。掠食鱼。
阿尔达米拉,阿尔达米拉,阿尔达米拉位于西班牙北部桑坦德省的Altamira洞窟中，完整地保有着公元前3万至2万年间欧洲旧石器时代晚期的古老岩画，它被认为是史前原绘画的代表和最早的艺术品。1985年Altamira被列入世界遗产名录。
新歌,新歌,新歌是中国台湾歌手唐禹哲发行于2009年的专辑《D新引力》中的一首言情类的歌曲。《D新引力》是唐禹哲的个人第二张音乐专辑，《D新引力》，并在“2009摩登上海精彩在沃年度大赏”中获得潮流先锋奖。
new song,New Song,《NewSong》是一首歌，由陈慧琳演唱，收录于专辑《随身听》。
永恒,不死法医,《不死法医》是由美国ABC出品的悬疑犯罪片，由布拉德·安德森执导，艾恩·格拉法德、阿兰娜·德拉·伽兹等主演。《不死法医》讲述了纽约城最优秀的法医病理学专家Henry在纽约警署女侦探JoMartinez的帮助下，破解一个个案件，并讲述他漫长的、充满传奇色彩的人生故事。该剧于2014年9月22日在美国ABC电视台首播 。
美嘉,美嘉,
kaspar,Kaspar,
KRK,KRK,KRK：一种音响品牌，由keithr.klawitter先生于1986年在美国创建。
YUMING,Yuming,《Yuming》是平井坚的音乐作品，收录在《仆の心をつくってよ》专辑中。
七星埙,七星埙,七星埙是成都永田陶埙文化传播有限公司旗下主营的一个乐器埙品牌，成都永田陶埙文化传播有限公司坐落于“西部客家第一镇洛带古镇”，创建于2006年。是一家以陶埙文化传播为主导，集设计、开发、生产、销售于一体的陶埙公司。经过多年潜心经营，申请了多样专利技术。其自主研发的产品在传统陶埙只能演奏慢速、深沉凄凉的曲目上有极大的突破，使陶埙也能演奏活泼清新的音符，在传统音色制作上更是研发出高低音音色统一兼音色纯净的陶埙，经过上千次的实验获得了陶埙烧制的最佳温度，使得产品的吸水性与硬度恰到好处。
孔雀河,孔雀河,孔雀河亦称饮马河，传说东汉班超曾饮马于此，故称。孔雀河位于新疆巴音郭楞蒙古自治州库尔勒市，是罕见的无支流水系，其唯一源头来自博斯腾湖，从湖的西部溢出，流经库尔勒市、尉犁县，注入罗布泊，后因农业发展，在流经大西海子水库之后便季节性断流。孔雀河是库尔勒市最美的风景，是新疆巴州库尔勒市的“母亲河”。 
Gabriel,涤罪天使,《涤罪天使》是一部由ShaneAbbess、MattHyltonTodd导演，AndyWhitfield、DwaineStevensonSamanthaNoble等主演的电影。该片讲述了在中立世界中，7位身为光明守护者的亚克天使的故事。
Tycoon,tycoon,tycoon（泰坤）是世界著名的打击乐器品牌，制造于美国。美国Tycoon（泰坤）打击乐是闻名世界的专业手打乐器制造公司，同时具有行业领导地位。是世界上唯一的在自己独立工厂里制造全系列手打乐器的公司。
秦翔,秦翔,技术职称：北京大学第一医院副主任医师专业特长，擅长普通外科、胸外科、血管外科、骨科、泌尿外科、脑外科、整形外科、妇产科、小儿外科、五官科、及介入和腔镜等手术的麻醉与镇痛，尤其是高龄、高危、疑难、复杂、急症手术的麻醉处理、重症监护和急救复苏。
施温格,施温格,朱利安·施温格（JulianSchwinger，1918年2月18日－1994年7月16日），犹太裔美国理论物理学家，量子电动力学的创始人之一。1965年与费曼、朝永振一郎共获诺贝尔物理学奖。
凯恩,哈里·凯恩,哈里·凯恩（HarryKane），1993年7月28日出生于英国伦敦，英格兰足球运动员，司职前锋，效力于英超托特纳姆热刺足球俱乐部。凯恩在2004年进入热刺青训营。2009-10赛季，凯恩升入热刺一线队。从2010-11赛季开始，凯恩被热刺反复出租，先后效力于莱顿东方、米尔沃尔、诺维奇城与莱斯特城。2013-14赛季，凯恩开始稳定在热刺的阵容中。2015年4月27日，凯恩当选为2014-15赛季PFA英超年度最佳年轻球员 。2015-16赛季，凯恩共攻入25粒进球，打破热刺球员单赛季进球记录的同时获得英超金靴奖，成为21世纪以来首位英格兰本土金靴得主 。2016-17赛季，凯恩在30场联赛中打进29球，卫冕英超金靴。2017年12月26日，凯恩在英超热刺对阵南安普顿的比赛中上演帽子戏法，超越阿兰·希勒成为英超年度进球最多球员的同时也成为2017年度五大联赛进球最多球员 。2018年1月14日，凯恩成为热刺队史英超射手王 。2015年3月19日，凯恩首次入选英格兰国家队 。
AUV,AUV,无缆水下机器人的英文缩写。水下工程设备，水下机器人的一种。习惯称为自主式水下潜器(AutonomousUnderwaterVehicle，简称AUV)。水下机器人主要分为两大类：一类是有缆水下机器人，习惯称为遥控潜器(RemoteOperatedVehicle，简称ROV)；另一类是无缆水下机器人，习惯称为自主式水下潜器(AutonomousUnderwaterVehicle，简称AUV)。自主式水下机器人是新一代水下机器人，具有活动范围大、机动性好、安全、智能化等优点，成为完成各种水下任务的重要工具。例如，在民用领域，可用于铺设管线、海底考察、数据收集、钻井支援、海底施工，水下设备维护与维修等；在军用领域则可用于侦察、布雷、扫雷、援潜和救生等。由于无缆水下机器人具有活动范围不受电缆限制，隐蔽性好等优点，所以从60年代中期起，工业界和军方开始对无缆水下机器人发生兴趣。
吉普森,吉普生,吉普生（Gibson）是世界十大经典鸡尾酒之一，该酒是一款简单而又美味的鸡尾酒。口味比DryMartini更为辛辣，初涉鸡尾酒的女生还是少碰为妙。至于男生，别错过装酷的机会。 
Windsong,Windsong,Windsong是歌手约翰丹佛的一首单曲
法兰山德,法兰山德,德国制造工艺最为世人所尊崇，在乐器这个行业中，德国制的产品更是受到全世界爱乐者人的一致赞赏。自2003年期，德国FranzSandner法兰山德、AugustForster奥古斯特、Winter威特、Teller泰勒…等德国著名品牌，在法兰山德集团公司的牵引下，携手进入了中国市场，为广大中国爱乐者献上他们最顶级的乐器，提供您完美的音色。
红魔,曼彻斯特联足球俱乐部,曼彻斯特联足球俱乐部位于英国英格兰西北区曼彻斯特郡曼彻斯特市，英文名ManchesterUnitedFootballClub，简称ManUtd或MUFC，中文简称曼联，其前身“牛顿·希斯”于1878年由兰开夏郡和约克郡铁路公司的工人在牛顿希斯工地上成立。1902年球队改组并改名曼联，现为英格兰足球超级联赛俱乐部，曼联的球队主场为“梦剧场”老特拉福德球场，1910年启用至今。曼联是英格兰足球史上最为成功的俱乐部之一，也是欧洲乃至世界最具有影响力最成功的球队之一，共获得20次英格兰顶级联赛冠军，12次英格兰足总杯冠军，5次英格兰联赛杯冠军。在欧洲赛场上，曼联共获得3次欧洲冠军联赛冠军，1次欧洲足联欧洲联赛冠军，1次欧洲优胜者杯和1次欧洲超级杯冠军，与尤文图斯、拜仁慕尼黑、阿贾克斯、切尔西并列为欧洲大满贯球队。在世界赛场上，曼联共获得1次丰田杯冠军，1次国际足联俱乐部世界杯冠军。2016年5月27日，曼联官方宣布葡萄牙主教练何塞·穆里尼奥将入主老特拉福德，他将成为弗格森爵士退休后曼联所任命的第三任主教练。 
和莱,和莱,HOHNER是世界第一口琴大厂﹐由马提亚·和莱先生一手创建的HOHNER乐器公司制造。HOHNER就好像是口琴的母体﹐孕育着他成长茁壮。
我为歌狂,我为歌狂,《我为歌狂》是由安徽卫视联合湖南好样文化传媒有限公司共同打造制作的音乐对战节目，由田震、余声担当主持。每期节目由歌手组队PK，两队歌手以年代经典音乐为基础，进行歌曲改编PK，由观众投票选择胜出者，场内场外频与观众互动。《我为歌狂》包括：《我为歌狂第一季》和《我为歌狂第二季》。《我为歌狂第一季》已于2013年5月2日起在安徽卫视每周四晚21:10播出。2013年7月18日《我为歌狂》第一季上演总决赛，最终冠军战队为由郁可唯、罗中旭、伍思凯、纪敏佳组成的蓝队。《我为歌狂第二季》已于2014年5月17日起每周六晚22:30播出。最终摇滚战队获得冠军。 
劳森,劳森,人物名，著名人物为劳动模范，广东南海人。1938年进东莞同胜陶窑当工人。建国后，在广东花县、石湾等地陶瓷厂当工人。后任石湾建筑陶瓷厂技师、副厂长。1958年加入中国共产党。是第五届全国人大代表。另有同名运动员。
lawson,lawson,日本罗森株式会社成立于1975年4月，通过20多年的艰苦创业，目前在日本全国已拥有近8000家的优良店铺，成为唯一店铺覆盖全日本的便利连锁企业。2000年7月，在东京和大阪证券交易所同时上市成功，公司以优良的经营业绩赢得了广大股民的信赖和支持。
舒尔茨,霍华德·舒尔茨,舒尔茨是星巴克的董事长、CEO。1982年，他成为星巴克的市场部和零售部经理。1986年，他离开星巴克开设了自己的第一家咖啡店。1987年，他召集一批投资者买下星巴克公司。1992年，星巴克在美国上市。
BAOLI,印度阶梯井,印度阶梯井（英语：Stepwells；印度语bawdi、baoli）是古代印度文明的一个标志性建筑物，提供了蓄水，纳凉等多种用途，阶梯井的设计目的是蓄水的同时，可以让民众比较容易的接近水源，通常阶梯井底部也会有闸门用以提升水位，在需要用水的季节将水位升至3-4层的位置。这种阶梯井一般都在地底下直通一座蓄水深池，而且人们全年都可以取得地下水。它的阶梯式结构是古印度人最高明的发明，体现了干旱地区人们的日常生活及宗教需求，同时展现了古印度石匠的高超技术。
华尔斯顿,华尔斯顿,华尔斯顿（StefanWahlsten），足球运动员现效力球队是英特杜古，在场上的位置是守门
鸣声,鸣声,鸣声（míngshēng），出自《四子讲德论》，意思是呼声；叫声。
梦响,梦响,《梦响》是2012年中国人民大学出版社出版的图书，作者是中国好声音栏目组。
MOZA,MOZA,
Dadarwood,dadarwood,DadarWood达达沃是一个乐器类品牌 。
Qmi,QMI,QMI是指直接安装在工艺流程中，对物料的组成成分或物性参数进行自动连续分析的一类仪表。
滇南古韵,滇南古韵,滇南古韵为昆明祖源商贸有限公司成立于2009年注册品牌商标。专业生产葫芦丝、巴乌。秉承以质量求生存，以音质赢市场，以创新求发展的理念，重视产品质量，追求优质服务，在不断自我完善中追求为更多的消费者提供优质、音准的葫芦丝，用特有的理念诠释民族文化。由于产品质量过硬，深得各界人士的大力支持，各项业务蒸蒸日上，销售量不断上升，品种日趋增多，满足了各种层次消费者的需要。现已成为云南较具生产实力及具有综合维修能力的专业葫芦丝厂。
宾德,宾德,宾德是一名后卫，现在效力于雷根斯堡足球俱乐部。巴黎圣日耳曼
BINder,BINDER,BINDER致力于为都市男性打造一系列商务休闲皮具，无论大学生、白领，还是主管都必须的上品皮具。融汇商务皮具与休闲包理念，打破了目前以正装皮具为主的局面；并以互联网直销依托“大牌品质、低廉价格和完美售后”拉近受众群的距离。当下都市男性在严谨的工作和快节奏的生活氛围中，更加注重休闲、舒适、随意的生活品味。
Eplay,Eplay,Eplay ，上海玩易文化传播有限公司 旗下乐器品牌，于2013年 正式创立。
永田,永田,永田，虚拟人物，电影《超级战舰》（2012）中的角色。
LARK,lark,《Lark》是BLU-SWING的音乐作品，收录在《Flash》专辑中。
笛音,笛音,《笛音》是席地而坐写的网络小说连载于云中书城。
金韵,金韵,金韵，女，1973年12月18日生，是一名艺术体操教练，1985-1989年进入浙江省艺术体操队/个人项目运动员，1989-1992浙江省艺术体操队/集体项目运动员，1992年退役，1996年开始从事教练员工作，带训浙江省艺术体操队个人项目。
Jy,戴士,戴士（JY），ID有ESLLoVeJY、Lovejy、Azreal、狗王、小FOV、JY是冷门、我不卖Q币等。ESL亚洲SC2项目负责人，担任Go4sc2Go4wowGo4lol联赛解说；前WAR3职业选手，曾制作WAR3、SC2、LOL系列新手教学视频。与诅咒解说一起制作了“从零双排”系列。IEM8特邀解说之一。2016年4月，加盟熊猫TV直播平台成为签约主播 。
名美,名美,浙江春光名美家具制造有限公司始创于1985年，公司前身为杭州春光家私厂，1996年由“杭州春光家私有限公司”“杭州名美家具有限公司”以及公司总部“(香港)名美家具有限公司”三方共同组建而成。公司坐落于美丽的西子湖畔、状观的钱塘江边，萧山经济技术开发区内，占地面积为80亩，公司经过二十余载的发展，已成为浙江乃至全国最大的家具生产制造商。
nord,诺德外汇,诺德外汇（NordFX）交易中心是NordFX金融投资集团于2008年取得全球外汇经营许可证后创创立的外汇交易子品牌。公司已陆续在全球140多个国家提供超过15种语言的外汇金融投资服务。2008年11月在中国成立了代表处，公司主要为中国、日本、韩国、新加坡、泰国、马来西亚以及印度尼西亚等东南国家提供各种金融投资咨询服务。公司致力于为客户提供诚信安全的交易平台和专业一流的客户服务。
威柏尔,威柏尔,威柏尔，源于FRANCE的高端乐器品牌，始创于1987年，隶属于威柏尔乐器(北京)有限公司。威柏尔是集管乐器研发、制造、营销为一体的综合性企业。 
TB,太字节,太字节（Terabyte），计算机存储容量单位，也常用TB来表示。1TB=1024GB==2^40字节。
百诺,百诺,百诺公司创建于1996年，早期与日本合作，后通过自身技术创新与努力，逐渐在国内外抑尘设备行业赢得一席之地。
Astraea,艾斯特莱雅,艾斯翠亚：Astraia（意即“星女”）（罗马又称Astraea），正义女神、星空女神、纯洁女神。其形象是一个生有羽翼，手持火炬，散发璀璨光芒的少女。她在黄金时代与人类居住在一起，原本被派到人间来掌管及审判是非善恶，后来因为看尽人间的丑陋，回到了天庭，化作室女星座，也有说是宙斯命她回到星辰之上。因此艾斯翠亚又叫“维耳戈”，即“处女”之意，是处女座的女神。
JUPITER,木星,木星（Jupiter），是太阳系八大行星中体积最大、自转最快的行星，从内向外的第五颗行星。它的质量为太阳的千分之一，是太阳系中其它七大行星质量总和的2.5倍。木星与土星、天王星、海王星皆属气体行星，因此四者又合称类木行星（木星和土星合称巨行星）。木星是一个气态巨行星，主要由氢组成，其次为氦，占总质量的25%，占所有太阳系行星的70%岩核则含有其他较重的元素。气态行星没有实体表面，它们的气态物质密度随深度的变大而不断加大。人类所看到的通常是大气中云层的顶端，压强比1个大气压略高。木星由于自转快速而呈现扁球体（赤道附近有略微但明显可见的凸起）。外大气层明确依纬度分为多个带域，各带域相接的边际容易出现乱流和风暴。最显著的例子是大红斑，最早在17世纪时人们便以望远镜首度发现它的存在。环绕着行星的是松弱的行星环系统和强大的磁层。木星至少有69个卫星。2017年，天文学家发现了2颗新的木星卫星，使得这颗气态巨行星的已知卫星数量增加到69个。科学家在观测更遥远的柯伊伯带天体时拍摄到了它们。新增的两颗卫星被命名为“S/2016J1”和“S/2017J1”，分别距木星2100万公里和2400万公里。2018年2月，美国航空航天局（NASA）公布了由“朱诺”号卫星拍摄到的一组木星南极的图像，醒目的蓝色漩涡以华丽的图案扭曲变幻，创造了令人惊叹的奇观。 
大宝小贝,大宝小贝,《大宝小贝》是维安少所著起点中文网连载的都市言情小说。
PAISTE,paiste,瑞士PAISTE（派斯特）欧洲镲片生产商，历史悠久，可以与知音和SABIAN媲美的镲片，高端镲片音色前卫，PAISTE产地有两个，一般中低端镲片在德国生产，高端手工镲片在瑞士生产。PAISTE可以将CuSn8Bronze（B8青铜）做得最好，发挥得淋漓尽致，技术独一无二。活结鼓手JoeyJordison用的就是PAISTE的RUDE系列。
FIONA,Fiona,Fiona（菲欧娜）理想主义者，高智商，适合作家、音乐家和艺术家的工作。富有表达力，温柔，但性格多变。喜欢神秘的事物。Fiona最初是苏格兰作家威廉·夏普的笔名。他曾经撰写一系列取自克尔特民间故事题材的小说。他的笔名选用的很恰当。因为爱尔兰的许多名字都带有『finn-』或『fionn-』这个前缀；这两个克尔特语前缀的意思是『美丽』和『白色』。据古代传说，在爱尔兰曾居住着一批巨人。他们当中，有一个英雄名叫Finn，又名Fionn或Fingal。此外，人们还传说古爱尔兰住着一位『白肩姑娘』(克尔特语为Fionnghuala，她是李尔王的女儿。后来她变为天鹅，在漫长的几百年间，游荡在爱尔兰的河川湖泊中。
木棉花,木棉花,木棉花，中药名。为木棉科植物木棉Gossampinusmalabarica(DC.)Merr.的干燥花。春季花盛开时采收，除去杂质，晒干。
Schecter,schecter,SCHECTER是一个吉他品牌，作为一个近两年刚开始进入国内的吉他品牌，以其合理的价格，优秀的品质，很快受到了广大中国摇滚乐手的欢迎。
美乐,美乐,Merlot（美乐）是波尔多种植最广泛的品种，虽然CabernetSauvignon（解百纳苏维翁）的名气比它更大，但是你有可能在一瓶波尔多红酒里找不CabernetSauvignon（解百纳苏维翁），但是不可能在一瓶波尔多红酒里面找不到美乐。尤其在右岸地区美乐更是葡萄酒调和中的主力。
Joan Miro,胡安·米罗,胡安·米罗（JoanMiró，1893年4月20日—1983年12月25日），西班牙画家、雕塑家、陶艺家、版画家，超现实主义的代表人物。是和毕加索、达利齐名的20世纪超现实主义绘画大师之一。在1920年代中期，他在他的新天地中，探索了非常困难的一些方面，从《哈里昆的狂欢》的复杂性，到《犬吠月》和《人投鸟一石子》这类作品非常有魅力的单纯性。米罗认为，情欲是最自然、最合乎本性和情理的现象，是生命的原动力。他对女性的魅力十分着迷，可以说他终生探讨最多的也是女性和关于男女性生活。但在生活中，米罗不沾女色，他一生只爱过两个女人：他的妻子和他的女儿。1983年12月25日，米罗因心脏病突发，永远告别了他深爱的妻子比拉和女儿多萝娜，为了纪念这位杰出的艺术大师，欧洲文化艺术界把1993年定为“米罗”年，举办了盛况空前的作品展览和艺术活动。如果大师地下有知，一定会得到莫大的安慰。
天音,天音,剧情：1942年，旅顺港码头上，一批中国劳工被侵华日军强行押上轮船运往日本。入夜，渔民海牛趁混乱跳入大海，潜回村中。却见亲人及乡亲均惨遭杀害。他强忍悲愤，携小狗欢欢来到一荒岛上，开始野人般的生活。一日，海牛于海边救回姑娘山田叶子。当他得知叶子是日本人时，不禁怒火中烧，欲用渔叉结果其性命。但在善良人性的驱使下，他仍继续为其熬药治伤，悉心照料。后海牛从偶然上岛来为监工采集海货的姜二叔口中得知叶子是日军随军妓女，心中又生厌恶，欲将其送返旅顺口。叶子苦苦哀求，并诉说了自己的不幸身世，使海牛从中感受到这场侵略战争同样给日本人民带来深重灾难。共同的命运，使两颗年轻的心紧紧连在一起。三年后，他们生下一子，取名小牛牛。荒岛上从此充满欢乐的笑声。不料，一群溃败的敌军来到小岛，他们杀害了海牛，奸杀了叶子，又将他们辛勤建立的家园焚烧殆尽，只留下小牛牛凄惨的哭喊声在荒岛上空回荡。
金甲虫,金甲虫,金甲虫是游戏《星际争霸》中的神族单位，在星际争霸2《自由之翼》和《虫群之心》中被取消。在《虚空之遗》战役中被恢复。
FISHMAN,吴锡桑,吴渔夫（Fishman）曾用名：吴锡桑。中国网络游戏先行者，网游2.0理论建立者，影响中国互联网的100人之一。
臻品,臻品,臻品，汉语词汇，词汇含义精美和完美无瑕而日臻完善，直至无可挑剔。
布伦特,布兰特·科里根,布兰特·科里根（英文名：BrentCorrigan），男，1986年10月31日出生于美国爱达荷州，㚻星 、模特。代表作品有《SchoolboyCrush》、《VelvetMafia》、《EveryPoolboy'sDream》等。 
Brent,BRENT,
Trumon,TRUMON,TRUMON是广州盛鼎乐器有限公司注册的商标名，主要有校音器（定音器）、乐谱架、钢琴、弦乐器、吉他、小提琴、弹拨乐器、乐器弦、乐器盒、拨弦片等产品。 
嘉德瑞,嘉德瑞,嘉德瑞（GDRCarbon）一家专业从事碳资产投资与咨询的公司，全称为深圳嘉德瑞碳资产投资咨询有限公司。
小泰克,小泰克,小泰克是美国超级学龄前儿童玩具品牌及全球最大的滚塑胶游乐设施品牌。它是一个缩小版的大人世界，从割草机、到小吉他，小泰克(littletikes)几乎拥有大人世界的各种模拟版玩具。为无数儿童造出了一个个诱人的想象力空间，从模拟、认知、行动等多个层面，开发孩子的想象力、逻辑思维及运动力。
protec,PROTEC,PROTECInternational是一家有着四十年历史的国际性型企业，总部位于美国加州，主营乐器箱包（西洋乐器---萨克斯，小号，长号，大号，单双簧管，小中大提琴以及弱音器，号嘴袋，萨克斯脖带等各种乐器配件），产品皆有各界音乐家自行开发与设计，质量可靠，品种齐全，款式新颖。PROTEC最初的工厂设在韩国，2005年迁至青岛，至今陪伴中国音乐家也已经走过了八个年头，并且慢慢的被大众消费者所熟知和认可，PT一直坚持把“质量就是生命”奉为自己永久的准则，不断的开拓进取，竭力为音乐家们和音乐爱好者提供更优质的服务。
一鸣,一鸣,一鸣，就是对成语“一鸣惊人”的到简用或活用。
碧泉,碧泉,碧泉是汉语词汇，形容清澈的泉水。
BG,BG,BG是《美食大战老鼠》游戏同人漫画家，又名黑幽灵、冥神、BlackGhost等。
迪士尼,迪士尼,全球闻名遐迩的迪士尼，全称为TheWaltDisneyCompany，取名自其创始人华特·迪士尼，是总部设在美国伯班克的大型跨国公司，主要业务包括娱乐节目制作，主题公园，玩具，图书，电子游戏和传媒网络。皮克斯动画工作室（PIXARAnimationStudio）、惊奇漫画公司（MarvelEntertainmentInc）、试金石电影公司（TouchstonePictures）、米拉麦克斯（Miramax）电影公司、博伟影视公司（BuenaVistaHomeEntertainment）、好莱坞电影公司（HollywoodPictures）、ESPN体育，美国广播公司（ABC）都是其旗下的公司（品牌）。迪士尼于2012年11月收购了卢卡斯影业。2017年6月，《2017年BrandZ最具价值全球品牌100强》公布，迪士尼排名第18位。 
Disney,迪士尼,全球闻名遐迩的迪士尼，全称为TheWaltDisneyCompany，取名自其创始人华特·迪士尼，是总部设在美国伯班克的大型跨国公司，主要业务包括娱乐节目制作，主题公园，玩具，图书，电子游戏和传媒网络。皮克斯动画工作室（PIXARAnimationStudio）、惊奇漫画公司（MarvelEntertainmentInc）、试金石电影公司（TouchstonePictures）、米拉麦克斯（Miramax）电影公司、博伟影视公司（BuenaVistaHomeEntertainment）、好莱坞电影公司（HollywoodPictures）、ESPN体育，美国广播公司（ABC）都是其旗下的公司（品牌）。迪士尼于2012年11月收购了卢卡斯影业。2017年6月，《2017年BrandZ最具价值全球品牌100强》公布，迪士尼排名第18位。 
竹韵,竹韵,竹韵的本义，一般解释为风吹竹子而形成的特有声音。其实竹韵是没有办法用文字准确诠释的，更多的是一种用心品出的况味。
PIRASTRO,Pirastro,作为世界上著名的琴弦制造商之一，PIRASTRO公司生产小提琴、中提琴、大提琴、吉他以及其他的各种各样琴弦。她还制造非常优质的松香，每个琴弦系列都有一款松香与之配套。大约百分之八十的PIRASTRO产品出口到世界各地，并着重于美国、亚洲以及欧洲市场。
凯迪威,凯迪威,Cadeve凯迪威，一个想象力与创造力非常丰富的开拓者，作为专业的电脑外设品牌，凭借着先进技术和卓越的产品品质在行业因此声名鹊起，它诞生于2007年，为香港欧华集团旗下品牌。
飞煌,飞煌,《飞煌》是一部小说，作者是涅槃馀炎，连载网站是起点中文网。
凯凯,凯凯,《金雀记·作赋》：“凤未识鸾兮，见情之戚戚，鸾欲得凤兮，乃心之凯凯。”
十字军,十字军,十字军（TheCrusaders），由天主教士兵组成的军队，曾参加十字军东征，士兵都佩有十字标志，因此称为十字军。以教宗为首的教会上层教徒是十字军东征的思想鼓动者和总的策划者。他们利用宗教狂热极力扩大罗马教廷的政治影响，企图将拜占庭帝国东正教置于自己的控制之下，并力图通过掠夺东方国家领土和建立新的“基督教”领地来增加自己的财富；破落的骑士阶层也为发财致富的机会所吸引，他们成为十字军的主要成员；大封建主力图扩大自己的领地和增加收入，并梦想在东方富庶的土地上建立受其支配的国家。
Crusader,F-8战斗机,F-8战斗机（英语：VoughtF-8Crusader ，绰号：十字军战士），是由美国沃特公司（现凌·特姆科·沃特公司）为美国海军研制的舰载超音速战斗机。该机于1953年5月开始设计，原编号F8U。1955年3月原型机首次试飞，1957年3月开始交付美国海军使用。由于其低空性能出色，在F-8基础上又发展了A-7攻击机。 
小猪佩奇,小猪佩奇,《小猪佩奇》，又名《粉红猪小妹》英文名为《PeppaPig》，是由英国人阿斯特利（Astley）、贝克（Baker）、戴维斯（Davis）创作、导演和制作的一部英国学前电视动画片，也是历年来最具潜力的学前儿童品牌。故事围绕小猪佩奇与家人的愉快经历，幽默而有趣，藉此宣扬传统家庭观念与友情，鼓励小朋友们体验生活。由英国E1Kids于2004年5月31日发行首播后，其动画片已于全球180个地区播放，现已播出4季；中国中央电视台少儿频道也在热播之中，极简的动画风格，幽默的对话语调，深具教育意义的故事情节，不仅能让学龄前儿童学习知识，更能让小朋友们从小养成良好的生活习惯体验生活，深受全球各地小朋友们以及其家长们的喜爱。
Fibonacci,斐波那契,比萨的列奥纳多，又称斐波那契（LeonardoPisanoFibonacciLeonardoBigollo，1175年-1250年），中世纪意大利数学家，是西方第一个研究斐波那契数的人，并将现代书写数和乘数的位值表示法系统引入欧洲。其写于1202年的著作《计算之书》中包涵了许多希腊、埃及、阿拉伯、印度、甚至是中国数学相关内容。
博兰德,博兰德,博兰德是一名中场，效力于不伦瑞克足球俱乐部。
PYLON,水晶塔,水晶塔，即为水晶塔|Hticl"的简称，是一个工作室。大多数时间都在百田圈圈活动，特别是其中的雅圈（奥雅之光圈）以及文圈（小说圈）。现在在努力申请官方工作室当中。
小影,小影,小影，原创视频、全能剪辑的短视频社区app。可录制10秒短视频，同时提供拍摄、编辑更长原创视频内容的服务，小影内置多种拍摄镜头、多段视频剪辑、创意画中画，有专业电影滤镜、字幕配音、自定义配乐等特性。 
秦青,秦青,古代传说人物，战国时秦国人善歌以教歌为业。
Michael Kelly,Michael Kelly,MichaelKelly，男，2010《快乐男声》大洋洲唱区参赛选手，是一名澳大利亚选手。
美音,美音,6月20日（中国）上映现居：日本家乡：布宜诺斯艾利斯职业：学生，时尚模特、偶像
铁三角,铁三角,铁三角是一家日本的电子产品公司，成立于1962年；主营业务为研发、生产和销售各种话筒、耳机、无线系统等音像设备和家用电器；而在中国一般被作为一家耳机厂商为人所知。
橙爱,橙爱,《橙爱》，作者海珊云，连载网站17k小说网。
AcaciA,金合欢属,金合欢属（学名：AcaciaMill.），含羞草科，乔木或灌木，有刺或无刺，有时攀援状；叶常为二回羽状复叶，或叶片退化而叶柄变为扁平的叶状体（Phyllodium），但在幼苗期仍可见原始状态的羽状叶，如台湾相思；花5数，两性，花序为腋生、单生或为圆锥花序式排列的头状花序；萼钟状或漏斗状，具齿；花瓣分离或合生，有时缺；雄蕊多数，分离，突出；荚果长圆形或线形，无节，扁平或肿胀。该属模式种是阿拉伯金合欢A.nilotica(Linn.)Delile。金合欢属约800-900种，广布于全球的热带和亚热带地区，尤以大洋洲及非洲的种类最多，中国连引入栽培的有18种，产于西南和东南部。金合欢属中比较有经济价值的有金合欢A.farnesiana(L.)Willd.和台湾相思A.richiiGray，前者的根和荚可为黑色染料，花可制香水，后者为荒山造林树种，材供制器具用，树皮含单宁，提取之可为鱼网和布的染料。此外，阿拉伯胶树A.senegal(L.)Willd.和儿茶A.catechu(L.f.)Willd.可提取阿拉伯胶和制成儿茶浸膏，用于医药、印染和食品工业。 
海菲兹,亚莎·海菲兹,亚莎·海菲兹（Jascha·Heifetz，1901－1987），二十世纪杰出的美籍立陶宛小提琴家；1901年出生于当时属于俄罗斯的立陶宛首都维尔纽斯，3岁随父学琴，次年进入维尔纽斯音乐学院，6岁演奏门德尔松作品，8岁进入彼得堡音乐学院师从Leopold·Auer；1912年，年仅11岁的海菲兹在柏林登台演出（尼基什指挥柏林爱乐乐团）柴科夫斯基的小提琴协奏曲，自此开始辉煌的欧洲巡回演出；后在美国演出并定居，1925年加入美国国籍；30年代中期后，其演奏水平登峰造极；海菲兹与世界知名指挥家、交响乐团合作录制了大量音乐唱片，1987年在美国洛杉矶去世。
伊斯顿,伊斯顿,伊斯顿是一名足球运动员，司直后卫，现在效力于伯恩利足球俱乐部。
老鹰,老鹰,老鹰（学名：Aquila），也叫鸢，是小型猛禽，与一般鸟类不同，雌鸟体型往往比雄鸟更大。老鹰性情凶猛，嘴呈黄色，上嘴弯曲，脚强健有力，趾有锐利的爪，翼大善飞。汉语中将隼科中较大的鸟类和鸱鸮科的鸟类（猫头鹰）等食肉鸟类俗称也划为鹰类，但一般只是专指鹰科鸟类。老鹰分布极广，广泛分布于世界的各大洲。中国境内的鹰主要分布区为西藏、新疆和内蒙古、青海以及陕西南部安康、商洛等巴山茂林地带均有分布。在动物世界里，鹰是一个科的总称，分有许多不同的种类。它有双锐利的眼睛，可以看见数千米甚至更远。卵生，恒温动物。
长江,长江,长江发源于“世界屋脊”——青藏高原的唐古拉山脉各拉丹冬峰西南侧，是中华民族的母亲河 。干流流经青海、西藏、四川、云南、重庆、湖北、湖南、江西、安徽、江苏、上海11个省、自治区、直辖市，于崇明岛以东注入东海，全长约6300km，比黄河（5464km）长800余公里，在世界大河中长度仅次于非洲的尼罗河和南美洲的亚马逊河，居世界第三位。但尼罗河流域跨非洲9国，亚马逊河流域跨南美洲7国，长江则为中国所独有。长江干流自西而东横贯中国中部。数百条支流辐辏南北，延伸至青海、四川、西藏、云南、重庆、湖北、湖南、江西、安徽、江苏、上海11个省、自治区的部分地区。流域面积达180万平方公里，约占中国陆地总面积的20%。淮河大部分水量也通过大运河汇入长江。长江干流宜昌以上为上游，长4504公里，流域面积100万平方公里，其中直门达至宜宾称金沙江，长3464公里。宜宾至宜昌河段习称川江，长1040公里。宜昌至湖口为中游，长955公里，流域面积68万平方公里。湖口至出海口为下游，长938公里，流域面积12万平方公里。 
秦汉,秦汉,秦汉，本名孙祥钟，1946年4月24日生于中国上海，祖籍四川华阳，中国台湾男演员。就读过士林中学、开平高中。1966年毕业于中影演员训练班。父亲是国民党高级将领、抗日名将孙元良。1977年，以《烟水寒》获巴拿马影展最佳男主角 ，第22届亚洲影展“最受欢迎男明星” ；1978年以《汪洋中的一条船》获第十五届台湾电影金马奖最佳男主角，第二十五届亚太影展最佳男主角 ；1988年以《庭院深深》获法国第一届华语影视片金狮奖最佳男主角奖 。演出过多部琼瑶的作品，其中包括电影以及电视剧。2014年，秦汉与曾江、雷恪生、牛犇共同参加上海东方卫视大型节目《花样爷爷》 。2015年6月，秦汉应凤凰卫视《我们一起走过》栏目“重走战场”系列节目之邀，重走父亲的抗战之路，以行走的形式还原史实，向那段中华民族为保卫家园而奋战的历史致敬，横跨上海、江苏、贵州、重庆四地，分四集播出 。秦汉与秦祥林、林凤娇和林青霞合称“二秦二林”。演艺生涯长达将近半个世纪，共演绎上百部电影作品，近30部电视剧作品。
煌上煌,煌上煌,江西煌上煌集团食品股份有限公司创建于1993年，是一家以畜禽肉制品加工为主的食品加工企业。2012年9月5日，煌上煌上市。集团公司主业产品已形成酱制、卤制、烧烤、凉拌、包装五大系列100多个品种，具有鲜、香、辣、酥的特点。
威尔诺,威尔诺,威尔诺，源于德国的专业男士皮草品牌。产品风格定位为经典商务与时尚商务。威尔诺皮草传承了德国经典文化，用其尊贵的面料，精细的做工，演绎出当代男士皮草的尊贵与品味。
Echo,ECHO,它可以基于TCP协议，服务器就在TCP端口7检测有无消息，如果使用UDP协议，基本过程和TCP一样，检测的端口也是7。是路由也是网络中最常用的数据包，可以通过发送echo包知道当前的连接节点有那些路径，并且通过往返时间能得出路径长度。希腊神话中，Echo是一个森林女神。有同名专辑。
Overture,overture,Overture是由Cakewalk公司出品（后被Geniesoft收购）的一款打谱软件。
英悦,英悦,《英悦》是一款Android平台的应用。
欧曼,欧曼,Auman欧曼品牌（“AUTOMAN汽车人”），也从名称内涵上表达了“品质、科技、智能、舒适”的品牌特性。2012年2月18日，北京福田戴姆勒汽车有限公司正式成立。合资公司将为欧曼品牌注入先进的技术和管理，通过全价值链升级，进一步提升欧曼品牌竞争力，推动中国重卡行业由大迈强。
Mandy,刘碧丽,刘碧丽（MandyLieu），1985年3月20日出生于马来西亚，美国马来西亚混血儿，模特、演员。2003年，刘碧丽到香港发展，以模特身份出道。2007，获得光线传媒第一届模特大典年度“最佳封面模特” 。2009年，主持now香港台生活消费节目《Lifetival》。2010年，出演隆力奇投资的音乐电影《江南之恋》。2012年，在功夫电影《太极1：从零开始》中饰演方子敬的外国女友克莱尔。2014年，出演动作喜剧电影《盗马记》。
沃恩斯,克里斯蒂安·沃恩斯,克里斯蒂安·沃恩斯1972年5月10日出生在德国曼海姆，此前曾在德国曼海姆普霍尼克斯队、曼海姆瓦尔德霍夫队、勒沃库森队以及法国巴黎圣日尔曼队效力过，1999年7月转会加盟多特蒙德队效力，2002年在多特蒙德队获得了他职业足球生涯中的首尊联赛冠军奖杯。克里斯蒂安·沃恩斯是多特蒙德队后防线上的核心，年近40岁的他依然保持着很好的竞技状，沃恩斯是多特蒙德队取得好成绩的保障。沃恩斯生于前东德的一个小镇，他从小参加东德体校的专业足球训练，很早的时候就在后卫的位置上表现出了不俗的天赋，从而在前东德各个年龄段的国家青年队都占有一席之地。2008年，沃恩斯与多特蒙德队和约满后正式宣告退役。
once,曾经,《曾经》是约翰·卡尼编导的一部爱情音乐电影，由格伦·汉塞德，玛可塔·伊尔格洛娃主演，该片于2006年7月15日在爱尔兰上映。影片讲述卖花姑娘（玛可塔·伊尔格洛娃饰）与街头音乐家（格伦·汉塞德饰）在爱尔兰首府都柏林因音乐而结缘的浪漫爱情故事 。
飞虎神鹰,飞虎神鹰,《飞虎神鹰》是由钱雁秋执导，张子健、梁冠华领衔主演，曲栅栅、苑冉、须乾等联袂主演的谍战剧 。讲述了上海解放初期，中共党员燕双鹰只身打入敌人内部，成功粉碎军统特务阴谋的故事。该剧于2012年3月9日在福建综合频道首播。
育儿宝,育儿宝,育儿宝全称育儿宝婴幼儿辅食营养包，属于“营养强化辅食补充食品”类型。以大豆分离蛋白、全脂豆粉作为基质，强化了铁、锌、钙、维生素A、维生素D、维生素B1、维生素B2、维生素B12和叶酸等9种微量营养素。
金音,金音,金音才艺为主持，唱歌，钢琴，2007年封面女孩(CoverGirl)大赛参与制作过的电影:人生没有单行道(1984)。
迪诺,迪诺·加百罗涅,迪诺·加百罗涅，日本漫画《家庭教师》及其衍生作品中的角色。彭格列家族的同盟家族——加百罗涅家族的十代首领。通称“跳马”，稳重坦率，受到部下的爱戴。以前的家庭教师是里包恩，将阿纲视为很重要的师弟。本来和阿纲一样不愿意当黑手党的BOSS，自从受到里包恩的教导后开始愿意承担首领的职位。从指环争夺战开始担任云雀恭弥的家庭教师。在未来篇中帮助彭格列众人修行。
灵威,灵威,灵威língwēi威灵，威势。《史记·乐书》：“承灵威兮降外国，涉流沙兮四夷服。”晋·陆云《答兄平原》诗：“王旅南征，阐耀灵威。”元·无名氏《朱砂担》第四折：“只愿你检验轮回，速显灵威。”清·蒋士铨《第二碑·书表》：“他们都不过是些散仙，终日游戏，不似天君总制江河，灵威显赫。”郭沫若《十批判书·孔墨的批判》：“故庶人鬼没有贵族鬼那样的灵威赫赫，倒是实在的。”
ZIKO,ziko,汇集时尚、潮流、简便、实用的代名词！来自香港，属于德尚科技国际有限公司，惠州市德尚乐器有限公司旗下的一个产品系列！
Rico,Rico,Rico是电影《马达加斯加》中令人捧腹的“企鹅四贱客”中最疯狂的企鹅。
Connie,Connie,Connie，由希尔顿跟IBM超级计算机Watson项目组联合打造推出的人形机器人。
雅诗,雅诗,雅诗，是我国第一部诗歌总集——《诗经》风、雅、颂中的雅。上古“雅”与“夏”字相通。西周时期称王朝直接统治的区域为“夏”，因此雅诗就是西周王畿的诗。雅诗又分为小雅和大雅两部分。诗歌内容主要是反映贵族阶级的生活和思想感情：一是赞颂周民族祖先的历史功绩；二是歌咏统治者和描绘贵族阶级的豪华生活；三是抒发对社会不公及黑暗腐败现象的忧虑与不满情绪。
诗乐,诗乐,中国古代诗歌《诗经》所用的音乐。《诗经》305篇，不仅奠定了中国古代文学现实主义的基础，而且大都是可以上口的歌曲，在音乐上也产生了巨大的影响，是中国古代最珍贵的艺术遗产之一。
九野,九野,九野，汉语词汇。拼音：jiǔyě释义：1、犹九天。2、九州的土地。3、九宫之方位，即东、西、南、北四方，东南、西南、东北、西北四隅及中央。
剑,剑,剑，是一种兵器。开双刃身直头尖，横竖可伤人，击刺可透甲。凶险异常，生而为杀。（武经）————剑，两边都开了刃，有着笔直的剑身和尖锐的剑尖。舞动时向正反两边施展都具有杀伤力，用剑尖攻击可以轻易穿透甲衣。是非常危险的武器，常使人险像丛生。是一种单纯为了杀人而存在的兵器。剑，古代兵器之一，属于“短兵”。素有“百兵之君”的美称。古代的剑由金属制成，长条形，前端尖，后端安有短柄，两边有刃。现在作为击剑运动用的剑，剑身为细长的钢条，顶端为一小圆球，无刃。剑，早期是匕首式短剑，剑和刀一类，区别只在于单刃和双刃。剑又称：“轻吕”、“径路”，“长铗”。春秋末年，开始流行长剑。质地精良的宝剑大多出自南方，主要是吴、越（闽越）、楚、巴蜀。长剑出，短剑也不废。剑的历史是源远流长的。长剑便于战斗，短剑利于护身，还可以用于刺杀，荆轲刺秦王，东汉末年侠客王越、史阿就是一个典型的例子。
BOILING,Boiling,Boiling音乐团队，简称Boiling。成立于2014年7月21日，全国各地对音乐有着相同爱好和理想的朋友在这里聚集，团内有词曲声编曲后期宣传美工视频制作等多样的人才。
Pearl River,珠江,珠江，又名粤江，是中国第二大河流 ，境内第三长河流 。珠江原指广州到入海口96公里长的一段水道，因为它流经著名的海珠岛（石）而得名，后来逐渐成为西江、东江、北江以及珠江三角洲上各条河流的总称 。珠江发源于云贵高原乌蒙山系马雄山，流经中国中西部六省区及越南北部，在下游从八个入海口注入南海。2012年，中国科学院遥感应用研究所科研人员利用卫星遥感技术对珠江的长度和流域面积进行了量测，并得到了准确数据，确定珠江为我国第二大河流 。珠江年径流量3300多亿立方米，居全国江河水系的第2位，仅次于长江，是黄河年径流量的7倍，淮河的10倍。全长2320千米 ，流域面积453690平方公里（其中442100平方公里在中国境内，11590平方公里在越南境内。），是中国南方最大河系，是中国境内第三长河流。 珠江水系共有大小河流774条，总长36000多公里，丰盈的河水与众多的支流，给珠江的航运事业带来了优越条件，航运价值仅次于长江，居全国第二位。珠江水系水能资源蕴藏丰富，著名的天生桥、大藤峡、鲁布革、新丰江等水电枢纽都属于珠江水系。珠江流域面积广阔，多为山地和丘陵，占总面积的94.5%，平原面积小而分散，仅占55%，比较大的是珠江三角洲平原。珠江流域旅游资源丰富，著名的黄果树瀑布、桂林山水都在珠江流域。
佳慕,佳慕,佳慕 是汕头市雅蒂化妆品有限公司 旗下品牌，于2010年12月 注册成功。
Maxine,Maxine,Maxine原是佛罗里达州的一名职业模特。
IRIG,IRIG,IRIG（Inter-RangeInstrumentationGroup靶场仪器组）是美国RCC（RangeCommandersCouncil靶场司令委员会）下属机构，成立于1951年8月，其常设机构在美国白沙导弹靶场。
莱维特,莱维特,
锡艺,锡艺,锡是排列在白金，黄金及银后面的第四种贵金属，它富有光泽、无毒、不易氧化变色，具有很好的杀菌、净化、保鲜效用。因对人体无害，更被尊为“绿色金属”。
JoanMiro,胡安·米罗,胡安·米罗（JoanMiró，1893年4月20日—1983年12月25日），西班牙画家、雕塑家、陶艺家、版画家，超现实主义的代表人物。是和毕加索、达利齐名的20世纪超现实主义绘画大师之一。在1920年代中期，他在他的新天地中，探索了非常困难的一些方面，从《哈里昆的狂欢》的复杂性，到《犬吠月》和《人投鸟一石子》这类作品非常有魅力的单纯性。米罗认为，情欲是最自然、最合乎本性和情理的现象，是生命的原动力。他对女性的魅力十分着迷，可以说他终生探讨最多的也是女性和关于男女性生活。但在生活中，米罗不沾女色，他一生只爱过两个女人：他的妻子和他的女儿。1983年12月25日，米罗因心脏病突发，永远告别了他深爱的妻子比拉和女儿多萝娜，为了纪念这位杰出的艺术大师，欧洲文化艺术界把1993年定为“米罗”年，举办了盛况空前的作品展览和艺术活动。如果大师地下有知，一定会得到莫大的安慰。
世爵,世爵,世爵作为历史超过百年的老厂，一直保持着品牌独特的风格。他们生产的跑车全部为手工打造，多项指标采用F1标准。作为知名的极品豪华运动汽车制造商，世爵制造的贵族运动汽车完全依据客户的需求量身定制。世爵的目标是运动汽车市场的最高端的用户，这些客户主要集中在美国、西欧、中东以及一些较小的富裕的国家，比如说瑞士和摩纳哥等等。2014年12月18日，世爵发布声明宣布破产 。2015年世爵首席执行官VictorMuller在一份声明中表示，世爵目前已经偿清债务，正在准备和电动飞机制造商VoltaVolare进行合并，将推出电动汽车产品。 
spyker,世爵,世爵作为历史超过百年的老厂，一直保持着品牌独特的风格。他们生产的跑车全部为手工打造，多项指标采用F1标准。作为知名的极品豪华运动汽车制造商，世爵制造的贵族运动汽车完全依据客户的需求量身定制。世爵的目标是运动汽车市场的最高端的用户，这些客户主要集中在美国、西欧、中东以及一些较小的富裕的国家，比如说瑞士和摩纳哥等等。2014年12月18日，世爵发布声明宣布破产 。2015年世爵首席执行官VictorMuller在一份声明中表示，世爵目前已经偿清债务，正在准备和电动飞机制造商VoltaVolare进行合并，将推出电动汽车产品。 
沃音乐,沃音乐,沃音乐是中国联通的音乐业务品牌，致力于成为音乐行业的创新领跑者，为用户提供高品质音乐内容、全方位音乐服务、丰富的产品阵容，让每一个用户感受到音乐的快乐 。中国联通音乐运营中心（简称沃音乐）成立于2009年，负责中国联通音乐内容、版权、产品、音乐电商和音乐硬件等音乐相关业务的服务。
Lemon,柠檬,柠檬（学名：Citruslimon(L.)Burm.f.），芸香科柑橘属植物，柠檬又称柠果、洋柠檬、益母果等。 小乔木，枝少刺或近于无刺，嫩叶及花芽暗紫红色，叶片厚纸质，卵形或椭圆形。单花腋生或少花簇生。果椭圆形或卵形，果皮厚，通常粗糙，柠檬黄色，果汁酸至甚酸，种子小，卵形，端尖；种皮平滑，子叶乳白色，通常单或兼有多胚。花期4-5月，果期9-11月。柠檬产中国长江以南， 原产东南亚，主要产地为美国、意大利、西班牙和希腊。 柠檬因其味极酸，肝虚孕妇最喜食，故称益母果或益母子。柠檬中含有丰富的柠檬酸，因此被誉为“柠檬酸仓库”。它的果实汁多肉脆，有浓郁的芳香气。因为味道特酸，故只能作为上等调味料，用来调制饮料菜肴、化妆品和药品。 此外，柠檬富含维生素C，能化痰止咳，生津健胃。用于支气管炎，百日咳，食欲不振，维生素缺乏，中暑烦渴等症状，它是"坏血病"的克星。 
aYers,Ayers,Ayers是专业的吉他品牌，产品均来自被誉为木器手工和镶嵌之都的越南手工生产，在专业吉他领域被誉为性价比极高的的乐器产品。
stanford,斯坦福大学,斯坦福大学（StanfordUniversity），全名小利兰·斯坦福大学（LelandStanfordJuniorUniversity），简称“斯坦福（Stanford）”，位于美国加州旧金山湾区南部的帕罗奥多市（PaloAlto）境内 ，临近世界著名高科技园区硅谷，是世界著名私立研究型大学 。斯坦福大学占地约33平方公里（8180英亩） ，是美国占地面积第六大的大学 。学术方面，斯坦福大学与旧金山北湾的加州大学伯克利分校共同构成了美国西部的学术中心 。据相关机构统计，截止至2018年3月，共有81位斯坦福校友、教授或研究人员曾获得诺贝尔奖，位列世界第七 ；27位曾获得图灵奖（计算机界最高奖），位列世界第一 ；另有7位斯坦福教授曾获得过菲尔兹奖（数学界最高奖），位列世界第九 。2017-18年，斯坦福大学在世界大学学术排名（ARWU）、QS世界大学排名中均位列世界第二 ，在泰晤士高等教育世界大学排名、usnews世界大学排名中位列世界第三 ；2017年，位列《泰晤士高等教育》世界大学声誉排名世界第三 。斯坦福大学为硅谷（SiliconValley）的形成和崛起奠定了坚实的基础 ，培养了众多高科技公司的领导者，这其中就包括惠普、谷歌、雅虎、耐克、罗技、Snapchat、美国艺电公司、太阳微系统、NVIDIA、思科及LinkedIn等公司的创办人 。此外，斯坦福大学的校友涵盖30名富豪企业家及17名太空员，亦为培养最多美国国会成员的院校之一。根据《福布斯》2010年盘点的亿万富翁最多的大学，斯坦福大学名列第二，亿万富翁数量达28位，仅次于哈佛大学 。
云韵,云韵,云韵，天蚕土豆所著异世大陆类玄幻小说《斗破苍穹》 女主角之一，曾化名云芝。加玛帝国十大强者排名第三，三星斗皇强者（现为八星斗尊），云岚宗第九代宗主（现为花宗宗主），纳兰嫣然的老师，师从云岚宗第八代宗主云山。秀雅绝俗，自一股轻灵之气，美目流盼，含辞未吐，气若幽兰，就如冰山雪莲般纯洁清丽、素雅高洁。这个堪称完美卓绝的女子，却因为毫无线索的身世，羁绊不已的身份，命运多舛。之前她本该复仇，但她知道她无法对他举起刀剑，于是只能远离那个帝国，离开那个伤心处，带着弟子纳兰嫣然，孤寂的走入中州。之后数次重逢，萧炎的多次救其水火之中，使她彻底放下之前毁掉云岚宗的仇怨。她在云岚宗时从未真正看过世界，宗门解散后和萧炎最后一次相拥，她要去看看这个世界。大结局时萧炎邀请云韵回到加玛帝国，她亦怔了下来，贝齿紧咬着红唇，美眸突然的有些湿润，那里，一直都是她最为怀念的地方。那里，不是云岚山，而是魔兽山脉·······
DEDO,DEDO,DEDO是惠州电道科技有限公司旗下的开关/插座品牌，也是世界上领先的开关/插座品牌之一。“致力于用电安全方案解决之道”是该品牌的一个重要理念，也是其最初的形象剪影，并为其发展创新提供源源不断的动力。
hape,Hape,Hape国际控股集团总部位于瑞士卢塞恩(Luzern)，由德国人彼得·汉斯丹(PeterHandstein)先生始创于1986年。该品牌主要为全球0-6岁宝贝研发益智木玩，启蒙和促进儿童的健康成长与发展；提倡并秉承生态、环保的生产和生活方式，积极为世界环境保护与可持续发展做出贡献。
PEAVEY,Peavey,美国Peavey公司（PeaveyElectronics）创立于1965年，其品牌起源于1959年。美国Peavey（百威）是目前世界上最大的乐器和专业音响制造商之一，它的产品系列化、成套化、专业化，是我国改革开放初期，最早进入我国、最能代表当今美国科技水平的专业音响产品。在世界各地以及中国都占有近60%的专业音响市场，曾在法国、德国、丹麦、荷兰、英国以及美国获得200多项相关电子的设计、制造、专利性大奖。如今，美国Peavey（百威）公司是美国国家电子工业对外出口60个成员之一，属欧盟成员以及世界贸易组织(WTO)出口商成员之一。 
lemon,柠檬,柠檬（学名：Citruslimon(L.)Burm.f.），芸香科柑橘属植物，柠檬又称柠果、洋柠檬、益母果等。 小乔木，枝少刺或近于无刺，嫩叶及花芽暗紫红色，叶片厚纸质，卵形或椭圆形。单花腋生或少花簇生。果椭圆形或卵形，果皮厚，通常粗糙，柠檬黄色，果汁酸至甚酸，种子小，卵形，端尖；种皮平滑，子叶乳白色，通常单或兼有多胚。花期4-5月，果期9-11月。柠檬产中国长江以南， 原产东南亚，主要产地为美国、意大利、西班牙和希腊。 柠檬因其味极酸，肝虚孕妇最喜食，故称益母果或益母子。柠檬中含有丰富的柠檬酸，因此被誉为“柠檬酸仓库”。它的果实汁多肉脆，有浓郁的芳香气。因为味道特酸，故只能作为上等调味料，用来调制饮料菜肴、化妆品和药品。 此外，柠檬富含维生素C，能化痰止咳，生津健胃。用于支气管炎，百日咳，食欲不振，维生素缺乏，中暑烦渴等症状，它是"坏血病"的克星。 
Jackson,迈克尔·杰克逊,迈克尔·杰克逊（MichaelJackson，1958年8月29日-2009年6月25日），出生于美国印第安纳州加里市，美国歌手、词曲创作人、舞蹈家、表演家、慈善家、音乐家、人道主义者、和平主义者、慈善机构创办人。杰克逊是家族的第七个孩子，他在1964年作为杰克逊五人组的成员和他的兄弟一起在职业音乐舞台上初次登台，1968年乐队与当地的一家唱片公司合作出版了第一张唱片《BigBoy》。1971年12月，发行了个人首支单曲《Gottobethere》，标志着其个人独唱生涯的开始。1982年12月，杰克逊音乐生涯最畅销的专辑《Thriller》发行。1987年9月，杰克逊展开个人首次全球巡演。通过舞台和视频的表演，杰克逊普及了一些像机械舞和太空步等舞蹈技术。杰克逊一生中获得了13个格莱美奖和26个全美音乐奖。在他单飞生涯中，他拥有13支美国冠军单曲。2000年吉尼斯世界纪录大全里认证他资助过39个慈善机构。2009年5月，杰克逊宣布将在伦敦举行系列音乐会；6月25日，他因为急性丙泊酚和苯二氮平类药物中毒导致心脏骤停逝世。洛杉矶法医裁定这是一宗凶杀案，他的私人医生康拉德·莫里被判定过失杀人罪。2010年，迈克尔·杰克逊被授予格莱美终生成就奖。2009年6月25日，杰克逊辞世，享年50岁。2011年11月7日下午，杰克逊的私人医师莫里“过失杀人罪”罪名成立，服刑四年监禁。
歌斐木,歌斐木,歌斐木树属松柏目，雪松属，叶呈针状，常绿，其木质坚硬、不易变形，纹路细密、材质上乘，加之本身有很强的抗腐性，还能散发清幽的香气，具有宁心静气之作用，属于难得的树中极品，备受人们青睐。据史料记载古埃及的法老船、耶路撒冷的所罗门圣殿、古罗马皇帝的宝座均以歌斐木打造。
乐吉儿,乐吉儿,乐吉儿玩具有限公司创建于1998年，坐落在“中国玩具之城‘汕头澄海’”。专业生产搪胶娃娃，塑胶场景娃娃和智能娃娃等女孩玩具产品。本着“用心做好产品，以您共享精彩今天“的经营理念，成功塑造“乐吉儿”品牌和形象，被评为“中国名优儿童用品采购制定品牌。”公司是第一批通过国家强制性3C认证的玩具企业。
moog,MOOG,MOOG简介MOOG穆格公司成立于五十多年前，最初从事飞机与导弹部件的设计及供应。如今，本公司的运动控制技术广泛应用于民用机座舱、发电风机、一级方程式赛车、医用输液系统等众多的市场和应用领域，有效提高相关产品的性能。该公司历史起源于公司创建者威廉C穆格，他是一位发明家、企业家，也是一位远见卓识者。1951年，比尔穆格研制成功电液伺服阀，这种装置可把微弱的电脉冲转换为精确而有力的运动。1951年7月，比尔穆格、阿特兄弟俩和卢盖耶在纽约州东奥罗拉租借了已废弃的Proner机场的一角，成立了穆格制阀公司（MOOGValveCompany）。穆格MOOG公司是全球设计，制造和精密运动控制产品和系统集成商。穆格的高性能系统的控制军用和商用飞机，卫星和航天器，运载火箭，导弹，工业机械，风能，海洋应用和医疗设备。
陆林生,陆林生,陆林生先生，苏州二胡制作师，1936年12月生，原籍江苏苏州市。1950年在苏州闯门内下塘街洽兴祥乐器店学艺，师承桑秋林先生学习二胡等拉弦乐器的制作技艺。1956年进入公私合营苏州民族乐器厂。
MK,Michael Kors,MichaelKors是一个时装设计师本人创建的同名奢侈品品牌。MichaelKors迈克高仕公司于1981年正式成立，总部设在纽约市。MichaelKors将奢侈品行业带入了一个新阶段并且成功塑造了崇尚自我表达和与众不同的生活化概念，并将品牌和过去的经典美国奢侈品品牌区分开来MichaelKors已经成为了美式奢侈生活风格的代表。目前MichaelKors在全球89个国家已经拥有超过500家门店，同时分销到全球顶级百货和全球专卖店。2017年7月25日，轻奢时尚品牌MichaelKors宣布将以12亿美元的价格收购女士鞋包品牌JimmyChoo。该项收购或将让MichaelKors在核心业务增长疲软的情况下，获得新的增长动力。 
聆听,聆听,聆听是一个汉语词语，拼音是língtīng。指集中精力、认真地听。语出汉杨雄《法言·五百》：“聆听前世，清视在下，鉴莫近於斯矣。”，聆字从耳从令，令声。“令”意为“吩咐”。“耳”与“令”联合起来表示“倾听吩咐”，本义是倾听吩咐。引申义为倾听。聆听是敬辞 ，主语只能是说话人自己，表示对对方的尊敬。
MILLER,Miller,日本KONAMI公司人气游戏《合金装备》中的角色。
设计者,设计者,《设计者》是一款Android平台的应用。
圣卡罗,圣卡罗,圣卡罗歌剧院是1737年按卡尔洛·波旁的旨意建造的。作为一个开明的统治者，卡尔洛·波旁计划建造大批的公共建筑，圣卡罗歌剧院作为皇宫的附属建筑，是他实现的第一个向公众开放的歌剧院，最后一个是卡塞塔，由他的子孙们最终完成。
peppa Pig,小猪佩奇,《小猪佩奇》，又名《粉红猪小妹》英文名为《PeppaPig》，是由英国人阿斯特利（Astley）、贝克（Baker）、戴维斯（Davis）创作、导演和制作的一部英国学前电视动画片，也是历年来最具潜力的学前儿童品牌。故事围绕小猪佩奇与家人的愉快经历，幽默而有趣，藉此宣扬传统家庭观念与友情，鼓励小朋友们体验生活。由英国E1Kids于2004年5月31日发行首播后，其动画片已于全球180个地区播放，现已播出4季；中国中央电视台少儿频道也在热播之中，极简的动画风格，幽默的对话语调，深具教育意义的故事情节，不仅能让学龄前儿童学习知识，更能让小朋友们从小养成良好的生活习惯体验生活，深受全球各地小朋友们以及其家长们的喜爱。
天籁村,天籁村,天籁出自《庄子·齐物论》，与地籁、人籁相比较，天籁是音乐的最高境界。籁：从洞孔发出的声音。指自然界的风声、水声、鸟声等音响：天籁无声|鼓角凌天籁，关山倚月轮。天籁就是天上传来的声音，此曲只应天上有人间难得几回闻就是这个意思.人们常形容优美的音乐为“天籁之音”。天籁村，就是天籁之音集中的地方。天籁村，MTV全球音乐电视台旗下的一档节目。
卡农,卡农,卡农Canon——复调音乐的一种原意为“规律”。一个声部的曲调自始至终追逐着另一声部直到最后的一个小节最后的一个和弦融合在一起，给人以一个神圣的意境。卡农是一种音乐谱曲技法，复调音乐。卡农的所有声部虽然都模仿一个声部，但不同高度的声部依一定间隔进入，造成一种此起彼伏，连绵不断的效果，轮唱也是一种卡农。在卡农中，最先出现的旋律是导句，以后模仿的是答句。根据各声部高度不同的音程差，可分为同度卡农，五度卡农，四度卡农等；根据间隔的时间长短，可分为一小节卡农，两小节卡农等；此外还有伴奏卡农，转位卡农，逆行卡农，反行卡农等各种手法。
KANONG,kanong,卡农即Canon或者Kanon也被翻译为华音。卡农是一种音乐谱曲技法，和赋格一样是复调音乐的写作技法之一，也是利用对位法的模仿技法。卡农同时也指以此种技法创作出来的音乐作品，比如巴赫的《五首卡农变奏曲》。
玛丽娜,玛丽娜,又名《码头激情》，比利时导演斯泰恩·科宁克斯2013年执导的传记电影。
DIXON,DIXON,DixonLi（李迪晨），加拿大华裔歌手，著名音乐唱作人，词曲作者。
龙凤,龙凤,龙凤，原名郑龙凤，国际魔术师，催眠师，导演，逃生术表演专家和特技表演家。
Johnson,johnson,johnson吉他，是axl公司的下属品牌，主要以民谣吉他为主。另外有同名IPC-A-610D和IPC-7711/7721授权认证培训师。
Leho,乐货,乐货科技是一家专注于年轻人时尚消费领域的互联网公司，拥有国内首款并保持领先的真人秀搭配社区APP“YES想要”，时尚自媒“YEStyle”、时尚视频类IP“YES想要”等。核心宗旨是将购物与时尚社区完美结合，为年轻消费者的个性购物决策提供针对性建议，以及适用、方便、可靠的解决方案。
斯派克,斯派克,斯派克是美国动画片《猫和老鼠》及其衍生作品中的角色，在番外篇《斯派克和泰克》中为主要角色。
SPIKE,斯派克,斯派克是美国动画片《猫和老鼠》及其衍生作品中的角色，在番外篇《斯派克和泰克》中为主要角色。
沃尔玛,沃尔玛百货有限公司,沃尔玛百货有限公司，即沃尔玛公司（WalMartInc.）（NYSE：WMT），是一家美国的世界性连锁企业，以营业额计算为全球最大的公司，其控股人为沃尔顿家族。总部位于美国阿肯色州的本顿维尔。沃尔玛主要涉足零售业，是世界上雇员最多的企业，连续4年在美国《财富》杂志世界500强企业中居首位。沃尔玛公司有8500家门店，分布于全球15个国家。沃尔玛在美国50个州和波多黎各运营。沃尔玛主要有沃尔玛购物广场、山姆会员店、沃尔玛商店、沃尔玛社区店等四种营业方式。2013年11月25日，任命国际业务部主管董明伦（DougMcMillon）接任杜克（MikeDuke）为沃尔玛总裁兼首席执行官，该任命从2014年2月1日起正式生效。 2014年12月11日，海外媒体称沃尔玛将关闭约30%的中国门店。沃尔玛12月2日对中国区管理层以重组进行了裁员。 2014年12月沃尔玛非常重视对其公司不当行为的指控。 2016年6月29日，沃尔玛表示将向美国所有消费者开放两日达免费送货服务，这是沃尔玛在这一服务上的再一次拓展。 北京时间2016年7月20日晚与全球同步发布了最新的《财富》世界500强排行榜 。2017年6月7日发布的2017年《财富》美国500强排行榜，沃尔玛连续第五年蝉联榜首。2017年7月20日发布的《财富》世界500强排行榜，沃尔玛连续四年排名第一位。 
idg,IDG,美国国际数据集团（InternationalDataGroup）是全世界最大的信息技术出版、研究、发展与风险投资公司。IDG公司2005年全球营业总收入达到26.8亿美元。IDG集团公司创建于1964年，总部设在美国波士顿。
相约,相约,相约意思是互相约好；经过商量而定好。《后汉书·周黄徐姜申屠传序》：“王莽末，匈奴寇其本县广武，闻恁（荀恁）名节，相约不入荀氏闾。”
简乐,简乐,简乐（1956—）女，广东中山人，医学硕士，浙江大学公共卫生学院预防医学系副教授，硕士生导师，浙江省劳动卫生职业病重点学科职业中毒方向秘书，中华预防医学会会员。
舒楠,舒楠,舒楠，著名作曲家，北京电影家协会理事，中国电影家协会会员。电影《建国大业》作曲，电影《让子弹飞》作曲，电影《建党伟业》作曲等。
CF,穿越火线：枪战王者,《穿越火线：枪战王者》是一款由韩国Smilegate及腾讯游戏三年打造的CF正版第一人称射击手游 ，作为一款国民级竞技手游，游戏完美传承了PC端的品质和玩法，同时还针对手机端的操作特点，将3亿鼠标的枪战梦想延续到手机上，玩家能够随时随地体验射击的乐趣和竞技对抗的热血。 备受国内千万手游玩家期待的CF正版手游《穿越火线：枪战王者》自9月21日首测以来，在游戏圈掀起不小的风暴。而10月16日，《穿越火线：枪战王者》在腾讯应用宝正式开启独家预约首发。 
Protec,PROTEC,PROTECInternational是一家有着四十年历史的国际性型企业，总部位于美国加州，主营乐器箱包（西洋乐器---萨克斯，小号，长号，大号，单双簧管，小中大提琴以及弱音器，号嘴袋，萨克斯脖带等各种乐器配件），产品皆有各界音乐家自行开发与设计，质量可靠，品种齐全，款式新颖。PROTEC最初的工厂设在韩国，2005年迁至青岛，至今陪伴中国音乐家也已经走过了八个年头，并且慢慢的被大众消费者所熟知和认可，PT一直坚持把“质量就是生命”奉为自己永久的准则，不断的开拓进取，竭力为音乐家们和音乐爱好者提供更优质的服务。
汪汪队立大功,汪汪队立大功,精通科技的10岁男孩Ryder（莱德）在拯救了6条小狗之后，将他们训练成了一组本领高强的狗狗巡逻队。每个小狗都性格鲜明，也各有特长。斑点狗Marshall（毛毛）擅长火中急救；斗牛犬Rubble（小砾）精通工程机械；牧羊犬Chase（阿奇）是个超级特工；混血儿Rocky（灰灰）是个维修能手；拉布拉多犬Zuma（路马）最熟悉水中救援；而可卡颇犬Skye（天天）掌握着各种航空技术。拥有许多解决问题的能力，在加上Ryder提供的炫酷装备支持，不管遇到多么困难和危险的救援任务，他们还总是忘不了相互玩闹，制作轻松的气氛，而每次幽默乐观的狗狗们总能顺利完成任务。 
AER,AER,TheAmericanEconomicReview美国经济评论。位于美国纽约州东部的村落——萨拉托加（SaratogaNewYork）的一次会议上由一小部分对经济学感兴趣的人组织起来，之后于1923年2月3日正式成立。
博美,博美犬,博美是一种紧凑、短背、活跃的玩赏犬，学名哈多利系博美犬（俗称英系博美犬），是德国狐狸犬的一种，原产德国。它拥有柔软、浓密的底毛和粗硬的皮毛。尾根位置很高，长有浓密饰毛的尾巴卷放在背上。它具有警惕的性格、聪明的表情、轻快的举止和好奇的天性。体型小巧可爱，适合当伴侣犬，白色和棕色的居多。德国狐狸犬，包括荷兰毛狮犬，大型狐狸犬，中型狐狸犬，小型狐狸犬和松鼠犬（也就是博美犬），同时也是很有竞争力的比赛犬。其毛色有白、偏黄奶油、花色、黑、红、棕等。
劳伦斯,詹妮弗·劳伦斯,詹妮弗·劳伦斯（JenniferLawrence），1990年8月15日出生于美国肯塔基州路易斯维尔，美国演员。2007年，参演喜剧《比尔·英格沃秀》，正式出道 。2009年，主演情感电影《燃烧的平原》 。2010年，凭借悬疑电影《冬天的骨头》获得第83届奥斯卡金像奖最佳女主角奖提名 。2011年，在科幻电影《X战警：第一战》中饰演魔形女瑞雯 。2012年3月，主演动作电影《饥饿游戏》；12月，主演爱情喜剧电影《乌云背后的幸福线》，凭借该片获得第85届奥斯卡金像奖最佳女主角奖和第70届金球奖音乐喜剧类最佳女主角奖等多个奖项 。2013年，凭借犯罪电影《美国骗局》获得第71届金球奖最佳女配角奖 。2015年，主演传记电影《奋斗的乔伊》，凭借该片获得第73届金球奖音乐喜剧类最佳女主角奖，并第三次入围奥斯卡金像奖最佳女主角奖 。2016年，主演科幻冒险电影《太空旅客》 。
AGA,江海迦,江海迦（AgathaKong，1988年1月21日－），别名AGA，香港创作女歌手，混血儿。拥有西班牙血统，师承舒文，于2013年正式出道，其唱片公司为环球唱片。作品有《哈啰》等。 
星朗,星朗,星朗位于贵州独山县甲里镇西南部，下辖组：拉偶上、拉偶下、拉赖、干杏、老店、拉坝、三坡一、三坡二、塘垅、拉奇、万籁、万旦上、万旦下、万卜、播要、礼寨上、礼寨下、潘果、吴果、甲塘、龙家湾、麻马、赶季湾、上旺、下旺组共25个村民小组；邮政编码558204。行政区划调整2013年7月23日起，独山县人民政府关于独山县乡镇行政区划调整的通知：撤销甲里镇，将原甲里镇四九村、星朗村划入下司镇，设置新的下司镇，以原下司镇和原甲里镇四九村、星朗村地域为新设置的下司镇行政区域，镇人民政府驻下司村。
拉克丝,光辉女郎,光辉女郎·拉克丝是《英雄联盟》中的英雄人物。她是德玛西亚之力盖伦的妹妹，擅长使用光魔法的英雄。拉克丝是一个远程输出法师，所有技能均为非锁定目标的，所以释放技能时需要玩家具有一定的预判能力。技能释放的距离较远，若法术强度足够，可以在对手打不到自己的情况下一套技能可以杀死脆皮英雄。但伤害技能初始伤害低，护盾技能经历几个版本的改动，现在所能承受的伤害非常低，初始血量低，自身也是一个非常脆的英雄，所以应尽量避免与对方贴身战斗。
spike,斯派克,斯派克是美国动画片《猫和老鼠》及其衍生作品中的角色，在番外篇《斯派克和泰克》中为主要角色。
OTTO,otto,Otto教授（英文名：Dr.JacquesOtto）Otto教授一直致力于抗衰老方法、产品及整形技术的研究及开发，他研发的技术被多个机构投入到广泛临床应用之中，
LTD,ltd,Ltd是有限公司英文名（CompanyLimited）的简写。国内多用"Co.Ltd."，国际上的标准简写则是“Ltd”。根据《中华人民共和国公司法》，有限公司的股东以其认缴的出资额为限对公司承担责任。
通灵,通灵珠宝,通灵珠宝是中国与比利时合资企业，柏林电影节官方合作伙伴， 2016年11月23日，通灵珠宝于上交所正式挂牌上市(股票简称：通灵珠宝，股票代码：603900)，成为上交所首家珠宝IPO企业。 通灵珠宝，致力于为顾客创造值得“为下一代珍藏”的中高端珠宝品牌。 从事中高档首饰产品的设计、研发及销售，核心业务是对“TESIRO通灵”和“蓝色火焰”两个珠宝品牌的经营管理。其中，BLUEFLAME（蓝色火焰）钻石，是完整拥有知识产权的专利产品，曾于2009年作为比利时国礼由国王菲利普见证下赠予中国政府代表团。 目前TESIRO通灵珠宝电商已进驻“天猫”、“京东商城”、“苏宁易购”等电商平台， 旗下“克拉恋人”珠宝品牌将陆续进驻各大主流电商销售平台。 自2009年起，通灵珠宝作为柏林电影节官方合作伙伴，已经连续八年用蓝色火焰切工钻石为远赴的国际明星们高端定制STARLET（红毯）系列珠宝。章子怡、张雨绮、倪妮、好莱坞巨星乌玛·瑟曼、柏林电影节影后茱莉安·柯勒、戛纳影后考斯米娜·斯特拉坦、ShootingStars凯瑞·穆里根、超模托妮·伽恩等均是其忠实拥趸。目前，通灵珠宝在北京、上海、江苏、浙江、安徽等20多个省市自治区拥有500多家专营店。 通灵珠宝，为下一代珍藏。
Kane,Kane,1997年10月5日，Kane在BadBlood第一次登场，他徒手便撕裂了第一次地狱牢笼赛（ShawnMichaels和Undertaker比赛）的大门。Kane和Undertaker令人恐惧的对视了一会。那个大红怪物带着面具，穿着掩盖着他哥哥Undertaker造成的黑色记忆的恐怖套装。Kane踢击Undertaker的腹部，并给了他一个墓碑石钉头－使满脸是血的Michaels赢了Undertaker。
Blue,blue,Blue是一支英国男孩乐队，大陆直译为蓝色组合，他们以一首《OneLove》在英国走红，在欧洲的专辑销量超过了800万张。他们也是欧洲少有的美式Hip-Hop加饶舌组合。05年由于成员单飞宣布解散，09年强势复出，并且于13年初发行了新专《Roulette》。
美索不达米亚,美索不达米亚,美索不达米亚，是古希腊对两河流域的称谓，意为“（两条）河流之间的地方”，这两条河指的是幼发拉底河和底格里斯河。苏美尔人于公元前3200年左右发明的楔形文字、 公元前2100年左右尼普尔的书吏学校、三四千年前苏美尔人和巴比伦人的文学作品《吉尔伽美什史诗》、2600多年前藏有2.4万块泥板书的亚述巴尼拔图书馆、有前言和后记及282条条文构成的《汉谟拉比法典》、有重达30多吨的人面带翼神兽守卫的亚述君王宫殿、古巴比伦人关于三角的代数的运算、公元前747年巴比伦人对日食和月蚀的准确预测、用琉璃砖装饰的新巴比伦城和传说中的巴别塔和巴比伦空中花园都是两河文明的代表。由于美索不达米亚地处平原，而且周围缺少天然屏障，所以在几千年的历史中有多个民族在此经历了接触、入侵、融合的过程，苏美尔人、阿卡德人、阿摩利人、亚述人、埃兰人、喀西特人、胡里特人、迦勒底人等民族先后进入美索不达米亚，他们先经历了史前的欧贝德、早期的乌鲁克、苏美尔和阿卡德时代，后来又建立起先进的古巴比伦和庞大的亚述帝国。迦勒底人建立的新巴比伦将美索不达米亚古文明推向鼎盛时期。
MESOPOTAMIA,MESOPOTAMIA,
张,张姓,张姓，中华姓氏之一，是一个典型的多民族、多源流姓氏，主要源自姬姓及少数民族改姓等。张挥为该姓始祖。历史上，西汉时期张耳被刘邦封为赵王，张耳的十七世孙张轨（255年－314年）建立前凉国。张姓在宋版《百家姓》位列第24位。至2007年，根据公安部治安管理局对中国户籍人口的统计分析显示，张姓人口在中国姓氏中排在第3位，共有8750.2万人，占中国人口总数的6.83%。 张的本义是“使弓弦”，把弦绷在弓上，将要开弓，与“弛”相对。引申为开弓、上弦、捕捉、伸展等意义。张，也是星名，属朱雀七宿中的第五宿，天象的排列形状似弓。张是擅长制造弓箭的氏族崇拜的原始天象图腾，进而成为氏族名、地名和姓氏。 
Chang,chang,姓氏英译Zhang，是“张”姓（和其他同音姓如江蒋等）在旧有的中文姓氏英译规则中的英译词。同时chiang也是姓氏蒋的英译。
草裙舞,草裙舞,草裙舞，又名“呼拉舞”，是一种注重手脚和腰部动作的舞曲。草裙舞是夏威夷最有代表性的活动了，它的表演形式多种多样，一个舞者可以表演，一队舞者也能表演。如今的夏威夷人，正是用这种载歌载舞的方式迎接远道而来的客人。然而，夏威夷人并非将其视为一项单纯的娱乐，一段草裙舞可能是在追忆历史、讲述传说、向神灵祈福或者赞颂当地的一位伟大首领。对于他们来说，草裙舞是无字的文学作品，是他们的生命和灵感，也是让外界了解他们的窗口。
子午线,子午线,子午线，又叫作经线，和纬线一样是人类为度量方便而假设出来的辅助线，为地球表面连接南极和北极的半圆弧 。任意两根子午线的长度都是相等的，指示南北方向，且在南极和北极相交。每一根子午线都有数值与它相对应，这个数值就是经度。
Xline,xLine,xLine是一款适用于Mac操作系统的软件。
科唛,科唛,科唛 （COMICA）是深圳市咔莱科技有限公司旗下的子品牌之一，成立于2017年。COMICA，即：‘CAMERA+MICROPHONE’，意为摄影摄像机的机载麦克风。科唛的使命和口号是：专业，专注；研发创新，专注质量。
美凌格,美凌格,美凌格是西班牙一种受人喜爱的甜品（其实就是奶油冰激凌），在皇马风靡整个欧洲的50、60年代，人们喜欢用这个昵称来表达对皇马的喜爱，而且一直沿用至今。西班牙文“LosMerengues”的音译，是足球豪门队伍皇家马德里（RealMadrid）的昵称。今天的年轻人不太常用，老一辈的球迷则不同，每每在讲赢球的时候肯定用美凌格来称呼皇家马德里，而输球的时候就不用了。
梦芭莎,梦芭莎,梦芭莎为时尚供应链管理机构衣路集团旗下核心网络零售平台，2006年12月创立，是中国地区拥有自主品牌的垂直电商平台和时尚产品购物平台。梦芭莎拥有产品设计、品牌推广、供应链全球化、全方位采购、品牌管理、物流配送等综合能力，在美国洛杉矶、纽约，中国香港、上海、广州和北京设有多个设计及产品管理中心，覆盖男装、女装、童装、内衣及化妆品事业等多个领域。梦芭莎致力于为中国消费者提供国际化的时尚产品，环球时尚梦想成真。 
吉米兔,吉米兔,吉米兔属于英国爱丁堡影业集团有限公司旗下品牌班克斯经典卡通形象之一。
leho,乐货,乐货科技是一家专注于年轻人时尚消费领域的互联网公司，拥有国内首款并保持领先的真人秀搭配社区APP“YES想要”，时尚自媒“YEStyle”、时尚视频类IP“YES想要”等。核心宗旨是将购物与时尚社区完美结合，为年轻消费者的个性购物决策提供针对性建议，以及适用、方便、可靠的解决方案。
A,安培,安培（ampere）是国际单位制中表示电流的基本单位，简称安。符号A。为纪念法国物理学家A.安培而命名，他在1820年提出了著名的安培定律。1908年在伦敦举行的国际电学大会上，定义1秒时间间隔内从硝酸银溶液中能电解出1.11800.02毫克银的恒定电流为1安培，又称国际安培。1946年，国际计量委员会（CIPM）提出定义为：在真空中，截面积可忽略的两根相距1米的平行而无限长的圆直导线内，通以等量恒定电流，导线间相互作用力在1米长度上为2×10－7牛时，则每根导线中的电流为1安培，又称绝对安培。该定义经1948年第9届国际计量大会（CGPM）通过沿用至今 。
APOLLO,阿波罗,阿波罗是百度发布的名为“Apollo（阿波罗）”的向汽车行业及自动驾驶领域的合作伙伴提供的软件平台。发布时间是2017年4月19日，旨在向汽车行业及自动驾驶领域的合作伙伴提供一个开放、完整、安全的软件平台，帮助他们结合车辆和硬件系统，快速搭建一套属于自己的完整的自动驾驶系统。 而将这个计划命名为“Apollo”计划，就是借用了阿波罗登月计划的含义。2018年2月15日，Apollo无人车亮相2018年中央电视台春节联欢晚会广东珠海分会场。在春晚直播中，百余辆Apollo无人车跨越港珠澳大桥。 2018年4月19日，百度Apollo开放平台正式发布Apollo2.5版本。 
七色花,七色花,七色花是动画片《花仙子》里面漂亮的花朵，也是一个商业品牌的名字。《七色花》是一篇童话故事，作者为苏联作家瓦·卡泰耶夫，该故事并于1948年拍成同名动画片。
minimum,minimum,minimum，英语形容词、名词。形容词意思是最小的；最低的；最少的。名词意思是最低限度；最小量；最低消费；极小值。
温特,温特,温特原籍南美苏里南。据说温特曾祖父是中国广东人，后来到了苏里南被当作华工，只是不知是否属实。
WINTER,Winter,Winter，冬的英语翻译。一年当中最寒冷的季节，其他的为春、夏、秋。
Natasha,natasha,1981年11月26日生长于伦敦的NatashaBedingfield，父母来自新西兰，先天上来看，她天生就流著爱好自由的血液，后天上来说，她的父母对家里四个小孩的教育更是鼓励他们朝自己的爱好自由发展，先后交互作用，使得Natasha和她的兄弟姊妹—包括她的名歌手哥哥丹尼尔（DanielBedingfield）－从小就都快乐地徜徉在自己的创意天地里。
Stanford,斯坦福大学,斯坦福大学（StanfordUniversity），全名小利兰·斯坦福大学（LelandStanfordJuniorUniversity），简称“斯坦福（Stanford）”，位于美国加州旧金山湾区南部的帕罗奥多市（PaloAlto）境内 ，临近世界著名高科技园区硅谷，是世界著名私立研究型大学 。斯坦福大学占地约33平方公里（8180英亩） ，是美国占地面积第六大的大学 。学术方面，斯坦福大学与旧金山北湾的加州大学伯克利分校共同构成了美国西部的学术中心 。据相关机构统计，截止至2018年3月，共有81位斯坦福校友、教授或研究人员曾获得诺贝尔奖，位列世界第七 ；27位曾获得图灵奖（计算机界最高奖），位列世界第一 ；另有7位斯坦福教授曾获得过菲尔兹奖（数学界最高奖），位列世界第九 。2017-18年，斯坦福大学在世界大学学术排名（ARWU）、QS世界大学排名中均位列世界第二 ，在泰晤士高等教育世界大学排名、usnews世界大学排名中位列世界第三 ；2017年，位列《泰晤士高等教育》世界大学声誉排名世界第三 。斯坦福大学为硅谷（SiliconValley）的形成和崛起奠定了坚实的基础 ，培养了众多高科技公司的领导者，这其中就包括惠普、谷歌、雅虎、耐克、罗技、Snapchat、美国艺电公司、太阳微系统、NVIDIA、思科及LinkedIn等公司的创办人 。此外，斯坦福大学的校友涵盖30名富豪企业家及17名太空员，亦为培养最多美国国会成员的院校之一。根据《福布斯》2010年盘点的亿万富翁最多的大学，斯坦福大学名列第二，亿万富翁数量达28位，仅次于哈佛大学 。
平箫玉笛,玉屏箫笛,玉屏箫笛用贵州玉屏侗族自治县出产的竹子制成，遂因此而得名。玉屏箫笛是中国著名的传统竹管乐器，以音色清越优美、雕刻精致而著称，它是玉屏当地侗、汉、苗、土家等多民族文化发展的结晶，具有较高的历史文化和工艺价值。玉屏箫笛，不仅是一种极好的民族乐器，同时也是一件高雅的工艺品，其历史悠久，驰名中外。玉屏箫笛，音韵清越，工艺精巧，是民族乐器中的精品，是玉屏侗、汉、苗、土家等多民族文化发展融合的结晶。许多箫笛艺人都为它的发展作出过贡献。玉屏箫笛取材于当地的小水竹，竹节长而均匀，壁厚薄适宜，质地坚实。玉屏箫笛现在的高级制作师傅大多出自杨氏，以平海师傅工艺最是老到精湛，其选材非常严格，讲究，工序繁琐细腻。玉屏箫笛的传统雕刻颇具特色。凤翥龙翔，栩栩如生；山水花鸟，清新迷人；草纂隶楷，流畅古雅。箫笛音质纯正，音色圆润，尤其是椭圆形扁箫，音色更佳，为萧中上乘。
科博,科博,里卡多·科博出生于1957年。里卡多·科博作为教师和演奏家，在主流音乐界获得了极高的评价。他被形容为具有伟大成就的吉他演奏家，高度的艺术鉴别力使他成为了国际瞩目的艺术家。里卡多·科博被广泛认为是古典吉他新生代中最重要的大师之一。他生长于哥伦比亚的卡里(Cali)。十七岁那年，他同波哥塔爱乐管弦乐团(OrquestaFilarmónicadeBogotá)合作，通过一个全国电视广播节目，在超过九百万观众面前亮相，这成为他的首次职业性演出。
GAEA,Gaea,希腊神话中的人物，地神溉亚又称大地之母，是希腊神话中最早出现的神，在开天辟地时，由混沌(Chaos)所生。
奎特,奎特,本为叙利亚的神祇，乃爱及美的女神。
BLACKSTAR,Blackstar,发表专辑：BarbedWireSoul(1997)
SOLDIER,Soldier,soldier一词源自意大利文“钱币”和“薪饷”，它作为军事术语最早出现于l5世纪的意大利，当时指领取军饷的雇佣军人。后来经法国人传到其他国家，被许多国家的雇佣军所采用。soldier一般指的是士兵，即“普通士兵”，不同于士官（职业士兵）。在我国，新入伍的公民接受两个月的基础训练后即为士兵。经典的士兵题材影视作品有《士兵突击》《我是特种兵》《武警特警》等
shannon,Shannon,香农英文全名为ClaudeE.Shanon，被誉为信息论及数字通信之父。
阿玛蒂,阿玛蒂,作为国内软体家具第一品牌的爱依瑞斯家具集团研发团队致力于健康睡眠的寝具研发，精益求精，不断地尝试和探索，经过多年的研发和设计沉淀，爱依瑞斯旗下的又一奇葩——阿玛蒂真皮寝具于2011年9月7日在广州国际家具博览会隆重面世 。意大利潮流风格品牌——Amatii，一经推出便得到了高端人士的追捧与青睐，意大利原创的品位格调，佛罗伦萨的异域温情，包含艺术气息的人文气质，让Amatii真皮寝具走向潮流之巅。阿玛蒂真皮寝具，以精良的皮革为面料，凸显具有贵族感的软体寝具，配备优质的排骨架、欧洲进口F☆☆☆☆爱格板床箱及精致床品，凝炼出高端优质的寝具。
瑞银,瑞银,国投瑞银基金管理有限公司是中国第一家外方持股比例达到最高上限（49%）的合资基金管理公司（公司前身为成立于2002年6月的中融基金管理有限公司）。公司股东为全球领先的瑞士银行集团及国投信托投资公司（国家开发投资公司的全资子公司）。公司的目标是建立在品牌认知、公司规模、投资业绩、产品创新、诚信声誉均达到一流的资产管理公司。
雷克伍德,雷克伍德,
可来赛,可来赛,美丽的东海港城--宁波，因7000年“河姆渡文明”之传承而发展的现代企业文明，如煜煜闪耀的星光，昭示着一个后“河姆渡文明”—企业文明之新时代的到来！可来赛玩具，系德国注册的品牌，是首批取得中国国家商检局颁发的出口玩具质量许可证的木制玩具，其品牌的“航母”基地是创建于1998年的宁波市恒兴玩具有限公司，是集儿童智力木制玩具开发、生产和营销为一体的现代化规模企业，拥有生产厂房20000多平方米，员工500多名。培养了自己精湛的科技研发团队，其中包括聘有欧洲知名的高级工程师、图案设计师及相关的高级技术人员，专事益智玩具、环保玩具及未来儿童概念玩具、高新技术玩具等新产品的开发。目前“classic”（可来赛）玩具文化的品牌影响力已辐射到世界的60多个国家和地区。
伟易达,伟易达,VTECH伟易达简介伟易达于一九七六年成立，企业文化植根于「科技和创新」，集团于二零零五财政年度共投资三千八百五十万美元于产品研究及开发，并推出多款创新及优质产品。集团的总办事处设於香港特别行政区，而完善的生产设施则设于中国，业务遍布十个国家，并在全球聘用约二万二千七百名员工，其中包括约八百八十名科研专才。集团在加拿大、中国香港及中国均设有产品研究及开发中心，透过此庞大网路，集团便能紧贴世界各地的最新技术及市场发展趋势。
塔罗,塔罗,占卜用具，通过在指定位置（牌阵）上放置随机抽取的卡牌，分析牌面的象征意义对问题作出解释。常见于西方占卜中，偏向于心灵占卜。关于“塔罗”一词的含义，流传甚广的是“王道”的意思，但在古埃及的象形文字含义之谜破解之后，此说法便已站不住脚。塔罗的真正来源还在考证之中。
艾莫,艾莫,艾莫，加拿大互动成功集团董事长，香港互动国际训练机构总裁、互动企管顾问（中国）有限公司总策划、香港保险精英培训中心主任、美国艾莫成功学有限公司总裁、华夏智业首席执行师。
克拉克,克拉克·肯特,克拉克·肯特（ClarkKent）即超人（Superman），是美国DC漫画旗下超级英雄，初次登场于《动作漫画》（ActionComics）创刊号（1938年6月），由杰瑞·西格尔（JerrySiegel）和乔·舒斯特（JoeShuste）联合创造，是漫画史上第一位超级英雄。本名卡尔-艾尔（Kal-El），出生于氪星（Krypton）。在氪星面临毁灭之际，他的父母为其找到了浩瀚宇宙中的新家园-地球，并用飞船送走了尚在襁褓中的爱子。飞船坠落在美国堪萨斯州的斯莫维尔（Smallville），卡尔被农场主肯特夫妇拾获，并以克拉克·肯特（ClarkKent）的地球名字抚养长大。成人后，克拉克成为大都会（Metropolis）《星球日报》的一名记者。他有着与生俱来的超能力和极强的正义感与同情心，每在危难时刻，便穿上蓝色紧身衣，披上红色斗蓬，化身超人挺身而出，行侠仗义，拯救世人。 
诗帝堡,诗帝堡,诗帝堡创立于1877年4月9日，是一家钢琴制造商。
雅韵,雅韵,常用作形容一种高雅的风韵，雅致的气韵，或指优雅的音韵。雅，有美好、高尚之意。韵，有风度、气质、节律之意。拼音：yǎyùn
万菊根,万菊根,万菊根，男，1941生，南昌市胜利花炮社学徒。
蜜蜂,蜜蜂,蜜蜂（Bee/Honeybee）在昆虫分类学上属于膜翅目、细腰亚目、针尾部、蜜蜂总科、蜜蜂科昆虫的统称，是膜翅目重要的类群。根据化石资料，蜜蜂在第三纪晚始新世地层中己大量发现，蜜蜂科的许多种类具有巨大的经济价值，与人类生活密切相关。在中国古代就有对蜜蜂及其用途的记载。不少种类的产物或行为与医学(如蜂蜜、王浆、蜂毒)、农业(如作物传粉)、工业(如蜂蜡、蜂胶)有密切关系，它们被称为资源昆虫。最为人们所熟悉的是人工驯养用来酿蜜的意大利蜜蜂和东方蜜蜂 。
奇多,奇多,奇多（Cheetos）是美国知名的膨化食品品牌，由菲多利公司生产制造。奇多产品主要由玉米和水混合加热，并由专业模具压制而成，具有特殊的口感，主要有油炸式和烘干式两种产品。
guina,南美林虎猫,南美林虎猫（学名：Oncifelisguigna）：是美洲最小的猫科动物，体重为1.5-2.8千克，头体长37-51厘米，尾长19-25厘米。尾巴短而毛发浓密，尾长不到身长的一半。体毛为黄褐色或红褐色，有深色斑点，并配以深色的圆形斑点，到了肩部和头部则成了条纹。通体黑色的变种也很多见。栖息在雨林、落叶林、灌木及针叶林中，主要以小型啮齿类和鸟类为食。仅生活在智利和阿根廷两国。
ELC,ELC,ELC是历史上法国研制的空降轻型坦克。 1956年，法国国防部启动了ELC计划，目的是设计一款可以空运的轻型装甲车辆。AMXELC是一种外形低矮，安装双人炮塔的轻型坦克。
叽叽歪歪,叽叽歪歪,叽叽歪歪，汉语词语，来源于生活中的口语，原意形容说话或做事啰嗦烦琐不干脆。
古月,古月,古月（1937年-2005年7月2日），男，1937年出生于湖北汉口。1949年参军，曾为昆明军区文化干部，八一电影制片厂演员。1978年被叶剑英圈定为扮演毛泽东的特型演员 。27年间，在87部影视作品中出演毛泽东。是最形似的毛泽东饰演者。1990年第十三届大众电影百花奖最佳男演员奖《开国大典》1993年第十六届大众电影百花奖最佳男演员奖《毛泽东的故事》。2005年7月2日在广东省因大面积心肌梗塞，抢救无效去世，享年68岁。 
SHURE,舒尔,舒尔有限公司成立于1925年，是公认的世界领先麦克风和音频电子产品制造商。多年来，公司设计和生产了各种各样高质量的、供消费者及专业人士使用的音频产品，为进入个人音频世界提供了媒介。舒尔多样化的产品包括国际水平的麦克风、高级无线音频系统、高质量的唱头、混音器、数字信号处理器、以及个人监听系统。 舒尔能成为世界麦克风名牌，当归功于舒尔创办人（S.N.Shure）倡导的“全面质量管理经营哲学和完善的售后服务。舒尔能稳守麦克风领导者的先驱角色，是长久耕耘和积累的结果。今天的舒尔，依然贯彻着“ThePerformanceNeverEnds(创业无止境)”的信念，创造着更美好的明天。 
ROCK YOU,rock you,《RockYou》是邓宁演唱的歌曲，歌曲由邓宁填词，由韩星洲、邓宁谱曲，在MV中邓宁变身为桀骜不驯的摇滚舞者，MV由徐明执导，歌曲MV于2012年1月18日发布。
简韵,简韵,简韵家具英文名为：ChienYunfurniture，成立于2000年8月1日，产品主要乌金木、胡桃木等多个木种系列。
Monkey Banana,Monkey banana,《Monkeybanana》是一款系统安全类软件，运行环境支持Android1.6。
IM,智能制造,智能制造，源于人工智能的研究。一般认为智能是知识和智力的总和，前者是智能的基础，后者是指获取和运用知识求解的能力。智能制造应当包含智能制造技术和智能制造系统，智能制造系统不仅能够在实践中不断地充实知识库，而且还具有自学习功能，还有搜集与理解环境信息和自身的信息，并进行分析判断和规划自身行为的能力。
cross,cross,cross是函数名，其功能是计算器向量积。
澳贝,澳贝,“澳贝”是由国内知名玩具品牌“奥迪双钻”潜心研究的婴幼儿玩具，2006年成立于广东。此系列玩具专门为中国0-3岁的小宝宝研究和设计，以“成为中国宝宝最好的成长伙伴”为品牌理念，每一款产品都具有丰富的功能和独特的外观设计。
美诗特,美诗特,“美诗特”传达了一种以客户为核心的价值观，一种美学、声学与科技的合成，体现了现代企业文化的追求和市场理念。
精灵树,精灵树,
正番鸭,正番鸭,正番鸭与普通番鸭相比，外貌上有着明显的区别，正番鸭鼻子是红的，有一小团瘤，脚较短等特点，从这些方面都可以分辨正番鸭与普通番鸭。
rockyou,Rockyou,2005年11月14日，RockYou成立，专为用户提供照片和照片连续播放服务（幻灯片，由Flash支持）。RockYou已分别吸引来自红杉创投、LightspeedVenturePartners、PartechInternational、门罗公园创投DCM和软银的三轮投资。
喧天,喧天,喧天是汉语词语，形容声音很大，响彻天空。
空谷,空谷,空谷校园网是由广西大学文学院主管、面向全国青年大学生的先锋性、公益性网站。
踏古,踏古,《踏古》是《琵琶相》中又一不同风格出现的经典力作，琵琶高音袅绕，缓缓飘浮云际，以人声配搭琵琶，有着峰回路转之感，表现了思念的惆怅。乐曲中琵琶唱出纯真音色弦乐，像是暮色一屡屡，点缀琵琶演绎的如诗如画。
二十四桥,二十四桥,二十四桥是古代桥梁建筑的杰作，位于江苏省扬州市，历史上的二十四桥早已颓圮于荒烟衰草。现今扬州市经过规划，在瘦西湖西修长桥，筑亭台，重修了二十四桥景点，为古城扬州增添了新的风韵。二十四桥为单孔拱桥，汉白玉栏杆，如玉带飘逸，似霓虹卧波。该桥长24米，宽2.4米，栏柱24根，台级24层，处处都与二十四对应。
Fg,fg,
远扬,远扬,远扬是一个词语，拼音是yuǎnyáng，解释是传到很远的地方。
卡萝,弗里达·卡罗,弗里达·卡罗（FridaKahlo1907年7月6日－1954年7月13日）是一位知名的墨西哥女画家。弗里达的本名是MagdalenaCarmenFriedaKahloyCalderón，她出生在墨西哥城南部的科瑶坎（Coyoacan）街区。父亲是德裔犹太画家与摄影师，家族来自罗马尼亚的欧拉地Oradea（二战前是匈牙利属地）。
Carrol,Carrol,
爱维德,Avid,Avid(韩国雅妃德）株式会社是韩国化妆品OEM/ODM企业之一，专门从事海外化妆品研发及输出。主要代表产品为完美BB霜，曾连续180周位于乐天网络销售BB霜一位。公司总部位于美丽的仁川市，中国总部位于广州市。
AVID,Avid,Avid(韩国雅妃德）株式会社是韩国化妆品OEM/ODM企业之一，专门从事海外化妆品研发及输出。主要代表产品为完美BB霜，曾连续180周位于乐天网络销售BB霜一位。公司总部位于美丽的仁川市，中国总部位于广州市。
三有,三有,三有者。谓欲界色界无色界。六道众生。各随所作善恶之业。即感善恶之报。因果不亡。故名为有。(六道者。天道。人道。修罗道。饿鬼道。畜生道。地狱道也。)
HERCULES,赫拉克勒斯,赫拉克勒斯（Ηρακλής），是古希腊神话中最伟大的英雄。是主神宙斯与阿尔克墨涅之子，因其出身而受到宙斯的妻子赫拉的憎恶。他神勇无比、力大无穷，后来他完成了12项被誉为“不可能完成”的任务，除此之外他还解救了被缚的普罗米修斯，隐藏身份参加了伊阿宋的英雄冒险队并协助他取得金羊毛。赫拉克勒斯英明一世，却最终遭第二任妻子误会，并在他的衣服上涂了毒，难耐痛苦而自焚身亡，死后升入奥林匹斯圣山，成为大力神，他惩恶扬善，敢于斗争。在如今的西方世界，赫拉克勒斯一词已经成为了大力士和壮汉的同义词。
BARI,巴里人,巴里人是位于苏丹南部朱巴(Juba)附近的民族。
Relax,RELAX,RELAX，词典释义，松弛，松懈，放松。
灵韵,灵韵,灵韵，不用平常的感觉器官而能使精神互相交通，亦称远隔知觉。或指无意识中突然兴起的神妙能力。或指作家因情绪或景物所引起的创作情状。
极风,极风,极风所属现代词，指的是天文学专有名词。
Blast,BLAST,BLAST是英语BellLabsLayeredSpace-Time的缩写，是一项新的通信技术，它采用多天线系统利用多径传播效应以达到提高频谱利用率的目的。如今BLAST技术已经与OFDM（正交频分复用）以及自适应编码(AdaptiveCoding)技术一道被公认为3G(BeyondIMT2000)时代以至4G的三大关键的空中接口技术。
Cikoo,CIKOO,CIKOO ，深圳斯高玩具有限公司旗下玩具品牌，成立于2012年
欢趣,欢趣,欢趣是一个汉语词语，读音是huānqù，指乐趣。
可爱布丁,可爱布丁,
唐风,国风·唐风,《国风·唐风》是《诗经》十五国风之一。为先秦时代唐国（晋国）民歌，有些诗以冷嘲热讽的笔调形象地揭示出奴隶主贪婪成性、不劳而获的寄生本性；有些诗写征夫思家恋土和对战争的哀怨；有些诗记叙了奴隶一年四季的劳动生活，还有不少诗表现了青年男女的爱情生活。《国风·唐风》从不同的角度反映了西周时期不合理的兵役制度和战争徭役给人民带来的无穷痛苦和灾难。这些诗都是有感脱口而出，直吐心曲，坦率真挚，语言自然中节，不加修饰。
SE,Se,Se是一个多义词，可以指一种化学元素，也可以指系统架构师、SE=SolidEdge（三维计算机辅助设计软件）、SE=SearchingEngine（搜索引擎）、SE=SoftwareEngineering（软件工程）、SE=SonyEricsson（索尼爱立信）等等.
多尔,托马斯·多尔,托马斯·多尔（ThomasDoll1966年4月9日--）德国足球界人物。球员时期司职中场，曾为德国国家队出战49场。效力过罗斯托克、法兰克福、汉堡等俱乐部，也曾在意甲拉齐奥、巴里队征战。退役后转任教练员，于2005-06赛季率汉堡杀进欧冠联赛，并当选德甲年度最佳教练。2007年3月至2008年5月执教多特蒙德，后曾在土耳其、沙特豪门阿尔希拉尔执教。
阿狸,九尾妖狐,九尾妖狐·阿狸是电子游戏《英雄联盟》中的英雄之一，是S2为了庆祝韩服开服而登场的英雄。九尾妖狐是一个高技能伤害的英雄，她可以不断在团战边缘游走并且凭借自己短CD的技能持续输出伤害。 并且漂亮的法师型刺客，声音甜美销魂，身材苗条性感，是造型控的首选之一。
宝丽,宝丽,宝丽POLA，是日本化妆品企业宝丽奥蜜思控股（POLAORBISHOLDINGS）旗下品牌，创立于日本静冈，在日本被誉为“化妆界四大花旦之一”。POLA基于皮肤咨询分析系统缔造每一个人独特"肌肤之美"，通过丰富内在和提供整体时尚理念来实现感性之美，以扎实的技术和细心周到的想法，历经10年、20年孕育出与肌肤相称的"美丽关系"。这些理念，帮助POLA提出"支持顾客一生的美丽"的承诺。2017年11月25日，POLA（宝丽）的一家门店公然贴出“中国人禁止入内”的告示。此举在华人中引起了强烈反响，并激起了国人的怒火。对此，POLA在官网上刊登出中日双语道歉书，并表示已撤掉那张“中国人禁止入内”的告示。
Baoli,印度阶梯井,印度阶梯井（英语：Stepwells；印度语bawdi、baoli）是古代印度文明的一个标志性建筑物，提供了蓄水，纳凉等多种用途，阶梯井的设计目的是蓄水的同时，可以让民众比较容易的接近水源，通常阶梯井底部也会有闸门用以提升水位，在需要用水的季节将水位升至3-4层的位置。这种阶梯井一般都在地底下直通一座蓄水深池，而且人们全年都可以取得地下水。它的阶梯式结构是古印度人最高明的发明，体现了干旱地区人们的日常生活及宗教需求，同时展现了古印度石匠的高超技术。
启蒙,启蒙,(1)∶开导蒙昧，使之明白事理。 泛指通过宣传教育使社会接受新事物而得到进步的运动。①开发蒙昧，使明白事理。特指教育童蒙，使初学者获得基本的、入门的知识：祛蔽启蒙|启蒙教育。②指普及新知，使社会接受新事物，摆脱愚昧和迷信：启蒙运动。
ENLIGHTEN,enlighten,enlighten是一个英语单词，意思是启发，启蒙。
ROTOSOUND,Rotosound,
Rm,rm,rm（RepetitionMaximum）是健美术语，通俗的说，在健身领域，“RM”是一个带有单位性质的词语，用于描述训练时应选择的重量是怎样一个度。
奥斯尼,奥斯尼,奥斯尼（GaniyuOseni），尼日利亚籍足球运动员，现效力于基肯隆银行，在场位置为前锋。
豪威尔,豪威尔,血型：O型血场上位置：中后卫合同到期：2007-08-01身高：180厘米体重：66公斤惯用脚：右脚
LEVY'S,LEVY'S,
星云,释星云,释星云（1927年8月19日－），俗名李国深，法号悟彻，其信徒常称之为星云大师。江苏扬州（江都）人，十二岁于南京栖霞寺礼志开上人出家，是临济宗第48代传人。1945年入栖霞律学院修学佛法。1949年春，组织僧侣救护队来台湾。1967年创建佛光山，并出任佛光山寺第一、二、三任住持。其先后在世界各地创建200余所道场，并创办美术馆、图书馆、出版社、书局、中华学校、佛教丛林学院及大、中、小学等数十所。曾主编《人生》、《今日佛教》、《觉世》月刊等佛教刊物。曾任中国国民党党务顾问、中央常务委员。现任国际佛光会世界总会会长，南京大学中华文化研究院名誉院长等职。
HABA,HABA,HABA是“HealthAidBeautyAid”的缩写，意为健康与美丽的好帮手。HABA以“追求真正的美丽”，唤醒肌肤与生俱来自然治愈力，只给肌肤补充绝不超过最低限度的所需，绝对不添加刺激或损害肌肤的成分为经营理念。
TMAX,Tmax,Tmax(TransactionMAXimization)是TmaxSoft高级的事务处理监控器(TP-Monitor交易中间件)解决方案，可以最大化系统交易处理的潜能。
捣蛋鬼,小魔怪,《小魔怪》是乔·丹特执导，扎克·加利根、霍伊特·阿克斯顿等参演的美国电影。该片于1984年6月8日在北美地区上映。该片讲述一个发明家古董店购买了一只小魔怪给儿子当圣诞礼物，结果因违反饲养规则引来灾难的故事 。
春秋,春秋,春秋时期是中国历史东周前半期历史阶段。自公元前770年至公元前476年（一说公元前453年，另一说公元前403年））这段历史时期，史称“春秋时期”。 鲁国史官把当时各国报导的重大事件，按年、季、月、日记录下来，一年分春、夏、秋、冬四季记录，简括起来就把这部编年史名为《春秋》。春秋时期开始于公元前770年（周平王元年）周平王东迁东周开始的一年，止于公元前476年（周敬王四十四年），战国前夕，总共295年。一说止于公元前453年，韩赵魏灭智氏。又一说止于公元前403年，三家分晋。
双溪,杭州双溪漂流旅游景区,杭州双溪漂流旅游景区有“江南第一漂”之称的杭州双溪漂流位于杭州市西北30公里处的径山镇，杭州双溪漂流景区范围7.5平方公里，杭州双溪漂流景区先后被命名为浙江省消费者信得过单位、杭州市消费者信得过单位、重合同守信用单位、浙江省假日旅游服务优秀单位、文明单位、爱国卫生先进单位、抗非先进集体、浙江十佳优秀休闲胜地、杭州市对外传播采访基地等等，并已通过ISO9001质量管理体系、ISO14001环境管理体系认证。2004年12月杭州双溪漂流被国家旅游局评定为AAAA级景区。
shining,Shining,《shining》是陈信延、黄文萱作词，JeongHoon作曲，王心凌演唱的一首歌曲，该歌曲收录于王心凌2009年发行的专辑《心电心》中。 
迪邦,迪邦,迪邦是奥地利的足球运动员，任后卫。
RC,RC,RC=ReleaseCandidate含义是"发布候选版"，它不是最终的版本，而是最终版(RTM=ReleaseToManufacture)之前的最后一个版本。广义上对测试有三个传统的称呼：alpha、beta、gamma，用来标识测试的阶段和范围。alpha是指内测，即现在说的CB，指开发团队内部测试的版本或者有限用户体验测试版本。beta是指公测，即针对所有用户公开的测试版本。然后做过一些修改，成为正式发布的候选版本时叫做gamma，现在叫做RC（ReleaseCandidate）。
尼科罗,尼科罗,尼科罗·帕格尼尼（NiccoloPaganini1782-1840）意大利小提琴家、作曲家。为音乐史上最负盛名的演奏家之一，被称为小提琴魔术师。他最辉煌的成就在于演奏自己的作品，他身材瘦长，拉琴时情绪激越，如痴如醉。
VORTEX,vortex,Vortex可以处理多刚体系统动力学、碰撞干涉、干涉响应等高度真实的车辆动力学问题。
ARTURIA,阿尔托利亚·潘德拉贡,阿尔托利亚·潘德拉贡，日本文字冒险游戏《Fate/staynight》及其衍生作品中的主要角色，身份为古不列颠传说中的亚瑟王。性格忠诚正直，谦逊有礼，个性认真。因有圣剑Excalibur的传承，在第四、五次圣杯战争中一直以「Saber」职阶被召唤到现世。
TK,丰子恺,丰子恺（Zikai·Feng，1898年11月9日－1975年9月15日），光绪二十四年生，浙江省嘉兴市桐乡市石门镇人。原名丰润，又名仁、仍，号子觊，后改为子恺，笔名TK，以中西融合画法创作漫画以及散文而著名。丰子恺是中国现代画家、散文家、美术教育家、音乐教育家、漫画家、书法家 和翻译家。
清和,清和,清和，汉语词汇。拼音：qīnghé词性：形容词；名词释义：1、天气清明和暖。2.清静和平。形容升平气象。3.清静和平。形容人的性情。4.声音清越和谐。5.诗文清新和顺。6.农历四月的俗称。
皇室,皇室家族,《皇室家族》是韩国MBC电视台于2011年3月2日起播出的水木迷你连续剧，改编自日本作家森村诚一的长篇推理小说《人性的证明》。由金道勋执导，权音美编剧，廉晶雅、池城、金英爱、车艺莲、全卢民主演 。该剧主要以财阀家庭为背景，讲述了一个影子般生活的女人起伏的人生故事 。
冬己,冬己,冬己，来自韩国的疯狂的四岁女孩ddung。ddung是一个四岁的小女生，可别以为她年纪小就啥都不懂喔。她懂的许多，冬己娃娃是款名副其实的“娃娃”，一脸的童真和超级可爱的造型，远离了奢华的珠光宝气，多了一分天然的质朴，让你爱不释手。
DDUNG,ddung,冬己（ddung）是由韩国DesignSeol所创作，作者的创作灵感来自她四岁的小侄女，因为她侄女经常有令人哭笑不得的超龄演出，使得创作者将她侄女"小大人"的特色，透过ddung这个角色，发挥得淋漓尽致，看过她的动画更是令人拍案！
英雄,英雄,《英雄》是张艺谋执导的武侠电影，由李连杰、梁朝伟、张曼玉、陈道明、章子怡及甄子丹主演，于2002年12月14日上映。电影主要讲述战国末期，七雄并起，惟秦国最为强大，急欲吞并六国，一统天下。为对抗秦国的吞并，六国各地侠客欲刺杀秦王的故事 。该片中国内地票房达2.5亿元人民币，是2002年华语电影票房冠军，全球票房共计1.77亿美元（约合14亿元人民币） 。影片被美国《时代周刊》评为2004年度全球十大佳片第一名 ，提名奥斯卡金像奖和美国电影金球奖最佳外语片，获得多个国内外电影奖项 。
HERO,金在中,金在中（KimJaeJoong），原名“韩在俊”。1986年1月26日出生于韩国忠清南道公州市，是兼具歌手、演员、词曲制作人、设计师、舞台导演的多重身份艺人。2003年，作为东方神起成员出道成名，担任组合主唱。2009年，首次主演爱情片《天国的邮递员》 。同年孑然一身退出原组合，但是遭到韩国和日本原经纪公司联手封杀。2010年，以JYJ成员身份活动，并且参演日剧《无法坦诚相对》 。2011年，参演爱情剧《守护BOSS》，获得SBS演技大赏最佳新人奖 。2012年，全面展开个人SOLO活动。8月参演古装剧《仁医》，并且演唱的主题曲获得第8届首尔国际电视节最佳OST奖 。11月主演喜剧片《胡狼来了》 。2013年，1月发行首张个人迷你专辑《I》及后续专辑《Y》 。4月自创箱包品牌MOLDIR 。10月发行首张个人正规专辑《WWW》 。该年两轮亚洲巡演总共动员23万人次，并且以34万张的销量成为了年度SOLO歌手第一名 。2014年，1月发行后续专辑《WWW卸妆》 。5月主演亲情剧《Triangle》，获得第7届韩国电视剧节男子最佳演技奖 。2015年，1月主演谍战剧《SPY》 。3月以陆军现役参军入伍 。2016年，2月发行正规二辑《NO.X》 。12月正式退伍 。2017年，1月获得第31届韩国金唱片大赏亚洲人气奖 。8月主演爱情剧《Manhole》 。12月获得第7届韩国韩流大奖大众文化大奖。2018年，6月发行首张日本单曲《Sign/YourLove》 。演艺事业外还热衷于公益慈善，不仅多次向慈善机构捐赠善款和物品，还担任众多形象宣传大使。
蜜蜂牌,蜜蜂牌,蜜蜂牌是世界赌场中专用的牌，也是专业赌博不可缺少的扑克牌。特点是牌背花纹单一，而且无边，有防止赌徒出千之用途。也有一部分舞台魔术采用这一类的牌，像美国的魔术师，有魔术校长之称的杰夫.迈布莱德也钟爱着一类的牌。
Bee,楠迪·宗拉维蒙,楠迪·宗拉维蒙（Bee），1982年11月23日出生，泰国模特、演员、歌手。 2006年和Pong搭档主演的电视剧《凤凰血》，出演角色楠凤 。2009年主演电视剧《天使之争》 。2011年主演电视剧《嫉妒的深海》引入中国 。
MELON,MelOn,MelOn大赏，又称“Melon音乐颁奖典礼”（MelOnMusicAwards简称：MMA）是韩国LOENEntertainment的在线音乐网站“MelOn”自2009年开始每年举办的韩国主要音乐颁奖礼，只遵循该网站数位音乐销售量和网上投票来决定得奖者。2009年，Melon首次举行实体的颁奖礼，并且获得了很高关注。至今，每年都有许多知名的艺人均有参与或出席颁奖礼。
白领公社,白领公社,白领公社是中国首家白领群主题的综合型B2C电子商务门户级购物网站，也是目前网购平台中最早集渠道拓展、在线订购、售后服务、会员之家于一体的知名品牌。产品涵盖女装、男装、袜子、丝巾、领带、首饰、配饰、创意办公桌面用品和便携用品等九大领域。支持14天退换货保障，100%正品保障，以及独家“六星评级”商品质量保障体系，力求打造360度全方位“品质网购”的购物体验环境。自白领公社上线以来，已凭借简单、快捷、人性化的购买方式和物美价廉的性价比优势，带给白领群体前所未有的新型购物体验，并已成为白领群体网购首选对象。
牧川,牧川,
阿丙,阿丙,
伯恩,伯恩,伯尔尼（Bern）是瑞士的首都和伯尔尼州的首府，位于瑞士的中西部。阿勒河把该城分为两半，西岸为老城，东岸为新城，横跨阿勒河的7座宽阔大桥把老城和新城连接起来。伯尔尼气候温和湿润，冬暖夏凉。伯尔尼约有人口15万（到2009年1月为止），是瑞士第四大城市。到2009年1月为止，伯尔尼仍然是瑞士的政治和文化中心。
SF,顺丰速运,顺丰速运是一家主要经营国际、国内快递业务的港资快递企业，于1993年3月26日在广东顺德成立。顺丰速运是中国速递行业中投递速度最快的快递公司之一 。2016年5月23日，顺丰股权置换欲借壳上市，资产作价433亿元  。2017年2月24日，顺丰控股在深交所举行重组更名暨上市仪式，正式登陆A股。2017年6月1日凌晨，顺丰宣布关闭对菜鸟的数据接口。2017年从6月3日中午12时起，全面恢复业务合作和数据传输。2017年11月20日，三架波音747飞机在深圳中院的指导下在阿里巴巴旗下拍卖平台正式开拍，顺丰航空有限公司分别以1.607808亿元和1.620386亿元拍下其中两架飞机，总共耗资3.2亿余元。 2017年12月20日，湖北国际物流核心枢纽项目在湖北鄂州开工建设，将为打造全球第四个、亚洲第一的航空物流枢纽奠定坚实基础。 
娃娃博士,娃娃博士,娃娃博士，指的是邓稼先，因为他抱着学更多的本领以建设新中国之志，他于1947年通过了赴美研究生考试，于翌年秋进入美国印第安那州的普渡大学研究生院——由于他学习成绩突出，不足两年便读满学分，并通过博士论文答辩。此时他只有26岁，所以人称“娃娃博士”。
面包超人,面包超人,《面包超人》是1988年10月3日（关东地区）日本TV系列广播电台制作的儿童动画。2008年10月3日纪念本动画播放20周年，成为了长寿番组。同时，2009年8月28日，迎来了本作放送的第1000话。
渔夫,渔夫,渔夫，泛指捕鱼的人，包括渔民，属第一级产业的职业。渔夫每次捕鱼时要使用一些工具，再拿到市场贩卖。
麦肯齐,麦肯齐,麦肯齐是一名后卫，现在效力于肯萨斯巫师足球俱乐部。
797,797,797是邯郸市玉龙计算机科技有限公司经国家商标局合法注册的一个商标，注册号是6652725。
奔牛,奔牛,奔牛是汉语词汇，拼音bēnniú，出自《史记》。战国时燕攻齐，围即墨。齐将田单用牛千馀头，灌脂束苇于牛尾，燃之，牛惊，突奔燕军，燕军大溃。
BLUEBEE,BlueBee,蓝蜜蜂记账系统是专门为个体商户打造的一款免费、流行的进销存记账系统.系统紧紧围绕个体商户的进货、销售、统计这条业务主线。它广泛适用于电脑硬软件、化妆品、日用百货、五金建材、数码电器、电子元器件、服装、食品、药品、物资等等批发或零售门店的进销存管理。改产品系统简单易用，小巧灵活方便，无需专门培训，无需专业知识，使您轻松记账，方便管理，最终让您的更多精力投放的生意经营之中。
木玫瑰,木玫瑰,WoodRose起源于英国，是MEREDITHANN(UK)HOLDINGSLTD中文译名：梅瑞迪斯·安（英国）控股有限公司旗下的高级化妆品牌，于2012年正式进驻中国市场。自创立之初，WoodRose便延续了公司对优雅、奢华的独特品位追求，以全球一流的原料供应及世界顶级制作工艺为各年龄阶段女性打造专属自己的精致面容。能够拥有一支“WoodRose木玫瑰”，已成为现代女性优雅品位与贵族气质的象征。
Blue Grass,blue grass,bluegrass香水由乔治·福克斯(GeorgeFuchs)调配，他是佛拉格那德企业(Fragonard)的老板，现在还在格拉斯调制香水。畅销60多年不衰，拥有ElizabethArden历史的香水---BlueGrass青青芳草女香。1936年出品，曾一度中止生产，1989年再版。现在依然是相当人气的花香调系列的神秘名香之一，稀少品。1936年推出相当受欢迎的“青青芳草”(BlueGrass)，这款香水的名字使人想到她在弗吉尼亚的养着马匹的故居。
其它,其它,其它，即"其余的它者"，物主代词。在“其他”作人称代词时，其他与其它是区别的；在“其他”表示其余者而用于物称时，二者就可以换用。古汉语里有的也写作“其佗”，佗是物主代词，如《左传·隐公元年》”佗邑唯命“，它也是物主代词，如《后汉书·列女传》”无它异“。佗、它通假而用，类似通假在先秦秦汉是普遍现象。古汉语不区分其他与其它，现代汉语里他作为人称代词而它作为物主代词了，因此，在现代汉语环境，谈物时，用“其他”是继承古代用法，用“其它”是新环境里的合逻辑用法，都可以。
ERNIE BALL,Ernie Ball,ErnieBall覆膜Slinky琴弦采用了琴弦制造业的最新技术，所有缠绕琴弦都经过极薄的珐琅质覆膜处理，抵抗腐蚀氧化的能力是未覆膜琴弦的5倍。非缠绕琴弦采用了耐腐蚀镀层处理同时运用了我们专利技术的钛加固保护。钛金属具有很好的强度，在琴弦尾部采用的钛加固措施能避免琴弦断裂，移位，与传统非缠绕弦相比，经过钛加固的非缠绕琴弦具有更好的音准维持能力。ErnieBall覆膜Slinky吉他弦在保留了常规琴弦的音色及手感的同时，给ErnieBall超过50年的经典音色赋予了更强的保护。
PUNK,punk,
rockman,rockman,rockman，洛克人﹝日称ロックマン/Rockman，美称MegaMan﹞，是游戏开发商Capcom﹝卡普空﹞中的稻船敬二﹝稲船敬二/KeijiInafune﹞所造的游戏系列。现已渐渐发展成五个大分支系列。
玛蒂尼,玛蒂尼,玛蒂尼martini精致的时间指针，分分秒秒的在三百六十度的循环圈里不停的循环转动，精细的指针，大气而高端魅惑的外观，简约又不失时尚的设计风格，让martini的魅力如女性的性感妖娆一般散发着醇馥而优雅的气质，是上帝的巧手和时间塑造了温柔优雅的女人，是玛蒂尼martini让女人们在任何一个场合都能美的迷离。玛蒂尼martini成就了极致性感风情的女人。女人白皙手腕上的风景，只钟情于高贵的玛蒂尼martini名表。
鲍德温,斯坦利·鲍德温,斯坦利·鲍德温爵士（SirStanleyBaldwin，1867年8月3日—1947年12月14日），英国首相，波德利的鲍德温伯爵（1stEarlBaldwinofBewdley），保守党领袖。鲍德温爵士曾获得嘉德勋章，PrivyCounciloftheUnitedKingdom英国保守党政治家。曾3次出任首相（1923～1924，1924～1929，1935～1937）。其第一届政府因保护关税事件而结束。在第二届任期中促进结束了1926年的英国工人大罢工。其第三届政府经历了法西斯主义在欧洲的崛起和爱德华八世退位而引起的英国君主制度危机等事件，并因漠视法西斯主义对和平构成的威胁而受到猛烈抨击。
Killer,KILLER,AliceCooper1969年发行了他们的处女作《PrettiesforYou》，1970年初又发行了《EasyAction》但均石沉大海，乐队在洛杉矶看不到前途，于是来到Furnier的家乡底特律。乐队将他们古怪的舞台风格进行了精炼，1970末乐队签约于华纳唱片，在制作人BobEzrin的协助下，乐队在第三张专辑《LoveIttoDeath》中发展了他们经典的重金属风格。
大猩猩,大猩猩,大猩猩（学名：Gorilla）：是灵长目人科人亚科大猩猩属类人猿的总称。分两个物种——“东非大猩猩”和“西非大猩猩”。是现存所有灵长类中体型最大的种，四足状态肩高0.85米左右，站立时高1.6-1.8米。直立的大猩猩可达1.75米高，因为大猩猩的膝盖无法真正伸直，所以其实际身长比这个高度还要长一些。雄性比雌性体大。体重一般雌性为60-100千克，雄性130-180千克。大猩猩的体型雄壮，面部和耳上无毛，眼上的额头往往很高。下颚骨比颧骨突出。上肢比下肢长，两臂左右平伸可达2-2.25米。人工园养的大猩猩体型最大的为230千克，直立身高接近2米。食素，草食性，主要以生果、树叶及树枝为食物。出没于刚果民主共和国、乌干达西南及卢旺达的低地及山地雨林，并亚山区森林，在卢阿拉巴河、爱德华湖及坦噶尼喀湖之内。生存于非洲大陆赤道附近丛林中。
Gorilla,gorilla,Gorilla玻璃是一款环保、轻薄玻璃，被用作高端显示设备的保护层。它经过了一道化学强化处理工序，它能为电子设备厂商提供高耐久性的、防刮擦性的液晶显示器(LCD)表面。此外"Gorilla"也是火星哥BrunoMars第二张专辑的第四主打。
出走,精武战士,《精武战士》是由Pt.MerantauFilms公司推出的一部动作类型影片，该片由加雷斯·埃文斯执导，伊科·乌艾斯、希斯卡·杰西卡主演。影片主要讲述了尤达背井离乡，想在雅加达这个繁华但是肮脏的大城市里打拼出自己的一片天下的故事。 
VANWALK,vanwalk,VANWALK，著名时尚男士新锐品牌，中文译称“出走”，VANWALK崇尚愉快、轻松和自由，融合了西方与东方的魅力。不论是以西方的角度或是以东方的观点，都可以感受到对于世界融合的热情与渴望。或者年轻、性感与真实不仅仅是一种生理、心灵的状态，而是一种崇尚自由的时尚精神，VANWALK就是最好的印证！
myron,Myron,Myron是一个跨平台、跨语言、开源、视频捕捉和计算机视觉插件，是一个核心的C++对象，能够使得跨高等级语言联合编译实现的封装。对Java和Processing的封装叫做JMyron。对MacromediaDirector的封装称作WebCamXtra，这个项目的目标是使得新媒体教育和艺术群体能够自由和方便的使用计算机视觉。
蓼风,蓼风,蓼风是汉语词汇，读音是liǎofēng，解释为秋风。
字母,字母,原始人发展出的图示和表意符号是如今现代字母的原型，比如楔形文字和象形文字。最早的字母，是东闪米特人（现代分类称之为闪米特北支）使用的一种早期的象形文字的组合，大约出现在公元前1700至1500年间。公元前1000年又有其它四种字母，由东闪米特人的字母发展而来，西闪米特人南支（现代分类称之为闪米特南支）所使用的字母、迦南字母、阿拉姆字母和希腊字母。而罗马字母，大约在公元前500年从希腊字母中衍生出来，截止到2015年，所有的西欧语言（包括爱尔兰语，荷兰语，法语，德语等语言）都使用这种字母。
钻石,钻石,钻石是指经过琢磨的金刚石，金刚石是一种天然矿物，是钻石的原石。简单地讲，钻石是在地球深部高压、高温条件下形成的一种由碳元素组成的单质晶体。钻石美丽、稀有，是爱情和忠贞的象征，代表永恒不破的爱情。2017年5月16日，苏富比拍卖行在瑞士日内瓦举行春季珠宝拍卖会，一对彩色梨形钻石耳坠以大约5740万美元、约合3.95亿元人民币的总价，创下拍卖史上的新纪录。这对梨形耳坠产自南非，除颜色不同，外形几乎一模一样，分别重约16克拉。其中，深粉色钻石名为“阿泰米斯”，拍出1550万美元（1.067亿元人民币），另一颗钻石为深湖蓝色，名叫“阿波罗”，由于颜色比粉钻更罕见，价格是粉钻的两倍多。 2018年1月，在非洲国家莱索托的矿区中，挖掘出一颗重达910克拉D色泽IIa型的钻石，相当于2颗高尔夫球大小，名列钻石史上第5大。 
Baroque,baroque,
姜杰,姜杰,姜杰，男，汉族，1965年10月生，山东胶州人，1985年4月加入中国共产党，1985年7月参加工作，在职研究生学历，管理学博士。现任西藏自治区党委常委，区政府党组副书记、常务副主席。
MOONWALK,MOONWALK,《MOONWALK》是由MichaelJackson编写，Mandarin出版的一本书籍。
猫贝乐,猫贝乐,猫贝乐 为广州优象文化用品有限公司旗下品牌。主要有故事机等儿童益智早教产品。
圣菲,圣菲,圣菲（英语：SantaFe），是美国新墨西哥州的州府，是统治新墨西哥殖民地的据点和传教、贸易的中心。1848年美墨战争后，为美国领有。它的名字来自于西班牙语，是神圣的信仰的意思。2000年人口普查时它有62203居民。它也是圣菲县的政府所在地。为了保持当地地区性的建筑特色，1956年新墨西哥州发布了一道法令规定市内所有的新建筑都必须表现出西班牙村庄风格（泥草墙）和木头的结构。许多钢筋水泥建筑后来又添加了瓦的屋顶和泥草墙。1970年代内圣菲的艺术界和旅游业获得了很大的发展，其居民的收入和教育水平高于美国西南的平均，市中心和山谷的路上酒店、衣装点和美术馆成列。1990年代中在市内出现了一个潮流反对外来人进驻和旅游业的发展，这使得旅游业受到巨大打击，其结果没有完全被克服，而且当地人与外来者之间的关系愈加紧张。虽然如此旅游业依然是圣菲最大的工业。
boby,Boby,Boby是一名演员，代表作品有《甲胄骑兵》。
费雪,费雪,费雪，费雪方程式是货币数量说的数学形式，即MV=PQ，该方程式说明在V、Q比较稳定时，货币流通量M决定物价P。
李维斯,李维斯,李维斯（Levi's）是著名的牛仔裤品牌，由犹太商人LeviStrauss（李维·斯特劳斯）创立。1853年，LeviStrauss成立了生产帆布工装裤的LeviStrauss&Co.公司。1873年他与另一伙人JACOBDAVIS把他们生产的扣钮牛仔裤上所用的「撞钉」注册专利，标志着第一条牛仔裤的诞生。作为牛仔裤的“鼻祖”，Levi's象征着美国野性、刚毅、叛逆与美国开拓者的精神。它历经一个半世纪，从美国流行到全世界，并成为全球各地男女老少都能接受的时装。靛蓝牛仔斜纹布、腰后侧的皮章、裤后袋上的弧线、铆钉、独有的红旗标等都是李维斯的特点。李维斯百年来不断追求创新，1960年，推出水洗系列牛仔裤，1967年出现喇叭口裤型、1986年开始生产预先穿洞的破烂牛仔裤、将牛仔裤裤管翻过来的“翻边”、2003年性感新潮剪裁独特、款式至酷的TYPE1TM系列。
Levi's,李维斯,李维斯（Levi's）是著名的牛仔裤品牌，由犹太商人LeviStrauss（李维·斯特劳斯）创立。1853年，LeviStrauss成立了生产帆布工装裤的LeviStrauss&Co.公司。1873年他与另一伙人JACOBDAVIS把他们生产的扣钮牛仔裤上所用的「撞钉」注册专利，标志着第一条牛仔裤的诞生。作为牛仔裤的“鼻祖”，Levi's象征着美国野性、刚毅、叛逆与美国开拓者的精神。它历经一个半世纪，从美国流行到全世界，并成为全球各地男女老少都能接受的时装。靛蓝牛仔斜纹布、腰后侧的皮章、裤后袋上的弧线、铆钉、独有的红旗标等都是李维斯的特点。李维斯百年来不断追求创新，1960年，推出水洗系列牛仔裤，1967年出现喇叭口裤型、1986年开始生产预先穿洞的破烂牛仔裤、将牛仔裤裤管翻过来的“翻边”、2003年性感新潮剪裁独特、款式至酷的TYPE1TM系列。
贝缘,贝缘,贝缘，童装品牌。
皇者,皇者,皇者，古时的代词，意思是美丽的人或事物。皇者与之王者为两个概念~皇者需忍人所不忍容人所不容~而王者，指某些事物一定方面上的最强或出类拔萃者。物种之间的优秀者，最高者。
MONSTER,怪物,《怪物》是韩国MBC电视台于2016年3月28日首播的月火剧，由朱成宇执导，张英哲编剧，姜志焕、成宥利、朴基雄、秀贤主演。该剧讲述了在极度贪婪的社会中，男主人公姜基叹挑战社会上层阶级并为家人复仇，在此过程中收获真挚爱情的故事 。
顽兔,顽兔,顽兔是淘宝网旗下的图片互动社区，将于2012年4月11日正式发布上线。用户可以在顽兔分享图片，并可一键购买。
AUGUSTINE,叶欢,叶欢，中国台湾女演员，歌手。代表作品《别爱陌生人》《无尽的爱》。叶欢的一张脸在镜前全是戏，却囿于角色模式固定（多是善良包容、温柔多情、悲情孤独的女子）看多了演技也成了跑龙套的把式。叶欢纤细、高挑的身材款款走来，带着优雅之风，可是太瘦、太骨感了，有些弱不禁风。叶欢那张冷静、忧郁的脸，透着她做人与做事的率真与率直，在名利场巅峰的演艺圈，作为“一姐”的她，买房还要背负房贷，令常人不敢想象。
beyerdynamic,拜亚动力,拜亚动力（beyerdynamicGmbH&Co.KG）是世界著名的个人音频设备品牌，创立于德国。产品包括头戴式耳机、耳塞、受话器等，其中以耳机和话筒最为知名。与爱科技（AKG）、森海塞尔（Sennheiser）、铁三角（Audio-Technica）等并称的知名耳机品牌。
星期天,星期天,星期天，即星期日，一个星期的第一天，口语多说为星期天。据圣经故事，记载说，起初的时候神创造天地。”紧接着又陈列了七天创造的工作，前六天创造了组成万物的各种要素，第七天安息了，上帝赐福与安息日安（星期六）定位圣日。耶稣复活以后的321年，在罗马的基督教会将安息日礼拜改为星期日礼拜，这便是如今星期日礼拜的起源。在罗马的基督教以星期日作为“礼拜日”，也代替安息日。因其巨大的影响力，之后基督教国家都是在星期日休息、到教堂作礼拜。西方国家七日一制的称呼多带宗教色彩。如基督教徒做礼拜这一天，叫“礼拜日”，七天称“一个礼拜”。
sunday,星期日,Sunday（Sun.）—DayoftheSun（太阳日，星期日）。是耶稣复活日，因此西方把这一天看作最神圣的日子，称之为“主日”。公元4世纪，在指定罗马历法时，罗马皇帝君士坦丁大帝把这一天定为合法假日，后被世界各国广泛采用。也许因为是一个公众假日，给人一种特别的感觉，所以产生了许多同名电影、杂志刊物，甚至于商品商标等等。
遇见,遇见,遇见，是郭敬明小说《夏至未至》中的角色，电视剧中由夏梓桐饰演。她是个孤儿，是被视作“问题学生”的女孩，但却拥有着世界上最好听的嗓音和最特别的名字。尽管命运不公，但她依旧努力的在这个世界上寻求一方天地。
CHANCE,Chance!~她成功的理由~,《她成功的理由》（チャンス!〜彼女が成功した理由〜）是由桥本博行、铃木智寻编剧，堀北真希、剧团一人、冈田义徳、成海璃子(特别出演)、平泉成等主演，共2回，影片于2009年上映。讲述的是一个刚毕业的大学生河村珠希的故事。河村珠希是面试了二十几家公司，最后被一家的旅行公司录用的新人。因为珠希是新人，所以大室课长每天都叫珠希做杂物。甚至让她去街头分纸巾！她都默默地接受了！直到有天她接到一个紧急电话叫她去当导游，没有经验的她只好硬着头皮上了！途中她收服了挑食的小朋友和帮助了思念死去丈夫的老奶奶，最终用自己的耐心和努力获得了所有游客的认可！但却没有被公司的主管所认可，甚至觉得她冒失，想解雇她！虽然后来还是留了下来，但依旧不被重用！但她并没有因此放弃，继续努力的工作。后来因为跟同事不小心换了手机，使得公司差点失去了重要的客户。但珠希最终还是没有放弃，终于在最后的关头用自己独特的企划书挽回了客户！终于获得公司重用，得到了所有人的认可！
麦迪熊,麦迪熊,麦迪熊是梦寻（上海）电子商务有限公司于2014年重磅推出的一个互联网食品品牌，是一家以绿色食品的品牌研发、生产加工、分装贸易为主体，集实体店销售和网络自有B2C品牌销售为一体的现代化新型企业。“麦迪熊”将高举“童真和情趣”的旗帜，坚持“开心能结善缘，坚持必得正果”的商业理念，以恒持高尚品味、积淀丰富内涵、打造醒世品牌为宗旨，遵循中高端路线，全势介入网络时代食品行业。 
春蚕,春蚕,春蚕是一种生物，是春季饲养的蚕。在诗歌和文学作品中用春蚕形容教师等乐于奉献的人，而中国大陆和香港都拍摄了以春蚕为名的电影和电视片，以春蚕为名的歌曲出自好几个国家。养蚕需要进行消毒和喂养工作，最后生产出蚕茧。
GUILD,guild,GUILD，是一家吉他公司，成立于1953年4月，总部位于220第四大街纽约州纽约市，占地1500平方英尺。
ALP,alp,ALP是指碱性磷酸酶，英文全称为alkalinephosphatase。是一种能够将对应底物去磷酸化的酶，即通过水解磷酸单酯将底物分子上的磷酸基团除去，并生成磷酸根离子和自由的羟基，这类底物包括核酸、蛋白、生物碱等。
斯图,斯图,斯图原名达内尔·西图DarnelSitu，是一名后卫，现在效力于斯旺西城足球俱乐部。
博尔,博尔,博尔（Bol），乍得西部城市，湖省首府。另有同名城市——塞尔维亚东部城镇博尔（Bor），以及南苏丹共和国琼莱州首府博尔（Bor）。
颂扬,颂扬,颂扬，是指人们对美好事物的称赞。见《罗盛教》：“这是朝鲜人民颂扬罗盛教的歌。”
玉强,玉强,玉强，汉，河北邯郸丛台区（原永年）人，博士，山西师范大学副教授，硕士生导师。 
DG,DG,DG是全球最大的唱片公司，全称为DeutscheGrammophon-Gesellschaft(德国留声机公司)，是宝丽金集团的旗舰公司，1898年成立，总部位于汉堡，旗下拥有Archiv（阿奇夫）等众多子公司。
Electronics,Electronics,《Electronics》是一款壁纸美化类的软件，支持Android2.1系统。
DARWIN,Darwin,Darwin是由苹果电脑于2000年所释出的一个开放原始码操作系统。Darwin是MacOSX操作环境的操作系统成份。苹果电脑于2000年把Darwin释出给开放原始码社群。现在的Darwin皆可以在苹果电脑的PowerPC架构和X86架构下执行，而后者的架构只有有限的驱动程序支援。
MAPEX,MAPEX,Mapex（美派斯）鼓品牌成立於1989年，经过13年的努力已经成为台湾出发，近20年来的第一个新的世界品牌，最年轻的世界品牌。
东声,东声,“东声”是一个专于生产民族乐器的品牌，主要作品是箫、笛子、尺八、唐口箫。东声所生产的乐器，特点在于彻底抛弃了传统的笛箫制作工艺，将先进的日本尺八补土工艺用在了我国传统民族乐器笛箫的制作上，因而别具一格，也正是因此，“东声”所制作的笛箫也被称之为东声箫、东声笛。
圣手,圣手,圣手，指对擅长某种技能并有突出成就者的尊称。
ddung,ddung,冬己（ddung）是由韩国DesignSeol所创作，作者的创作灵感来自她四岁的小侄女，因为她侄女经常有令人哭笑不得的超龄演出，使得创作者将她侄女"小大人"的特色，透过ddung这个角色，发挥得淋漓尽致，看过她的动画更是令人拍案！
STinG,斯汀,斯汀（Sting），原名GordonSumner，1951年10月2日出生于英格兰的沃尔森德，歌手。Sting的独唱生涯始于1982年，当时他是Police乐队的主唱和贝斯手。当年他还主演了电影《BrimstoneAndTreacle》，他在剧中还翻唱了由VivianEllis创作的30年代的民谣歌曲《SpreadALittleHappiness》。这首歌的新颖风格和Sting的声望确保了它在英国排行榜上前20名的位置。在继续在各地巡回演出并与Police乐队录制音乐的同时，他还共同创作并参与演唱了DireStraits的热门歌曲《MoneyForNothing》并在PhilCollins的《NoJacketRequired》中唱和声。
Madina,Madina,国际专业化妆品牌Madina于1995在意大利北部的贝加摩镇面世﹐是欧洲最大化妆品生产商IntercosGroup的自家品牌，占尽先天优势，可用颜色多达一千种。其业务早已国际化，旗舰店遍及世界各地，近年更进军香港化妆界，以活泼多变闻名的专业化妆产品深受化妆师爱戴。其旗舰店遍布世界各大都会，如米兰﹑东京﹑纽约﹑伦敦、巴黎和首尔。
索迪星,索迪星,索迪星（香港）实业有限公司成立于2003年，经过多年快速发展，现已成为一家集产品研发设计，模具制造，塑胶注塑，电子成品生产为一体的多元化高科技大型企业。
Vincent,vincent,Vincent是一首民谣音乐，由美国歌手唐·麦克莱恩（DonMclean）在1971年创作并演唱，他用这首歌来纪念荷兰著名印象派画家文森特·梵高（VincentWillemvanGogh）。这首歌的第一句“Starrystarrynight......”为人熟知，它描绘了梵高的著名作品《星月夜（TheStarryNight）》。同时，歌词中还穿插描绘了梵高的其他画作。唐·麦克莱恩在1971年阅读了梵高的传记并创作了这首作品，次年便成为了英国单曲榜的冠军和美国单曲排行榜的第2名。
On Stage,On Stage,《OnStage》是1994年BMG推出的粤语专辑，由郑伊健演唱。
法拉利,法拉利,法拉利 是举世闻名的赛车和运动跑车的生产厂家，总部位于意大利马拉内罗（Maranello），由恩佐·法拉利（EnzoFerrari）于1947年创办，主要制造一级方程式赛车、赛车及高性能跑车。
FALALI,falali,《falali》是一款Android平台的应用。
Friend,Friend,《Friend》是由日本著名男歌手玉置浩二演唱的一首日文歌曲，创作时间1986年，属于安全地带时期曲目，收录在1999年公开发行的专辑《ワインレッドの心（酒红色的心》中。
淘心,淘心,淘心是基于地理位置信息，以时间为单位的服务交易平台，淘宝卖商品，淘心卖服务！时间都是有价值的，在淘心用户充分利用碎片化的时间成为商户，出售（购买）时间，社交也为他人带来更多的社会价值。 
jimi,JIMI,JIMI是京东自主研发的人工智能系统，它通过自然语言处理、深度神经网络、机器学习、用户画像等技术，能够完成全天候、无限量的用户服务，涵盖售前咨询、售后服务等电子商务各环节。 
墨点,墨点,《墨点》是连载于云中书城的小说，作者是泉光子狼。
MATEO,mateo,Mateo在维基百科有多个人名，其中有美国青少年演员。阿根廷电影。同安橄榄球联盟球员的新西兰勇士。美国棒球外野手华盛顿国民。巴西足球运动员。
贻贝,贻贝,贻贝（学名：Mytilusedulis）也叫青口，是一种双壳类软体动物，壳黑褐色，生活在海滨岩石上。分布于中国黄海、渤海沿岸。贻贝壳呈楔形，前端尖细，后端宽广而圆。一般壳长6～8厘米，壳长小于壳高的2倍。壳薄。壳顶近壳的最前端。两壳相等，左右对称，壳面紫黑色，具有光泽，生长纹细密而明显，自顶部起呈环形生长。
清徵,清徵,清徵是汉语词语，拼音是qīngzhǐ，意思是清澄的徵音。 
Eredar,EREDAR,EREDAR是惠州市恒生乐器有限公司注册的商标名，主要有乐器架、音乐合成器、乐器盒、木琴、弦乐器、吉他、七弦琴、曼陀林、弹拨乐器、簧（管）乐器等产品。 
FRIEND,Friend,《Friend》是由日本著名男歌手玉置浩二演唱的一首日文歌曲，创作时间1986年，属于安全地带时期曲目，收录在1999年公开发行的专辑《ワインレッドの心（酒红色的心》中。
SABIAN,SABIAN,SABIAN，是1981年成立于的公司，总部位于加拿大，主要经营青铜制作产品。
大风,大风,大风，本意很强劲的风。现在气象学中专指8级风，大风时陆地上树枝折断，迎风行走感觉阻力很大；海洋上，近港海船均停留不出。相当于风速17.2-20.7m/s。另有疾病“大风”、神兽“大风”等解释，详见其他义项。
牧马人,牧马人,牧马人是克莱斯勒Jeep汽车型号，牧马人是克莱斯勒Jeep牧马人系列的顶极版本。牧马人是吉普系列中最为强悍的品种真正意义上的ORV越野车。
健康树,健康树,2012年12月12日徐铮导演的电影人再囧途之泰囧，健康树就是一直在王宝强身边的一棵仙人掌，是王宝强饰演的宝宝为了满足自己患病母亲的愿望带着健康树去泰国为自己的母亲祈福。所以种的是健康树的种子。希望自己的母亲早日康复，身体健康！
宝声,宝声,宝声：（公元1941～今），原名文保生，北京人。著名现代画家。文化部中国文化信息协会中国书画艺术委员会委员。1962年毕业于北京艺术学院美术系油画专业。
f,氟,氟是一种非金属化学元素，化学符号F，原子序数9。氟是卤族元素之一，属周期系ⅦA族，在元素周期表中位于第二周期。氟元素的单质是F2，它是一种淡黄色 ，剧毒的气体。氟气的腐蚀性很强，化学性质极为活泼，是氧化性最强的物质之一，甚至可以和部分惰性气体在一定条件下反应 。氟是特种塑料、橡胶和冷冻机（氟氯烷）中的关键元素。由于氟的特殊化学性质，氟化学在化学发展史上有重要的地位。 
CORONA,日冕,日冕是太阳大气的最外层（其内部分别为色球层和光球层），厚度达到几百万公里以上。色球层之外为日冕层，它温度极高，日冕温度有100万摄氏度，粒子数密度为1015m3。日冕上有冕洞，而冕洞是太阳风的风源。日冕只有在日全食时或通过日冕仪才能看到 ，其形状随太阳活动大小而变化。在太阳活动极大年，日冕的形状接近圆形，而在太阳活动极小年则呈椭圆形。
鲁伊斯,鲁伊斯,鲁伊斯是儿童网页游戏《赛尔号》中的精灵，挥舞着王者之剑，有高超的战斗技巧和能力，普通系。王者之剑的掌握者，鲁伊的进化体，战斗能力较强，曾经在鲁伊时用月牙之刃击败过阿铁打（请见第三季第二集）。救过赛小息，和米瑞斯决斗过，似乎知道小米的身世（具体是怎么知道的不详）。在五十年前的精灵武道大会上击败过哈迪斯，参加精灵武道大赛的目的并不是为了得到阿瑞斯水晶，而是阻止像哈迪斯那样的邪恶之人得到它（他自己这么说，其实按某种意义上来讲他也是正派人物），似乎有点一根筋。
ruiz,Ruiz,Ruiz是一款影音图像类软件，支持Android2.1。
猪猪侠,猪猪侠,《猪猪侠》是由广东咏声动漫股份有限公司 打造的原创3D动画系列，始创于2005年，每年推出至少1部长篇3D动画、1部大电影、1部舞台剧。作品多次打破国产动画片收视纪录，屡获国家、国际级大奖，如“白玉兰奖”国产动画片金奖、十佳收视奖、十大卡通形象奖、五个一工程奖、年度最具产业价值动画奖等。目前，猪猪侠 已携手近百家企业进行授权合作，年零售市值超过10亿元，在第12届香港国际授权展上，猪猪侠荣获“亚洲最佳授权项目大奖”。近年来，随着品牌影响力的提升，猪猪侠已经由单一的电视动画形象拓展至电影、剧目、教育、主题营销等全方位的品牌代言人。
WinFun,winfun,
lovely,LOVELY,英语单词之一，有可爱的的意思。
INBOX,inbox,inbox是一个著名免费邮箱网站，2010全球排名第五。
木玩世家,木玩世家,1973木玩创始人何寿祯试制出第一批木制玩具产品（响板、技巧球、陀螺），完4000元人民币，云和县赤石玩具厂正式创办。1980何尚清接过何寿祯的担子，成为云和县赤石玩具厂厂长。1992何尚清成立云和县和信工艺厂，和信得名于：“和气兴业，信誉至上”的宗旨。2002和信凤凰山路厂房投入使用；通过ISO9001：2000质量管理体系认证；和信成为中国木制玩具十强企业。2004.6木玩世家品牌创立；董事长何彬先生荣获首届中国十大网商。
托马斯和朋友,托马斯和朋友,《托马斯&朋友》的版权拥有者，HIT娱乐有限公司亚洲区总经理弗兰克·福雷介绍说，托马斯最早出现在由英国牧师瑞福·奥德瑞在1945年创作的《铁路系列》故事中，这个拟人化的蓝色蒸汽小火车和他一群个性迥异的火车朋友们居住在一个名叫“多多”的岛上，一同冒险，一同成长。
THOMAS&FRIENDS,托马斯和朋友,《托马斯&朋友》的版权拥有者，HIT娱乐有限公司亚洲区总经理弗兰克·福雷介绍说，托马斯最早出现在由英国牧师瑞福·奥德瑞在1945年创作的《铁路系列》故事中，这个拟人化的蓝色蒸汽小火车和他一群个性迥异的火车朋友们居住在一个名叫“多多”的岛上，一同冒险，一同成长。
皇家之星,皇家之星,皇家之星婴童用品有限公司创立于2010年，位于昆山，以床垫为主的母婴类商品品牌。
iCON,ICON,icon是一种图标格式，用于系统图标、软件图标等，这种图标扩展名为*.icon、*.ico。常见的软件或windows桌面上的那些图标一般都是ICON格式的。icon元素包括两个可选的子元素：small-icon子元素和large-icon子元素。文件名是Web应用归档文件(WAR)的根的相对路径。部署描述符并没有使用icon元素。但是，如果使用XML工具编辑部署描述符，XML编辑器可以使用icon元素。图标是特殊类型的小位图，最大尺寸为32×32像素。 
爱得利,爱得利,“爱得利”是著名婴幼儿用品品牌，在全国同行业中享有较高的知名度。1975年，公司创始人郭廷梓先生在台湾新竹创立帝尔特企业有限公司，并于1977年注册“爱得利IVORY”商标，主营奶瓶，奶嘴，澡盆等婴儿产品，产品质量可靠，设计合理，精致优美。
IVORY,Ivory,Ivory，职业摔角运动员，出生于1961年11月26日，1999年加入WWE，曾获得WWF等比赛冠军。
爱伊贝丽,爱伊贝丽,
Csound,Csound,《Csound》是一款用于声音设计的软件。软件支持windows平台运行。
GENERIC,Generic,泛型（Generics）是VisualBasic2005中的一种新特性，然而很多开发者在第一次看到它的时候可能忽略它，但是他们最终会发现，在了解泛型之后，离开了泛型就几乎不能工作了。
贝恩施,贝恩施,贝恩施（深圳）科技股份有限公司是孕婴童行业中以大数据为基础，整合优质供应链，实现从“孕”到“婴”再到“童”的全阶段、多方位的产品定制，并在各大电子商务渠道以流程化快速开展整合营销的专业型电子商务有限公司。
得胜,得胜,得胜是广东得胜电子有限公司旗下品牌，是中国电声行业的重要品牌之一，提供个人音频、专业音频、工程应用等设备和服务，通过技术创新和优质产品，实现人们享受更高品质娱乐生活的梦想。 
TAKSTAR,TAKSTAR,
海润阳光,海润阳光,海润阳光是由柳州湖大工程项目管理有限公司开发的一个楼盘。海润阳光 地处柳城中央。
三人行,三人行,《三人行》是由寰亚电影制作有限公司出品的警匪片，由杜琪峰执导，游乃海监制，游乃海、刘浩良编剧，赵薇、古天乐、钟汉良领衔主演。该片于2016年6月24日在中国内地上映。 该片讲述了一个医生、一个警察、一个悍匪，在医院发生的一场惊心动魄的交锋 。
飞利浦,飞利浦,飞利浦，1891年成立于荷兰，主要生产照明、家庭电器、医疗系统方面的产品。飞利浦公司，2007年全球员工已达128100人，在全球28个国家有生产基地，在150个国家设有销售机构，拥有8万项专利，实力超群。2011年7月11日，飞利浦宣布收购奔腾电器（上海）有限公司，金额约25亿元。2011年10月17日，飞利浦电子发布了第三季度财报，第三季度净利润同比下滑85.9%；同时宣布，飞利浦将在全球范围内裁员4500人。2013年1月底，飞利浦消费电子业务已全部剥离，将聚焦优质生活，医疗和照明设备行业。北京时间2014年12月17日，飞利浦宣布，将以12亿美元收购美国医疗设备制造商Volcano公司。
PHILIPS,飞利浦,飞利浦，1891年成立于荷兰，主要生产照明、家庭电器、医疗系统方面的产品。飞利浦公司，2007年全球员工已达128100人，在全球28个国家有生产基地，在150个国家设有销售机构，拥有8万项专利，实力超群。2011年7月11日，飞利浦宣布收购奔腾电器（上海）有限公司，金额约25亿元。2011年10月17日，飞利浦电子发布了第三季度财报，第三季度净利润同比下滑85.9%；同时宣布，飞利浦将在全球范围内裁员4500人。2013年1月底，飞利浦消费电子业务已全部剥离，将聚焦优质生活，医疗和照明设备行业。北京时间2014年12月17日，飞利浦宣布，将以12亿美元收购美国医疗设备制造商Volcano公司。
Both Hands,Both Hands,《BothHands》是歌手AniDifranco演唱的一首歌，所属专辑是《AniDiFranco》。
