贝亲,贝亲,贝亲是日本母婴用品品牌，创始于1957年，秉承爱的理念，致力于为消费者提供高品质和种类齐全的母婴用品和服务，贝亲产品涵盖了母乳喂养、奶瓶奶嘴、宝宝肌肤护理、衣物清洗、水杯餐具等抚育宝宝的方方面面。2002年正式进入中国市场之后，工厂规模和生产规模不断扩大，如今，贝亲在中国拥有上海外高桥、青浦和常州3家工厂，引进国外先进生产流水线，严格按照PQS（PigeonQualityStandard）执行管理。2013年，贝亲全新推出芬芳亲子洗护系列以及“真绵实感”婴儿纸尿裤 ，新品的推出强化了贝亲产品线，从而进一步提升了妈妈们育儿生活的品质。
新安怡,新安怡,新安怡源于英国的知名品牌飞利浦新安怡(PhilipsAvent)诞生于1984年，致力于以专业的研究和创新为妈妈和宝宝提供高质量的哺育用品和护理产品。2006年，成为飞利浦家族一员，继续坚持不断创新，将科技和设计融入到以人为本的解决方案中，帮助现代家庭享受更安全和美好的育儿生活。全线产品分为母乳喂养，婴儿喂养，婴幼儿电器以及儿童喂养等部分，母乳喂养系列以自然系列吸乳器作为代表，为妈妈带去舒适自然的吸乳体验；婴儿喂养则以奶瓶类为主，拥有创新的双阀门防胀气系统，能有效减少宝宝喝奶时吸入空气的几率，防止回奶，降低宝宝的不适感；婴幼儿电器及儿童喂养则分别以辅食机、温奶器和水杯等辅助育儿工具来划分。 
美德乐,美德乐,美德乐（北京）医疗科技有限公司是一家专业提供吸乳器，母乳收集、母乳喂养等专业服务的专业化公司。在超过50年的时间里，美德乐从一个瑞士小型家族式公司发展成了全球先进的吸乳器和医疗负压解决方案制造商。
好孩子,好孩子,好孩子 旗下包含好孩子中国控股有限公司和好孩子国际控股有限公司，是全球领先的儿童用品公司及中国最大的母婴产品分销和零售平台，于1989年由宋郑还在昆山创立，专业从事儿童及母婴产品的研发、制造及全渠道分销和零售。“关心孩子、服务家庭、回报社会”，好孩子二十余年如一日，以“改善儿童生存环境，提高儿童生活品质”为使命，通过持续创新，不遗余力地为天下父母提供安全易用、充满爱心的优质育儿产品，为孩子们营造健康、快乐的成长环境。
gb,英国,大不列颠及北爱尔兰联合王国（UnitedKingdomofGreatBritainandNorthernIreland），简称“英国”（UnitedKingdom），本土位于欧洲大陆西北面的不列颠群岛，被北海、英吉利海峡、凯尔特海、爱尔兰海和大西洋包围。英国是由大不列颠岛上的英格兰、威尔士和苏格兰以及爱尔兰岛东北部的北爱尔兰以及一系列附属岛屿共同组成的一个西欧岛国。除本土之外，其还拥有十四个海外领地， 总人口超过6500万，其中以英格兰人（盎格鲁-撒克逊人）为主体民族，占全国总人口的占83.9%。 1688年的光荣革命确立了君主立宪政体，18世纪60年代至19世纪30年代成为世界上第一个完成工业革命的国家 ，国力迅速壮大。18世纪至20世纪初期英国统治的领土跨越全球七大洲，是当时世界上最强大的国家和第一大殖民帝国，其殖民地面积等于本土的111倍， 号称日不落帝国。在两次世界大战中都取得了胜利，但国力严重受损。到20世纪下半叶大英帝国解体，资本主义世界霸权的地位被美国取代。不过，现在英国仍是一个在世界范围内有巨大影响力的大国。 英国是一个高度发达的资本主义国家，欧洲四大经济体之一，其国民拥有较高的生活水平和良好的社会保障制度。作为英联邦元首国、八国集团成员国、北约创始会员国、英国同时也是联合国安全理事会五大常任理事国之一。北京时间2018年3月19日，欧盟与英国就2019年3月英国脱离欧盟后为期两年的过渡期条款达成广泛协议。  
NUK,NUK,NUK是德国MAPA公司生产的世界高质量的婴儿用品的著名商标，在世界婴儿用品市场上享有很高的声誉。公司前身是创立于1947年德国不莱梅市(Bremen)的HanseatischeGummiwerkeBachmann&Co.KG，于60年代陆续并购多家橡胶制品公司后规模日渐扩大。目前已在全世界70多个国家和地区销售。主要产品有洗澡水温计、安全指甲钳、婴儿湿巾等。
膳魔师,膳魔师,膳魔师（中国）家庭制品有限公司Thermos(China)HousewaresCoLtd(简称TCC)，系享誉国际已百年之全球最大知名高真空系列产品品牌THERMOS（膳魔师）家族的一员。于1995年由港、日合资，进入中国市场。膳魔师（中国）家庭制品有限公司产品主要有高真空不锈钢保温杯、保温瓶、保温壶、保温罐、焖烧锅等高品质保温系列产品以及以高TCC科技太空技术研发的各式复合金炒菜锅、汤锅锅具系列等等之家庭厨房系列用品。
THERMOS,thermos,来自于德国品牌膳魔师保温瓶商标“Thermos”
布朗博士,布朗博士,布朗博士（Dr.Brown's）是美国医学博士CraigBrown/科蕾吉·布朗设计的第一个功能性奶瓶，1997年获得国际专利。布朗博士的品牌是为促进婴儿的身体健康和最佳营养创造最好的喂哺产品。Dr.Brown'sNaturalFlow®/布朗博士好流畅®奶瓶是第一个具有导气系统的奶瓶，它仿效母乳喂养的原理，彻底解决传统奶瓶所不能克服的“真空、气泡、负压”等喂养中存在的问题。2000年荣获美国医学设计金奖，这种独特的设计给妈妈唯一取代传统奶瓶的选择，从布朗博士开始这种“正压、自然流畅”的喂养方式，实际上与母乳喂养的体验相似。直到今天，我们仍然是唯一一个以这种方式工作的奶瓶。
爱得利,爱得利,“爱得利”是著名婴幼儿用品品牌，在全国同行业中享有较高的知名度。1975年，公司创始人郭廷梓先生在台湾新竹创立帝尔特企业有限公司，并于1977年注册“爱得利IVORY”商标，主营奶瓶，奶嘴，澡盆等婴儿产品，产品质量可靠，设计合理，精致优美。
IVORY,Ivory,Ivory，职业摔角运动员，出生于1961年11月26日，1999年加入WWE，曾获得WWF等比赛冠军。
babycare,Babycare,Babycare是上海夕尔实业有限公司旗下代理的母婴品牌，于2016年06月07日申请成功。
努比,努比,阿曼足球运动员，场上位置：后卫。
满趣健,满趣健,满趣健 商标由满趣健公司申请注册品牌。国际分类号（ 第8类） 。
Munchkin,Munchkin,Munchkin，演员，主要作品有1984年上映的《街头浪子》。
乐儿宝,乐儿宝,bobo乐儿宝是香港SOLARIS产业集团的下属婴儿用品品牌。是一家集设计、研发、生产、销售为一体的婴儿用品企业。母公司SOLARIS成立于1982年具有世界顶尖级的设备及生产能力，创造出适合中国人使用的婴儿用品，以质优、价廉、舒适、安全等特点赢得中国消费者的满意与认可
bobo,BoBo,BoBo，中国内地男子演唱组合，由井柏然、付辛博组成。2007年，推出组合首张EP专辑《光荣》 ；同年，获得“第二届星光大典”最具潜力组合奖 。2008年，推出组合首张音乐专辑《世界之大》 ；同年，获得“首届中国海西时尚娱乐盛典”最具人气组合奖 。2009年，出演百集校园情景剧《青春进行时》 。2010年，推出组合第二张音乐专辑《Let'sBOBO》 ；同年，宣布单飞不解散，成员各自发展。2012年8月，组合正式解散 。
Beaba,BEABA,BEABA 是上海爱朵婴童用品有限公司申请注册的一个婴童品牌，商标成功注册时间为2012年01月04日。追求天然、健康、有趣、时尚的产品服务。 
COMOTOMO,COMOTOMO,COMOTOMO是一个实感奶瓶，创始人Mr.kim是一位韩裔美国人，曾经为诺基亚，苹果，三星等顶级跨国企业设计过许多脍炙人口的经典产品。
海尔,海尔,海尔集团创业于1984年，是全球大型家电品牌，目前已从传统制造家电产品的企业转型为面向全社会孵化创客的平台。在互联网时代，海尔致力于成为互联网企业，颠覆传统企业自成体系的封闭系统，变成网络互联中的节点，互联互通各种资源，打造共创共赢新平台，实现攸关各方的共赢增值。 2017天猫双十一“亿元俱乐部”榜单显示，海尔位列第三名。 
Haier,海尔,海尔集团创业于1984年，是全球大型家电品牌，目前已从传统制造家电产品的企业转型为面向全社会孵化创客的平台。在互联网时代，海尔致力于成为互联网企业，颠覆传统企业自成体系的封闭系统，变成网络互联中的节点，互联互通各种资源，打造共创共赢新平台，实现攸关各方的共赢增值。 2017天猫双十一“亿元俱乐部”榜单显示，海尔位列第三名。 
迪士尼,迪士尼,全球闻名遐迩的迪士尼，全称为TheWaltDisneyCompany，取名自其创始人华特·迪士尼，是总部设在美国伯班克的大型跨国公司，主要业务包括娱乐节目制作，主题公园，玩具，图书，电子游戏和传媒网络。皮克斯动画工作室（PIXARAnimationStudio）、惊奇漫画公司（MarvelEntertainmentInc）、试金石电影公司（TouchstonePictures）、米拉麦克斯（Miramax）电影公司、博伟影视公司（BuenaVistaHomeEntertainment）、好莱坞电影公司（HollywoodPictures）、ESPN体育，美国广播公司（ABC）都是其旗下的公司（品牌）。迪士尼于2012年11月收购了卢卡斯影业。2017年6月，《2017年BrandZ最具价值全球品牌100强》公布，迪士尼排名第18位。 
Disney,迪士尼,全球闻名遐迩的迪士尼，全称为TheWaltDisneyCompany，取名自其创始人华特·迪士尼，是总部设在美国伯班克的大型跨国公司，主要业务包括娱乐节目制作，主题公园，玩具，图书，电子游戏和传媒网络。皮克斯动画工作室（PIXARAnimationStudio）、惊奇漫画公司（MarvelEntertainmentInc）、试金石电影公司（TouchstonePictures）、米拉麦克斯（Miramax）电影公司、博伟影视公司（BuenaVistaHomeEntertainment）、好莱坞电影公司（HollywoodPictures）、ESPN体育，美国广播公司（ABC）都是其旗下的公司（品牌）。迪士尼于2012年11月收购了卢卡斯影业。2017年6月，《2017年BrandZ最具价值全球品牌100强》公布，迪士尼排名第18位。 
利其尔,利其尔,利其尔（Richell）是一个专门生产设计高档生活用品的日本牌子，其产品一直以高质安全著称。成立于1960年7月23日。
贝儿欣,贝儿欣,BABISIL品牌是由一队跨国产品设计师和父母们建立的，他们致力于创造出更好的产品给全世界的儿童；品牌依仗经得起考验的创新设计，去改善儿童的成长过程，亦给父母们带来更从容的育儿生活。
贝博士,贝博士,贝博士BABYBOX妇婴用品长期关注怀孕期妈妈的生活习惯及婴幼儿的成长发育历程，从建立之初起，贝博士就树立了这样的信条"为了满足宝宝的需求，我们所做的一切都必须是高质量的。
日康,日康,日康婴儿用品有限公司是一家专业从事婴儿用品开发、设计、生产的制造商。公司位于台州市黄岩经济开发区，成立于1996年，经过十多年的发展壮大，厂区面积40余亩，厂房建筑面积近3万平方米，厂区环境优美，配套完善，整洁有序，处处显现着现代化企业的精神风貌。
贝贝鸭,贝贝鸭,贝贝鸭 是深圳市亚贝利科技有限公司的主导品牌。迄今为止，“贝贝鸭”已涵盖包括喂养用品、消毒用品、哺乳用品、日常护理、测量用品、益智用品、安全用品等八大类、数十款产品。 “贝贝鸭”于2016年6月发布新LOGO，宣布进行品牌升级。这也是贝贝鸭品牌自创立以来，第一次对品牌LOGO进行如此重大的革新。 
Comotomo,COMOTOMO,COMOTOMO是一个实感奶瓶，创始人Mr.kim是一位韩裔美国人，曾经为诺基亚，苹果，三星等顶级跨国企业设计过许多脍炙人口的经典产品。
费雪,费雪,费雪，费雪方程式是货币数量说的数学形式，即MV=PQ，该方程式说明在V、Q比较稳定时，货币流通量M决定物价P。
亲亲我,亲亲我,东莞亲亲我实业有限公司成立于2007年，是一个集研发、生产、销售及服务于一体的母婴用品公司。
格朗,格朗,格朗是马其顿的足球运动员，英文名AgronMemedi。
GL,百合,百合是ACGN领域的概念，又称Girlslove（GL），指女生之间纯洁的爱慕关系（代指女性间的恋爱，但又并不完全等同于女同性恋）。在日本漫画界中，有专门的百合漫画派。传统意义上的百合即为“女生之间的恋爱”，在意义上基本等同于三次元的百合（女同性恋）。以描写女生之间的爱情为主的作品通常被称为正统百合或纯百合。但是，随着ACGN的发展，百合这个词已经在其领域有了新的发展。很多无男主的日常系作品也不断受到观众们的欢迎，集中体现为对女生间高浓度友情+暧昧的描写，在中国被称为轻百合。 
十月结晶,十月结晶,十月结晶 是杭州施俞儿电子商务有限公司旗下品牌从事妈妈产前产后护理用品领域，主要包括待产用品、产后护理用品、产前护理用品、产后恢复用品、初生婴儿用品全套等健康护理用品。十月结晶产品具有安全、科学、专业等特点。
贝塔,贝塔,贝塔指贝塔酒庄。贝塔之名源于一位神父与酒庄内的一座瞭望塔。一日，一位名为“Balestard”的神父来到圣艾美隆（Saint-Emilion）的一座古堡清修，后来便以自己的名字为这座古堡命名。而“laTonnelle”在法语中意为“瞭望塔”，酒庄庄园内有一座修建于15世纪的古塔，是当地的制高点，有着深厚的历史渊源，站在上面能够眺望整个圣艾美隆地区。它曾是一座瞭望塔，塔体四周的墙面上依然留有当时放置枪械的孔洞。这座拥有600多年历史的古塔，是酒庄的象征。
Betta,Betta,
舒氏,舒姓,舒姓，为黄帝直系后代。以国为氏，出自“偃姓”，据《左传》所载，周朝，皋陶的后代被封于舒国（在今安徽省庐江县西），公元前657年，舒子平被徐国所灭，后又复国舒姓最早的来源可以一直追溯到上古时期，，称为舒鸠国。公元前552年，又被楚国所灭，子孙以“舒”为氏。
小土豆,小土豆,小土豆商标是由义乌市阿琴塑料有限公司注册成立的。成立于1990年8月19日，主要。
potato,potato,potato是英文名土豆、马铃薯的意思。是一种食物。
汤美天地,Tommee Tippee,TommeeTippee（汤美星 ）成立于1965年 ，品牌诞生于英国 ，是婴幼儿喂哺品牌。 
Tommee Tippee,Tommee Tippee,TommeeTippee（汤美星 ）成立于1965年 ，品牌诞生于英国 ，是婴幼儿喂哺品牌。 
波咯咯,波咯咯,波咯咯， 宁波塔塔母婴科技有限公司 旗下的婴儿用品品牌。
马库斯,马库斯·乔丹,马库斯·乔丹，是前NBA球星迈克尔·乔丹的二儿子 ，与强调集体的“左撇子”球员哥哥不同，马库斯像他父亲那样用右手投篮，而且，从某种意义上说，他才是真正有继承乔丹衣钵的飞人二代。马库斯·乔丹，在父亲的言传身教下，逐渐显露出他在篮球上的天赋。除了马库斯之外，乔丹的另外一个儿子杰夫·乔丹更早地就进入了媒体的视线，早在2007年，ESPN就转播了有他上场的3场篮球赛。
MARCUS&MARCUS,MARCUS&MARCUS,
蔓葆,蔓葆,蔓葆隶属于杭州曼波鱼贸易有限公司。为宝宝提供安全、优质、完善，拥有设计灵魂，包含高附加值的产品。
乐扣乐扣,乐扣乐扣,乐扣乐扣是一个品牌，隶属于韩国乐扣企业，该企业是专门生产新概念密封容器的，现今正向全世界90多个国家出口产品。乐扣乐扣注册于1985年，从2004年7月开始进入中国市场。
LOCK&LOCK,lock&lock,lock&lock（乐扣乐扣）四面锁定保鲜盒locklock来自韩国(株)乐扣乐扣公司已将独自开发的采用四面锁扣方式的乐扣乐扣保鲜盒推向市场。到目前为止，该产品已占据了韩国同类产品的大部分市场，并在国际市场备受世人关注。
优合,优合,优合（YOUHA）由方国峰先生于2011年5月创立于中国浙江，前身是吴晓晶女士2009年成立的“优合工作室”。优合（YOUHA）创中国吸奶器民族品牌之先河，率先尝试在全球复制电商模式。优合（YOUHA）坚持国际化定位，通过全球多个国家和地区设总代理，为全球客户提供服务。为不断升华产品与服务，锐意革新，不断求索，一步步走向完美。 
youha,YOUHA,
兰思诺,兰思诺,
樱舒,樱舒,樱舒 是源自德国的母婴用品品牌，是高品质母婴呵护倡导者，始终坚持更高品质。品牌创立以来一直秉承“让爱更有品质，让母婴更舒适”的理念，以最新的科技、人性化的设计和高品质的产品，让妈妈和宝宝享受舒适、品质、安全的喂哺和护理体验，开启科技育婴的舒适旅程。樱舒源于德国樱舒领先的设计理念和研发技术，倡导人性化和高品质。在科技育婴先进理念流行的德国，樱舒科学家发挥他们丰富的想象力和创造力，结合人体工程学，融入人性化科技理念，秉承德意志民族一贯以来的精密严谨，创造出一系列让母婴更舒适的喂哺和护理类电器产品，并将这种理念和产品带到中国惠及亿万中国妈妈和婴儿。
爱迪生,托马斯·阿尔瓦·爱迪生,托马斯·阿尔瓦·爱迪生（ThomasAlvaEdison，1847年2月11日—1931年10月18日），出生于美国俄亥俄州米兰镇，逝世于美国新泽西州西奥兰治。发明家、企业家。 爱迪生是人类历史上第一个利用大量生产原则和电气工程研究的实验室来进行从事发明专利而对世界产生重大深远影响的人。他发明的留声机、电影摄影机、电灯对世界有极大影响。他一生的发明共有两千多项，拥有专利一千多项。 爱迪生被美国的权威期刊《大西洋月刊》评为影响美国的100位人物第9名。 
Edison,EDISON,EDISON是男星陈冠希的英文名。
世喜,世喜,
MAM,mam,1.N-FAMILY妈妈Mamisusedtomeanmother.
thinkbaby,Thinkbaby,Thinkbaby是日本シンク株式会社旗下母婴系列用品品牌，旗下约有超过100种产品，包括奶瓶、奶嘴、护理用品、安全用品、实用产品及卫生用品等。
托马斯和朋友,托马斯和朋友,《托马斯&朋友》的版权拥有者，HIT娱乐有限公司亚洲区总经理弗兰克·福雷介绍说，托马斯最早出现在由英国牧师瑞福·奥德瑞在1945年创作的《铁路系列》故事中，这个拟人化的蓝色蒸汽小火车和他一群个性迥异的火车朋友们居住在一个名叫“多多”的岛上，一同冒险，一同成长。
THOMAS&FRIENDS,托马斯和朋友,《托马斯&朋友》的版权拥有者，HIT娱乐有限公司亚洲区总经理弗兰克·福雷介绍说，托马斯最早出现在由英国牧师瑞福·奥德瑞在1945年创作的《铁路系列》故事中，这个拟人化的蓝色蒸汽小火车和他一群个性迥异的火车朋友们居住在一个名叫“多多”的岛上，一同冒险，一同成长。
伊斯卡尔,伊斯卡尔,“伊斯卡尔”是深圳市贝怡乐婴童用品有限公司旗下的婴童用品品牌。”伊斯卡尔”是英文“easycare”的音译，均为注册商标。
Simba,SIMBA,《SIMBA》是一款IOS平台的应用。
BabyBjorn,babybjorn,BabyBjorn是来自瑞典的专业婴儿用品生产商。1961年，BjörnJakobson与他妻子的姐姐Elsa共同在瑞典斯德哥尔摩贝里斯哈姆拉创立了BabyBjorn公司。同年，公司推出了第一款产品——婴儿椅，受到儿科专家的推荐，在多本瑞典杂志中被报道，市场需求剧增。1973年，BabyBjorn推出了第一款婴儿背袋，取名为"贴心关怀"，再次获得父母的青睐。
spectra,Spectra ISP,Spectra是QualcommTechnologies迄今为止最先进的双图像信号处理单元，旨在提供最佳摄像头图像质量和多项优质用户体验。骁龙820处理器将首次搭载全新的14位Spectra图像信号处理（ISP）单元，支持卓越的媲美数码单反相机（DSLR）的摄影与增强型计算机视觉。
巴比象,巴比象,是香港巴比象实业有限公司监制研发的婴儿系列用品品牌
黄色小鸭,黄色小鸭,黄色小鸭PIYOPIYO是东凌股份有限公司的一个商品品牌名称。目前黄色小鸭系列商品已发展文具、礼品、家饰品、陶瓷礼品、绒毛玩具、婴幼儿用品、美耐皿餐具、袋类等。商品种类多达1000余种。年龄层从0岁至35岁客户层相当的广泛。东凌股份有限公司成立于西元1988年5月。在西元1991年推出黄色小鸭PIYOPIYO品牌商品，又在西元2000年创立艾比熊ABBYBEAR品牌之系列商品。
Hello Kitty,hello kitty,HelloKitty（日语：ハローキティ；拉丁写法：Harōkiti）日本著名动漫萌星，市面的中文译名有堤提猫、凯蒂猫、凯迪猫、吉蒂猫等名。另外，由于HelloKitty没有嘴巴，在网络上亦有无口猫、无嘴猫的别名。她有这样一个故事。有一只小猫，有嘴巴（作者已经表示有嘴巴了），脸蛋圆圆的，左耳上扎着一个蝴蝶结，还有一截小尾巴，她的名字叫堤提猫（HelloKitty），凯蒂猫、吉蒂猫或无嘴猫。Kitty猫诞生于1974年，日本著名卡通萌星。她是个英国人，名叫凯蒂·怀特（KittyWhite），天蝎座，三年级，有只叫CharmmyKitty的宠物猫，还有个双胞胎姐妹。 
宝升,宝升,1959年12月出生于内蒙古扎赉特旗。男，蒙古族，教授，博士生导师，现为福州大学客座教授在家乡接受初等教育。1982年1月在内蒙古海拉尔蒙师数学系（现呼伦贝尔学院数学科学学院）本科毕业。在内蒙古民族师院获得理学学士学位。毕业后被分配到内蒙古财经学院工作。两年后参加出国留学英语考试。于1986年前往新西兰Otago大学学习·于1988年获得Otago大学理学硕士学位，于1991年获得Otago大学博士学位。于1992年7月回内蒙古财经学院工作，先后被评为讲师，副教授和教授，并先后担任统计系副主任，主任职务·于1999年前往南非Natal大学任教。于2004年被福州大学引进。自2004年7月至今任福州大学数学教授，离散数学研究中心副主任，中国图论与组合数学学会秘书长，副理事长。他也是美国数学会《数学评论》的评论员，大洋洲组合数学学会会员，国际组合数学与应用研究会研究员。现兼职巴基斯坦AbdusSalam数学研究院外籍教授。研究兴趣：正则图中的圈，泛圈性，随机正则图，图的消圈数，图类中的序，图上的函数，软件开发，测试和评价。发表有30多篇学术论文。与内蒙古大学同事斯勤夫教授合作开发的图处理软件包（英文版）于1996年在国家版权局注册。
子初,刘巴,刘巴（？－222年），字子初，荆州零陵郡烝阳县（今湖南省衡阳县、邵东县一带）人，汉末至三国蜀汉时期官员、名士。刘巴少知名，荆州牧刘表多次征用推举，刘巴均不应就。曹操征伐荆州，荆州士人多归刘备，刘巴却北上投靠曹操。后受曹操命令招降荆南三郡，不料先为刘备所得，刘巴不能复命曹操，遂远至交趾，又辗转进入益州。刘备平定益州后，刘巴归附刘备，为左将军西曹掾，法正死后接任尚书令。章武二年（222年）去世。刘巴博学多才，为刘备解决入蜀后的财政困难问题，又与诸葛亮等共制蜀汉的法律文件《蜀科》。为人简朴清高，退无私交，曹魏大臣陈群甚敬重之。所著录于《刘令君集》。
啾啾,啾啾,啾啾是一个象声词，读音为jiūjiū，形容鸟儿发出的鸣叫声，也形容许多小鸟一齐叫的声音，泛指像各种凄切尖细的声音。《乐府诗集·木兰诗》等均有相关记载。
CHUCHU,ChuChu,《ChuChu》是大冢爱的音乐作品，收录在《LoveFantastic》专辑中。
喜多,喜多,日本喜多公司（JAPANHITOCORP.），产品以多元、精致专业而取胜，不论是奶嘴、奶瓶、抚育用品、酵素、爽身粉等，每项产品皆由喜多王国里的每个成员精心研发生产，强调宝宝用品的安全性与成分天然，是宝宝妈妈们信赖的产品。喜多是JAPANHITO授权委托上海优生婴儿用品有限公司生产与销售，上海优生系美国优生公司在华的子公司，公司长期秉持着创造优质婴幼儿用品的目标与理想，在专业团队的努力下，制造怀孕妈妈与0-12岁宝宝所需的各式产品。所有产品均通过欧洲C.E认证，美国食品药物检验局FDA认证及中国食品卫生检验标准测试。
Pororo,pororo,小企鹅Pororo，是韩国国宝级的卡通人物，其主要作品载体是一部益智搞笑类型的动画片，在韩国多个电视台频道及其它媒体均有播放，风靡韩国，在韩国被称为“Po总统”，并受到多个国家观众的欢迎。小企鹅Pororo有不少衍生品，如玩具、食品、用品、应用程序、定期展览及音乐剧等，而电影版已于2013年在中国上映。2014年5月22日，国内首家Pororo卡通主题乐园在北京爱琴海购物中心正式开业。 
MDB,MDB,mdb(messagedrivenbean)MDB也是EJB中消息驱动Bean的简称，MessageDrivenBean（MDB）。mdb(MicrosoftDatabase)格式是MicrosoftAccess软件使用的一种存储格式，因其对数据操作的方便性，常用在一些中小型程序中。
Born Free,Born Free,《狮子与我》是汤姆.迈格万执导，弗吉妮亚·麦克纳等主演的剧情冒险片。影片讲述了出生于奥地利的维也纳的乔伊·亚当森，从小就喜爱动物。1937年5月，她来到了非洲肯尼亚的原始丛林。从此，她把她的一生献给了野生动物保护事业的故事。
小豆苗,小豆苗,小豆苗疫苗助手是由深圳三代人科技有限公司研发 ，是一款面向年轻父母，为幼儿疫苗接种、育儿提供查询与交流的工具型手机应用 。小豆苗是一款面向0-6岁儿童家长使用的育儿必备手机APP——全国最大最专业的宝宝打疫苗一站式服务平台。小豆苗通过获得授权对接各地数据库、连接疫苗接种点，围绕疫苗接种全流程，为儿童家长提供科学、智能、个性化的宝宝预防接种管理服务，包括电子接种证查询、疫苗接种提醒、预约、支付、咨询等。 
suavinex,SUAVINEX,SUAVINEX来自西班牙本土品牌SUAVINEX苏维妮，拥有近30年的专业产品生产经验，作为一流的母婴用品类专家，我们是欧洲皇室及众多明星的首选品牌。全线产品欧盟原产地生产-MADEINEU是我们最好品质的保证，优良的制作传统，精湛的技术工艺和严格的行业要求成为我们品牌的代名词。在欧洲我们通过专业药妆店出售，稳坐行业销售榜的冠军。西班牙儿童牙科协会为我们做担保，认可我们的产品为该行业的最高质量，安全可信。苏维妮系列产品，设计风格独特、图案新颖、色彩丰富而柔和，应用每季的流行元素不断更新，为母婴时尚带来优雅纯正的浪漫欧洲风潮。2010年苏维妮全线产品进驻中国，也将更健康更科学的生活、喂养方式带到中国，为了宝宝的健康，我们不遗余力的不断努力，力求做到最好！选择我们，相信我们，是您安全优质喂养的开始！ 
阿美达,阿美达,阿美达，男，是一名足球运动员，场上位置是后卫。
Ameda,Ameda,Ameda（阿美达）是瑞士知名的吸乳器及母乳喂养产品品牌，生产和制造吸乳器及母乳喂养相关产品。其总部设于美国林肯郡，国际销售中心位于比利时。 Ameda（阿美达）的足迹遍布全球，其在全球40多个国家和地区设有总代理，包括：美国（总部）、比利时（销售中心）、澳大利亚、加拿大、中国、法国、德国、意大利、新西兰、挪威、波兰、新加坡、西班牙、中国台湾等国家和地区。Ameda与这些合作伙伴有密切的沟通，并给予系统的培训及完善的售后服务支持。 
贝氏,贝姓,贝姓为中文姓氏之一，在《百家姓》中排名第110位。贝氏人口总数在中国的大陆与台湾省均未进入前一百大姓。
M&M,m&M,m&M是世界著名摔跤娱乐组合JohnMorrisonandTheMiz的简称。美国说唱歌手Eminem（MashallMathers）也曾经用过m&M这个艺名。
麦肯齐,麦肯齐,麦肯齐是一名后卫，现在效力于肯萨斯巫师足球俱乐部。
MUNCHKIN,Munchkin,Munchkin，演员，主要作品有1984年上映的《街头浪子》。
五羊,五羊,五羊是广州的代名词，五羊石像也是广州最著名的景点之一。中国民间传说广州府五仙观。初有五仙人，皆持谷穗，一茎六出，乘五羊而至。仙人衣服，与羊同色，五羊俱五色，如五方。既遗穗与广人，仙忽飞升而去。羊留，化为石，广人因即其地祠之。五羊传说表现了古代中国劳动人民开拓岭南的历史。五羊石雕建于1959年，位于越秀公园西侧木壳岗上，由130多块花岗岩雕刻组砌而成‘高11米，体积53立方米。石像中大山羊居中，昂首远眺，羊髯微拂，口衔“一茎六出”谷穗，雄浑有力的羊角伸向半空，显得深沉、威武。余下四羊环列四周，或小羊跪乳，或母羊回首，或吃草，或嬉戏，形态可爱，栩栩如生。
Brillante,brillante,《brillante》是滨崎步演唱的歌曲，由滨崎步作词Timmy作曲。2011年发行。
新妙,新妙,新妙 是萌牌（中国）有限公司 注册的商标品牌，商品服务：进水装置;水净化设备和机器;饮水机;水管龙头;浴室装置;灯;电炊具;冰箱;空气净化装置和机器;抽水马桶; 
小不点,小不点,1.言其极小。2.指很小的小孩子。
DOT,dot,“DOT”表示此轮胎符合美国交通部（U.S.DepartmentofTransportationDOT)规定的安全标准。“DOT”后面紧挨着的11位数字及字母则表示此轮胎的识别号码或序列号。DOT分为A\B\C三级，其中C级标准最低，仅达到了美国运输部（DOT）规定的最低性能条件。其他两级均高于DOT要求的标准。
杰贝,杰贝,杰贝，英文名：AhmetCebe，生日是1983-05-02，场上位置是右边锋，身高是182厘米，体重是75公斤，惯用脚是右脚，出生地是克雷菲尔德（德国）。
易简,易简,字卫权，江西省芦溪县宣风镇竹垣村人，中华民国早期国民革命军陆军中将，北伐战争名将。
AOV,AOV,在一个表示工程的有向图中，用顶点表示活动，用弧表示活动之间的优先关系。这样的有向图为顶点表示活动的网，我们称为AOV网（ActivityOnVertexNetwork）。
ange,Ange,
熊博士,熊博士,熊博士：这是一款相当恶搞搞笑的小游戏，又叫做熊博士之守门员。熊博士正在参加社区举办的足球比赛。玩家要控制熊博士防守来自上下两个方向的球，守不住？那后果只有一个——镜破蛋碎……，大家快来试试这款恶搞小游戏吧。
B.DUCK,B.duck,B.Duck是香港著名产品设计公司SemkProductsLtd（森科产品有限公司）旗下主力品牌。B.Duck诞生于2005年，首款推出的产品是B.Duck浴室防水收音机，造型独特的鸭仔防水收音机在日本及欧洲地区大受欢迎。此后，B.Duck小黄鸭的形象被运用在不同的产品类别，包括家居、浴室、厨房、文具、电子产品和节日礼品等，产品更出口至欧洲多个国家，在欧洲、日本等地已拥有很高知名度。
贝拉比,贝拉比,
宝啦,宝啦,
perfection,Perfection,《Perfection》是OhLand的音乐作品，收录在《OhLand》专辑中。
怡贝儿,怡贝儿,怡贝儿是英国怡贝儿国际集团有限公司关于婴儿的品牌。
优恩,优恩,“优恩”属于公司自有品牌，自主研发，拥有1项配方发明专利和多项商标所有权，另有多项配方发明专利正在申请中。优恩产品采用国际先进工艺，全球选取优质原材料，将运动生物科技嫁接到普通功能食品中，具备专业品质。
宝露露,宝露露,宝露露《小企鹅宝露露》人物之一，喜欢去探索、玩耍、东闻闻西尝尝、这边瞧瞧那边看看，总之所有他碰得到的东西他都要一探究竟。
Babymoov,babymoov,BABYMOOV是由爱乐特合伙公司运营品牌，该品牌在2012年2月15日注册成功。 
象宝宝,象宝宝,象宝宝指是江苏象宝宝科技有限公司 （简称ElepBaby象宝宝）、2012年2月6日在苏州市吴中区市场监督管理局登记成立。坐落于素有“人间天堂”之称的历史名城——苏州 ，公司旗下苏州象宝宝服饰厂是一家综合产品开发、设计、生产、销售于一体的生产加工型企业。Elepbaby象宝宝，“象”与“祥”字谐音，寓意专业生产健康、亲肤、高品质的生活的母婴护理用品，带给宝宝更多欢笑与快乐。
中立,中立,中立是一个汉语词汇，拼音是zhōnglì，比喻不站在任一方立场的一种立场，拥有自己的主见。道德中立：表示不偏不向，不带有任何感情色彩，既可以认为是明哲保身，也可以认为是坚持道德原则，或者是认理不认人。
ZOLI,Zoli,Zoli，演员，主要作品有2009年上映的《女孩自毁之生活指南》。
飞利浦,飞利浦,飞利浦，1891年成立于荷兰，主要生产照明、家庭电器、医疗系统方面的产品。飞利浦公司，2007年全球员工已达128100人，在全球28个国家有生产基地，在150个国家设有销售机构，拥有8万项专利，实力超群。2011年7月11日，飞利浦宣布收购奔腾电器（上海）有限公司，金额约25亿元。2011年10月17日，飞利浦电子发布了第三季度财报，第三季度净利润同比下滑85.9%；同时宣布，飞利浦将在全球范围内裁员4500人。2013年1月底，飞利浦消费电子业务已全部剥离，将聚焦优质生活，医疗和照明设备行业。北京时间2014年12月17日，飞利浦宣布，将以12亿美元收购美国医疗设备制造商Volcano公司。
PHILIPS,飞利浦,飞利浦，1891年成立于荷兰，主要生产照明、家庭电器、医疗系统方面的产品。飞利浦公司，2007年全球员工已达128100人，在全球28个国家有生产基地，在150个国家设有销售机构，拥有8万项专利，实力超群。2011年7月11日，飞利浦宣布收购奔腾电器（上海）有限公司，金额约25亿元。2011年10月17日，飞利浦电子发布了第三季度财报，第三季度净利润同比下滑85.9%；同时宣布，飞利浦将在全球范围内裁员4500人。2013年1月底，飞利浦消费电子业务已全部剥离，将聚焦优质生活，医疗和照明设备行业。北京时间2014年12月17日，飞利浦宣布，将以12亿美元收购美国医疗设备制造商Volcano公司。
POUCH,pouch,
多米小熊,多米小熊,2003年8月与德国A-TECHSGERMANY公司签署战略合作协议并成立合资公司，浙江多米婴幼儿用品有限公司正式成立。产品质量由德国公司监制，从2003年至今多米小熊公司已发展成为中国一流的婴儿用品专业厂家。
苹果熊,苹果熊,苹果熊，从分类上讲属于哺乳纲食肉目动物，但食性却高度特化，成为以苹果为生的素食者。苹果熊与熊类是表兄弟。其体型似熊，头大而圆，身体肥胖。身体肥胖，形状像熊但要略小一些，尾巴短，毛发为白色，毛密而有光泽，耐寒。喜欢吃苹果。
SUAVINEX,SUAVINEX,SUAVINEX来自西班牙本土品牌SUAVINEX苏维妮，拥有近30年的专业产品生产经验，作为一流的母婴用品类专家，我们是欧洲皇室及众多明星的首选品牌。全线产品欧盟原产地生产-MADEINEU是我们最好品质的保证，优良的制作传统，精湛的技术工艺和严格的行业要求成为我们品牌的代名词。在欧洲我们通过专业药妆店出售，稳坐行业销售榜的冠军。西班牙儿童牙科协会为我们做担保，认可我们的产品为该行业的最高质量，安全可信。苏维妮系列产品，设计风格独特、图案新颖、色彩丰富而柔和，应用每季的流行元素不断更新，为母婴时尚带来优雅纯正的浪漫欧洲风潮。2010年苏维妮全线产品进驻中国，也将更健康更科学的生活、喂养方式带到中国，为了宝宝的健康，我们不遗余力的不断努力，力求做到最好！选择我们，相信我们，是您安全优质喂养的开始！ 
pororo,pororo,小企鹅Pororo，是韩国国宝级的卡通人物，其主要作品载体是一部益智搞笑类型的动画片，在韩国多个电视台频道及其它媒体均有播放，风靡韩国，在韩国被称为“Po总统”，并受到多个国家观众的欢迎。小企鹅Pororo有不少衍生品，如玩具、食品、用品、应用程序、定期展览及音乐剧等，而电影版已于2013年在中国上映。2014年5月22日，国内首家Pororo卡通主题乐园在北京爱琴海购物中心正式开业。 
必尔,必尔,必尔Phyll，是主营育婴产品的一家公司。始终关注未来育婴科技发展方向，将生态科技与人性化服务融为一体，对宝宝成长的每一个细节都呵护备至。必尔产品很多，必尔奶瓶，必尔消毒柜、必尔吸奶器、必尔储奶袋等
GLASSLOCK,glasslock,
小比咔,小比咔,小比咔是广州市新力实业有限公司在2013年正式牵手法国优秀设计团队共同构思创作的婴童创意品牌形象之一，在传承米菲婴童系列优质产品的基础上，结合源自法国的优雅创意设计，融汇经典与时尚的精粹，表里呈现出品牌的独特风格魅力。市场路线始终坚持“品质同源，服务同步”的发展方向，继续致力于专业的塑料以及不锈钢抽真空产品领域，开发出更多高品质婴童产品服务于广大国内消费者。
爱伦可可,爱伦可可,英国ALCOCO国际控股集团是一家以婴童用品为核心产业的集团，
小黄人,小黄人大眼萌,《小黄人大眼萌》是一部2015年的美国喜剧动画电影，该影片由凯尔·巴尔达、皮艾尔·柯芬执导，桑德拉·布洛克、皮艾尔·柯芬、史蒂夫·卡瑞尔配音，由照明娱乐公司和环球影业联合出品 。该影片讲述了小黄人的历史以及他们要找到强大的新主人，并辅佐他完成作恶事业的故事，背景涉及到伦敦、纽约等几个大城市，该片于2015年9月13日以3D及IMAX3D格式在中国上映 。
Minions,小黄人大眼萌,《小黄人大眼萌》是一部2015年的美国喜剧动画电影，该影片由凯尔·巴尔达、皮艾尔·柯芬执导，桑德拉·布洛克、皮艾尔·柯芬、史蒂夫·卡瑞尔配音，由照明娱乐公司和环球影业联合出品 。该影片讲述了小黄人的历史以及他们要找到强大的新主人，并辅佐他完成作恶事业的故事，背景涉及到伦敦、纽约等几个大城市，该片于2015年9月13日以3D及IMAX3D格式在中国上映 。
米菲,米菲,米菲兔，诞生于1955年，是世界上图画书作家之一的荷兰画家迪克·布鲁纳创作的经典动画人物。米菲画像风格一致，易于记忆、简朴、亲切，深受全世界各地小朋友的喜爱。
MIFFY,米菲,米菲兔，诞生于1955年，是世界上图画书作家之一的荷兰画家迪克·布鲁纳创作的经典动画人物。米菲画像风格一致，易于记忆、简朴、亲切，深受全世界各地小朋友的喜爱。
碧然德,碧然德,碧然德BRITA，全球领先的饮用水优化品牌，在许多国家它已经成为滤水壶的代名词。自1966年碧然德集团发明首个家用滤水壶以来，这个德国家族企业的业务如今已遍及五大洲的60余个国家，拥有18家国内和国际子公司、股份公司、销售和工业合作伙伴，并在德国、英国和瑞士设有多个制造工厂。 
akachan honpo,Akachan Honpo,AkachanHonpo（阿卡佳）是日本最大的母婴用品企业，始创于1932年，拥有13000多个自主开发商品，涵盖服装、家具、食品、玩具等，公司一流的服务和信誉以及一流的产品，深受国内外消费者的好评。近80年来，阿卡佳一直根据最先进的育儿理念和消费者的反馈意见对其产品进行不断改良，其商品的安全性和实用性均经受日本市场苛刻的检验，将给年轻父母带来充分的安全感和全新的育儿体验。
辣妈,辣妈,辣妈是互联网新生代网络名词，一般指身材火辣、个性独特的20-30岁准妈妈和妈妈们的代名词。“辣妈”不是明星母亲的专属，它是每一个妈妈们追求的目标，它是健康，乐观，积极，向上妈妈形象的代言人。
智高,智高,智高（CHICCO），意大利CHICCO儿童品牌，是世界上产品线最丰富的儿童用品，从孕妇用品到婴儿类产品，从玩具、用品、童车到服装、童鞋，为妈妈和0-6岁宝宝提供全方位的呵护，产品行销至全球50多个国家，是每个家庭信赖的保证。在欧洲的市场占有率达70%以上。
CHICCO,Chicco,诞生于意大利的Chicco(智高 )，以其十足专业性、高度的安全性及便利性，致力于开发贴心、安全、舒适、方便和可靠的婴幼商品。
世纪宝贝,世纪宝贝,世纪宝贝（Babyhood）是世纪宝贝集团有限公司旗下知名婴童品牌，致力于0—3岁婴幼儿塑料产品的研发、生产和销售。
babyhood,babyhood,Babyhood（世纪宝贝）是世纪宝贝集团有限公司旗下知名婴童品牌，致力于0—3岁婴幼儿塑料产品的研发、生产和销售。Babyhood的产品主要包括婴儿餐椅、婴儿围兜、儿童座便器、沐浴澡盆、塑料小凳子以及其他辅助洗浴用品等数十种产品。经过多年的发展Babyhood已经在国内外建立了广泛的销售渠道，Babyhood的产品在国内外通过超市、母婴连锁店、商场母婴专柜等方式进行销售，同时也在淘宝等网络平台建立了完善的销售体系。目前，全世界每年超过200万的宝宝使用Babyhood优质、安全、时尚的产品。
邦尼熊,邦尼熊,
Beni Bear,BENI BEAR,BENIBEAR创始于韩国，经过近二十年的发展，先后涉及动漫、文化娱乐产品、服饰等产业，其相关产品畅销全球，现已成为国际儿童时尚领域的潮流品牌。
百合,百合,百合，学名（Liliumbrowniivar.viridulumBaker）又名强蜀、番韭、山丹、倒仙、重迈、中庭、摩罗、重箱、中逢花、百合蒜、大师傅蒜、蒜脑薯、夜合花等，是百合科百合属（学名：Lilium）多年生草本球根植物，原产于中国，主要分布在亚洲东部、欧洲、北美洲等北半球温带地区，全球已发现有至少120个品种，其中55种产于中国。近年更有不少经过人工杂交而产生的新品种，如亚洲百合、香水百合、火百合等。鳞茎含丰富淀粉，可食，亦作药用。
麦豆,麦豆,麦豆，原名徐云志，1982年出生，江苏连云港人，80后青年诗人。中国第二届“汉江-安康诗歌奖”获得者之一，参加了《诗刊》社30届青春诗会。2005年开始写诗，作品散见诗生活博客、《特区文学》、《乾坤诗刊》、《诗生活年选》、《诗刊》、《中国诗歌》、《天涯》、《海峡诗歌》、《诗歌月刊》等。
壳氏唯,壳氏唯,壳氏唯Husk’sware品牌源自美国，是全球第一家成功运用天然稻壳植物纤维为原材料的环保餐具企业。
禾果,禾果,禾果企业以精湛的粤港时尚品牌设计师与强大的产品研发团队共同协作，必将引领国内茶饮与甜品文化潮流。
康贝,康贝,以“创造育儿的感动、协助育儿的伙伴”宣示企业的态度，为传达“幸福感（喜悦、感动）、高品位（品质、信赖、考究）”而设计
Combi,combi,Combi公司的名称由来由希望与有缘人“配合”的“Combination”而缩写成“Combi”要创造丰富而有梦想的生活文化，将人们温暖的交流场所向世界推广。Combi珍惜有缘的人们，让他们的幸福实现。在1968年由希望成为协助“母亲与婴儿“的“伙伴”企业而更名为现在的“康贝(Combi)股份有限公司”。Combi于2002年采用新的品牌标语，重新决定不只对母亲与婴儿提供协助，更希望扩及所有的育儿者，让每个人都能享受幸福的育儿生活。同时，将沟通的对象扩展到所有家人及全体社会，开发并提供各种软、硬体，协助创造一个幸福且充满温馨的交流场所。Combi创造丰富、充满梦想的生活文化，将每个温馨的交流场所拓展到全球。
富光,富光,安徽省富光实业股份有限公司，位于中国科教名城——安徽省合肥市国家AAAAA级旅游景区——中国历史文化名镇三河。富光最初名为肥西县三河塑料配件厂，1993年更名为合肥市三河富光塑胶有限公司，1998年正式更名为安徽省富光塑胶有限公司。2007年12月，公司更名为安徽省富光实业股份有限公司。经过二十多年的发展，富光已成为中国饮水口杯行业的生产制造基地。
鲁茜,鲁茜,
宝德,宝德,宝德（股票代码：8236.HK）以提供IntelIA架构的PowerLeader服务器和相应的解决方案为主要业务，是Intel公司在中国最重要的战略合作伙伴之一，是Intel的全球20名“LeaderAccount”之一，是Intel安腾解决方案联盟(ISA)的唯一中国成员，是国内唯一可以提供8-32路SMPCCNUMA小型机的服务器厂商。
小浣熊,小浣熊,浣熊属哺乳纲食肉目浣熊科的一种动物。源自北美洲，因其食前要将食物在水中洗濯，故名浣熊（注：“浣”字普通话拼音为huàn。另外，小浣熊和小熊猫不属于同种动物，两者有很大差别。）浣熊属包括7种动物，模式种浣熊产在北美和中美，食蟹浣熊产在哥斯达黎加至南美洲北部地区，其余5种产在各个岛屿上。浣熊体长在42-60厘米之间，它们的脚觉发达，经常用前爪捕食和吃食，使用前爪几乎同猴子一样灵活。浣熊常常把捕到的食物放在水中洗去泥沙，因而得名“浣熊”。浣熊是杂食性动物，吃鱼、蛙和小型陆生动物，也吃野果、坚果、种子、橡树籽等。 
圣马龙,圣马龙,“圣马龙Sumlong”商标的持有人为美国迪格逊股份有限公司，该公司为全球杰出的投资商，在国际上享有极高的知名度，产品畅销欧美等地区，屡获殊荣。
可爱多,可爱多,可爱多属于联合利华（中国）有限公司旗下和路雪品牌，以其强大品牌形象和独特口感征服了无数消费者。在中国15-45岁人群中品牌知名度高达80%。在中国，可爱多树立的强大品牌形象和其独特口感、高品质更是征服了无数年轻消费者。可爱多充分发扬创新精神，为冰淇淋品牌开启了诸多先河，成为当之无愧的“蛋筒冰淇淋之王”，从美味的顶花，到香脆的蛋筒，最后巧克力尖尖的惊喜，从第一口到最后一口都值得享受。对于所有到欧洲旅游的美国人来说，最吸引他们眼球的，就是联合利华生产的“可爱多”，这种随处可见的香草、巧克力、草莓冰淇淋，无疑是孩子们的首选。
Cute Baby,Cute baby,《Cutebaby》是一款Android平台的应用。
Bailey,Bailey,DavidBailey大卫·贝利，英国专为名人摄影的摄影师。
多拉咪,多拉咪,多拉咪国际集团，生产的智力开发及家庭装饰实用产品迄今已有四十多年历史。凭借精益求精、不断创新的专业精神，DLami已成为色彩、快乐、品质、安全及创意的代名词。目前，DLami的产品在50多家国家出售，从热带到寒带，从美洲到亚洲，备受全球老师及家长的推崇。DLami是全球孩子智力开发的乐园。在意大利DLami已成为母婴文化的代名词，在意大利消费者中达到了99%的品牌知名度，是最受欢迎的儿童和爱家妈妈品牌。在中国市场目前主要生产奶瓶，经营玻璃奶瓶、PP奶瓶、以及奶瓶配件等，“摔不碎（摔不破）的抗菌玻璃奶瓶”是多拉咪的特色产品之一。
HELLO KITTY,hello kitty,HelloKitty（日语：ハローキティ；拉丁写法：Harōkiti）日本著名动漫萌星，市面的中文译名有堤提猫、凯蒂猫、凯迪猫、吉蒂猫等名。另外，由于HelloKitty没有嘴巴，在网络上亦有无口猫、无嘴猫的别名。她有这样一个故事。有一只小猫，有嘴巴（作者已经表示有嘴巴了），脸蛋圆圆的，左耳上扎着一个蝴蝶结，还有一截小尾巴，她的名字叫堤提猫（HelloKitty），凯蒂猫、吉蒂猫或无嘴猫。Kitty猫诞生于1974年，日本著名卡通萌星。她是个英国人，名叫凯蒂·怀特（KittyWhite），天蝎座，三年级，有只叫CharmmyKitty的宠物猫，还有个双胞胎姐妹。 
凯蒂猫,hello kitty,HelloKitty（日语：ハローキティ；拉丁写法：Harōkiti）日本著名动漫萌星，市面的中文译名有堤提猫、凯蒂猫、凯迪猫、吉蒂猫等名。另外，由于HelloKitty没有嘴巴，在网络上亦有无口猫、无嘴猫的别名。她有这样一个故事。有一只小猫，有嘴巴（作者已经表示有嘴巴了），脸蛋圆圆的，左耳上扎着一个蝴蝶结，还有一截小尾巴，她的名字叫堤提猫（HelloKitty），凯蒂猫、吉蒂猫或无嘴猫。Kitty猫诞生于1974年，日本著名卡通萌星。她是个英国人，名叫凯蒂·怀特（KittyWhite），天蝎座，三年级，有只叫CharmmyKitty的宠物猫，还有个双胞胎姐妹。 
beingmate,贝因美,贝因美（Beingmate）初创于1992，贝因美婴童食品股份有限公司成立于1999年。 2011年4月12日贝因美（002570）在深交所挂牌上市。2015年4月17日晚间公告，公司下属全资公司爱尔兰贝因美出资1000万欧元，认购中法（并购）基金开展对外投资。同时，公司以现金1.17亿元收购敦化美丽健乳业有限公司65%的股权，成为其控股股东。 
惠氏,惠姓,惠姓，在中国并不是一个常见的姓氏，但也是中国较为古老的姓氏之一。在过去2000多年期间，惠氏的活动地区主要是长江以南的江、浙一带，长久以来在历史上成名的惠氏名人，也几乎全是江、浙人氏。古代的扶风，在今陕西平东南，全国惠氏老家便在这里。望族居扶风郡（今陕西省扶风县一带）。
YOOKIDOO,Yookidoo,
伊一,伊一,伊一，1989年7月25日出生于湖南省永州市，毕业于浙江传媒学院，浙江卫视女主持人，女演员。2006年伊一通过浙江电视台编导组介绍，进入浙江卫视实习。2011年10月6日，公布其以我爱记歌词主持人身份出道，因其擅长舞蹈，而被观众关注。伊一主持风格活泼清新，是中国蓝大家庭中的“旋舞之蓝”。出道至今，主持过浙江卫视《我爱记歌词》、《中国星跳跃》等多个节目。2013年主演第一部电视剧《凤凰牡丹》 ，随后又拍摄了《骄阳似我》 。2015年主持浙江卫视开年首档综艺节目《我看你有戏》 。2016年出任浙江卫视励志音乐评论节目《中国新歌声》主持人 。2017年以补位嘉宾加盟《花漾梦工厂》第二季 。
YIYI,yiyi,yiyi是一款生活实用类软件，支持Android1.5运行环境。
泰福高,泰福高,タフコ（泰福高）株式会社诞生于1987年，是一家生产不锈钢保温杯、不锈钢保温饭盒、保温用品及厨房餐饮用品，其前身为上世纪60年代建立田边金属株式会社。生产厨房不锈钢餐饮用品有50年，有产品选材、研发设计、品牌形象等体系 
PORORO,pororo,小企鹅Pororo，是韩国国宝级的卡通人物，其主要作品载体是一部益智搞笑类型的动画片，在韩国多个电视台频道及其它媒体均有播放，风靡韩国，在韩国被称为“Po总统”，并受到多个国家观众的欢迎。小企鹅Pororo有不少衍生品，如玩具、食品、用品、应用程序、定期展览及音乐剧等，而电影版已于2013年在中国上映。2014年5月22日，国内首家Pororo卡通主题乐园在北京爱琴海购物中心正式开业。 
天际,上古卷轴5：天际,《上古卷轴5：天际》是动作角色扮演游戏系列《上古卷轴》的最新作，由Bethesda开发制作。这部游戏设定在《上古卷轴4：湮没》的200年之后。玩家将扮演着人身龙魂的英雄龙裔，踏上将邪恶巨龙奥杜因驱逐至时间尽头的征途。《上古卷轴5：天际》于2011年11月11日登陆PC、PS3、Xbox360，《上古卷轴5：天际特别版》2016年10月28日登陆PC、PS4、XboxOne， 2017年11月18日登陆NintendoSwitch 
变奏曲,变奏曲,变奏曲是指主题及其一系列变化反复，并按照统一的艺术构思而组成的乐曲。“变奏”一词，源出拉丁语variatio原义是变化，意即主题的演变。从古老的固定低音变奏曲到近代的装饰变奏曲和自由变奏曲，所用的变奏手法各不相同。作曲家可新创主题，也可借用现成曲调。然后保持主题的基本骨架而加以自由发挥。手法有装饰变奏、对应变奏、曲调变奏、音型变奏、卡农变奏、和声变奏、特性变奏等。另外，还可以在拍子、速度、调性等方面加以变化而成一段变奏。变奏少则数段。多则数十段。变奏曲可作为独立的作品，也可作为大型作品的一个乐章。
BEKO,beko,英国家电领导品牌Beko倍科销量位居欧洲前三。Beko(倍科)早在其品牌创立之初就确立了“创建国际领先品牌”的全球战略。目前，Beko(倍科)产品已经销往全球100多个国家和地区在许多国家都是家电市场的领导者特别是在欧洲、俄罗斯和独联体国家、波罗的海地区、中东地区、北非和澳大利亚等国家及地区。今天，全世界有4.4亿用户选择了Beko(倍科)的产品在全球范围内每2秒钟就有一款Beko产品被售出；Beko(倍科)品牌也藉此成为国际家电市场的领导品牌之一。
倍儿乐,倍儿乐,倍儿乐，是来自美国婴儿用品品牌，英文名是playtex，原名是哺儿适。自2010年8月起，为配合全球统一中文品牌发展战略，playtex在中国大陆地区的中文名称由“哺儿适”更改为“倍儿乐”。
playtex,playtex,
edison,EDISON,EDISON是男星陈冠希的英文名。
英宝,英宝,英宝（Enpeau）是来自韩国的婴儿用品品牌，英宝（Enpeau）硅胶奶瓶系采用医疗级液相硅胶制造，并已获得了国际专利认证。此奶瓶健康、实用性的科学设计得到了广大父母亲的信赖和认可，并迅速成长为韩国最受欢迎的第一大高端奶瓶品牌，现在产品已经出口到美国、日本、香港、台湾等众多的地区
佳儿乐,佳儿乐,
B.Duck,B.duck,B.Duck是香港著名产品设计公司SemkProductsLtd（森科产品有限公司）旗下主力品牌。B.Duck诞生于2005年，首款推出的产品是B.Duck浴室防水收音机，造型独特的鸭仔防水收音机在日本及欧洲地区大受欢迎。此后，B.Duck小黄鸭的形象被运用在不同的产品类别，包括家居、浴室、厨房、文具、电子产品和节日礼品等，产品更出口至欧洲多个国家，在欧洲、日本等地已拥有很高知名度。
Bbox,beatbox,Beatbox，全称HumanBeatbox，起源于美国，是一种出现于1980年代的新兴HipHop元素，一种在21世纪初兴盛起来而形成的音乐文化。可以通俗的理解为节奏口技，但与中国传统口技有本质上的区别。
Fisher Price,费雪,费雪，美国儿童玩具制造商，创立于1930年，总部设在纽约。
沃尔玛,沃尔玛百货有限公司,沃尔玛百货有限公司，即沃尔玛公司（WalMartInc.）（NYSE：WMT），是一家美国的世界性连锁企业，以营业额计算为全球最大的公司，其控股人为沃尔顿家族。总部位于美国阿肯色州的本顿维尔。沃尔玛主要涉足零售业，是世界上雇员最多的企业，连续4年在美国《财富》杂志世界500强企业中居首位。沃尔玛公司有8500家门店，分布于全球15个国家。沃尔玛在美国50个州和波多黎各运营。沃尔玛主要有沃尔玛购物广场、山姆会员店、沃尔玛商店、沃尔玛社区店等四种营业方式。2013年11月25日，任命国际业务部主管董明伦（DougMcMillon）接任杜克（MikeDuke）为沃尔玛总裁兼首席执行官，该任命从2014年2月1日起正式生效。 2014年12月11日，海外媒体称沃尔玛将关闭约30%的中国门店。沃尔玛12月2日对中国区管理层以重组进行了裁员。 2014年12月沃尔玛非常重视对其公司不当行为的指控。 2016年6月29日，沃尔玛表示将向美国所有消费者开放两日达免费送货服务，这是沃尔玛在这一服务上的再一次拓展。 北京时间2016年7月20日晚与全球同步发布了最新的《财富》世界500强排行榜 。2017年6月7日发布的2017年《财富》美国500强排行榜，沃尔玛连续第五年蝉联榜首。2017年7月20日发布的《财富》世界500强排行榜，沃尔玛连续四年排名第一位。 
Make my day,Make my day,《Makemyday》是卫兰演唱的一首歌曲，收录于专辑《Morning》中，发行于2009年07月03日。
tgm,tgm,tgm是由北京润美生国际贸易有限公司创立的婴幼儿用品品牌，注册于2015年。
迪福,杰梅因·科林·迪福,杰梅因·迪福（JermainDefoe），全名：杰梅因·科林·迪福（JermainColinDefoe）1982年10月7日出生于英格兰伦敦，英格兰足球运动员，场上司职前锋，现效力于英超的伯恩茅斯足球俱乐部。 迪福曾效力于托特纳姆热刺足球俱乐部、查尔顿足球俱乐部、朴茨茅斯足球俱乐部、西汉姆联足球俱乐部、多伦多FC足球俱乐部、桑德兰足球俱乐部。这位英格兰名将创造了一个历史——赛季英超20支球队都有破门记录。 
B-Box,beatbox,Beatbox，全称HumanBeatbox，起源于美国，是一种出现于1980年代的新兴HipHop元素，一种在21世纪初兴盛起来而形成的音乐文化。可以通俗的理解为节奏口技，但与中国传统口技有本质上的区别。
SIMBA,SIMBA,《SIMBA》是一款IOS平台的应用。
ANGE,Ange,
GB,英国,大不列颠及北爱尔兰联合王国（UnitedKingdomofGreatBritainandNorthernIreland），简称“英国”（UnitedKingdom），本土位于欧洲大陆西北面的不列颠群岛，被北海、英吉利海峡、凯尔特海、爱尔兰海和大西洋包围。英国是由大不列颠岛上的英格兰、威尔士和苏格兰以及爱尔兰岛东北部的北爱尔兰以及一系列附属岛屿共同组成的一个西欧岛国。除本土之外，其还拥有十四个海外领地， 总人口超过6500万，其中以英格兰人（盎格鲁-撒克逊人）为主体民族，占全国总人口的占83.9%。 1688年的光荣革命确立了君主立宪政体，18世纪60年代至19世纪30年代成为世界上第一个完成工业革命的国家 ，国力迅速壮大。18世纪至20世纪初期英国统治的领土跨越全球七大洲，是当时世界上最强大的国家和第一大殖民帝国，其殖民地面积等于本土的111倍， 号称日不落帝国。在两次世界大战中都取得了胜利，但国力严重受损。到20世纪下半叶大英帝国解体，资本主义世界霸权的地位被美国取代。不过，现在英国仍是一个在世界范围内有巨大影响力的大国。 英国是一个高度发达的资本主义国家，欧洲四大经济体之一，其国民拥有较高的生活水平和良好的社会保障制度。作为英联邦元首国、八国集团成员国、北约创始会员国、英国同时也是联合国安全理事会五大常任理事国之一。北京时间2018年3月19日，欧盟与英国就2019年3月英国脱离欧盟后为期两年的过渡期条款达成广泛协议。  
rossmann,Rossmann,Rossmann是德国最大的日化用品超市，成立于1972年。2017年4月，Rossmann的2000多 家实体店和网店将接受来自中国的游客、商务人士和留学生的支付宝支付。Rossmann公司市场主管RaoulRossmann先生表示 ，接受支付宝支付可以方便中国顾客消费，同时争取市场份额。 
哆啦A梦,哆啦A梦,《哆啦A梦》（日语：ドラえもん；英语：Doraemon；旧译叮当/小叮当）是由日本漫画家藤本弘（笔名藤子·F·不二雄）和安孙子素雄（笔名藤子不二雄A）共同创作的漫画作品，1987年12月23日后，由于两位作者打算各自创作漫画，《哆啦A梦》系列的创作便完全由藤本弘负责。该漫画叙述了一只来自22世纪的猫型机器人——哆啦A梦，受主人野比世修的托付，回到20世纪，借助从四维口袋里拿出来的各种未来道具，来帮助世修的高祖父——小学生野比大雄化解身边的种种困难问题，以及生活中和身边的小伙伴们发生的轻松幽默搞笑感人的故事。该漫画自1970年1月开始在《小学1-4年级生》杂志中开始连载，并且大受小学生欢迎。《哆啦A梦》系列的篇幅浩繁，由原作者亲自执笔的短篇漫画共1345回（分为45卷单行本），大长篇漫画16回 ，《哆啦A梦Plus》6卷，在藤本弘去世后，又由其弟子创作了大量漫画，至今仍有新作品在不断推出。 
Doraemon,Doraemon,Doraemon，是在Android平台运行的手机软件，是壁纸美化类软件。
果语,果语,果语 是于2010年02月14日成功注册的品牌 
莱卡,莱卡,Logo寓意为：我爱水。LAICA秉承意大利先进工艺为人们提供最好的饮用水。1974年，LAICA成立于意大利，产品线由滤水壶、体脂秤、体重计、料理秤、婴儿秤、塑身美容与医疗用品等品项组成；LAICA为欧洲第一之电子秤品牌；并于1995开始研发的家用滤水壶产品，意大利LAICA拥有36年制造经验，曾为多个其他欧洲品牌代工，LAICA是意大利最大同时也是欧洲市场成长率最快的品牌。意大利LAICA可称为全方位的健康精品领导品牌。意大利LAICAS.p.A.成立于1974年，莱卡品牌产品得到了全球知名的权威认证机构，如：欧洲LGA食品级认证、欧洲LGA卫生标准认证、欧洲LGA品质标准认证、德国TUV食品级认证等的认证，在竞争激烈的净水壶品牌中拔得头筹，成为国际净水壶品牌的标志性企业。 
虎牌,虎牌,虎牌公司（日文：タイガー魔法瓶株式会社），是日本的一个高品质真空瓶及消费电子产品制造的跨国公司。它在中国台湾和北美分别开设有分公司。
TIGER,虎式重型坦克,虎式重型坦克（德语：PanzerkampfwagenTigerAusführungE(Sd.Kfz.181)，中文：虎式坦克/虎I坦克/六号坦克）是第二次世界大战中德国军队所使用的重型坦克。 虎式坦克是二战中的著名坦克，从1942年下半年服役起至1945年德国投降为止，一直活跃于战场第一线。虎式坦克在战争中击毁了大量的敌军坦克也包括其它火炮，这使它成为所有盟军坦克危险对手，凡是在战斗中能够击毁或击伤虎式坦克致其被遗弃的盟军坦克，人们都会尊称其为驯虎者。虎式自身重量较大达到了56吨，虽然使用的迈巴赫12缸发动机，功率700马力，但过大的重量使得它的马力重量比率只有每吨12.8马力，因而越野性能较差，在苏德战场的复杂地形上作战时易陷入被动。此外过大的重量使虎式的故障率较高，维护复杂。 
Zoli,Zoli,Zoli，演员，主要作品有2009年上映的《女孩自毁之生活指南》。
星巴克,星巴克,星巴克（Starbucks）是美国一家连锁咖啡公司的名称，1971年成立，是全球最大的咖啡连锁店，其总部坐落美国华盛顿州西雅图市。星巴克旗下零售产品包括30多款全球顶级的咖啡豆、手工制作的浓缩咖啡和多款咖啡冷热饮料、新鲜美味的各式糕点食品以及丰富多样的咖啡机、咖啡杯等商品。星巴克在全球范围内已经有近21300间分店遍布北美、南美洲、欧洲、中东及太平洋区。2012年3月，星巴克在美国的两款甜点被曝用胭脂虫当着色剂，专家称令哮喘者过敏。2012年4月，星巴克表示停用该着色剂。2017年1月31日，美国咖啡连锁巨头星巴克在该公司的移动应用MyStarbucks里推出了一项新的语音助手功能，方便用户通过语音点单和支付。 星巴克公司宣布将在2018年5月29日的下午关闭全美约8000家直营店面，对17万员工进行“反种族歧视”的相关培训。 
Starbucks,星巴克,星巴克（Starbucks）是美国一家连锁咖啡公司的名称，1971年成立，是全球最大的咖啡连锁店，其总部坐落美国华盛顿州西雅图市。星巴克旗下零售产品包括30多款全球顶级的咖啡豆、手工制作的浓缩咖啡和多款咖啡冷热饮料、新鲜美味的各式糕点食品以及丰富多样的咖啡机、咖啡杯等商品。星巴克在全球范围内已经有近21300间分店遍布北美、南美洲、欧洲、中东及太平洋区。2012年3月，星巴克在美国的两款甜点被曝用胭脂虫当着色剂，专家称令哮喘者过敏。2012年4月，星巴克表示停用该着色剂。2017年1月31日，美国咖啡连锁巨头星巴克在该公司的移动应用MyStarbucks里推出了一项新的语音助手功能，方便用户通过语音点单和支付。 星巴克公司宣布将在2018年5月29日的下午关闭全美约8000家直营店面，对17万员工进行“反种族歧视”的相关培训。 
BWT,BWT,BWT文件是由Blindwrite生成的镜像文件。Blindwrite5之前的版本可以制作BWT镜像文件，同时生成BWI信息文件。
卡曼熊,卡曼熊,卡曼熊，是卓尔集团（香港）发展有限公司旗下品牌。 卓尔集团（香港）发展有限公司是一家发展母婴事业的公司。研发、生产、销售高品质母婴生活电器。拥有多项产品专利，产品线覆盖妈妈用品、婴儿喂哺等领域。2013年，卡曼熊正式入中国市埸。 
精婴,精婴,“精婴”品牌是佛山市顺德区菁爱生活电器有限公司旗下的品牌，公司坐落于广东佛山顺德区容桂镇天富来国际工业城。
金正,金正,金正是五行官之一。古代神话传说中的神。《左传·昭公二十九年》：“故有五行之官，是谓五官……木正曰句芒，火正曰祝融，金正曰蓐收，水正曰玄冥，土正曰后土。”杜预注：“正，官长也。”
AMOS,Amos,Amos是一个多义词，一是（圣经）阿莫斯（公元前八世纪的希伯来先知）；二是(<<圣经·旧约>>中的)<<阿莫斯书>；三是中国80后摇滚乐队等。
米洛,米洛,《米洛》是一款IOS平台的应用。
网易严选,网易严选,网易严选，网易旗下原创生活类自营电商品牌，于2016年4月正式面世，是国内首家ODM（原始设计制造商）模式的电商，以“好的生活，没那么贵”为品牌理念。严选通过ODM模式与大牌制造商直连，剔除品牌溢价和中间环节，为国人甄选高品质、高性价比的天下优品。 
精灵兔,精灵兔,精灵兔是52集国产动画《钢甲卡卡龙》中的角色，第六个苏醒的机器人，十二生肖机器人之一，和卡卡龙等人一起寻找精灵石。
蜡笔小新,蜡笔小新,《蜡笔小新》是由臼井仪人创作的漫画，1990年8月，在《weekly漫画action》上开始连载。1992年，根据漫画改编的同名动画在朝日电视台播出。2010年7月16日，臼井仪人遗作《蜡笔小新》第50卷发刊，由臼井仪人创作的全部单行本发行完毕，累计发行销量5300万部 。在作者臼井仪人去世后，作品由“臼井仪人&UY工作室”沿袭原作风格继续创作。
面包超人,面包超人,《面包超人》是1988年10月3日（关东地区）日本TV系列广播电台制作的儿童动画。2008年10月3日纪念本动画播放20周年，成为了长寿番组。同时，2009年8月28日，迎来了本作放送的第1000话。
People,people,做人从思想活动的状态来讲就是一种认识世界、了解自我的灵性动物，而当人被他自己用语言文字命名之后，人就不再是一种只具有自然属性的生命了。有圣人说我们是灵魂在内的高级生命；有神人说我们是属神的等等。这一切明确指示都已经用文字的形式记载下来了，这赋予人生更高的意义和追求，从此我们也不仅仅是一个短暂的生命现象，而是一个展现多种人生色彩的生命传奇了。
比卡诺,比卡诺,比卡诺（厦门）婴儿用品有限公司创建于1998年，位于风景迷人的鹭岛----厦门，于1998年从台湾正式进入内地市场，是一家集专业从事开发、生产、销售与加工高品质育婴儿用品的一体化现代企业。
博朗,博朗,1921年在德国法兰克福奠下基业，德国博朗以精致的设计缔造出一个又一个经典，成为德国设计的典范。旗下10大类200多种产品涵盖男士剃须、女士脱毛、美发护发等，成为全球小家电巨头。德国博朗的产品曾经荣获60多项红点设计大奖，现代气息、简约、纯正和高品质正是博朗的风格。而德国博朗的设计理念，更被其设计大师迪特·拉姆斯总结成那赫赫有名的“十句箴言”，影响着一代又一代的设计师。2014年博朗理发器系列震撼登陆中国，带给消费者来自博朗的终极理发体验。
BRAUN,BRAUN,布劳恩1850年6月6日出生于德国的富尔达（Fulda）。他在此地接受了地方普通中学的教育。他曾在马尔堡大学、柏林大学学习过，1872年毕业，他的毕业论文是关于弹性弦的振动。后来他在维尔茨堡大学担任过昆开（Quincke）教授的助手，1874年受聘到莱比锡的圣托马斯中学任教。两年后他受聘为马尔堡大学的理论物理学编外教授，1880年又被聘请到斯特拉斯堡大学担任同样的职务。1883年布劳恩成了卡尔斯鲁厄（Karlsruhe）工业大学的物理学教授，并于1885年受聘到杜宾根大学任教。他到这里的任务之一是建立一所新的物理研究所。他没有接受莱比锡大学的邀请去继承魏德曼的职务，而是在10年后于1895年又返回斯特拉斯堡担任物理研究所主任。
良良,良良,良良，国内婴童睡眠保健用品专家。来自于南昌良良实业有限公司，由李九华先生于2000创建。经过良良人十余年的不懈努力，良良业已成为行内巨头，旗下产品远销东南亚，受到国内外妈妈的青睐。
Babyruler,babyruler,tornado通过EN1888欧洲严格测试，SGS通标及国内3C质量标准。由英国著名设计团队贝基执笔设计，Babyruler为婴儿手推车行业高端品牌，设计新颖、豪华大方、操作简便、安全舒适。
Evangeline,Evangeline,Evangeline伊文捷琳品牌创办人Schuhmacher舒马赫是一位生化学家，他是生于德国拥有着德国贵族血统的希腊籍后裔，出生于六十年代中期的舒马赫从小就天赋秉异，聪明过人，博古通今，教育良好，对于王室的尊贵奢华醉心迷离，对于家族的荣光眷恋不舍，所以年轻时代的舒马赫活力四射，魅力翩翩。
Mamiqing,MAMIQING,MAMIQING是株式会社妈咪情注册的商标名，主要有奶瓶;奶瓶用奶嘴;奶瓶阀;婴儿用安抚奶嘴;吸奶器等产品。 
母爱,母爱,母爱是一个汉语词汇，读音为mǔài，一般泛指母亲对子女的爱。属于母亲的或母亲应有的温柔、热情或慈爱。出自《鸡肋编》。
Bear,bear,1.VERBUSE动词用法2.NOUNUSES名词用法VERBUSE动词用法NOUNUSES名词用法1.N-COUNTSeealso:polarbear；teddybear；熊Abearisalargestrongwildanimalwiththickfurandsharpclaws.2.N-COUNT（对股市行情）看跌的人Onthestockmarketbearsarepeoplewhosellsharesinexpectationofadropinpriceinordertomakeaprofitbybuyingthembackagainafterashorttime.
舒比奇,舒比奇,舒比奇，中国首款专利防红臀纸尿裤，专注致力于婴幼儿纸品，专业预防宝宝红臀。舒比奇亲体研究中心，致力于呵护宝宝娇嫩肌肤，多年精心研究打造婴幼儿“亲体”用品，体贴入微，细心关爱，精心呵护宝宝每一步成长。舒比奇品牌“Suitsky”诞生于2009年，旗下有“舒比奇”、“舒比奇高护”“初生时代”、“恩玛”四个婴幼儿纸品品牌，拥有国际领先的自动化纸尿裤生产线、纸尿片生产线、湿巾生产线等20余条，产品涵盖纸尿裤、纸尿片、拉拉裤、小内裤、湿巾等，营销网络现已覆盖全国各大省市 秉承“品质超过竞品，营销差异于竞品”的发展理念，舒比奇率先申请并使用防红臀专利技术，正是多年来始终坚持并不断升华这一功能鲜明的传播主张，使得创新、专业、领先的品牌形象深入人心 未来，舒比奇还将不断以精益求精的态度不断提升产品的品质水准，创新高品质产品，回馈一同陪伴万千家庭 
运宝,运宝,东莞市运宝金属有限公司是珠江三角洲地区规模最大的铝业原材料供应商之一。主要经营国产铝板、铝棒、铝卷、合金板、进口美国铝板、镜面铝板等。广泛应用于航天航空、五金制品、交通运输、模具制造、塑胶、电子、精密仪器等各行业。
凯伍德,凯伍德,凯伍德是德龙比荷卢股份公司的注册商标。于2010年03月28日注册成功。申请/注册号为6500570，国际分类为7。 
KENWOOD,KENWOOD,英国凯伍德KENWOOD-其产品涉及多个系列：全能厨师机系列、多功能食物料理系列、早餐系列、烹调系列，产品全球同步上市；日本建伍（KENWOOD）是世界领先的音响品牌，探索动人未来，创建美好生活是建伍公司新的长远规划，这表示其非常人性化的产品设计理念。
精典泰迪,精典泰迪,
小袋鼠巴布,小袋鼠巴布,小袋鼠巴布 是杭州奥亿婴童用品有限公司注册成立的孕婴童品牌。 
mothercare,Mothercare,世界第一母婴用品服饰Mothercare来自简约、典雅的英国，创立于1961年。Mothercare品牌早为人所熟知与喜爱，更被视为全球最顶尖、最具代表性的专业婴童用品服饰连锁品牌，因为在英国，各个城镇都有它的足迹，在伦敦热闹的牛津街亦设有全球最大的旗舰店，吸引来自世界各地的品牌拥护者。1996年，Mothercare更荣获英国最高殊荣“女皇奖QUEEN'SAWARD”，成为婴童市场中的第一品牌，至今屹立不摇。mothercare产品类别涵盖母婴服饰、手推车、汽车安全座椅、儿童家具等多个类别，不愧号称母婴一站式购物商店。
Summer,萨摩·格拉,萨摩·格拉SummerLynGlau，1981年7月24日出生于德克萨斯，圣安东尼奥，演员。虽然她在接近墨西哥边界的地方长大，但是她却不带拉丁裔血统。她的祖先是日耳曼人，爱尔兰人和苏格兰人。她有两个妹妹，Christie和Kaitlin。她父亲是一个承包商，母亲是学校教师。她祖父在空军作过飞行员，去过全球各地。 
ewant,ewant,ewant是由国立交通大学、上海交通大学、西安交通大学、西南交通大学、北京交通大学共同合作发起的开放教育平台，于2013年成立于国立交通大学开放教育资源中心，课程主要由两岸五校交大提供，于2013年首度开课；修课通过者可以获得交大学习认证。
禧贝,禧贝,禧贝是优质婴幼儿有机食品品牌首批进军美国的品牌快速成长为美国有机辅食高端市场领军品牌。现今禧贝成为越来越多美国庭婴幼儿食品中的首选品牌在全美超过5000家商店中出售多种不同系列的优质绿色婴幼儿食品。
Happy Baby,Happy Baby,《HappyBaby》演唱者：青春美少女组合出自专辑《HappyBaby》。青春美少女组合是中国国内最早的歌舞组合，是旅日华人陈丽卿女士创办的北京青春鸟影视艺术发展中心的学员。成立于1996年，先后经历了4代成员。
思怡,思怡,思怡，女，出生于1968年，现旅居荷兰，荷籍华人，原籍中国浙江省青田县温溪镇人，从小喜爱文艺文学，诗词歌赋等，在学生时期学习成绩名列前矛，在校积极参与文娱活动，品德优秀。八八年听任父母之命旅居荷兰，从事饮食业至今，多年来也不忘诗歌创作，并在荷兰多份中文报纸上陆续刊登，深受扩大读者欢迎和好评。现任荷兰青田同乡会副秘书长。作为著名音乐词人，思怡写的歌词具有清丽隽永的风格。《郁金飘香》更是思怡20几年创作的精华之集，共收录100多首思怡的佳作，作品主题丰富囊括了生活的方方面面，真情的描绘，获得了业内业外人士的一致赞赏。
象印,象印,象印/ZOJIRUSHI象印マホービン株式会社ZOJIRUSHICORPORATION 是日本的高质量消费用电器产品包括电饭煲，电器水瓶和真空水瓶的制造商和销售商。它还在韩国，中国大陆，中国台湾，中国香港以及北美有分公司。象印在大阪证券交易所上市，但未在东京证券交易所上市。
hellokitty,hellokitty,HelloKitty诞生于1974年，当时三丽鸥公司预定推出一款小钱包，上面的图案希望能设计出一个崭新的人物。而Kitty的第一代设计师清水侑子在设计之初想到小孩子喜欢的动物，不外乎小熊、小狗和小猫而已，由于前两者早已推出过，因此她便决定采用最喜欢的猫咪了，因此这只系上红色蝴蝶结的小白猫便出现在钱包上。当时信太郎并不是很喜欢它，但是不可思议的是，这只小猫却一发而不可收拾地流行起来。然而在2014年，HelloKitty形象注册商日本三丽鸥（Sanrio）公司对外澄清了一个事实——HelloKitty并不是一只猫，而是一个小女孩的形象。
EVERLAST,EVERLAST,Everlast品牌诞生于美国纽约的布朗克斯，品牌最初的建立是从泳装制造开始。1910年，17岁的雅各布·哥伦布不满于当时泳装的耐用性，于是开始自己制作衣服以保证它们的延续性，并称之为“Everlast”。由此，雅各布·哥伦布开办了第一家运动服装和运动器材商店。1917年，年轻的拳击运动员杰克·登普西将拳击运动推荐给雅各布·哥伦布，邀请他设计足够承受15场激烈拳击比赛的护头及手套。1919年，杰克·登普西戴着它们赢得了世界拳击重量级冠军，Everlast由此名声大噪。
三个奶爸,三个奶爸,《三个奶爸》是由上海耀客传媒、华谊兄弟、博方文化、东阳荆棘鸟联合出品的都市情感剧，由刘恺执导，李晨、张歆艺、陈赫、张萌、田雷、李倩等领衔主演 。该剧讲述三个男人在合租房意外收获了一个从天而降的婴儿，由此引发一系列不靠谱的事件后，决定为孩子奋斗成为三个奶爸的故事。该剧于2015年10月21日浙江卫视、深圳卫视播出 。
博世,博世,博世是德国的工业企业之一，从事汽车与智能交通技术、工业技术、消费品和能源及建筑技术的产业。1886年年仅25岁的罗伯特·博世先生在斯图加特创办公司时，就将公司定位为“精密机械及电气工程的工厂”。总部设在德国南部斯图加特市的博世公司员工人数超过23万，遍布50多个国家。博世以其创新尖端的产品及系统解决方案闻名于世。 
BOSCH,博世,博世是德国的工业企业之一，从事汽车与智能交通技术、工业技术、消费品和能源及建筑技术的产业。1886年年仅25岁的罗伯特·博世先生在斯图加特创办公司时，就将公司定位为“精密机械及电气工程的工厂”。总部设在德国南部斯图加特市的博世公司员工人数超过23万，遍布50多个国家。博世以其创新尖端的产品及系统解决方案闻名于世。 
爱他美,爱他美,德国领先的高端奶粉品牌，是德国市场份额第一的奶粉，也是欧洲销量最好的奶粉之一。爱他美奶粉产自德国，是德国美乐宝（Milupa）集团旗下品牌，后美乐宝被达能集团收购。2007年，达能再收购RoyalNumico（纽迪希亚持有人），将旗下的婴幼儿营养及医学营养进行了内部合并。爱他美与诺优能、可瑞康三个奶粉品牌均属于纽迪希亚旗下。
Aptamil,爱他美,德国领先的高端奶粉品牌，是德国市场份额第一的奶粉，也是欧洲销量最好的奶粉之一。爱他美奶粉产自德国，是德国美乐宝（Milupa）集团旗下品牌，后美乐宝被达能集团收购。2007年，达能再收购RoyalNumico（纽迪希亚持有人），将旗下的婴幼儿营养及医学营养进行了内部合并。爱他美与诺优能、可瑞康三个奶粉品牌均属于纽迪希亚旗下。
琳达妈咪,琳达妈咪,琳达妈咪是上虞金缘贸易有限公司注册的商标名 ，主要有肥皂、洗涤剂、洗面奶、洗衣用织物柔软剂、花露水、化妆品、爽身粉、洗衣粉、非医用漱口剂、去污剂等产品。 
美赞臣,美赞臣,美赞臣营养品公司创立于1905年，创始人为爱德华·美赞臣，公司总部位于美国伊利诺斯州的格伦维尤，其全球研发中心及全球运作生产中心则位于美国印地安纳州的埃文思威尔镇。美赞臣汇聚前沿的营养科研力量，一直致力于配方的研发和创新，为全世界婴幼儿的健康成长提供从科学探索到临床科学研究的全面支持。同时，美赞臣已与多家大学和研究机构合作，拥有婴幼儿营养研究平台和专业能力。所生产的70多种营养产品行销50多个国家和地区。 2018年4月18日，因在生产许可条件保持、食品安全管理制度落实等方面存在缺陷，被国家市场监管总局通报。 
抱抱熊,抱抱熊,抱抱熊是晋江嘉年华婴儿用品有限公司于1995年独立创建的品牌，抱抱熊婴儿用品以其专业化、人性化的态度主要生产研发抱婴腰凳、婴儿背带、学步带、防走失带、妈咪包、哺乳巾、披风等系列产品。 
Evenflo,evenflo,
五道杠,五道杠,“五道杠”是湖北省武汉市设立的少先队总队长队标。武汉市在区、市两级设立总队，并建立相应的四道杠、五道杠。2011年5月的“五道杠少年”事件，让这个本来很正常的一个少先队队标，引发全国范围的大讨论。
basicare,basicare,BasiCare国际知名美妆品品牌。已经成功销往世界上40多个国家，涉足于美容院发廊，SPA休闲馆，个人护理用品专卖店，各大零售超市，化妆品专柜等。BasiCare致力于提供给消费者简约、自然、基本，品质优良、价格合理的美妆相关商品。商品的设计并不凸现设计师的个人风格，而着重于平实好用、简约无华，及还原商品本质的手法。
康迪佳,康迪佳,风靡美国的全能型喂养专家康迪佳已登陆中国， 4万美国家庭信赖的产品，储奶袋销量超1，000，000。它颠覆了传统的喂养方式，智能优化喂养过程，有效地杜绝喂养中的多次污染，全面解决喂养烦恼，让母乳妈妈更轻松。康迪佳产品在市场上具有独一无二性，是目前唯一一款全功能型母乳喂养产品。它的优势在于：方便携带、使用简单、安全可靠。康迪佳产品是使用最便捷、设计最科学、材料最安全的母乳喂养产品。几件产品搭配使用，即可用一个简单的储奶袋具体直接收集、储存、收纳、加热、直接喂食的功能。全线产品采用了最安全、可回收的绿色环保材料，不含双酚A、邻苯二甲酸酯、聚氯乙烯等有害物质。为确保产品的安全性，企业特别聘请国际知名权威检验机构，按照欧美对相关产品的要求进行了检测。 
乐刻,乐刻,乐刻，1926年11月生，贵州贵阳人，1949年毕业于上海复旦大学外文系，是电影电视艺术研究所研究员。
金熊,金熊奖,金熊奖是柏林国际电影节的最高荣誉，从1952年开始颁发。主要授予最佳故事片、纪录片、科教片、美术片等。金熊像雏形是女雕像家雷尼·辛特尼斯于1932年设计而成的，自1951年开始为获奖者颁发的的金银熊像，正是在她的原创基础上制作而成并一直沿用到1959年。从1961年开始，原先柏林熊抬起致意的右臂变为左臂，和其他各处那些欢迎来到柏林的大熊塑像一致起来。金熊奖与金狮奖、金棕榈奖并称为电影节三大最高荣誉象征。1987年，张艺谋导演的《红高粱》获柏林国际电影节最高奖金熊奖，是中国电影第一次获得该奖项。
宝得适,宝得适,宝得适集团儿童安全用品公司是设计、制造和销售汽车儿童安全座椅，手推车和旅行用品的专业公司。
凯膳怡,凯膳怡,
KITCHENAID,KitchenAid,
WMF,wmf,WMF，德国百年高端餐具、厨具品牌，自1853年以来，WMF就一直致力于将烹饪，用餐及品饮变成一种快乐的生活体验。WMF的产品涵盖家庭及社会餐饮领域，产品线包括西餐具，厨具，餐具，玻璃器皿及刀具。持续的创新及时尚的设计与优异的品质相得益彰，是WMF产品的独特之处。这些优势帮助WMF确立了德国餐具及厨具的市场领袖地位，并成为著名德国品牌。
活石,活石,活石，原名石勇，出生于湖南省溆浦县，经过商，当过职员，做过传媒，现供职黄石日报传媒集团。系湖北省、武汉和黄石市作家协会会员。他1989年开始创作诗歌，1992年开始创作小说，1993年第一篇中篇处女作《山的座标》问世后便一发不可收拾，随后在《芳草》、《上海小说》、《小说界》、《百花洲》、《文学界》、《天津文学》等杂志发表中短篇小说，出版过小说集《为王为冦》等
婴之侣,婴之侣,婴之侣创始于1995年，15年来，始终专注中国婴儿安全护理领域。
汪汪队立大功,汪汪队立大功,精通科技的10岁男孩Ryder（莱德）在拯救了6条小狗之后，将他们训练成了一组本领高强的狗狗巡逻队。每个小狗都性格鲜明，也各有特长。斑点狗Marshall（毛毛）擅长火中急救；斗牛犬Rubble（小砾）精通工程机械；牧羊犬Chase（阿奇）是个超级特工；混血儿Rocky（灰灰）是个维修能手；拉布拉多犬Zuma（路马）最熟悉水中救援；而可卡颇犬Skye（天天）掌握着各种航空技术。拥有许多解决问题的能力，在加上Ryder提供的炫酷装备支持，不管遇到多么困难和危险的救援任务，他们还总是忘不了相互玩闹，制作轻松的气氛，而每次幽默乐观的狗狗们总能顺利完成任务。 
澳贝,澳贝,“澳贝”是由国内知名玩具品牌“奥迪双钻”潜心研究的婴幼儿玩具，2006年成立于广东。此系列玩具专门为中国0-3岁的小宝宝研究和设计，以“成为中国宝宝最好的成长伙伴”为品牌理念，每一款产品都具有丰富的功能和独特的外观设计。
Duvall,Duvall,
序言,序言,序，亦称“叙”，或称“引”，又名“序言”、“前言”、“引言”，是放在著作正文之前的文章。作者自己写的叫“自序”，内容多说明它的内容，写作缘由，经过，旨趣和特点；别人代写的序叫“代序”，内容多介绍和评论该书的思想内容和艺术特色。
康佳,康佳,康佳即康佳集团（英文名：KONKA），成立于1980年5月21日，前身是“广东光明华侨电子工业公司”，是中国改革开放后诞生的第一家中外合资电子企业。康佳集团主要从事彩色电视机、手机、白色家电、生活电器、LED、机顶盒及相关产品的研发、制造和销售，兼及精密模具、注塑件、高频头、印制板、变压器及手机电池等配套业务，是中国领先的电子信息企业。
KONKA,KONKA,康佳(KONKA)集团成立于1980年5月21日，前身是“广东光明华侨电子工业公司”，是中国改革开放后诞生的第一家中外合资电子企业，初始投资4300万港元。1991年，康佳集团改组为中外公众股份制公司。1992年，康佳A、B股股票同时在深圳证券交易所上市，现有总资产近百亿元、净资产近四十亿元、总股本12.04亿股，华侨城集团为第一大股东。
西可,西可,西可，诗人，（1962-），甘肃陇东人，上世纪八十年代开始诗歌创作，八十年代末曾赴深圳入N.P.L诗画工作室，主持流浪诗人诗展和“现代风”画展。九十年代起主编《大西北诗报》，近年旁涉小说、散文写作。作品收入多种选集，曾被聘为多家刊物及协会的创作员。出版诗集、散文集著作多部。
嘉宝,葛丽泰·嘉宝,葛丽泰·嘉宝（GretaGarbo/GretaLovisaGustafsson，1905年9月18日-1990年4月15日），生于瑞典斯德哥尔摩，瑞典籍好莱坞影视演员 。1926年，葛丽泰·嘉宝拍摄在好莱坞的第一部默片《激流》。 1930年她出演了个人首部有声电影《安娜·克里斯蒂》，并获得第三届奥斯卡最佳女主角提名 。1935年，葛丽泰·嘉宝主演电影《茶花女》和《安娜·卡列尼娜》，凭借《茶花女》获得第10届奥斯卡奖最佳女主角提名 。1939年的《妮诺奇嘉》使葛丽泰·嘉宝第三次提名奥斯卡奖最佳女主角。1941年拍完电影《双面女人》后，葛丽泰·嘉宝宣布息影。1955年，葛丽泰·嘉宝获得第27届奥斯卡终身成就荣誉奖。1990年4月15日因肺炎于美国纽约逝世。1999年，美国电影学会将葛丽泰·嘉宝选为百年来最伟大的女演员第五名  。
Gerber,GERBER,GERBER是一种文件格式。标准的gerberfile格式可分为RS-274与RS-274X，GerberX2三种。RS-274格式的gerberfile与aperture是分开的不同文件。RS-274X格式的aperture是整合在gerberfile中的。GERBER格式的数据特点：数据码：ASCLL、EBCDIC、EIA、ISO码，常用：ASCII码。数据单位：英制、公制、常用：英制。坐标形式：相对坐标、绝对坐标，常用：绝对坐标。数据形式：省前零、定长、省后零，常用：定长。
宝贝可爱,宝贝可爱,nacnac品牌名称源自幼儿牙牙学语时所发出的叠字复音，并衍生出多重含义。 1991年nacnac在丽婴房公司的努力与期盼下正式诞生商品涵盖哺乳喂养、清洁保养、居家外出、图书玩具、妈妈用品等产品。时至今日宝贝可爱nacnac全系列包括200多样产品，各种贴心好用的设计，不只全面照顾宝宝更相对的体贴辛劳的爸爸妈妈nacnac不仅是宝宝的好朋友也是全家人的好帮手 。
英童,英童,西安英童乳品有限公司是以陕西英童乳业有限公司为母体，以“英童”为主品牌，形成以可利聪、羊百慧、康爱贝、慧聪等为副品牌，集婴童营养品、母婴用品生产、销售、服务为一体的专业企业集群。 
ABQ,ABQ,
京东众筹,京东众筹,2014年7月1日，京东众筹正式诞生，在新消费升级时代下，京东众筹不仅是一个为用户提供“与众，不同”的趋势性产品体验的品质生活平台，更是一个为创新创业企业发展提速的筹资与孵化平台。 
贝唯他,贝唯他,贝唯他(Bebivita)品牌始于1994年，德国婴幼儿食品市场三大品牌之一、德国母婴民生品牌、德国HiPP集团旗下品牌。 是针对年轻一代爸爸妈妈设计生产的婴幼儿配方奶粉、婴儿米粉。他们热情不乏理性，对名牌、优质认同，但又不会对品牌盲目追随，这样的年轻父母很快发现并认同了贝唯他，很快有越来越多的年轻妈妈们用贝唯他的产品来喂养她们的宝宝，所以贝唯他在德国传递的是年轻的、活力的、欢乐的、亲切的、热情的信息。 
育儿宝,育儿宝,育儿宝全称育儿宝婴幼儿辅食营养包，属于“营养强化辅食补充食品”类型。以大豆分离蛋白、全脂豆粉作为基质，强化了铁、锌、钙、维生素A、维生素D、维生素B1、维生素B2、维生素B12和叶酸等9种微量营养素。
Gino,蔡尚甫,蔡尚甫（Gino），又名宇腾，1980年1月30日出生于台湾省嘉义县，中国台湾男演员、歌手、主持人，毕业于淡江大学。2003年，加入“Kone”组合，并担任队长；同年10月，随Kone推出组合首张音乐专辑《We’reKONE》，从而正式进入演艺圈。2004年，出演个人首部电视剧《紫禁之巅》 。2005年，主演台湾偶像剧《王子变青蛙》 。2006年，在台湾偶像剧《微笑pasta》中饰演何瑞哲 。2008年，主持湖北卫视综艺娱乐节目《音乐集结号》 。2009年，主演台湾言情剧《青梅竹马》 。2011年，主演台湾现代情感剧《狮子的女儿》 。2012年，主演时装言情剧《东华春理发厅》 。2013年，主演古装情感剧《王的女人》 ；同年，出演个人首部电影《守夜》 。2015年，主演警匪单元剧《廉政英雄》 。
三只小猫,三只小猫,《三只小猫》是2011年由HoughtonMifflinHarcourt出版的图书，作者是PaulGaldone。
ZEAL,zeal,英n.热情；热忱
Rokko,ROKKO,
老豆,老豆,“老豆”，是广东，广西粤语地区称自己父亲的习惯口头用语，甚至当面也这样称呼，如向客人介绍自己的父亲，习惯说“这是我的老豆”。
幼蓓,幼蓓,幼蓓，是一个母婴品牌。倡导“天然、安全、健康”的研发理念。
棒棒猪,棒棒猪,棒棒猪（babybbz）广东泽浩棒棒猪科技股份有限公司旗下品牌 ，儿童安全防护领先品牌。 棒棒猪品牌于2009年由谢益长先生开创，自创立以来，棒棒猪专注于0-6岁儿童安全防护用品的研发和销售，产品远销欧洲、美洲、中东、亚洲等地区，受到万千妈妈的追捧和喜爱，被誉为全球儿童安全领跑者。 棒棒猪是儿童安全防护的开创者，累计已获得国家颁发的50多项发明专利！棒棒猪致于为全球儿童提供高品质全方位的安全防护。棒棒猪是最早专注儿童床护栏的开发和销售的企业，始终坚持尊重、信念、创新、开放的企业价值观，在产品的开发和研究方面一直保持开拓创新的精神，努力为全球儿童提供高品质的儿童防护产品。其中的床护栏系列产品自推出以来一直位居全网床护栏第一品牌和销售冠军。 
华林贝比,华林贝比,华林贝比 （FARLIN）是来自台湾的婴儿用品品牌，1972诞生于台湾西海岸地区。
好娃娃,好娃娃,《好娃娃》是一首2008年由娃娃演唱的歌曲。
Aveeno,Aveeno,美国婴儿护肤品牌，于1945年由Musher兄弟和Mayo诊所联手合作。1999年，Aveeno正式成为著名婴儿用品Johnson&Johnson（强生）旗下的品牌。并于2000年开始生产各个系列的婴儿用品。Aveeno艾维诺——完美融合自然与科技Aveeno艾维诺是美国专业护肤品牌，属于强生公司旗下。始创于1945年，是研究纯天然护肤产品成分的先锋，已经被皮肤科专家以及小儿科医生推荐长过60年之久。产品由天然胶状燕麦精华提炼而成，质地温而不腻，多次获得美容时尚杂志的称赞和推荐。Aveeno艾维诺采用最多的两种成分是燕麦和大豆，采用纯天然成分的优点研制出一系列安全高效、质地温和的产品。主要适合中性偏干、敏感型肌肤，并适用于婴儿，抗敏修护功效极佳，并且还是2006年冬季奥运会美国代表队的指定护肤产品!
亲亲贝贝,亲亲贝贝,《亲亲贝贝》是林哥企业集团于1973年在台湾创立的品牌，是世界许多知名婴儿用品公司的协力工厂，不断地吸收世界各国最新科技，使产品的研发设计，始终保持在业界前列，获多国专利。先进的管理理念、前沿的科技、全自动的设备及生产线，一体化的生产流程、苛刻的品质管控，使林哥成为台湾育婴哺育用品业之佼佼者。于1995年获得第一家哺育用品ISO9002国际品质认证工厂。 2001年，亲亲贝贝，集团率先开拓大陆市场，设立林哥婴儿用品（昆山）有限公司，秉承集团公司的企业精神，以全系列优质的婴儿哺育用品，给更多的妈妈和宝宝们带去林哥的关爱。 
六甲村,六甲村,杭州六甲村贸易有限公司为美商独资企业，本公司主要从事品牌代理及行销，目前为来之台湾的孕产妇第一品牌“六甲村mammy-village”孕产妇精品的中国大陆地区总代理。
福喜儿,福喜儿,福喜儿是一家美国婴幼品品牌。福喜儿品牌为全球父母提供涵盖婴幼儿哺乳及喂食、护理与安全、游戏与探索的全套一站式养育方案的国际品牌形象，同时向大家更好的阐述了Lamaze拉玛泽作为高端婴幼儿启智玩具的品牌理念。
JESE,JESE,JESE是美国JESELIFEAPPLIANCELLC旗下品牌。2013年进驻中国市场，专注母婴电器的研发生产，秉承“用心呵护宝宝的健康成长，用科技成就妈妈的育儿梦想”的品牌理念和定位，结合对东方饮食生活及营养个性化需求的深刻认识，通过引进美式母婴养护技术和概念，旨在为中国家庭提供专业、科技、人性化的母婴专用电器和科学的孕期及育婴知识，成为专业的母婴养护专家。
obe,OBE,大英帝国勋章中的第4级：官佐勋章（Officer），简称“OBE”。官佐勋章人数虽不设限额，但在每年授勋的人数不可多于858位。
拉比,拉比,拉比（Rabbi），有时也写为辣彼，是犹太人中的一个特别阶层，是老师也是智者的象征，指接受过正规犹太教育，系统学习过《塔纳赫》、《塔木德》等犹太教（Judaism）经典，担任犹太人社团或犹太教教会精神领袖或在犹太经学院中传授犹太教教义者，主要为有学问的学者。犹太教负责执行教规、律法并主持宗教仪式的人。原意为教师，即口传律法的教师。2～6世纪曾作为口传律法汇编者的称呼。后在犹太教社团中，指受过正规宗教教育，熟悉《圣经》和口传律法而担任犹太教会众精神领袖或宗教导师的人。
九艾贝笛,九艾贝笛,“九艾贝笛 ”是亚贝利公司继“贝贝鸭”之后的第二个子品牌，是亚贝利公司在母婴产业高速发展背景下推出的高端母婴品牌。深圳市亚贝利科技有限公司成立于2003年，是国内婴童行业最专业的生产厂家之一。依托位于改革开放最前沿的经济特区这一优势，使公司能获得较国内其他区域更多的资讯和人才。今日的深圳市亚贝利科技有限公司已拥有一支从研发、生产到销售朝气蓬勃的团队，在全国多个城市设立了办事处，产品畅销全国各大中城市。公司严格遵循ISO9000质量管理体系，管理水平日趋精细化、系统化，产品质量不断迈上新台阶。 
阿兰贝尔,阿兰贝尔,“阿兰贝尔”是希腊神话故事中“幸运之神”阿兰朵和"幸福天使"贝尔蒂的合称，如今，她却摇身一变成为一个儿童睡眠产品的品牌落户青岛。知名的专业枕头制造商适之宝枕工坊总投资超过100万元，已经正式收购吸收了另外一个知名的儿童睡眠商标-“阿兰贝尔”，并计划着手做宽儿童健康睡眠产品线，做大作强“阿兰贝尔”品牌。
小猪佩奇,小猪佩奇,《小猪佩奇》，又名《粉红猪小妹》英文名为《PeppaPig》，是由英国人阿斯特利（Astley）、贝克（Baker）、戴维斯（Davis）创作、导演和制作的一部英国学前电视动画片，也是历年来最具潜力的学前儿童品牌。故事围绕小猪佩奇与家人的愉快经历，幽默而有趣，藉此宣扬传统家庭观念与友情，鼓励小朋友们体验生活。由英国E1Kids于2004年5月31日发行首播后，其动画片已于全球180个地区播放，现已播出4季；中国中央电视台少儿频道也在热播之中，极简的动画风格，幽默的对话语调，深具教育意义的故事情节，不仅能让学龄前儿童学习知识，更能让小朋友们从小养成良好的生活习惯体验生活，深受全球各地小朋友们以及其家长们的喜爱。
gerber,GERBER,GERBER是一种文件格式。标准的gerberfile格式可分为RS-274与RS-274X，GerberX2三种。RS-274格式的gerberfile与aperture是分开的不同文件。RS-274X格式的aperture是整合在gerberfile中的。GERBER格式的数据特点：数据码：ASCLL、EBCDIC、EIA、ISO码，常用：ASCII码。数据单位：英制、公制、常用：英制。坐标形式：相对坐标、绝对坐标，常用：绝对坐标。数据形式：省前零、定长、省后零，常用：定长。
双立人,双立人,双立人（ZWILLING）品牌是PeterHenckels（彼得·亨克斯先生）以双子座作为最初的构想，在德国美丽的莱茵河畔小镇索林根创立的品牌。同时也揭开了这一人类现存最古老商标之一不老传说的序幕。他的后代约翰·阿布雷汉姆·亨克斯将公司名称改成ZwillingJ.A.Henckels。双立人拥有超过2000种的不锈钢刀剪餐具、锅具、厨房炊具和个人护理用品，开创了摩登厨房理念，让烹饪成为一种享受，带给人们看得见的完美品质和生活情趣。
保宁,保宁镇,保宁镇是阆中的政治、经济、文化、交通中心，国道212线由北至南贯穿镇内，与省道302线交汇，幅员面积34.5平方公里。002年3月前镇辖东、南、西、北4个城市街道办事处和沙溪、滕王阁2个农村办事处，37个居民委员会，262个居民小组，8个村民委员会，67个村民小组，耕地面积5718亩，非农业人口97701人。
people,people,做人从思想活动的状态来讲就是一种认识世界、了解自我的灵性动物，而当人被他自己用语言文字命名之后，人就不再是一种只具有自然属性的生命了。有圣人说我们是灵魂在内的高级生命；有神人说我们是属神的等等。这一切明确指示都已经用文字的形式记载下来了，这赋予人生更高的意义和追求，从此我们也不仅仅是一个短暂的生命现象，而是一个展现多种人生色彩的生命传奇了。
大肚鱼,大肚鱼,食蚊鱼（Gambusiaaffinis；mosquitofish）鳉形目鳉亚目胎鳉科食蚊鱼属的1种（见图）。体长形，略侧扁，长仅15.5～37.5毫米。雄鱼稍细长；雌鱼腹缘圆凸。头宽短，前部平扁。吻短。眼大，眼间隔宽平。口小，上位，口裂横直。齿细小。头和身体均被圆鳞。无侧线，纵列鳞29～30片。背鳍i-5～6。雄鱼臀鳍第3～5鳍条延长，变形为输精器。尾鳍圆形。原产美国东南部、墨西哥及古巴，因对消灭疟蚊及其他蚊子的幼虫有一定作用，而被一些国家移殖。1935年引入中国。 
bellyfish,Bellyfish,故事起源于一个氧气瓶，Belly偶然在海底找到了它，Belly发现原来吸足了氧后可以让自己鼓起来，并可以利用气体排出而加速上升，于是一场看似不可能事情就这样发生了，Belly希望自己利用气泡的力量而上升希望离开水面去看看外面的世界，氧气瓶里的氧气吸完后它开始吸水里的小气泡。
丝塔芙,丝塔芙,丝塔芙是由法国高德美（Galderma）公司研发生产，高德美是国际专业的护肤品生产厂家，经过大量的皮肤安全测试和临床验证，美国皮肤科学会特别推荐产品。
LEC,LEC,LEC是LEGALENGLISHCERTIFICATE的简称，意为法律英语证书。法律英语证书由全国统一考试委员会依托中国政法大学和北京外国语大学具体组织考试工作，旨在为从事涉外业务的企业、律师事务所提供招募国际性人才的客观标准，同时督促国内法律从业人员提高专业英语水平。
呵护,呵护,呵护是一个汉语词汇，读音为hēhù，指对某人、某物很在意，要去爱护她、保护她。引申为对亲人呵护、对朋友呵护、对你所爱的一切的呵护。多用于较强的一方对较弱的一方照顾用语。
HELLOKITTY,hellokitty,HelloKitty诞生于1974年，当时三丽鸥公司预定推出一款小钱包，上面的图案希望能设计出一个崭新的人物。而Kitty的第一代设计师清水侑子在设计之初想到小孩子喜欢的动物，不外乎小熊、小狗和小猫而已，由于前两者早已推出过，因此她便决定采用最喜欢的猫咪了，因此这只系上红色蝴蝶结的小白猫便出现在钱包上。当时信太郎并不是很喜欢它，但是不可思议的是，这只小猫却一发而不可收拾地流行起来。然而在2014年，HelloKitty形象注册商日本三丽鸥（Sanrio）公司对外澄清了一个事实——HelloKitty并不是一只猫，而是一个小女孩的形象。
艾洛迪,艾洛迪,
mosh,mosh,
REPLAY,replay,REPLAY休闲轻便服装产自意大利，由著名设计师BuziolClaudio（克劳迪奥布泽尔）先生创立于1978年，历经二十多年的发展和不断推陈出新，因其卓越品质和独创的设计风格深受全世界崇尚自然和舒适的消费者的忠爱。
乐迪,乐迪,芝加哥的电子音乐家，获得多个学位，擅长词曲创作、器乐编配
米乐迪,米乐迪,《米乐迪》是一款Android平台的应用。
芭比,芭比,芭比诞生于1959年3月9日，是露丝·汉德勒创造的“虚拟人物” ，最初只是一个金发玩具娃娃，随着社会和文化变迁不断推出新的品种，并衍生了家具、手机等，它成为一个品牌甚至文化现象。2002年，芭比娃娃的创造者露丝·汉德勒去世， 芭比出现于各种电视电影里，电影版芭比娃娃由环球影业发行，芭比娃娃和男朋友肯也出现在了2010年的迪士尼动画《玩具总动员3》里。 
Barbie,芭比娃娃,芭比娃娃（Barbie）由RuthHandler发明，于1959年3月9日举办的美国国际玩具展览会（AmericanInternationalToyFair）上首次曝光，芭比娃娃是20世纪最广为人知及最畅销的玩偶，芭比娃娃及其它相关配件均以一比六的比例制作，为娃娃屋模型的最大号，也称为playscale。芭比玩偶版权现由美泰儿公司拥有及生产，已经销往世界上150多个国家，总销售额超过10亿元，并由此衍生出一系列影视作品、小游戏及周边产品。
格子,格子,格子就是将网站首页划分成若干小格子放置别人的图片，或者出售，你买下来后可以在上面放上广告或者其他信息。说到格子就要提到把格子发扬光大的英国一个大学生。
江田,江田,江田，出生于1921年，中国人，是政治工作领导者。
蜜纽康,蜜纽康,“蜜纽康（ManukaHealth）”，是知名度较高的蜂产品品牌之一。新西兰是全球高端蜂产品的主要出口国，在新西兰的蜂产企业中，蜜纽康拥有丰富的产品线和广阔的出口市场。
吉诺,吉诺,吉诺是《赛尔号》游戏中一个精灵。可以进化为诺奇和诺拉德。
喜宝,喜宝,《喜宝》是2002年南海出版公司出版的小说，作者是亦舒。该小说讲述了剑桥圣三一学院的法学高材生姜喜宝，本是炙手可热的俏佳人，尚有高贵文凭压身，却反其道之，决定做富商的情妇的故事。
HiPP,HiPP,喜宝奶粉来自德国，是德国婴幼儿食品第一品牌，全球最大的有机食品生产商，几乎每个德国小朋友都是吃着喜宝的产品长大的。英文名称是HIPP，经欧盟认证，100%纯天然及有机的保证，单纯保留食材最原始的味道，口感自然味道极佳，让宝宝摄取最天然的营养而不会造成肠胃道的负担，绝无任何人工添加香料、色素及化学成份的营养素，100%纯天然、营养的食物就像您给宝宝满满的爱与呵护。
Eric Carle,eric carle,
ACA,ACA,1934年，全球家电品牌-ACA(ApplianceCo.ofAmerica)北美电器，诞生于美国。82年来，一直倾力于“专业智能化家用电器”的研发、制造和销售、服务。多年来，“绿色健康、人性品质、智能环保”已使ACA成为领衔全球家电研发与制造之翘楚品牌！鉴于中国已成为“全球工业制造基地”趋势，ACA作为一个创新和领导品牌永不落后：2000年，ACA在中国珠海投资建成全球最大的生产基地；2001年，ACA又在珠海建立世界级水准的“全球家电技术研发中心”。
花面狸,果子狸,学名花面狸（学名：Pagumalarvatataivana英文名：Swinhoe）属于食肉目、灵猫科、花面狸属的一种珍贵的野生动物。体色为黄灰褐色，身体略胖，颈部粗短，和身体不易区分。现有17个亚种，中国有9种。所属的花面狸属只有这一个物种，与本科其他物种同属于食肉动物中的原始类群。
I-angel,I-Angel,逢周末，带着自己的小孩外出踏青，享受清新的空气，感受美好的生活。外出时候，妈妈们总是为出行苦恼，这里我将提供妈妈出行的必备产品，希望给妈妈们带来快乐.
婴侍卫,婴侍卫,婴侍卫”属广东省汕头婴侍卫婴童用品实业有限公司旗下的一个品牌，汕头婴侍卫婴童用品实业有限公司经过10多年的发展，已经由原来的单一销售方式，慢慢成长为集研发、设计、生产、质控、营销等全方位发展的企业，公司主要业务集中在婴幼儿、学龄儿童的日用品、启蒙教育类用具及婴幼儿玩具方面，公司旗下现有三个品牌，分别为：婴侍卫(婴幼儿用品)、婴智慧(婴幼儿启蒙及益智玩具)、智汇玩具总动员(儿童玩具)。
冠迪,冠迪,冠迪（多维赖氨酸糖浆），适应症为补充维生素的需要，特别是生长发育期
贝恩施,贝恩施,贝恩施（深圳）科技股份有限公司是孕婴童行业中以大数据为基础，整合优质供应链，实现从“孕”到“婴”再到“童”的全阶段、多方位的产品定制，并在各大电子商务渠道以流程化快速开展整合营销的专业型电子商务有限公司。
狮王,奥利弗·卡恩,奥利弗·卡恩（OliverKahn）， 全名奥利弗·罗尔夫·卡恩（OliverRolfKahn）， 1969年6月15日出生于德国巴登-符腾堡州卡尔斯鲁厄，德国足球运动员，司职门将。卡恩出自于德甲卡尔斯鲁厄足球俱乐部青训营。1987年，卡恩升入卡尔斯鲁厄一线队开始职业生涯。1994年，卡恩转会至拜仁慕尼黑足球俱乐部，之后帮助拜仁慕尼黑获得8次德甲联赛冠军、6次德国杯冠军、1次欧洲冠军联赛冠军等多项荣誉，个人3次当选IFFHS世界最佳门将、4次当选欧洲最佳门将等。 2008年9月，卡恩正式宣布退役。 1994年，卡恩开始为德国国家队效力。1996年，卡恩跟随德国国家队夺得欧洲杯冠军。 1998年，卡恩在世界杯后成为德国国家队主力门将， 之后成为德国国家队队长，并参加了两届世界杯和两届欧洲杯，帮助德国国家队夺得2002年韩日世界杯亚军，个人荣膺世界杯金球奖和世界杯金手套奖。 
Lion,锂离子电池,锂离子电池：是一种二次电池（充电电池），它主要依靠锂离子在正极和负极之间移动来工作。在充放电过程中，Li+在两个电极之间往返嵌入和脱嵌：充电时，Li+从正极脱嵌，经过电解质嵌入负极，负极处于富锂状态；放电时则相反。锂系电池分为锂电池和锂离子电池。手机和笔记本电脑使用的都是锂离子电池，通常人们俗称其为锂电池。电池一般采用含有锂元素的材料作为电极，是现代高性能电池的代表。而真正的锂电池由于危险性大，很少应用于日常电子产品。
马应龙,马应龙,马应龙是一家经国内贸易部认定的中华老字号企业，创始于公元1582年。经过持续快速健康发展，马应龙已经成为一家涉足于药品制造、药品研发、药品批发零售、连锁医院等多个领域的专业化多功能国际化的医药类上市公司。
ABE,abe,ABE:AcuteBacterialEndocarditis急性细菌性心内膜炎ABE:actualbaseexcess实际碱剩余ABE:AssociationofBusinessExecutives协会的生意人等等
孔雀,孔雀,孔雀（英文名称：Peafowls）：仅2属3种。孔雀属包括2种，全长达2米以上，其中尾屏约1.5米，为鸡形目体型最大者。头顶翠绿，羽冠蓝绿而呈尖形；尾上覆羽特别长，形成尾屏，鲜艳美丽；真正的尾羽很短，呈黑褐色。雌鸟无尾屏，羽色暗褐而多杂斑。栖息于森林的开阔地带。杂食性。1雄配数雌。蓝孔雀分布于印度和斯里兰卡；绿孔雀分布于东南亚，中国仅见于云南西部和南部，野生数量稀少，为中国国家一级保护动物。孔雀肉可食用，已人工养殖，白化品种称白孔雀，全身雪白。刚果孔雀1936年才被发现，体长70厘米，雄性体黑色，头顶具白色簇羽，雌性绿色和棕色。分布于非洲热带地区。
PEACOCK,peacock,歌手KatyPerry发布的专辑《TeenageDream》中的一首歌曲，由于歌词涉及黄色内容，业界评论不佳。
merus bene,merus bene,merusbene 是一款时尚母婴社群app。 
丘比熊,丘比熊,丘比熊是近年来互联网服务思维和极致用户体验的结晶，丘比熊创始人董海战从2009年开始接触互联网电商，2012年正式步入农产品电商领域。2014年5月20日创始成立丘比熊。
贝瓦,贝瓦,贝瓦是贝瓦网塑造的卡通人物形象——河狸家族中的主人公。他是一只快乐的小河狸，是小朋友们最亲密的小伙伴。
泰迪熊,泰迪熊,《泰迪熊》是由塞思·麦克法兰执导，塞思·麦克法兰、马克·沃尔伯格及米拉·库妮丝等联袂出演的美国喜剧电影。该剧讲述男主人公与他心爱的泰迪熊之间发生的趣事 。该电影于2012年6月29日在北美上映。
LOCUS,Locus,Locus(基因座)，又称座位。基因在染色体上所占的位置。在分子水平上，是有遗传效应的DNA序列。一个基因座可以是一个基因，一个基因的一部分，或具有某种调控作用的DNA序列。基因座与位点（site）不同，后者是一个顺反子内部的突变位置，可以小到一个核苷酸对。
bebeconfort,BebeConfort,BebeConfort是2013年6月19日申请注册的商标。 
dm,糖尿病,糖尿病是一组以高血糖为特征的代谢性疾病。高血糖则是由于胰岛素分泌缺陷或其生物作用受损，或两者兼有引起。糖尿病时长期存在的高血糖，导致各种组织，特别是眼、肾、心脏、血管、神经的慢性损害、功能障碍。
Y,Y,钇（Y）是一种金属元素。它是稀土金属元素之一，灰色金属。密度4.4689克/立方厘米，熔点1522℃，沸点3338℃，化合价+3。第一电离能6.38电子伏特。与热水能起反应，易溶于稀酸。 在生物学中，Y为染色体即为人的基因。
沐童,沐童,沐童，男，生于吉林长春，现居北京，中国当代作家。沐童，生于上个世纪80年代，小说家、旅行者、摄影师。先后就读于北京大学、哥本哈根大学、清华大学。曾徒步游历多个国家。出版过四部小说和一部随笔集。代表作《寂寞的撒旦》被翻译为多种文字在海外流传。美国华文《侨报》称其为“中国的王尔德”。现居北京。
迪尼斯,迪尼斯,迪尼斯，是一名巴西足球运动员，司职后卫。
OPEN,open,open是多种语言、环境的一种函数，LINUX中open函数作用：打开和创建文件。PB程序语言中open功能：打开窗口。
植护,植护,植护作为新生代婴幼儿日护品牌，2013年植护应爱而生植护，提出“植物护养，天生滋润”的理念。旨在根据不同产品的不同功效，精选不同的植物，科学配比，为宝宝提供适合、安全、可靠的日护产品。我们严苛把控从选料到加工到包装到运送的所有环节：所有原料必须是天然优质的；整个加工过程必须在无菌环境中进行；严控质量关，只有百分之百合格的产品才能出厂入市。 一切，只为给宝宝如父母般的贴心关爱。 
奥贝乐,奥贝乐,Koabela（奥贝乐）早教中心，引进澳洲先进教育理念。Koabela（奥贝乐）教育研究机构成立于1970年的澳大利亚墨尔本市，三十多年来专业从事婴幼儿早期教育研究，追踪研究数千个家庭，得到宝贵的婴幼儿早期发展数据并根据相关数据研究开发早期教育课程，帮助更多家庭婴幼儿在智力、语言和社会能力方面沿着正确的方向发展。据此koabela（奥贝乐）国际早教中心于2010年登陆中国上海，将先进科学的5A早教理念带入国内按照月龄进行课程划分，根据其心理和生理发展特点提供个性化婴幼儿教育方案，注重培养婴幼儿社会交往能力、动手能力、思考解决问题能力、发展认知水平，现在在沪拥有两家直营中心。
ELC,ELC,ELC是历史上法国研制的空降轻型坦克。 1956年，法国国防部启动了ELC计划，目的是设计一款可以空运的轻型装甲车辆。AMXELC是一种外形低矮，安装双人炮塔的轻型坦克。
intime,INtime,INtime实时操作系统与Windows的完美结合。
爱思得,爱思得,ARSTO(爱思得)来自意大利的欧洲时尚家居用品品牌
LECO,LECO,LECO，翻译成汉语即为力可，是一家总部设在美国的分析仪器公司。
加州宝宝,加州宝贝,加州宝贝CaliforniaBaby是美国专为婴幼儿发展天然产品及个人护理的领导品牌，更是许多担心受化学刺激伤害的父母们的第一选择。因为所使用的成分是如此的"纯净"，加州宝贝CaliforniaBaby广受小儿科、妇产科、及皮肤科医生的推荐。此品牌是为婴儿所研发而成，但产品也同时适用于成人，特别被那些对化学成分过敏而造成皮肤问题的人们所喜爱。
WFM,WFM,WFM全称WorkflowManagement，即工作流管理，它是人与计算机共同工作的自动化协调、控制和通讯，在计算机化的业务过程上，通过在网络上运行软件，使所有命令的执行都处于受控状态。在工作流管理下，工作量可以被监督，分派工作到不同的用户达成平衡。
晨风,国风·秦风·晨风,《国风·秦风·晨风》是中国古代第一部诗歌总集《诗经》中的一首诗。历来对此诗主旨理解有分歧，一说这是妻子思念丈夫的诗，一说这是秦康公不能任用贤人的诗。全诗三章，每章六句。诗歌以重章叠句的形式，反复歌唱心中的思念和忧愁，各章感情的递进轨迹清晰而可信。
易优家,易优家,易优家 是烟台白马包装有限公司 于2014年07月10日 向国家工商总局注册的商标。 
Cuisinart,Cuisinart,
Virgin Mary,Virgin Mary,VirginMary译为：圣母玛利亚，耶稣基督之母，全名：BlessedVirginMary，《圣经》新约和《古兰经》里耶稣（尔萨）的生母，她的名字本为马利亚后因"玛"其字比马的喻意要好则译的时候译为"玛"但现在中文圣经中用的还是"马".值得一提的是מרים(Maryām)即玛利亚在亚兰文就是“苦涩”的意思，而汉语的《古兰经》中翻译为“麦尔彦”。大多数基督教徒和穆斯林认为，新约称玛利亚还是处女时受圣灵感应而怀孕。玛利亚的丈夫名叫约瑟.
萌宝,萌宝,萌宝是一款育儿软件，你可以在这里方便的记录宝宝的每一个瞬间，每天都写下一篇宝宝专属的日记，陪伴宝宝快乐的成长。或者在这里了解宝宝成长的相关信息、掌上购物、学习知识等等。
贝贝怡,贝贝怡,贝贝怡 （Bornbay）是厦门蓓蕾初华网络科技有限公司旗下的婴幼服装品牌，经过近四年的高速发展，贝贝怡已经成为国内知名的婴幼儿内衣B2C品牌。
Bornbay,贝贝怡,贝贝怡 （Bornbay）是厦门蓓蕾初华网络科技有限公司旗下的婴幼服装品牌，经过近四年的高速发展，贝贝怡已经成为国内知名的婴幼儿内衣B2C品牌。
启明星,启明星,启明星又称金星，天亮前后，东方地平线上有时会看到一颗特别明亮的“晨星”，它不是光源，人们叫它“启明星”；而在黄昏时分，西方余辉中有时会出现一颗非常明亮的“昏星”，人们叫它“长庚星”。这两颗星其实是一颗，即金星。在中国民间称它为“太白”或“太白金星”。每天晚上出来的第一颗启明星金星。古代有许多它的传说。
Kriti,kriti,KRITI，中文名为克里特，设计源于古希腊文化中心，地中海著名岛屿-克里特岛。克里特岛风景优美，断崖、石质岬角及沙滩构成了美丽的海岸。那里是地中海式气候，风和日丽，四季如春，并种有橄榄、葡萄、柑桔等植物。四周万顷碧波，因而有"海上花园"之称。所以在这种美丽的意境下，我们的设计师集合大自然原生态的美丽，设计出属于KRITI自己独有的清新风格。
babyzoo,BabyZoo,《BabyZoo》是一款卡片棋牌类游戏，运行环境支持Android2.2。
麦迪熊,麦迪熊,麦迪熊是梦寻（上海）电子商务有限公司于2014年重磅推出的一个互联网食品品牌，是一家以绿色食品的品牌研发、生产加工、分装贸易为主体，集实体店销售和网络自有B2C品牌销售为一体的现代化新型企业。“麦迪熊”将高举“童真和情趣”的旗帜，坚持“开心能结善缘，坚持必得正果”的商业理念，以恒持高尚品味、积淀丰富内涵、打造醒世品牌为宗旨，遵循中高端路线，全势介入网络时代食品行业。 
小孩子,小孩子,莎拉，一个感情经历乏善可陈、摇摆不定的双性恋者和女权主义者，不太合格的母亲，丈夫理查德事业成功，却终日沉迷于成人网站。
爱婴宝,爱婴宝,爱婴宝是北京食品品牌。
罗宾尼,罗宾尼,罗宾尼（Lobinni）源自瑞士1963，以提供高级腕表，追求上乘品质而著称。品牌自成立以来，凭借着平易近人的价位和卓越品质而跻身瑞士名表之林，其性能和价格比更是傲视同侪，尽展品牌魅力。Lobinni中国（LobinniinChina)公司对于高品质的追求近乎到了苛刻的地步，精选材质，注重细节。制表过程中的每一个测试都严格把关，从而确保工艺的专注和精细。Lobinni中国在过去几年里，经历了更加全面的改造，其专业的研发团队和先进的进口设备在提供高品质腕表的同时，腕表设计也不断推陈出新，实现了传统与创新的完美平衡。此外，Lobinni中国还与瑞士、日本、德国等多家钟表名门建立了长期合作关系。
ONLINE,online,online是一个英文单词，就是计算机在线、联机、在网上、互联网上的的意思。通常加在游戏名称末尾时表示网络游戏。
麦车车,麦车车,青岛麦车车儿童用品公司主营批发零售童车、童床等系列婴幼儿产品，正规纳税人企业。公司秉承“先做人后做事”的原则，员工团结协作，于6年时间打造了一支全国最大的童车童床经销团队，旗下代理的好孩子、小龙哈彼、笑巴喜、威凯、babymate等51个知名品牌均为全国销量第一。又于2011年新开发了麦车车品牌，并以优秀的企业形象成为美国华特迪士尼的合法授权生厂商，致力于打造童车童床界时尚新模式，为中国的消费者提供高性价比的童车童床寝具产品。
monbaby,MonBaby,MonBaby是婴儿可穿戴设备，可以为新生儿或婴儿提供基本身体指标的监测，包括呼吸、活动等多种健康信息。
Hero Baby,Hero baby,HeroBaby 天赋力品牌隶属于玺乐集团。玺乐集团来自瑞士，时至今日已经拥有128年的历史，足迹遍布全球，是欧洲最大的食品集团之一，也是欧洲最主要的婴幼儿食品生产商之一。集团旗下的一些出名婴幼儿食品品牌在婴幼儿营养食品的领域里也拥有100年的经验累积。以"今天的营养，明天的健康”为理念和策略，玺乐集团旨在提供更安全、更天然、营养更均衡的婴幼儿食品。2014年7月，HeroBaby天赋力登陆中国。HeroBaby天赋力婴幼儿配方奶粉，臻选最优质瑞士奶源，100%瑞士原装进口，以符合中国宝宝膳食需求。HeroBaby婴幼儿配方奶粉中文名为"天赋力”，不仅表达了"天赋母爱”，自然赋予妈妈对宝宝发自内心的爱护、保护与呵护；亦在表达宝宝是"天赋的礼物”，是爱的结晶。 
贝莱康,贝莱康,贝莱康是最早进入中国产后健康护理领域的品牌，并以创新型女性护理用品成为该领域的领导品牌，系上海喜康盈母婴用品有限公司出品。
贝因美,贝因美,贝因美（Beingmate）初创于1992，贝因美婴童食品股份有限公司成立于1999年。 2011年4月12日贝因美（002570）在深交所挂牌上市。2015年4月17日晚间公告，公司下属全资公司爱尔兰贝因美出资1000万欧元，认购中法（并购）基金开展对外投资。同时，公司以现金1.17亿元收购敦化美丽健乳业有限公司65%的股权，成为其控股股东。 
Beingmate,贝因美,贝因美（Beingmate）初创于1992，贝因美婴童食品股份有限公司成立于1999年。 2011年4月12日贝因美（002570）在深交所挂牌上市。2015年4月17日晚间公告，公司下属全资公司爱尔兰贝因美出资1000万欧元，认购中法（并购）基金开展对外投资。同时，公司以现金1.17亿元收购敦化美丽健乳业有限公司65%的股权，成为其控股股东。 
南极人,南极人,南极人，成立于1997年是中国最早成立的内衣企业之一，首创保暖内衣产品，开创了中国内衣行业发展的新道路。历经18年的成长蜕变，南极人已经在内衣、母婴、服装、床品&布艺、厨品、鞋品、服饰配件、户外、家电等9大品类的55大类目产品线中取得突出的成绩，签约国民好媳妇海清，共同为国人带来“全品类消费品王国”，努力打造让用户尖叫的产品，创造极致的用户体验。南极人每年卖出上亿件/套的产品，为几亿人提供舒适、优质的日常生活所需。2014年双十一，南极人取得了单天1.8亿元的销售成绩，是南极人转型互联网企业后，模式创新的最强有力证明。2016年双十一，南极人取得了5.4亿元的销售业绩，再次刷新了历史记录！
如山,如山,姓赫舍里氏，字冠九，号古稀男子，满洲镶蓝旗人。著写秋轩诗存。《寒松阁谈艺琐录》、《历代画史汇传附录》、《海上墨林》、《韬养斋笔记》、《益州书画录续编》。
伊莱克斯,伊莱克斯,伊莱克斯，唐家三少第12部作品《神印王座》中的人物，死灵圣法神，且为辉煌年代的光明之子，被龙皓晨和采儿的感情所悟，最终将永恒之心给了龙皓晨使其复活。离开了这个位面。后在《绝世唐门》中出现，在星斗大森林与霍雨浩相遇，继后帮助霍雨浩斩杀死神使者（魂王级别），助霍雨浩收复噬灵刻刀，将其净化为生灵之金，神识寄宿于霍雨浩的生灵之眼。因为绝世唐门主人公自身问题而燃烧了最后的残魂死亡，成为霍雨浩/戴雨浩第三武魂。
康康,康晋荣,康康（康晋荣），台湾歌手、节目主持人、演员。生于台湾高雄凤山，高雄市立中正高工毕业，在学时代曾是学校演讲第二名、民歌第二名。一直到了组乐团当了主唱，总共经历了11年。直到比赛上华唱片举办的“1997PUB英雄会”崭露头角，从全台106队夺得总冠军，因而进入演艺圈。在一次偶然的安排下，被综艺大哥大张菲赏识，开始了毫无保留的搞笑行动。后因吴宗宪音乐理念相同，加入了吴宗宪的经纪公司，成了阿尔发家族的一员。终于在1999年7月6日由BMG发行个人的第一张专辑“催泪”。2015年自编自导电影《十万伙急》 。2016年发行全新单曲《红包拿过来》 
兰多,兰多,逆战中的角色
维拉蒂,马尔科·维拉蒂,马尔科·维拉蒂（MarcoVerratti），1992年11月5日出生于意大利佩斯卡拉，意大利足球运动员，司职中场，现效力于巴黎圣日耳曼足球俱乐部。2008年，维拉蒂出道于家乡球队佩斯卡拉足球俱乐部。2012年5月，维拉蒂首次入选意大利国家队大名单。 2012年7月，维拉蒂以1200万欧元的身价转会至巴黎圣日耳曼足球俱乐部。2017年9月20日，入选2017世界最佳阵容候选名单。 
海狸嗨哩,海狸嗨哩,
卡玛卡哇,卡玛卡哇,卡玛卡哇是专注母婴用品领域的品牌。
贝喜,贝喜,贝喜（唐氏综合征产前筛查系统），适应症为
童健,童健,童健，男，现任中共东台市委常委、组织部长。
金赞,金赞,金赞娱乐由两岸三地名主持人”NONO”本名陈宣裕所代言。”NONO是台湾节目主持人、综艺谐星，于2011年以诚信老实憨厚形象为金赞首度代言，当时代言曾荣获澳门人气杂志评选为2011年度最佳形象代言人殊荣，证明代言人形象与金赞公司品牌相符，也因此金赞品牌形象与评价也受惠水涨船高，并于隔年2012年获得网游平台评选为服务优质网游平台之一，金赞因此于当年受邀澳门与菲律宾网游官方平台合作，目前以成为bbin波音服务平台人气前十名。成立于2011年，作为国际专业的网上游戏运营商，凭着世界级的游戏资讯专家、丰富经验的服务团队、市场营销专家、先进的技术人才建立起全面、完善的体系。承诺，为每一位客户提供最佳、最安全、最公平的游戏，以及全方位的服务。 
艾娜骑士,艾娜骑士,艾娜骑士，诞生于2001年的上海道捷公司，在孕育了7年后，终于厚积薄发地推出了Ainakids的品牌，在过去的7年中，我们与欧洲各大家纺品牌精诚合作，完美地吸收了来自欧洲的全新睡眠理念，绿色健康，舒适温馨，简单生活。如今，我们将此理念带给您的宝贝。我们在宝贝专家的指导下，针对中国宝贝的生活特点，集研发，设计，生产于一体，为您的宝贝营造一个独一无二的梦幻天堂。
Lidl,LIDL,LIDL是德国发展迅猛的一家零售商，它与ALDI一起将世界零售巨头沃尔玛赶出德国，仅此一役，使其名声大振。随着沃尔玛在欧洲的势微，在整个欧盟地区，它的发展势头甚至已经赶超老大哥ALDI。
德敏舒,德敏舒,公司简介不断的努力研究，追求一种健康的生活给予您和孩子，秉承追求“敏感新生尽享关爱”信念，在2012年，Demum德玛母婴用品国际有限公司将其护肤理念及婴儿敏感皮肤的专利产品DAILYSMOOTH德敏舒带到中国，通过充满关爱的产品和细致体贴的服务为妈妈们提供方便愉快的育儿体验，给予宝宝最科学、细致、周到的呵护，携手德玛Demum孕育更健康的肌肤！
龙士达,龙士达,龙士达控股集团总部设在辽宁沈阳，是东北最大的集设计研发、产销承包、安装制造于一体的大型综合性生产企业。
小泰克,小泰克,小泰克是美国超级学龄前儿童玩具品牌及全球最大的滚塑胶游乐设施品牌。它是一个缩小版的大人世界，从割草机、到小吉他，小泰克(littletikes)几乎拥有大人世界的各种模拟版玩具。为无数儿童造出了一个个诱人的想象力空间，从模拟、认知、行动等多个层面，开发孩子的想象力、逻辑思维及运动力。
NOW FOODS,诺奥,由化学家ElwoodRichard先生创立于1968年，公司总部设在美国伊利诺伊州的布鲁明戴尔市。公司拥有203，000平方英尺美国最高科技含量的生产厂房，生产超过1800种膳食补充剂、天然食品、运动营养和个人护理产品，产品销往世界68个国家，仅美国本土就拥有超过8800家销售中心，是美国发展最迅速的膳食补充剂企业，销量名列美国前三甲。
TOMIC,Tomic,TOMIC率先釆用医用级抗菌不锈钢材质和保温杯铸银工艺，现已成为国际优秀厨具、器皿品牌之一，并进驻全国500多家高档商场专柜及购物中心。 TOMIC锅具是专门针对中国的烹饪习惯和饮食文化而研发设计。既保持了欧洲饮食文化的功能性设计，又融合了中式烹饪炒炖手法所需要的锅具造型与火候控制。完美结合了中西烹饪技法与习惯，让TOMIC锅具成为了行业领先的典范。TOMIC一直致力于在全球倡导健康饮食文化，倡导快乐品质生活与节能环保理念，省时节能而又愉悦的美食烹饪体验！让您拥有风尚厨房与健康生活。
轻松小熊,轻松小熊,"轻松小熊Touch!+"是一款大幅度增强了游戏性和隐藏要素的超级版游戏!
Rilakkuma,rilakkuma,rilakkuma（松弛小熊）是日本玩偶创作旗舰公司San-X主打产品是由一只棕色松弛熊，一只白色松弛熊，一只黄色噗噗鸡组成的。
香娜露儿,香娜露儿,
CHANTELLE,chantelle,法国第一品牌内衣Chantelle(仙黛尔)开创于1876年，内衣材质上采用最高级的Leaver蕾丝、Guipur蕾丝和立体感十足的Textron蕾丝等，为了收到第二层肌肤般舒适、无压迫感的效果，也采用了较体贴的高级丝光棉、超柔纤等面料。产品的设计及制造上十分注重每一个小细节的特色。
诺奥,诺奥,由化学家ElwoodRichard先生创立于1968年，公司总部设在美国伊利诺伊州的布鲁明戴尔市。公司拥有203，000平方英尺美国最高科技含量的生产厂房，生产超过1800种膳食补充剂、天然食品、运动营养和个人护理产品，产品销往世界68个国家，仅美国本土就拥有超过8800家销售中心，是美国发展最迅速的膳食补充剂企业，销量名列美国前三甲。
NOW,now,now，英语单词，现在的，当今的；现任的；十分时髦的，领先于潮流的，属于新一代的。
贝嘟嘟,贝嘟嘟,贝瓦儿歌里的黄色小河狸杭州智轩儿童有限公司开发出的视频电子类的儿童早教益智玩具。
康维佳,康维佳,康维佳，男，中央人民广播电台记者·1962年2月生于山西省运城市，祖籍山西省平遥县南郑乡南郑村，高级记者，中央人民广播广播电台山西记者站站长。
Boulder,漂石,碎石土的一种，岩石经水流或冰川搬运而成的略具圆形的石块。粒径为200～800mm。 
波司登,波司登,波司登是全国最大、生产设备最为先进的品牌羽绒服生产商，主要从事自有羽绒服品牌的开发和管理，包括产品的研究、设计、开发、原材料采购、外包生产及市场营销和销售。旗下品牌包括“波司登”、“雪中飞”、“康博”、“冰洁”、“冰飞”、“上羽”、“波司登男装”、“Ricci-Club女装”等。波司登集团1976年创立于江苏省常熟市，品牌创始人、现集团董事局主席为全国劳动模范，第十届、十一届、第十二届全国人大代表，优秀中国特色社会主义事业建设者，知名企业家高德康。2016年8月，波司登在"2016中国企业500强"中排名第436位。 
Nordic Naturals,挪帝克,挪帝克是一个鱼油品牌，世界上最大的鱼油生厂商之一。
派大星,派大星,派大星（PatrickStar）是美国动画片《海绵宝宝》系列的主人公之一，海绵宝宝的好朋友。是一只粉红色的海星，说话嗓音粗，头脑简单，四肢发达，经常给大家制造麻烦。在睡觉或发呆时会不停的流口水。居住在它自己盖的石头下面。在关键时刻会想出绝妙的点子，但下一秒就已经遗忘，在动画片中它反而是说出最多有深刻含义话的人物。
其他,其他,其他，三种用法：1、别的，其余，不分人与物。语出《国语·晋语四》：“民生安乐，谁知其他？”古汉语流行通假，形近和音同的字常通假，他、佗、它同音或形近，因为通假而不区分人称代词与物主代词。2、其余的人（此他为人称代词），只作为（其余者里面的）人称代词而区别于物主代词“其它”，这种区别是现代汉语里的现象。3、其余的男子（此他为男称代词），区别于“其她”，这种用法也有，但很少。谈物时，用“其他”是继承古代用法，用“其它”是现代汉语环境里的合逻辑用法，都可以。因为，古汉语不区分其他与其它，现代汉语里他作为人称代词而它作为物主代词了。
Hope,hope,hope，英文单词。中文翻译为:希望、期望、希望的东西、相信、认为等。可以做名词，也可以做动词。同时，hope还可作为人名使用，中文翻译为:奥普。
达尔文,查尔斯·罗伯特·达尔文,查尔斯·罗伯特·达尔文（CharlesRobertDarwin，1809年2月12日—1882年4月19日） ，英国生物学家，进化论的奠基人。曾经乘坐贝格尔号舰作了历时5年的环球航行，对动植物和地质结构等进行了大量的观察和采集。出版《物种起源》，提出了生物进化论学说，从而摧毁了各种唯心的神造论以及物种不变论。除了生物学外，他的理论对人类学、心理学、哲学的发展都有不容忽视的影响。恩格斯将“进化论”列为19世纪自然科学的三大发现之一（其他两个是细胞学说、能量守恒转化定律），对人类有杰出的贡献。1882年4月19日，达尔文在达温宅逝世，享年73岁， 葬于威斯敏斯特大教堂。
Fairy,Fairy,
三美婴,三美婴,三美婴/sunveno，注册商标，隶属于青岛方宇国际贸易有限公司，公司成立于2005年，2007年创立三美婴/sunveno内销品牌，向日本美国出口婴童服装，婴儿尿布，抱婴腰凳，妈咪包，儿童背包等，内销产品在淘宝，京东商城，当当网等均有销售。
lovely,LOVELY,英语单词之一，有可爱的的意思。
安儿乐,安儿乐,中国纸尿裤品牌，采用高分子吸收体及绒毛浆吸收结构，具有超强吸收力，透气底层干爽不闷热：用国际先进技术生产的防漏透气薄膜，使尿裤中的闷热湿气散发出来，干爽不闷热，可有效防止尿布疹的发生。
宝贝第一,宝贝第一,“宝贝第一”汽车儿童安全座椅作为国内第一个自主研发和生产的汽车儿童安全座椅品牌，获得两项国家发明专利，是国内第一个通过欧洲ECER44/04安全标准认证的品牌，同时作为“宝贝第一”的自主生产商麦克英孚婴童用品有限公司也是中国最早同时获得欧洲和北美安全检测与认证的安全座椅制造企业。 
淳一,淳一,程茂全（字淳一），1957年10月出生，北京人，著名书画家，毕业于首都师范大学书法专业。
佳田,佳田,佳田~是深圳市佳田商业连锁管理公司正式向中国商标局提交注册成功！多年以来佳田已经成为了佳田商业连锁管理公司标志！
JUSTIN,黄明昊,黄明昊，2002年2月19日出生于浙江温州，中国内地男歌手。 2017年4月，参加韩国选秀综艺节目《Produce101第二季》。2018年1月，以乐华娱乐练习生身份参加爱奇艺偶像男团竞演养成类选秀节目《偶像练习生》，并与节目另99位选手共同演唱节目主题曲《EIEI》，最终正式出道，成为九人男团NINEPERCENT成员之一 。
孕之彩,孕之彩,“孕之彩”是杭州形尚众至服饰有限公司旗下第一个孕妇装品牌，定位于“时尚个性的专业孕装”她结构完整，脉络清晰，款式丰富，分为日常外出服系列、防辐射装系列、家居/哺乳装系列，产前产后内衣用品系列。
卡特,詹姆斯·厄尔·卡特,詹姆斯·厄尔·卡特（JamesEarlCarter），也称吉米·卡特（JimmyCarter），1924年10月01日生于佐治亚州普兰斯。曾于1955年至1962年任佐治亚州萨姆特县学校董事会董事长，1962年至1966年任佐治亚州参议员。在此期间还先后担任过平原发展公司、萨姆特县发展公司总经理，佐治亚州中西部计划和发展委员会以及佐治亚州改进作物协会主席等职务。1974年任民主党全国委员会议员竞选委员会主席。1977年任美国第39任总统。1980年争取连任落选。1982年起在亚特兰大的埃默里大学任名誉教授。2002年获诺贝尔和平奖。 《黎明前一小时》是美国第39任总统吉米·卡特撰写的童年回忆录，西北大学出版社获得授权出版中文版。于2017年5月31日在第27届全国图书交易博览会上正式发布。 
carter's,carter's,
汇乐玩具,汇乐玩具,汇乐玩具是汇乐公司创始于1998年，是中国目前最具专业水平制造婴幼儿益智玩具的公司之一。
卡拉贝熊,卡拉贝熊,起源于北欧的奥登赛，浓郁的异国文化氛围赋予了为全世界最美丽孩子设计服装的无穷灵感与动力。从大自然界的七彩色中精心挑选了可爱的粉色、纯净的米白、活泼的蓝色、轻快的绿色，并推出了适合新生宝宝的温情内衣，周末在户外活动时穿着的裙子、衬衫与优雅的外套·
妙心,妙心,《妙心》是由MM荣月编写的一本小说。
Boby,Boby,Boby是一名演员，代表作品有《甲胄骑兵》。
开丽,开丽,开丽是广州健朗医用科技有限公司旗下的品牌，成立于2004年11月，由中山大学中山医学院科技开发中心投资组建。
MOONY,Moony,Moony是一个ISDN呼叫监控软件，支持Win95/98/NT/2000。
西摩,西摩,西摩（Seymour）是美国印第安纳州杰克逊县的一座城市，面积28.1平方公里。
美诺,美诺,美诺Miele，1899年创立于德国，百年家电品牌，秉承"ImmerBessr不断超越"的信念。
森宝,森宝,森宝 （SENBAO)格林沃尔旗下品牌，在格林沃尔以年轻的形象延续着摘取世界植物型化妆品皇冠的使命，延续着传播东方的使命。格林沃尔创建第二大宝——“森宝”。 
My Brest Friend,My Brest Friend,MyBrestFriend 泽恩沃夫公司的哺乳枕品牌。 
Boots,Boots,《Boots》是由美国女歌手Kesha录唱的一首歌曲，歌曲被收录在歌手的第三张录音室专辑《Rainbow》中为第11首歌曲 。
微笑堂,微笑堂,微笑堂商厦于2010年4月加入大商集团。位于桂林市中山中路37号，座落市中心最繁华商业中心黄金地段，毗邻中心广场。商场建筑面积5.1万平方米，营业面积3.2万平方米，地下一层至地上八层。店堂装修宽敞豪华，购物环境舒适优雅；公用配套设施齐全，一至七楼有两部观光电梯和24部自动双向扶梯，是现代化综合性大型商厦。万平方米，营业积3万平方米，由地下一层至地上八层，经营品种近5万种，包括食品、服装、鞋帽、化妆首饰、文体照材、搪瓷、日用百化、家用电器等。其中，独具特色的地下生鲜食品超市深受
佳思敏,佳思敏,佳思敏(KidsSmart)是Nature’sWay澳萃维旗下综合的儿童营养品品牌。 由澳大利亚维生素公司PharmaCare生产；品牌于1964年创立 。
Bioglan,Bioglan,Bioglan是Pharmacare旗下营养保健品牌。 
POLA,POLA,Pola是即拍即现，一次成像相机。1947年，美国人发明了一次成像胶片，并由宝丽来公司生产出一次成像的拍立得相机。这一发明，使得旅游者的摄影变得非常方便，而不用受当时还非常不普及的冲洗服务的影响。这种照相机用特种胶片，拍摄后立即自动冲洗。在拍摄后从相机中拉出或自动弹出的已经是冲洗好的照片。拍摄者即拍即现可以看到刚拍摄的效果。
哺宝,哺宝,哺宝(VALUABLE)是美国国际哺宝婴童用品有限公司旗下的育婴品牌。“VALUABLE”是珍贵和宝贝的意思，孩子我们生命中最宝贝的礼物，哺育好我们的下一代，是每一个父母的心愿，“VALUABLE”的品牌正是在这一背景下诞生的。
Similac,Similac,Similac是一个奶粉品牌，在三亿人口的美国，Similac85年始终保持销量领先，成为美国专家推荐以及美国妈妈首选品牌。
AHC,AHC,AHC是隶属于韩国CarverKorea（珂泊亚）化妆品集团，为韩国美容专业线高端品牌，也是功效性化妆品牌，核心价值就是帮助女性寻找专属于自己的美丽，传递幸福。
片仔癀,片仔癀,片仔癀，中成药名。为清热剂，具有清热解毒、凉血化瘀，消肿止痛之功效。用于热毒血瘀所致急慢性病毒性肝炎，痈疽疔疮，无名肿毒，跌打损伤及各种炎症。
雅培,雅培,雅培是一家全球性、多元化医疗保健公司，已有100多年的发展历史，在全球约有7.3万名员工，业务遍及150多个国家和地区。1988年以来，雅培在中国持续经营，现在已经深深扎根于中国。 
哈密瓜,哈密瓜,哈密瓜，新疆特产，中国国家地理标志产品。哈密瓜主产于吐哈盆地，它形态各异，风味独特，瓜肉肥厚，清脆爽口。哈密瓜营养丰富，含糖量最高达21%。哈密的甜瓜在东汉永平年间就成为进贡的异瓜种了。至清代，被哈密王作为贡品，受康熙赏赐而得名哈密瓜。时哈密瓜“往年进贡”、“瓜莫盛于哈密”、“瓜则充贡品者真出哈密”。追根溯源，哈密瓜却源于吐鲁番鄯善县一带。哈密瓜的品种资源很丰富。按成熟期不同，分早熟、中熟和晚熟品种。早、中熟的称为夏瓜，晚熟的称为冬瓜。早熟的品种主要有黄旦子、纳西甘、一包糖、包孜可口奇、石甜401等，其特点是皮薄肉细，香味浓郁。中熟品种主要有红心脆多汁、肉厚细腻、清香爽口而博得人们喜爱。晚熟品种主要有黑眉毛密极干、青麻皮密极干、炮台红、青皮红肉、青皮冬瓜、黄皮白肉可口奇等。“黑眉毛”、“青麻皮”的特点是瓜肉呈淡青色，储藏后肉质由脆硬，逐渐变得绵软多汁、甜爽而又醇香。
可儿,可儿,【拼音】：kěér【注音】：ㄎㄜˇㄦˊ【解释】：可爱的人，能人。
kare,KARE,KARE品牌定位为消费类民用安防产品，全球化民用安防市场的领跑者。
X,X-Japan,X-Japan是日本著名的重金属乐队，成立于1982年1月，1989年成为日本最红的乐队，以独立厂牌的出身获得主流音乐的认同和辉煌。1997年4月因主唱TOSHI以音乐取向不同而退出，在无法找到后继主音的情况下，9月22日乐队被迫宣布解散，次年由于吉他手hide的意外离世，乐队的复活更捉摸不定。2007年，乐队的再结成被Yoshiki提了出来。2007年至2009年乐队在亚洲开展了巡演，并于2010年9月至10月进行了首次北美巡演、2011年世界巡演首次设大陆站，人气不减当年。
指向标,指向标,指向标，地图上一种定向的工具，指向标尖的一头指向的地方一般是北方。
星意,星意,徐秋茹演唱歌曲
贝斐尔,贝斐尔,贝斐尔是东莞市贝斐尔电器科技有限公司旗下品牌。是母婴智能家电专业研发商，全新母婴智能产品的开拓者，以孕产妇、婴幼儿及老年人为主要服务对象，以打造全新哺乳体验，开启智能科学哺乳方式为宗旨，研发和制造、销售一系列的母婴家电和孕婴童智能家居用品，如云智能冲奶机、调奶器，吸奶器，暖奶器，奶瓶消毒柜，奶瓶，奶嘴，婴儿辅食机，料理机，婴儿BB煲，电炖盅，婴幼儿监护仪，婴幼儿智能防丢设备等。
其它,其它,其它，即"其余的它者"，物主代词。在“其他”作人称代词时，其他与其它是区别的；在“其他”表示其余者而用于物称时，二者就可以换用。古汉语里有的也写作“其佗”，佗是物主代词，如《左传·隐公元年》”佗邑唯命“，它也是物主代词，如《后汉书·列女传》”无它异“。佗、它通假而用，类似通假在先秦秦汉是普遍现象。古汉语不区分其他与其它，现代汉语里他作为人称代词而它作为物主代词了，因此，在现代汉语环境，谈物时，用“其他”是继承古代用法，用“其它”是新环境里的合逻辑用法，都可以。
Hibob,Hibob,
路途乐,路途乐,路途乐专注于宝宝出行安全，打造中国宝宝自己的安全座椅。是上海路途乐科技有限公司旗下著名品牌，集儿童安全座椅的生产、销售、服务于一体，致力于为中国宝宝打造安全、舒适的乘车环境，是国内儿童安全座椅领先品牌。
健安喜,健安喜,GNC在1935年，DavidShakarian在匹兹堡成立了一家专门贩售食品的小店，称之为Lackzoom。akarian's于418WoodStreetBS。美国GNC健安喜为全球闻名之优良营养食品公司，在全球拥有5000多家连锁店；500多万个金卡会员；在亚洲地区包括新加坡、台湾、菲律宾、马来西亚、印尼、香港等地，均有连锁店的成立。
GNC,健安喜,GNC在1935年，DavidShakarian在匹兹堡成立了一家专门贩售食品的小店，称之为Lackzoom。akarian's于418WoodStreetBS。美国GNC健安喜为全球闻名之优良营养食品公司，在全球拥有5000多家连锁店；500多万个金卡会员；在亚洲地区包括新加坡、台湾、菲律宾、马来西亚、印尼、香港等地，均有连锁店的成立。
Nature's Way,NATURE'S WAY,
Sunbeam,Sunbeam,
Babylove,BABYLOVE,BABYLOVE.美国最早从事草本植物精华美容护肤的公司。同时也是目前美国最大的一家植物精华油供应商。其产品研发合作机构是美国生物科学发展研发中心。在中国了解美国生物科学发展研发中心的人并不多，但说起宝洁、雅诗兰黛、兰蔻等则家喻户晓。事实上，玉兰油、雅诗兰黛、兰蔻等护肤产品核心技术均由美国生物科学发展研发中心研发。
功夫宝贝,功夫宝贝,《功夫宝贝》是由刘坤、蔡林执导，刘家辉、大山、高旭、午马主演的功夫励志电视剧，拍摄于2009年。讲述一个拥有超常运动神经的宝宝和一只聪明伶俐、娇生惯养但妒忌心极强的宠物狗，为了争宠展开的一连串既可爱又可笑的斗智斗力的故事。当家里出现外来入侵者时，他们又化敌为友、同仇敌忾地合力抗敌。 
inomata,inomata,inomata是日本最大的家居用品制造商。会社设立于昭和56年10月（1979年）。
George Foreman,乔治·福尔曼,乔治·福尔曼（GeorgeForeman），1949年1月10出生于美国得克萨斯州，美国职业拳击手，曾获前WBC（世界拳击理事会）、前WBA（世界拳击协会）、前IBF（国际拳击联合会）、前WBU（世界拳击联盟）重量级冠军，被认为是世界上最好的重量级拳击手之一。
乐知,乐知,无需订阅，无需选取，自主推荐。用户亦无需注册。特点：个性化推荐，人性化的视觉享受，离线阅读。
大明猩,大明猩,《大明猩》改编自韩国漫画家许英万的漫画作品《第七个球队》，是由金容华执导，徐娇、成东镒主演的一部中韩合拍的体育励志电影。影片讲述中国某杂技团的延边女孩薇薇为偿还举债，接受韩国金牌经理人邀请，与团中擅长打棒球的猩猩灵灵加入韩国职业棒球联赛，成长为超级明星的故事。 该片于2013年7月18日中韩同步上映，上映10天内地票房过亿，刷新了中韩合拍片在中国市场的票房纪录。 
GORILLA,gorilla,Gorilla玻璃是一款环保、轻薄玻璃，被用作高端显示设备的保护层。它经过了一道化学强化处理工序，它能为电子设备厂商提供高耐久性的、防刮擦性的液晶显示器(LCD)表面。此外"Gorilla"也是火星哥BrunoMars第二张专辑的第四主打。
新趋势,新趋势,新趋势 是四川尚兰格暖芯科技有限公司 在国家商标总局注册的商标名称。
丹碧,丹碧,
Palmer's,美国雅儿,美国雅儿(Palmer's)有着超过160年的历史，她是美国的首批研究皮肤护理的公司之一E.T.Browne的产品品牌。该公司是治疗皮肤和头发护理产品的先行者，专门生产高质量的、自然护理产品。旗下有五大系列专业线及日化线产品系列。包括身体护理、母婴护理、面部护理、肤色护理、秀发护理五大系列。
小鸡彩虹,小鸡彩虹,《小鸡彩虹》是由杭州天雷动漫有限公司出品的学龄前暖萌卡通品牌，主要讲述了一群生活在奇妙的云岛世界，有着彩虹一样色彩的小鸡之间的有趣的成长故事。作品风格清新、温暖，充满了爱与治愈的感觉。由天雷动漫和暴风动漫联合出品，天雷动漫和浙江传媒学院联合制作的第一到第三季系列动画作品。已于2016年5月正式全网播出。
花王,花王,花王，日本知名日用品品牌。花王株式会社成立于1887年，花王前身是西洋杂货店“长濑商店”（花王石碱），主要销售美国产化妆香皂以及日本国产香皂和进口文具等，花王创业人是长濑富郎。目前花王产品涉及化妆品等600多种，大都是高分子化学品。
弹簧人,弹簧人,定指在NBA中，拥有极好极变态的弹跳及身体素质的人。他们通常在“二楼”打球。空中接力，爆扣……都是他们最喜欢的动作。弹簧人一直是联盟中球队竞相争取的球员，奥运会上卡特飞跃法国中锋更是给弹簧人的定义加上了一圈光辉。
邦怡,邦怡,邦怡全称为“杭州邦怡日用品科技有限公司”，由杭州老板实业集团投资创立，传承了老板三十年的品质经验，充分利用集团下属的诺邦公司在水刺无纺布行业内的前沿技术，依托自身超前的自主创新意识，耗巨资成立了“邦怡洁肤研究院”。五年以来，“邦怡洁肤研究院”一直专注于皮肤清洁、护理方面的研究，并为日本、美国、英国、澳大利亚等大型国际企业提供有效的皮肤清洁护理方案和ODM、OEM生产配套服务。
澳乐,澳乐,澳乐 是广州星逸文化有限公司旗下的婴幼儿玩具品牌之一，创立于2012年。总部位于广州。专注0-7岁儿童玩具的设计、生产和销售，主营产品有海洋球、儿童帐篷、游戏围栏、滑梯、儿童泳池、儿童有声挂图、爬行垫、收纳架、投篮架等。 
亲润,亲润,亲润（momface）孕妇护肤品以“提供孕妈妈最安全、有效、专业的孕产期护肤品”为己任，倡导“妆食同源”的产品理念和“自然、健康、安全”护肤理念，同时产品不含酒精、矿物油、重金属等对孕妇及胎儿健康有害的物质，产品性质温和、无刺激的孕产妇专用护肤品品牌。
XEREZ,xerez,Xerez一词源于西班牙小镇赫雷斯，古曾属罗马帝国，1264年起成为西班牙卡斯蒂利亚王国的城市。古迹有十一世纪的摩尔堡垒宫，十七世纪巴罗克式的联合教堂等。因产雪利酒而闻名于世，故Xerez也成为西班牙保护品牌葡萄酒-雪利酒的代名词。
豪威,豪威,豪威，女，美国，帆船帆板。
嫩芽,嫩芽,刚萌发出的芽，非常嫩，生命很脆弱。也可用于形容小孩。
SMH,SMH,英文网络用语缩写——SMH：ShakingMyHead（摇头）
babynest,Babynest,
SHILOH,Shiloh,ShilohJolie-Pitt，全名ShilohNouvelJolie-Pitt，美国著名好莱坞电影明星AngelinaJolie和BradPitt的大女儿，也是他们第一个亲生孩子。生于2006年5月27日，纳米比亚。
GIBSON,GIBSON,吉普森吉他公司（英文：GibsonGuitarCorporation，Gibson），是个设于美国田纳西州纳什维尔的知名乐器品牌，主要生产声学吉他与电吉他，尤其以莱斯·保罗系列最为经典，此外也生产音箱等吉他的周边产品。1902年由欧维尔·吉普森（OrvilleGibson）所创立，也因其姓为公司命名。2018年5月2日，Gibson宣布，根据美国破产法第11章申请破产保护。据Gibson向法院提交的破产文件显示，该公司目前负债至少有1亿美元。 
萌娃,萌娃,非常可爱懂事的小孩子，大都2-5岁，非常萌哒哒
名友,名友,
YouDo,YouDo,YOUDO是款基于手帐、涂色功能的应用型社区软件。 APP主要推行手帐功能，达到互联网+手帐的发展形态，让互联网与传统意义上的记录、日记....进行深度融合，创造新的发展生态。 建立新型社区展示模式，充分体现了社区优势功能。结合互联网的发展将手帐分享展示，让生活更精致，获得更细腻为中心凸显产品特色。是用户体验到不一样的社区感受。 
谷雨,谷雨,谷雨是二十四节气的第六个节气，也是春季最后一个节气，每年4月19日～21日时太阳到达黄经30°时为谷雨，源自古人“雨生百谷”之说。同时也是播种移苗、埯瓜点豆的最佳时节。 “清明断雪，谷雨断霜”，气象专家表示，谷雨是春季最后一个节气，谷雨节气的到来意味着寒潮天气基本结束，气温回升加快，大大有利于谷类农作物的生长。
吉氏,吉姓,吉姓据《唐书宰相世系表》所载，是远古黄帝有个裔孙叫伯儵，受封于南燕国（在今河南省延津县东北一带），赐姓姞。后来他的子孙省去女旁，遂成吉氏，世代相传姓吉。另一说则云，西周有重臣尹国国君尹吉甫，有嫡长子名吉伯奇，受其继母陷害至于流亡冯翊之地（今陕西渭南），后又取其父名中“吉”作为姓氏，即为郡望冯翊的得姓始祖。在宋版《百家姓》中排名第190位。
红色小象,红色小象,红色小象是上美旗下高端母婴护理品牌，品牌标识及“爱无添加”的理念源于大象妈妈对小象“持久的母爱与呵护”。
蓝精灵,蓝精灵,电影《蓝精灵》（TheSmurfs）改编自比利时漫画家沛优同名漫画及动画片，影片由拉加·高斯内尔执导，采用“表演捕捉+CG动画”的方式制作，由乔纳森·温特斯、凯蒂·佩瑞、安东·尤金和弗莱德·阿米森联袂配音，尼尔·帕特里克·哈里斯、杰玛·梅斯和汉克·阿扎利亚携手出演。在这部电影中邪恶的格格巫在笨笨引导下闯进精灵村庄，蓝精灵们在躲避格格巫时通过蓝月亮的旋窝被传送到了纽约中央公园内，在这里他们一方面要赶在格格巫和阿兹猫（Azrael）找到他们之前回到自己的蘑菇村庄，另一方面只有三个苹果高的他们也要在纽约这座大苹果之城展开冒险。 
CHERRY,Cherry,Cherry公司是全球专业的键盘制造厂商，专注于电子产品品牌，所在地为德国，以机械键盘闻名世界。
Mojito,mojito,“Mojito”诞生于1910年的古巴，美国作家海明威（ErnestHemingway）在古巴首都哈瓦那居住时，经常挂在嘴边的一句话就是“我的Daiquiri在LaFloridita（哈瓦那著名酒吧），我的Mojito在Bodeguita（哈瓦那著名酒吧）”，可见其对这两款鸡尾酒的喜爱。
巴拉巴拉,巴拉巴拉,巴拉巴拉（Balabala）中国著名休闲品牌森马所有者中国森马集团2002年在香港创建的童装品牌
小脚印,小脚印,《小脚印》是由北京时代弄潮文化发展有限公司出版的一本儿童文学书籍，作者是马逸伦。书籍主要收录了中学生们的几十篇作文。
U-ZA,u-za,Sanita隶属于韩国著名跨国制药企业韩美集团旗下子公司hmg，与风行中国的“妈咪爱”品牌并称为hmg公司两大核心品牌。
康典,康典,康典，中国国籍（香港永久居民），1948年出生。1982年毕业于北京钢铁学院，并于1984年获得中国社会科学院研究生院经济学硕士学位。他现任新华人寿保险股份有限公司董事长、执行董事。曾任新华人寿保险股份有限公司党委书记职务。 
nishiki,NISHIKI,NISHIKI，旗下的品牌，注册于2013年，是一个品牌
POKO,poko,.poko是日本的婴幼儿产品。poko是一家品牌钨金饰品，poko.show。poko是日本不二家棒棒糖的漫画形象人物名称：poko&peko。poko的英文翻译是人名，波克。
hape,Hape,Hape国际控股集团总部位于瑞士卢塞恩(Luzern)，由德国人彼得·汉斯丹(PeterHandstein)先生始创于1986年。该品牌主要为全球0-6岁宝贝研发益智木玩，启蒙和促进儿童的健康成长与发展；提倡并秉承生态、环保的生产和生活方式，积极为世界环境保护与可持续发展做出贡献。
3M,3M公司,3M公司全称MinnesotaMiningandManufacturing（明尼苏达矿务及制造业公司），创建于1902年，总部设在美国明尼苏达州的圣保罗市，是世界著名的产品多元化跨国企业。3M是全球性的多元化科技企业，创建于1902年，素以勇于创新、产品繁多著称于世，生产数以万计的创新产品，在医疗产品、高速公路安全、办公文教产品、光学产品等核心市场占据领导地位。3M为全球近200多个国家的客户提供产品及服务，其产品已深入人们的生活，从家庭用品到医疗用品，从运输、建筑到商业、教育和电子、通信等各个领域，极大地改变了人们的生活和工作方式。
忆爱,忆爱,《忆爱》是一首由季晨诺、苏懒懒演唱的歌曲，苏懒懒作词、作曲。
资生堂,资生堂,资生堂（Shiseido），是日本著名的化妆品品牌。取名源自中文《易经》中的“至哉坤元，万物资生”，资生堂的涵义为孕育新生命，创造新价值。“至哉坤元，万物资生”意为“赞美大地的美德，她哺育了新的生命，创造了新的价值。”这一名称正是资生堂公司形象的反映，是将东方的美学及意识与西方的技术及商业实践相结合，将先进技术与传统理念相结合，用西方文化诠释含蓄的东方文化。资生堂是株式会社资生堂（ShiseidoCompanyLimited）旗下品牌，总部在东京都中央区银座7丁目5番5号(104-0061)，于1872年创立，注册资金645亿日元。总经理兼董事长末川久幸，销售额6442亿日元（截止2010年3月），集团员工人数约29000名（截止至2010年3月）。
Shiseido,资生堂,资生堂（Shiseido），是日本著名的化妆品品牌。取名源自中文《易经》中的“至哉坤元，万物资生”，资生堂的涵义为孕育新生命，创造新价值。“至哉坤元，万物资生”意为“赞美大地的美德，她哺育了新的生命，创造了新的价值。”这一名称正是资生堂公司形象的反映，是将东方的美学及意识与西方的技术及商业实践相结合，将先进技术与传统理念相结合，用西方文化诠释含蓄的东方文化。资生堂是株式会社资生堂（ShiseidoCompanyLimited）旗下品牌，总部在东京都中央区银座7丁目5番5号(104-0061)，于1872年创立，注册资金645亿日元。总经理兼董事长末川久幸，销售额6442亿日元（截止2010年3月），集团员工人数约29000名（截止至2010年3月）。
三洋,三洋,三洋（SANYO），是日本的一家有60年历史的大型企业集团，总部位于日本大阪，产品涉及显示器、手机、数码相机、机械、生物制药等众多领域。三洋电机是日本Panasonic旗下的电器公司，全球拥有324间办公室及工厂与约100000名雇员。三洋电机由井植岁男（1902年－1969年）于1947年成立，并于1950年组成株式会社，创办人为松下幸之助的内弟以及松下电器前雇员。该公司的名字于日语中意思为“三个海洋”，指的是该公司的创办人有将他们的产品销售到世界各地，横跨大西洋、太平洋与印度洋的抱负。
棉店,棉店,棉店(cottonSHOPkids)品牌源自于法国巴黎，是全球最具发展潜力的国际品牌之一。棉店(cottonSHOPkids)品牌童装，是"cottonshop"旗下品牌系列之一，是儿童欧陆风情的演绎者，简约而富于时尚感，精致典雅，充满艺术气质等特性，使得"棉店(cottonSHOPkids)"品牌的每一件作品均处时尚的前列，并引领儿童时尚潮流。
Babytrend,BabyTrend,babytrend要经营婴幼儿产品，主要产品有：婴童汽车安全座椅，童车，三轮车跑步车，站立车，游戏床，高餐椅，秋千，尿布桶，学步车等等。
minimum,minimum,minimum，英语形容词、名词。形容词意思是最小的；最低的；最少的。名词意思是最低限度；最小量；最低消费；极小值。
好美特,好美特,广州好美特电子有限公司创立于2003年，是一家专业从事汽车易损件研发、生产与销售的行业知名企业。在公司创立之初便制定了“整合汽车后市场资源，为消费者提供低价高品质的产品服务”为经营理念，在瞬息万变的商场中，我们以敏锐的商业触觉为基础，从行业发展的客观角度进行战略布局，从一家汽车易损件厂商成功转型为汽配连锁服务商。
伊利,内蒙古伊利实业集团股份有限公司,亚洲第一、全球8强的伊利在董事长潘刚带领下，2017年实现营业总收入680.58亿元，创亚洲乳企最好成绩 。 内蒙古伊利实业集团股份有限公司（以下简称伊利集团）规模大、产品线健全，位居亚洲乳业第一、全球乳业8强，是中国符合奥运会标准，为2008年北京奥运会提供服务的乳制品企业 ；也是中国符合世博会标准，为2010年上海世博会提供服务的乳制品企业 。据年报显示，2017年伊利营业总收入680.58亿元，同比上升12.29%；净利润60.03亿元，其扣非净利润同比上升17.70%；综合市场占有率20.5%，同比上升1.4%。此外，净资产收益率达25.22%，连续多年保持在20%以上。 在“全球织网”的战略下，伊利已经实现国际化布局。作为行业龙头企业，伊利集团旗下多款产品长期居市场领先地位，整体营业额在行业中遥遥领先，是进入全球排名前八的亚洲乳企。 2016年8月，内蒙古伊利实业集团在"2016中国企业500强"中排名第96位。 2018年5月9日，“2018中国品牌价值百强榜”发布，伊利位列第54。 
睦清,睦清,睦清(Zenesis)，一个源自欧洲的健康护理品牌，致力于向消费者提供安全、有效、纯天然的健康护理产品。利用欧洲先进的技术，研发出有别于市场同类产品的、不含防腐剂、抗生素和化学添加剂的个人护理、母婴、女性及香薰精油产品，并将这些高科技的健康护理产品引进中国市场，帮助中国消费者安全、轻松、有效地完善个人及家庭健康护理。
爱朵儿,爱朵儿,福州爱朵儿服饰有限公司是瑞典天使儿童用品有限公司旗下“天使”品牌童装和娃娃在中国大陆地区的总代理商。2004年福州爱朵儿儿童用品有限公司获得瑞典天使儿童用品有限公司的授权，在中国大陆使用其标识图形、娃娃平面卡通形象和三维造型，以及生产，销售其产品，遂将这个来自瑞典的“天使”引入中国市场，同时为了适应中国文化和语言的习惯，将其命名为“朵儿”娃娃，注册了“爱朵儿”和“Idollhome”的中英文商标，做为在中国市场推广的品牌。
Adorer,ADORER,
亨氏,亨氏,亨氏公司是在1869年由H.J.Heinz在美国宾夕法尼亚州夏普斯堡创立的，经过一百多年卓有成效的发展，由当时的小农场成为世界最大的营养食品生产商之一。亨氏的产品有5700多种，除了人们熟知的婴幼儿食品，如婴儿米粉、面条、佐餐泥、果汁、果汁泥零、婴幼儿配方奶粉，还有番茄酱、调味品、沙司和冷冻食品等。该公司的分支机构遍及全球200多个国家和地区。2012年2月，股神巴菲特及巴西资本投资公司3G看中亨氏集团的优异业绩表现，以总价280亿美元收购亨氏集团，创下同类企业的收购最高纪录。
Heinz,亨氏,亨氏公司是在1869年由H.J.Heinz在美国宾夕法尼亚州夏普斯堡创立的，经过一百多年卓有成效的发展，由当时的小农场成为世界最大的营养食品生产商之一。亨氏的产品有5700多种，除了人们熟知的婴幼儿食品，如婴儿米粉、面条、佐餐泥、果汁、果汁泥零、婴幼儿配方奶粉，还有番茄酱、调味品、沙司和冷冻食品等。该公司的分支机构遍及全球200多个国家和地区。2012年2月，股神巴菲特及巴西资本投资公司3G看中亨氏集团的优异业绩表现，以总价280亿美元收购亨氏集团，创下同类企业的收购最高纪录。
YaYa,YaYa,乌拉萨雅·斯帕邦德（Yaya）泰国挪威混血，1993年3月18日出生于泰国芭提雅。泰国女演员、模特。2007年被星探挖掘进入演艺圈，陆续接拍广告杂志及担任时装走秀模特。2009年签约泰国3台，2010年凭借《筑梦庄园之心火》获得TopAwards最佳女新人 。2011年主演《逆阳之境》并获NatarajAward皇家舞者最佳女主角提名 。2012年以《爱土之争》荣膺MekhalaAwards最佳女主角 。2014年入选ThailandPeople'sChart民调近十年十大最具影响力明星 。
布布发现,布布发现,布布发现是广州市大容和服饰有限公司的申请注册商标，申请号/注册号是10752815，类号是25类，品牌拥有的商品服务为：服装;外套;针织服装;童装;鞋;帽;袜;手套(服装);围巾;腰带。 
KAO,kao,
那时花开,那时花开,《那时花开》是由高晓松编导的爱情电影，由周迅、朴树、夏雨等人主演。于2002年5月1日在中国内地上映。该片讲述了同读一个大学的音乐人高举、张扬和女孩欢子之间的爱情故事 。
松下,松下,松下（Panasonic），是日本的一个跨国性公司，在全世界设有230多家公司，员工总数超过290493人。其中在中国有54，000多人。2001年全年的销售总额为610多亿美元，为世界制造业500强的第26名。Panasonic的中文为“松下”（早期叫National，1986年开始逐步更改为Panasonic，2008年10月1日起全部统一为Panasonic）由日本松下电器产业株式会社自1918年松下幸之助创业，发展品牌产品涉及家电、数码视听电子、办公产品、航空等诸多领域而享誉全球；该企业品牌跃入《世界品牌500强》排行榜。松下于2012年10月31日宣布2012财年(2012年4月～2013年3月）的合并最终损益（按照美国会计标准）预期从盈利500亿日元下调为亏损7650亿日元。
Panasonic,松下,松下（Panasonic），是日本的一个跨国性公司，在全世界设有230多家公司，员工总数超过290493人。其中在中国有54，000多人。2001年全年的销售总额为610多亿美元，为世界制造业500强的第26名。Panasonic的中文为“松下”（早期叫National，1986年开始逐步更改为Panasonic，2008年10月1日起全部统一为Panasonic）由日本松下电器产业株式会社自1918年松下幸之助创业，发展品牌产品涉及家电、数码视听电子、办公产品、航空等诸多领域而享誉全球；该企业品牌跃入《世界品牌500强》排行榜。松下于2012年10月31日宣布2012财年(2012年4月～2013年3月）的合并最终损益（按照美国会计标准）预期从盈利500亿日元下调为亏损7650亿日元。
Disney baby,disney baby,《disneybaby》是一款Android平台的应用。
天维美,天维美,天维美是法默维特有限责任公司在国家商标总局注册的商标名称，已经注册成功。商标注册号是10573839。
叮咚宝贝,叮咚宝贝,《叮咚宝贝》是一款IOS平台的应用。
雀氏,雀氏,雀氏（福建）实业发展有限公司始创于2006年 ，是一家集研发、设计、生产、销售、售后服务为一体的专业制造婴幼系列健康护理用品的大型企业。公司坐落于福建海峡西岸经济区核心地、著名的历史文化名城、风景秀丽的海滨县城惠安惠东工业园。 
迪尼贝儿,迪尼贝儿,“迪尼贝儿”是厦门贝儿乐儿童用品有限公司旗下主打品牌之一。
DNBR,DNBR,DNBR，在反应堆设计中，为了保证反应堆的安全，在设计中总是要求核燃料元件表面的最大热流密度小于临界热流密度，即冷却剂带走的热量比核燃料释放的热量大，以防止堆芯过热融化。为了定量地表达这个安全要求，引入了DNBR。
DMC,DmC：鬼泣,《DmC：鬼泣》是NinjaTheory制作、CAPCOM发行的一款动作冒险类游戏，为《鬼泣》系列的作品之一，于2013年1月15日发行。增强版《DmC：DefinitiveEdition》登陆在XBOXOne和PS4，于2015年3月10日发行。《DmC：鬼泣》的故事发生在一个叫做Limbo的恶魔国度，Limbo属于地狱边境，是由邪恶组成的可以反射现实的平行世界。在这个环境里所有的物质都在不断的崩溃，试图在毁灭之间消灭但丁。强大的恶魔们可以随意将但丁拉入Limbo，然后使其陷入激烈的战斗之中。官方还推出了游戏的前传漫画《维吉尔编年史》，以及iPhone手机应用软件《但丁之眼》。游戏包含额外的DLC，其中《维吉尔的陨落》主要是关于维吉尔的故事。需要注意的是，虽然《DmC》被视为《鬼泣》的第五部，但不是正统续作，也不是网络传言的《鬼泣5》，而是一部外传性质的独立作品。故事背景是全新的，不是所谓的但丁年轻时的故事，因为该作的但丁与前4作的但丁完全不同。
康婴健,康婴健,康婴健 是由广州康婴宝贸易有限公司2015年07月06日 申请注册的商标 ，注册号为17366426 。
袁素,袁素,袁素，原名袁香章，1922年生于江苏省如皋县。1940年，他在新四军创办的如皋滨江中学读书。1942年，袁素加入中国共产党。中学毕业后，组织上分配他到如皋县车马湖区任区委宣传干事，后又担任宣传科长。
HABA,HABA,HABA是“HealthAidBeautyAid”的缩写，意为健康与美丽的好帮手。HABA以“追求真正的美丽”，唤醒肌肤与生俱来自然治愈力，只给肌肤补充绝不超过最低限度的所需，绝对不添加刺激或损害肌肤的成分为经营理念。
爱伊贝丽,爱伊贝丽,
妈妈果,妈妈果,“妈妈果ORG.MAMA”隶属于北京正安品致科技有限公司，主营有机棉母婴家纺，以“人正心安，品致母婴”为企业理念。
MONO,mono,Mono是一个由Xamarin公司（先前是Novell，最早为Ximian）所主持的自由开放源代码项目。 该项目的目标是创建一系列匹配ECMA标准（Ecma-334和Ecma-335）的.NET工具，包括C#编译器和通用语言架构。 与微软的.NETFramework（共通语言运行平台）不同，Mono项目不仅可以运行于Windows系统上，还可以运行于Linux，FreeBSD，Unix，OSX和Solaris，甚至一些游戏平台，例如：Playstation3，Wii或XBox360。 
五和,五和,动漫作品《魔法禁书目录》中人物。“天草式十字凄教”所属的魔法师。黑发及肩的少女，双眼皮是她的醒目特征。性格腼腆温和。爱慕“曾经一拳击倒原女教皇的人”上条当麻，却因个性保守无法做出大胆行动，经常为此碎碎念。使用“海军用船上枪”作为武器，和神裂一样懂得使用钢丝来布成魔法阵“七教七刃”。
PEACH JOHN,peach john,来自日本的内衣品牌，主营少女系。
BABYPLUS,babyplus,BabyPlus是美国BabyPlus公司发明的由16种不同节奏的声音组成的胎教工具，使用方法简单，效果良好。
Nuxe,NUXE,NUXE是法国纯植物美容品牌，创立于1957年。NUXE崇尚自然，创立伊始便坚持独创，注重优选成分，不一味追逐潮流，成为天然美学的领导品牌。NUXE结合现代科技和植物及芳香精油能量，创造出蕴含丰富天然活性成份的温和护肤产品，细腻柔滑，精致优雅，让用户感受源于大自然的轻松舒畅。1989年由崇尚植物与芳香疗法的知名法国女企业家AlizaJabes收购，并已经密如制药厂般的制作过程，经严密的企业行销于品质塑造，更促使NUXE成为天然美学的教主品牌。
也诺,也诺,宁波市鄞州也诺服饰有限公司坐落在中国最大的服装基地-宁波，专业开发生产防辐射服。“也诺”系目前公司开发的专业防辐射孕装品牌，它摒弃传统孕装模式，直击国际时尚潮流。公司坚持采用国内最前沿的专业防辐射面料和多样的款式风格面向市场。公司本着“诚信互利，高质取胜”的经营理念，从设计开发、定版定款、面料做工、企划宣传等方面严格把控。自产品问世以来，公司以优质的品质和领先的时尚设计理念一直得到社会各界的好评与青睐。
DC SHOES,DCSHOECOUSA,总部设在加州Vista的DC鞋业公司是引领滑板鞋业的一大品牌，DC的产品已经涵盖了专业滑板鞋、服装、滑雪产品等系列产品。而新推出的DC女装款式将包括鞋子，衣服，滑雪外套和滑雪靴等。随着越来越多的运动品牌推出女装系列，专业女式运动产品市场已经成为炙手可热的产品平台，相信会有更多更好的优秀女性主题专业产品出现在滑板市场中。
KANAKO,Kanako,Kanako是全球著名的塑颜紧致专属品牌
MII,MII,Mii，就是指可利用任天堂3DS或者是Wii制作的玩家角色(虚拟角色)。 玩家可在玩游戏的时候把Mii当成自己的分身来操纵，或者是当发送讯息时的图示。还可以用3DS主机上的镜头拍下的脸作为模型自动制作。 3DS可以同Wii联机取得曾经在Wii上所制作的角色，另外3DS能够生成QR码，共其他玩家用3DS识别获取，其交互性比Wii来说更上一层楼。 在2003年的美国e3展上，任天堂曾经公布了一款名为《StageDebut》的NGC软件。 如今“Mii”基本就是相同的理念，不过把“摄像头拍摄人脸”的想法变成了用户可以自己编辑自己的Mii形象，这个虚拟化身同样可以在《WiiSports》等软件里面登场。 
滴滴爱,滴滴爱,滴滴爱品牌旨在将点点滴滴的爱，传递给每一个家庭。滴滴爱品牌因有用点滴爱编织的家庭，因有用心经营的温馨家庭而存在。我们的口号是：点点滴滴的爱，每分每秒都是新鲜。滴滴爱品牌的产品都是用爱去设计的。DIDIAI设计师们倾情打造的亲子装、情侣装新款，引进韩版潮流及欧美时尚元素，时时刻刻释放最耀眼的时尚元素，确保款式、花样的领先水准，秉承款式、面料、色彩、配饰的和谐统一，将亲人间暖暖的情感悄悄地融入其中，打造时尚、温馨、舒适的亲情服饰，愿能为千万家庭带来和谐与幸福。有了爱，就有了家，让滴滴爱见证我们家庭生活的点点滴滴……
D,d,D是拉丁字母和英文字母中的第4个字母。在国际音标和汉语拼音中的意思各不相同。在网络用语中的意思为“顶”，“最顶端”预示着追求最高的最好的。表示支持的意思。在论文的参考文献标题后表示学位论文。D这个字母还用于物理学、化学、音乐、人名等。也用于游戏和电影角色的名字和控制键。
大嘴猴,大嘴猴,大嘴猴（PaulHomme）是国际知名品牌，以色彩缤纷、年轻、可爱、时尚感出现在服饰、鞋、童鞋、内衣、泳装、睡衣、家俱、腕表、太阳镜、童装、儿童卡通书和儿童自行车等各种系列产品上。刚开始时只是小小的规模，可真是个了不起的《猴子生意》！一间创造出百万美元销售额度的流行配件公司。大嘴猴这个图像相当吸引着年轻世代，商品在世界各地大受欢迎。电影像是《王牌大间谍/第二至第三集》、《美国派/第一至第二集》、《冒牌老爸》、《小姐好辣》。电视里的MTV、E!、DHARMAANDGREG、MADTV、ALLYMCBEAL。主题性的流行杂志像SEVENTEEN、VOGUE、INSTYLE、GLAMOUR、W等都可以发觉到它的踪影。
Paul Frank,paul frank,PaulFrank（大嘴猴）是和CalvinKlein齐名的国际知名品牌。它以色彩缤纷、年轻、可爱、时尚感吸引无数狂热粉丝，成为一个全球化的流行潮牌，大嘴猴“Julius”的卡通造型已出现在服饰、鞋、童鞋、内衣、泳装、睡衣、家俱、腕表、太阳镜、童装、儿童卡通书和儿童自行车等各种系列产品上。PaulFrank（大嘴猴）的商品也已在美国、加拿大、欧洲、中东、澳大利亚、香港、台湾、韩国、日本、马来西亚、新加坡、泰国、中国大陆等各地销售，（全世界超过2000家店铺），商品成功植入了各种热播的影视作品，成为众多明星的宠儿，在世界各地大受欢迎。电影：例如《王牌大间谍/第二至第三集》、《美国派/第一至第二集》、《冒牌老爸》、《小姐好辣》。电视剧：例如《浪漫满屋》、《爱在日月潭》等。从美洲的小甜甜布兰妮，克里斯蒂娜·阿奎莱拉，到亚洲的宋慧乔，张柏芝等明星都是PaulFrank（大嘴猴）的超级粉丝。
现代,现代,现代成立于1947年，为韩国汽车品牌，主要生产suv及普通家用轿车，排量为1.6~2.7L之间的车型。
HYUNDAI,Hyundai,中文名为：现代（汽车品牌）现代成立于1947年，为韩国汽车品牌，主要生产suv及普通家用轿车，排量为1.6~2.7L之间的车型。
威尔贝鲁,威尔贝鲁,威尔贝鲁/wellber是常州市威尔纺织品有限公司旗下的原创品牌，是国内母婴纺织品行业的品牌。
Brauer,布饶尔,美国数学家。1901年2月10日生于德国柏林，1977年4月17日卒于美国波士顿。曾当选为美国科学院院士（1955年），获得美国科学功绩奖章（1971年）。
全棉时代,全棉时代,全棉时代是指深圳全棉时代科技有限公司（简称Purcotton全棉时代）是稳健医疗集团的子公司。成立于2009年12月7日，创始人李建全。Purcotton全棉时代，取自Pure+Cotton的单词组合，意为用天然棉花生产出健康、亲肤、高品质的生活护理用品。
PurCotton,全棉时代,全棉时代是指深圳全棉时代科技有限公司（简称Purcotton全棉时代）是稳健医疗集团的子公司。成立于2009年12月7日，创始人李建全。Purcotton全棉时代，取自Pure+Cotton的单词组合，意为用天然棉花生产出健康、亲肤、高品质的生活护理用品。
帕格,帕格,帕格是德国的一名足球运动员，惯用脚是右脚，在球场上的位置是前锋。
普丽普莱,Puritan's Pride,Puritan'sPride，又称普丽普莱，公司是一家1960年创建于美国纽约长岛的美国保健品公司，是一家营养素生产企业，属下产品全部通过美国FDA认证。
Puritan's Pride,Puritan's Pride,Puritan'sPride，又称普丽普莱，公司是一家1960年创建于美国纽约长岛的美国保健品公司，是一家营养素生产企业，属下产品全部通过美国FDA认证。
欧树,欧树,欧树NUXE是法国纯植物美容品牌，创立于1957年。欧树NUXE崇尚自然，创立伊始便坚持独创，注重优选成分，不一味追逐潮流，成为天然美学的领导品牌。欧树NUXE结合现代科技和植物及芳香精油能量，创造出蕴含丰富天然活性成份的温和护肤产品，细腻柔滑，精致优雅，让用户感受源于大自然的轻松舒畅。1989年由崇尚植物与芳香疗法的知名法国女企业家AlizaJabes收购，并已经密如制药厂般的制作过程，经严密的企业行销于品质塑造，更促使NUXE成为天然美学的教主品牌。
葛莱,葛莱,美国葛莱成立于1942年，作为全球最大婴儿用品生产商之一，拥有近70年婴儿用品设计开发经验。销售至全球80多个国家并广受青睐。一直以来，葛莱将安全、实用、便捷及创新融合于产品研发设计之中。在产品创新方面可以追溯到1953年，葛莱发明了世界上第一台机械动力的婴儿秋千。随后在1987年葛莱又研发了便携式婴儿游戏床。其后葛莱推出TravelSystem（多用途手推车），这一创新型产品第一次实现了汽车安全座椅与推车的整合使用，开创了婴儿出行用品的新纪元，为爸爸妈妈们带来了无限便捷。
GRACO,GRACO,GRACO作为美国NewellRubbermaidTM集团下的一家公司，在全球范围内拥有1，500家合资合作单位。主要生产儿童座椅、推车等，源于1942年。
奥宇,奥宇,奥宇是汉语词语，读音为àoyǔ，意思是犹宇内，天下。
纽贝乐,纽贝乐,
维蕾德,维蕾德,总部在德国南部的WELEDA是人智学创始人，医学博士RudolfSteiner(1861-1925澳大利亚人)。在瑞士1921年所创办的品牌，是一个在世界上超过40个国家，致力于人类健康的获得和巩固强化为宗旨的的企业。从一开始，它就将人与自然和谐统一作为企业最核心的精神，维蕾德Weleda的发展、生产和运做在于医药品，营养补给品和身体保养品方面。多年来，WELEDA和大学以及国家级研究机构长期紧密合作，拥有自己的实验室和欧洲最大的保养品用花草种植园，充分保证了货源的纯净和充足，并于2004入选为德国最佳企业之一。
大创,大创,大创是汉语词汇，拼音dàchuàng，解释为在军事上使敌人受到严重的损伤。
daiso,daiso,大创（DaisoJapan），由矢野博丈 创立于1972年，于全球又拥有逾4000家分店，遍布30多个国家。2012年，大创百货正式进驻中国大陆，首家分店落户广州，取名为“大创生活馆”，由香港四洲集团与日本大创产业联合投资，并由四洲集团统一运营。 
Zek,zek,前苏联时期，苏联监狱称犯人的黑话，是zaklyuchenyi监狱的简称。
泰诺,泰诺,泰诺（酚麻美敏混悬液），适应症为本品用于小儿，可减轻普通感冒或流行性感冒引起的发热、头痛、四肢酸痛、喷嚏、流涕、鼻塞、咳嗽、咽痛等症状。
智虎,智虎,
CHB,CHB,CHB是全球领先的专业美容美发护理品牌。上个世纪三十年代，CHB即以制造专业美发造型工具和美容护肤产品而享誉世界。通过和专业发型师、护肤专家、美发店建立紧密合作关系，CHB开发出一系列美发、卷发工具和美容清洁产品，赢得了好莱坞明星、知名模特、美发沙龙的长期青睐。一直以来，CHB以产品的实用性、功能性、材料完美度、使用寿命为设计核心，致力于不断创新美发护肤产品，创造了一次又一次产品革新奇迹。在全球许多国家，“CHB”三个字母就是卷发器的代名词，人们不会做第二选择。
迪邦,迪邦,迪邦是奥地利的足球运动员，任后卫。
博雅,博雅,未见已有词书收录。或可解释为：丰丽博敞。（王逸《鲁灵光殿赋》）。岂必褒衣博带。（《淮南子·泛论》）《学记》曰：“不学博依，不能安诗。”博依注作譬喻解。此诗之所以重比兴也。韦正己曰：“歌不曼其声则少情，舞不长其袖则少态。”此诗之所以贵情韵也。对于为人来说就是，博我以文，约我以礼。《论语·子罕》
beurer,beurer,
妙思乐,妙思乐,妙思乐(MUSTELA)护肤产品是专为新生儿、婴幼儿和儿童提供的专业护肤品，包括每日所需的清洁、沐浴、护肤及护臀系列。妙思乐由专业人士潜心研制，天然成分，配方独特，性质温和，经多年皮肤科临床验证，其低致敏性极为适合婴幼儿娇嫩易损的肌肤。妙思乐香味独特，沁人心脾，在欧洲被誉为婴儿香味，有助于增进母子间的亲密关系。同时也为宝宝的身心健康提供专业的保证。
MUSTELA,慕之恬廊,MUSTELA慕之恬廊(妙思乐)是欧洲知名妇幼婴儿用品品牌，一直致力于开发和生产专业的护肤产品来应对婴儿和孕妇皮肤护理的特殊需求，并将“提供健康和更高的生活水平”作为宗旨。已经行销全球52个国家，在七个国家建立了自己的分公司，是一个具有国际声誉的护肤品牌。含特殊专利份(Sunfloweroleodistillate简称OD*)无皂性清洁基，专为干燥性皮肤及敏感易受刺激。协助改善皮肤干燥，修复受损皮肤。适用婴儿、孩童、孕妇以及老人。
LeTAO,letao,乐淘网（Letao，口号：我的鞋柜，我的乐淘）是中国主要的运动鞋、皮鞋网络零售网站，聚焦在垂直的鞋及其相关商品领域深耕。乐淘由原百度市场总监，总裁助理毕胜先生于2008年5月份创办，联创策源基金（CeyuanVentures）投资金山集团副董事长雷军先生出任董事。截止2009年12月31日，乐淘注册会员超过40万人，主要购买人群来自北京、上海、广东、浙江、江苏等电子商务影响力最深广的省市。
十月天使,十月天使,十月天使孕妇护肤品系列，是天津盛世永业有限公司采用来自美国的技术，选择天然成分、应用绿色技术、采用专业配方，特别针对亚洲女性肤质孕产期女性生理变化特制的，专业孕产肌肤护理品牌。
汉方,汉方,汉方，使用中草药治病的一种方法，简称“中医”。海外多称中医为汉方。
优敏,优敏,优敏，汉语词汇。拼音：yōumǐn释义：博洽通达。
Avalon,阿瓦隆,阿瓦隆（Avalon）是亚瑟王传说中的重要岛屿，凯尔特神话的圣地，古老德鲁伊宗教的中心信仰。阿瓦隆是威尔士极乐世界的别称，另外被称之为“赐福岛”或“天佑之岛（IsleoftheBlessed）”；孟莫斯郡的杰弗里在文献《维塔·梅林》中将阿瓦隆称之为“苹果岛（IsleofApples）”。一般相信它就是现今位于英格兰西南的格拉斯顿堡。阿瓦隆是亚瑟王最终的栖息地，是彼世中的极乐世界，那里由九位仙后守卫着。阿瓦隆岛与爱尔兰神话中的提尔纳诺，希腊神话中赫斯珀里得斯的金苹果圣园以及犹太神话的极乐净土伊甸园极其相似。
EMSA,EMSA,EMSA（中文名：爱慕莎），欧洲领先居家用品品牌，荣获德国世纪品牌殊荣.自1949年起，EMSA立足于卓越的品质和悦人的设计，成为居家用品行业的标杆企业。EMSA有完善的家居生活解决方案，有以EMSA，ADDIS，ESTERAS等多个历史悠久的高端品牌。 
人之初,人之初,《人之初》是2010年未来出版社出版的图书，作者是意林杂志社。主要讲述童年是一生最美的阶段，那时的孩子是一朵花，也是一颗种子，是一片朦朦胧胧的聪明，一种永远不息的活动，一股强烈的欲望。
娇兰,娇兰,娇兰（Guerlain）成立于1828年，主营香水、化妆品及保养品。是酩悦·轩尼诗－路易·威登集团（MoëtHennessy-LouisVuittonLVMHGroup）旗下的产品。娇兰品牌享有盛誉的国际品牌，自创办以来，推出的娇兰香水品种超过300多种。这个香氛王国一抹最骄艳的骄子，一百多年来，娇兰以她那特有的贵族气质与幽雅浪漫的品质保障，奠定了它在法国及世界上的品牌地位。
Guerlain,娇兰,娇兰（Guerlain）成立于1828年，主营香水、化妆品及保养品。是酩悦·轩尼诗－路易·威登集团（MoëtHennessy-LouisVuittonLVMHGroup）旗下的产品。娇兰品牌享有盛誉的国际品牌，自创办以来，推出的娇兰香水品种超过300多种。这个香氛王国一抹最骄艳的骄子，一百多年来，娇兰以她那特有的贵族气质与幽雅浪漫的品质保障，奠定了它在法国及世界上的品牌地位。
拜耳,拜耳,拜耳公司是世界最为知名的世界500强企业之一。公司的总部位于德国的勒沃库森，在六大洲的200个地点建有750家生产厂；拥有120000名员工及350家分支机构，几乎遍布世界各国。高分子、医药保健、化工以及农业是公司的四大支柱产业。公司的产品种类超过10，000种，是德国最大的产业集团。该公司生产的阿司匹林，被人们称为“世纪之药”，也创造出了“魔鬼的杰作”，就是海洛因。
BAYER,拜耳,拜耳公司是世界最为知名的世界500强企业之一。公司的总部位于德国的勒沃库森，在六大洲的200个地点建有750家生产厂；拥有120000名员工及350家分支机构，几乎遍布世界各国。高分子、医药保健、化工以及农业是公司的四大支柱产业。公司的产品种类超过10，000种，是德国最大的产业集团。该公司生产的阿司匹林，被人们称为“世纪之药”，也创造出了“魔鬼的杰作”，就是海洛因。
沃尔卡,沃尔卡,沃尔卡 是广州沃物卡汽车用品有限公司旗下的品牌，于设计，制造，销售，服务集成一体的儿童安全用品知名品牌。致力与国内相关部门传播安全教育观念，为儿童乘车安全出行提供解决方案。
YOME,YOME,YOME是第一个聚焦情侣表的瑞士品牌，是情侣喜爱的一个时尚手表品牌，所有的设计均提倡简约、耐看，就像情感，岁月流长，我心依旧。爱，就表白。YOME，我想和你在一起。
阿卡邦,阿卡邦,1979年韩国第一专业经营婴儿用品/服饰企业
龙欣,龙欣,龙欣是一个女演员，作品为《新楚留传奇》饰少年水姆阴姬《雪在烧》饰可可。
哈喜屋,哈喜屋,哈喜屋（英语：hessie，广告语：成长路上满心哈喜）隶属于杭州环宇集团旗下高端玩具母婴家居用品品牌；品牌成立于2005年，连续5年当选杭州知名产品品牌；hessie出生于香港，身居中国，放眼世界，励志成为世界母婴高端品牌；hessie品牌涉及到的产品包括婴童益智玩具、家具、学习桌椅、家纺、等一系列婴童家居用品；hessie一直追求完美主义，每一件hessie产品都精雕细琢，细节中诠释高端品质，呵护中诠释无限真情；hessie致力于为宝宝提供最全方面的呵护，给宝宝缔造一个健康快乐的成长空间。
贝贝卡西,贝贝卡西,贝贝卡西儿童安全座椅是由江苏安用座椅科技有限公司（前身为江苏百佳斯特汽车制品有限公司）旗下品牌，于2006年创立。注册资本：3696.000000万人民币。位于镇江市丹徒新区瑞山路168号（民营工业区） 
凯芙兰,凯芙兰,凯芙兰是引领彩妆产业发展的革新性品牌。自巴黎正式问世来，凯芙兰不断融汇名师睿智，不懈进取，融合梦想与科技、生活与艺术，以超群技艺与持续创新的传统，当仁不让地成为全球各地年轻一代女性心仪的品牌。凯芙兰始终注重以法国式的风格、品位为准则，坚持优质路线，力求通过时尚造型与质感内涵完美呈现消费者的内在气质。
笛莎,笛莎,笛莎，是专为中国女孩设计的原创品牌。以孩子的眼光去寻找，用孩子的心灵去体会，将父母对女儿宛若公主般的疼爱与呵护化为设计灵感，时尚流行元素加以整合，将高贵、精致、优雅的公主元素流行化，“每个女孩都是公主”笛莎是专属于女孩们的美丽天地。
DEESHA,deesha,《deesha》是一款Android平台的应用。
乐孕,乐孕,乐孕隶属上海齐尊行贸易发展有限公司旗下注册品牌，创立于2006年。品牌专业致力于孕产用品的设计与开发，其国际化的设计团队从全球捕捉潮流趋势，并长年与上海东华大学保持密切合作研发产品面料，联合上海知名军医大学深度合作产品的临床应用，不断推陈创新制造经典，是中国孕产期女性最信赖的品牌之一。乐孕，始终坚持为孕产期女性带来引领风尚的呵护享受，结合多项专利科技，开发出众多舒适畅销款孕妇枕、哺乳枕、防辐射服以及孕产用品，始终坚持顶级的品质和专家级的服务，在业界享有良好的口碑信誉。历经10年品牌锤炼，产品已遍布全国市场销量遥遥领先，且仍在持续增长中。
科克兰,克里斯·柯克兰,克里斯·柯克兰（ChrisKirkland），1981年5月2日出生于英格兰巴韦尔，英格兰足球运动员，场上司职门将，现效力于英甲的贝里足球俱乐部，曾效力于英超的利物浦足球俱乐部。 
KirkLand,kirkland,KirklandSignature是全美销量第一的健康品牌。多年来KirklandSignature的产品以其可靠的产品质量和良好的信誉，在北美众多的保健品品牌中备受关注，拥有极佳的口碑。
Delonghi,DeLonghi,De'Longhi（德龙）是意大利主要的小家电生厂商之一，始创于1902年的意大利的特雷维索，20世纪50年代，德龙集团正式成立，主要为其他的公司供应取暖系统的零部件。20世纪70年代公司公司开始推出自己品牌的产品。现已成为中高档生活电器的设计、研发、生产和销售的跨国集团。其产品涉及多个领域：咖啡机系列、厨房电器系列、加热电器系列、空调/空气净化系列、清洁/熨烫系列，业务遍及全球80多个国家。
顺和安堂,顺和安堂,顺和安堂由创始人和安先生创建。在长期的执业实践中，先生遇到过许多饱受皮肤问题困扰的患者，深感有必要研制出一种高效易用的药膏以代替传统方法熬制的中药。在长达数年的时间里，先生踏遍了乡间的山野，寻找适用的草药；在尝试了无数的配伍和炮制方法后，终于研制出一种安全高效的药膏，命名为万能益肤霜。经过数年各种各样患者的试用，证明效果安全迅速，且普遍适用于多种常见的皮肤病，如湿疹、奶癣、脚气、癣、皮炎、瘙痒等症，深受用户好评。之后先生又在万能益肤霜的基础上开发出湿疹清，该药膏配方专治湿疹，在这方面比之万能益肤霜更加有效迅速。
