雅培,雅培,雅培是一家全球性、多元化医疗保健公司，已有100多年的发展历史，在全球约有7.3万名员工，业务遍及150多个国家和地区。1988年以来，雅培在中国持续经营，现在已经深深扎根于中国。 
Abbott,雅培,雅培是一家全球性、多元化医疗保健公司，已有100多年的发展历史，在全球约有7.3万名员工，业务遍及150多个国家和地区。1988年以来，雅培在中国持续经营，现在已经深深扎根于中国。 
爱他美,爱他美,德国领先的高端奶粉品牌，是德国市场份额第一的奶粉，也是欧洲销量最好的奶粉之一。爱他美奶粉产自德国，是德国美乐宝（Milupa）集团旗下品牌，后美乐宝被达能集团收购。2007年，达能再收购RoyalNumico（纽迪希亚持有人），将旗下的婴幼儿营养及医学营养进行了内部合并。爱他美与诺优能、可瑞康三个奶粉品牌均属于纽迪希亚旗下。
Aptamil,爱他美,德国领先的高端奶粉品牌，是德国市场份额第一的奶粉，也是欧洲销量最好的奶粉之一。爱他美奶粉产自德国，是德国美乐宝（Milupa）集团旗下品牌，后美乐宝被达能集团收购。2007年，达能再收购RoyalNumico（纽迪希亚持有人），将旗下的婴幼儿营养及医学营养进行了内部合并。爱他美与诺优能、可瑞康三个奶粉品牌均属于纽迪希亚旗下。
美素佳儿,美素佳儿,美素佳儿(Friso)是荷兰皇家菲仕兰旗下的婴幼儿奶粉品牌。美素佳儿，其母公司-荷兰皇家菲仕兰公司创建于1871年，迄今已有140多年的历史，是合作型乳品公司，在全球100多个国家赢得了相当高的声誉。2004年，荷兰皇家菲仕兰公司被荷兰皇室授予“皇家”称号，行业仅此一家。荷兰皇家菲仕兰公司的荷兰自家牧场由欧洲超过20000名左右会员农场主联合经营，共同管理，严格保证了美素佳儿奶粉的稳定品质。 
Friso,Friso,friso是使用c语言开发的一个开源的中文分词器，使用流行的mmseg算法实现。
惠氏,惠姓,惠姓，在中国并不是一个常见的姓氏，但也是中国较为古老的姓氏之一。在过去2000多年期间，惠氏的活动地区主要是长江以南的江、浙一带，长久以来在历史上成名的惠氏名人，也几乎全是江、浙人氏。古代的扶风，在今陕西平东南，全国惠氏老家便在这里。望族居扶风郡（今陕西省扶风县一带）。
美赞臣,美赞臣,美赞臣营养品公司创立于1905年，创始人为爱德华·美赞臣，公司总部位于美国伊利诺斯州的格伦维尤，其全球研发中心及全球运作生产中心则位于美国印地安纳州的埃文思威尔镇。美赞臣汇聚前沿的营养科研力量，一直致力于配方的研发和创新，为全世界婴幼儿的健康成长提供从科学探索到临床科学研究的全面支持。同时，美赞臣已与多家大学和研究机构合作，拥有婴幼儿营养研究平台和专业能力。所生产的70多种营养产品行销50多个国家和地区。 2018年4月18日，因在生产许可条件保持、食品安全管理制度落实等方面存在缺陷，被国家市场监管总局通报。 
雀巢,雀巢公司,雀巢公司是由亨利·雀巢（HenriNestle）于1867年创办，总部设在瑞士日内瓦湖畔的韦威(Vevey)，在全球拥有500多家工厂，为世界上最大的食品制造商。公司起源于瑞士，最初是以生产婴儿食品起家，以生产巧克力棒和速溶咖啡闻名遐迩。2018年4月18日，因在生产许可条件保持、食品安全管理制度落实等方面存在缺陷，被国家市场监管总局通报。 
Nestle,雀巢公司,雀巢公司是由亨利·雀巢（HenriNestle）于1867年创办，总部设在瑞士日内瓦湖畔的韦威(Vevey)，在全球拥有500多家工厂，为世界上最大的食品制造商。公司起源于瑞士，最初是以生产婴儿食品起家，以生产巧克力棒和速溶咖啡闻名遐迩。2018年4月18日，因在生产许可条件保持、食品安全管理制度落实等方面存在缺陷，被国家市场监管总局通报。 
伊利,内蒙古伊利实业集团股份有限公司,亚洲第一、全球8强的伊利在董事长潘刚带领下，2017年实现营业总收入680.58亿元，创亚洲乳企最好成绩 。 内蒙古伊利实业集团股份有限公司（以下简称伊利集团）规模大、产品线健全，位居亚洲乳业第一、全球乳业8强，是中国符合奥运会标准，为2008年北京奥运会提供服务的乳制品企业 ；也是中国符合世博会标准，为2010年上海世博会提供服务的乳制品企业 。据年报显示，2017年伊利营业总收入680.58亿元，同比上升12.29%；净利润60.03亿元，其扣非净利润同比上升17.70%；综合市场占有率20.5%，同比上升1.4%。此外，净资产收益率达25.22%，连续多年保持在20%以上。 在“全球织网”的战略下，伊利已经实现国际化布局。作为行业龙头企业，伊利集团旗下多款产品长期居市场领先地位，整体营业额在行业中遥遥领先，是进入全球排名前八的亚洲乳企。 2016年8月，内蒙古伊利实业集团在"2016中国企业500强"中排名第96位。 2018年5月9日，“2018中国品牌价值百强榜”发布，伊利位列第54。 
a2,A2,A2有限公司(简称“A2C”)是一家迅速成长的乳制品公司，旗下a2®牛奶及相关产品建立在独一无二的知识产权研发及专利技术上，目前足迹遍及新西兰、澳大利亚、英国及中国。A2有限公司是全球唯一拥有权生产和销售a2®品牌乳制品经营权的公司。a2®品牌牛奶是鲜奶产品，纯天然、无添加，源自含有纯A2β-酪蛋白的奶牛。所有的A2奶牛都是通过DNA测试验证，并通过认证以确保产出的牛奶只含有A2型的β-酪蛋白。a2®品牌牛奶背后的科研主张独树一帜，在全球消费者日益关注健康的趋势下，带给消费者感受得到的健康益処；除了得到广大消费者有力的佐证外，也由公司独一无二的及强大的专利技术在背后支持。
诺优能,诺优能,诺优能是荷兰婴幼儿奶粉的领先品牌，沿承NUTRICIA纽迪希亚科研中心在婴幼儿营养领域100多年的研究成果。在荷兰婴幼儿奶粉市场占有率超过70%。中国官方销售的Nutrilon诺优能奶粉(荷兰牛栏)100%荷兰原装原罐进口绝无二次分装，应用100%乳糖配方设计，为宝宝提供专业早期营养，建立长远健康基础。
Nutrilon,诺优能,诺优能是荷兰婴幼儿奶粉的领先品牌，沿承NUTRICIA纽迪希亚科研中心在婴幼儿营养领域100多年的研究成果。在荷兰婴幼儿奶粉市场占有率超过70%。中国官方销售的Nutrilon诺优能奶粉(荷兰牛栏)100%荷兰原装原罐进口绝无二次分装，应用100%乳糖配方设计，为宝宝提供专业早期营养，建立长远健康基础。
合生元,合生元,合生元用心专注母婴营养与健康，携手法国IsignySainte-Mere 、Lallemand集团、法国Montaigu乳品公司等全球战略合作伙伴，共同研发高科技含量的优质产品。秉承“把优越做成产品，把责任变成品质”的理念，全面提供益生菌冲剂、婴幼儿奶粉、妈妈奶粉、多种营养食品等母婴营养健康产品，给宝宝聪明IQ、爱心EQ、活力PQ发展的均衡营养。
BIOSTIME,biostime,biostime函数用法：longbiostime(intcmdlongnewtime)功能：计时器控制，cmd为功能号，为0时函数返回计时器的当前值，计时时间从午夜开始，以时钟滴答声为单位，每秒时钟滴答18.2次；为1时将计时器设置为新值newtime。
贝因美,贝因美,贝因美（Beingmate）初创于1992，贝因美婴童食品股份有限公司成立于1999年。 2011年4月12日贝因美（002570）在深交所挂牌上市。2015年4月17日晚间公告，公司下属全资公司爱尔兰贝因美出资1000万欧元，认购中法（并购）基金开展对外投资。同时，公司以现金1.17亿元收购敦化美丽健乳业有限公司65%的股权，成为其控股股东。 
Beingmate,贝因美,贝因美（Beingmate）初创于1992，贝因美婴童食品股份有限公司成立于1999年。 2011年4月12日贝因美（002570）在深交所挂牌上市。2015年4月17日晚间公告，公司下属全资公司爱尔兰贝因美出资1000万欧元，认购中法（并购）基金开展对外投资。同时，公司以现金1.17亿元收购敦化美丽健乳业有限公司65%的股权，成为其控股股东。 
飞鹤,飞鹤,飞鹤始建于1962年，从丹顶鹤故乡黑龙江齐齐哈尔起步，是中国最早的奶粉企业之一。50余年来，飞鹤一直专注于针对中国人体质研制奶粉，对中国宝宝体质特点及需求展开大量研究，引领行业开创多种提升奶粉对中国宝宝体质适应性的技术、配方与工艺。2009年，飞鹤乳业又成功转战纽交所主板，再次成为第一家且唯一一家在纽交所主板上市的中国乳企。飞鹤不惜成本用了10年时间，在北纬47度世界黄金奶源带上打造了中国婴幼儿奶粉行业第一条完整的全产业链。旗下拥有星飞帆、超级飞帆、飞帆等系列产品，飞鹤——专注做更适合中国宝宝体质的奶粉。 2018年4月16日，因在食品安全管理制度落实等方面存在缺陷，被国家市场监管总局通报。 2018年4月17日，黑龙江食品药品监督管理局发布整改通告，飞鹤（甘南）乳品有限公司已进行了认真整改，并通过当地食药监部门的确认。 
君乐宝,君乐宝,石家庄君乐宝乳业有限公司创立于1995年，至今二十年 。是河北省最大的乳制品加工企业，是农业产业化国家重点龙头企业、国家高新技术企业、国家乳品研发技术分中心，君乐宝商标是中国驰名商标。公司现有员工5800人，在石家庄、保定等地建有十个生产工厂，主要经营酸牛奶、低温乳酸菌饮料、纯牛奶、花色奶、乳饮料、婴幼儿配方奶粉等50多个品项。2013年完成销售收入36亿元销售增长率高于行业平均增速一倍以上，上缴税金2.3亿元。低温酸牛奶、乳酸菌饮料市占率居全国第四位。2015年7月，君乐宝通过全球食品安全标准(BRC)A+认证成为全球第一家获得A+顶级认证的婴幼儿奶粉企业。 
喜宝,喜宝,《喜宝》是2002年南海出版公司出版的小说，作者是亦舒。该小说讲述了剑桥圣三一学院的法学高材生姜喜宝，本是炙手可热的俏佳人，尚有高贵文凭压身，却反其道之，决定做富商的情妇的故事。
HiPP,HiPP,喜宝奶粉来自德国，是德国婴幼儿食品第一品牌，全球最大的有机食品生产商，几乎每个德国小朋友都是吃着喜宝的产品长大的。英文名称是HIPP，经欧盟认证，100%纯天然及有机的保证，单纯保留食材最原始的味道，口感自然味道极佳，让宝宝摄取最天然的营养而不会造成肠胃道的负担，绝无任何人工添加香料、色素及化学成份的营养素，100%纯天然、营养的食物就像您给宝宝满满的爱与呵护。
佳贝艾特,佳贝艾特,佳贝艾特由英文品牌kabrita音译，属于海普诺凯乳业集团，旗下主要的产品有新鲜羊奶、羊酸奶、羊乳酪、婴幼儿配方羊奶粉、妈妈羊奶粉。是世界上较早推出的婴幼儿羊奶粉的品牌。佳贝艾特在婴幼儿营养研究是羊乳产品开发中，拥有自1897年超过100多年的经验。佳贝艾特的产品的业务遍及世界上65个国家和地区 ，覆盖欧洲、中国、越南、北美、俄罗斯、中亚等全球大部分地区。 
可瑞康,可瑞康,Karicare是全球母婴营养专家Nutricia旗下著名婴幼儿奶粉品牌。Karicare起源于1896年，由TrubyKing博士开发的，他最早开发这个产品的动力是“帮助辛劳的妈妈，保护可爱的宝宝”。经过百年发展，Karicare现已成为新西兰和澳大利亚市场领导品牌，是新西兰和澳大利亚妈妈们的首选品牌，尤以Karicare金装系列最受消费者青睐。Karicare金装系列婴幼儿配方奶粉，适合0-3岁宝宝。特含先进的科学营养配方，为宝宝每个成长阶段提供最佳的营养支持。
karicare,可瑞康,Karicare是全球母婴营养专家Nutricia旗下著名婴幼儿奶粉品牌。Karicare起源于1896年，由TrubyKing博士开发的，他最早开发这个产品的动力是“帮助辛劳的妈妈，保护可爱的宝宝”。经过百年发展，Karicare现已成为新西兰和澳大利亚市场领导品牌，是新西兰和澳大利亚妈妈们的首选品牌，尤以Karicare金装系列最受消费者青睐。Karicare金装系列婴幼儿配方奶粉，适合0-3岁宝宝。特含先进的科学营养配方，为宝宝每个成长阶段提供最佳的营养支持。
完达山,黑龙江省完达山乳业股份有限公司,1963年王震将军在上海、北京调运750头奶牛，创办了八五一一农场奶牛示范场；1965年在王震将军的亲切关怀下，完达山乳品诞生了。1997年黑龙江农垦系统10家乳制品生产厂整合组建了完达山企业集团乳品有限公司，2001年6月转制为完达山乳业股份有限公司。从2000年起，完达山乳业连续多年被国家八部委认定为全国农业产业化重点龙头企业。完达山乳业股份有限公司系北大荒集团控股公司，现拥有资产总额32亿元，下辖22家分、子公司，员工近20000名。年加工鲜奶能力100余万吨，可生产奶粉、液态奶、饮料、豆制品、米麦制品及保健食品等11大系列220个品种，销售网络遍及全国，其中原料粉远销东南亚和非洲。从1963年建立首个奶源基地——8511农场奶牛示范场至今，完达山已有近半个世纪的发展历史。
wondersun,wondersun,黑龙江省完达山乳业股份有限公司拥有4家控股公司，14家分公司，38条乳品生产线，10条豆粉、米粉等生产线，可生产乳制品、豆制品、保健品、饮料、麦片、矿泉水、等六大系列70多个品种的产品，日处理鲜奶能力达1000吨以上。
牛栏,牛栏,1，指牛棚旁边或四周的围栏2，防止牛通过的栏栅，一边用护栏挡住，其他几边是二、三英尺宽的隔离沟3，木棍纵横交错编成的遮栏，以用来圈养牛群，关牛的圈造句：爷爷王先之天天扫牛栏4，奶粉品牌
安满,安满,安满是新西兰乳制品巨头恒天然集团旗下的奶粉品牌，一直致力于女性及婴幼儿健康研究。在1994年，安满配方奶粉是由在恒天然位于新西兰的总部的营养学专家进行开发研究后诞生的。
圣元,圣元,圣元国际集团（SynutraInternationalInc)，前身为圣元营养食品有限公司，是国内首家在美国纳斯达克上市的母婴营养食品生产企业。公司始建于1998年，主要业务为配方奶粉、婴幼儿辅食等营养食品的研发、生产、销售、咨询和售后服务。集团以“专业关爱可信赖“为发展理念，致力于整合全球资源优化和改善母婴营养方案，在山东青岛和法国布列塔尼大区卡莱工业园建有工厂，旗下拥有优博、优聪、优强 、汇力多、我的天使等品牌产品线，市场占有率长年稳居TOP10。 
贝拉米,贝拉米,贝拉米，漫画《海贼王》的角色。来自北海，自称“新时代海贼”的海贼，贝拉米海贼团团长，从小崇拜着唐吉诃德·多弗朗明哥。最初唾弃“非现实”的浪漫与梦想，追求“现实”的即时享乐，在被路飞初次击败后，信念产生了改变，不知不觉中对路飞心生崇拜。海贼船名为“新·维奇·贝娄号”，从船头到船帆上都点缀着贝拉米的首领“王下七武海”之一的唐吉诃德·多弗朗明哥的海贼旗标志。
雅士利,雅士利,雅士利涂料(苏州)有限公司是立时集团设立的外商独资企业。立时(NIPSEA)集团是东南亚立邦漆的简称(NipponPaintSoutheastAsia)。公司引进国际一流的技术设备，专业生产和销售“雅士利”、“美佳室”品牌高级环保乳胶漆和聚酯漆产品。
纽康特,纽康特,纽康特®（Neocate®）是一种专门为牛奶蛋白过敏和多种食物蛋白过敏（如对大豆、鱼类，蛋类和坚果类过敏）的婴幼儿设计的游离氨基酸配方粉。游离氨基酸配方粉也称为“无敏配方”，其所含的成分不会引起任何过敏的可能主要适用于牛奶过敏或多种食物蛋白过敏的饮食治疗。
荷兰美素,荷兰美素,荷兰皇家菲仕兰公司(RoyalFrieslandCampinaN.V.)创建于1871年，迄今已有140多年的历史，规模高达103亿欧元，是全球最大的五家乳制品公司之一。借助荷兰卓越的农牧业科技水平和无可比拟的奶质，皇家菲仕兰坎皮纳生产的牛奶、配方奶、奶酪、黄油等乳制品及乳品原料在全球100多个国家赢得了非常高的声誉。 公司拥有专属绿色牧场，培育荷兰纯种荷斯坦奶牛，鲜奶到罐装1次完成。天然营养小分子，宝宝吃了不上火不便秘。
Hero Baby,Hero baby,HeroBaby 天赋力品牌隶属于玺乐集团。玺乐集团来自瑞士，时至今日已经拥有128年的历史，足迹遍布全球，是欧洲最大的食品集团之一，也是欧洲最主要的婴幼儿食品生产商之一。集团旗下的一些出名婴幼儿食品品牌在婴幼儿营养食品的领域里也拥有100年的经验累积。以"今天的营养，明天的健康”为理念和策略，玺乐集团旨在提供更安全、更天然、营养更均衡的婴幼儿食品。2014年7月，HeroBaby天赋力登陆中国。HeroBaby天赋力婴幼儿配方奶粉，臻选最优质瑞士奶源，100%瑞士原装进口，以符合中国宝宝膳食需求。HeroBaby婴幼儿配方奶粉中文名为"天赋力”，不仅表达了"天赋母爱”，自然赋予妈妈对宝宝发自内心的爱护、保护与呵护；亦在表达宝宝是"天赋的礼物”，是爱的结晶。 
美素,美素,美素MAYSU，源自上海，源自内心对中国现代女性的赞美。2001年从专业美容开始，在护肤、彩妆、香氛领域全方位聆听中国女性心声，发现东方花园十种传奇花与籽的再生奥秘，融合东方美学与世界尖端科技，全面满足25-40岁女性对美的需求。 
澳优,澳优乳业股份有限公司,澳优乳业股份有限公司（01717.HK），是在香港主板上市的专业高端乳品、食品公司，旗下有澳优乳业（中国）有限公司、澳优海普诺凯（荷兰）乳业公司（AusnutriaHyprocaB.V.），在全球范围内从事生产、研究及销售婴幼儿配方奶粉、成人食品、基粉、奶酪、黄油等，业务范围现已全面涵盖B2B、B2C领域，包括自有品牌生产、销售和为全球知名乳品品牌加工生产。同时，自有品牌的全球销售网络与国内销售网络相辅相成，旗下的Kabrita品牌奶粉畅销中国、美国、荷兰、德国、意大利、俄罗斯、阿联酋等40多个国家和地区，能力多、海普诺凯1897、美优高 、美纳多品牌全面覆盖中国高、中、低端奶粉市场。澳优已经成为一个在全球拥有完善的从收奶、生产到市场终端销售的产业链条，并在中国、北美、欧洲、俄罗斯、中东等地拥有销售服务网络的国际乳业公司。 
三元,三元,三元是中国传统节日，上元节﹑中元节﹑下元节的合称。三元节为农历正月十五、七月十五与十月十五，故“元”是农历十五的意思。三元又是解元、会元、状元的合称。在道教教义中原指宇宙生成的本原和道教经典产生的源流，隋唐以后又衍化为道教神仙和道教主要节日的名称，延续至今。三元还有《命理三元》；《命名三元》《词意》等。
关山,关山,关山（ShanKwan，1933年4月20日-2012年10月1日），原名关铁骑、关伯威，满族镶蓝旗人。辽宁沈阳人，1960年代最红的国语电影男演员之一，也是著名影星关之琳的父亲，以演文艺片最为出色。 1957年，参演电影《阿Q正传》。1961年，加盟邵氏电影公司。1962年，越剧电影《红楼梦》。1967年，出演电影《烽火万里情》、《垂死天鹅》。1972年，创办关氏影业公司，制作《唐人客》等片，并自任导演。1979年，参演电视剧集《天龙诀》。1986年，出演电影《梦中人》。1991年，在电影《鬼干部》中饰演雷复鸣。1994年，出演电影《七金刚》。代表作品有：《阿Q正传》《不了情》《蓝与黑》《珊珊》《烽火万里情》等。2012年10月1日，关山在香港离世，享年79岁 。
Care,care,名词n.看护；保护
艾尔,艾尔,在异虫虫群入侵之前，艾尔是一颗有着纯净海洋、茂密丛林和繁荣城市的绿色行星。艾尔的大气中含有中等水平的温室气体，星球的轨道离心率较低，如此产生的湿热气候孕育了众多的生命。数以亿万年来，在艾尔湿热的雨林中诞生了无数的物种，星灵则是其中的佼佼者。
Similac,Similac,Similac是一个奶粉品牌，在三亿人口的美国，Similac85年始终保持销量领先，成为美国专家推荐以及美国妈妈首选品牌。
纽贝滋,纽贝滋,纽贝滋是专业从事婴幼儿营养品开发、生产与销售的乳品公司。以澳大利亚优质奶源为原料，采用国际化的工艺流程。先后研发出了金装、金钻系列产品，纽贝滋剖安素系类产品，以及羊奶粉系列产品。从奶源的选择、产品研研发、生产到售后服务，纽贝滋一切都努力追求最好，运用先进的营销方法、丰富的国际资源。多元化的销售平台，助推纽贝滋新一轮发展，真正实现产品的国际化。
多美滋,多美滋,多美滋品牌属于达能集团，婴幼儿营养食品是达能集团重要业务之一。旗下著名品牌有Nutrilon，Cow&GateMulipa等，是世界上较早推出婴幼儿配方奶粉的品牌，在婴幼儿营养的研究和产品开发中，拥有超过100多年的经验。达能的业务遍及世界120个国家，尤其在欧洲，已成为婴幼儿营养品市场的领导者。
Hipp,HiPP,喜宝奶粉来自德国，是德国婴幼儿食品第一品牌，全球最大的有机食品生产商，几乎每个德国小朋友都是吃着喜宝的产品长大的。英文名称是HIPP，经欧盟认证，100%纯天然及有机的保证，单纯保留食材最原始的味道，口感自然味道极佳，让宝宝摄取最天然的营养而不会造成肠胃道的负担，绝无任何人工添加香料、色素及化学成份的营养素，100%纯天然、营养的食物就像您给宝宝满满的爱与呵护。
麦蔻,麦蔻,麦蔻，全称麦蔻婴幼儿配方奶粉，是丹麦唯一一家由丹麦政府基金（IFU）投资的乳品品牌，由蜜儿乐儿乳业（上海）有限公司引进，经丹麦王国认证，直接原罐原装进口到中国，为中国妈妈带来世界最高食品安全标准的可靠品质。
abbott,雅培,雅培是一家全球性、多元化医疗保健公司，已有100多年的发展历史，在全球约有7.3万名员工，业务遍及150多个国家和地区。1988年以来，雅培在中国持续经营，现在已经深深扎根于中国。 
Arla,Arla,ARLA，是丹麦ARLA乳品公司简称。是丹麦MDFoods和瑞典ARLA两家乳品合作社企业于2000年4月17日正式合并而成，是欧洲最大的乳品集团，成立于1863年，总部位于哥本哈根，也是全球最大的有机乳品生产商，称之为丹麦奶的代表。有会员农民约14909户，丹麦7921户，瑞典6988户。年加工牛奶71亿公斤，分别为：丹麦40亿公斤、瑞典22亿公斤、英国9亿公斤。
S26,S26,审定编号：蒙审葵2011003号品种名称：S26申请单位：北京德农种业有限公司赤峰分公司选育单位：安地国际种业有限公司
卡洛塔妮,卡洛塔妮,卡洛塔妮(Karihome)原自新西兰原文Karitane为新西兰非常著名的婴幼儿及父母育儿及营养咨询中心，全产品系列从新西兰DGC(DairyGoatCo-operative)原厂进口到亚太地区台湾、香港、新加坡、马来西亚和中国的产品改成Karihome意思是Carehome以照顾幼儿及全家人的健康作为概念，引进由新西兰原装原罐进口的婴幼儿及成人营养产品
karihome,卡洛塔妮,卡洛塔妮(Karihome)原自新西兰原文Karitane为新西兰非常著名的婴幼儿及父母育儿及营养咨询中心，全产品系列从新西兰DGC(DairyGoatCo-operative)原厂进口到亚太地区台湾、香港、新加坡、马来西亚和中国的产品改成Karihome意思是Carehome以照顾幼儿及全家人的健康作为概念，引进由新西兰原装原罐进口的婴幼儿及成人营养产品
咔哇熊,咔哇熊,新西兰咔哇熊乳业（CowalaDairyCo.LTD）坐落于新西兰最大的城市--奥克兰，拥有实力雄厚的生物营养研发团队及世界领先的独立实验室，集产品研发、质量检验与控制及服务于一体。咔哇熊（Cowala）秉承“自然营养科研领先”的原则，专注于母婴营养健康（婴幼儿奶粉、特殊配方奶粉、母婴营养品等）食品开发与生产。以先进的研发经验改善天然营养功效，提高人体亲和力，加强吸收效果，为母婴的安全、健康提供源动力。咔哇熊于2014年9月被中国恒大集团收购。 
arla,Arla,ARLA，是丹麦ARLA乳品公司简称。是丹麦MDFoods和瑞典ARLA两家乳品合作社企业于2000年4月17日正式合并而成，是欧洲最大的乳品集团，成立于1863年，总部位于哥本哈根，也是全球最大的有机乳品生产商，称之为丹麦奶的代表。有会员农民约14909户，丹麦7921户，瑞典6988户。年加工牛奶71亿公斤，分别为：丹麦40亿公斤、瑞典22亿公斤、英国9亿公斤。
森宝,森宝,森宝 （SENBAO)格林沃尔旗下品牌，在格林沃尔以年轻的形象延续着摘取世界植物型化妆品皇冠的使命，延续着传播东方的使命。格林沃尔创建第二大宝——“森宝”。 
御宝,御宝,御宝生产企业创建于1985年，1993年经过全面改造成陕西首家公司制乳品企业。西安百跃乳业有限公司是一个有长期从事羊乳制品生产历史的企业，工厂座落在陕西奶山羊基地的正中，为800里秦川天然牧场，非常适合山羊放养，代孕工厂所在地阎良武屯镇，为关中"萨能"奶山羊最佳牧场之一，周围100公里无任何工业污染。天然纯净的代孕平原草地，成就“关中羊奶”的优异品质。
YB,Yb,Yb有多种含义，如化学元素镱，计算机硬盘容量单位，中华人民共和国黑色冶金行业标准，QQ宠物中翻译等。
蒙牛,蒙牛,蒙牛乳业（集团）股份有限公司成立于1999年8月，总部设在内蒙古自治区呼和浩特市和林格尔县盛乐经济园区，是国家农业产业化重点龙头企业、乳制品行业龙头企业。 蒙牛是中国领先的乳制品供应商，专注于研发生产适合国人健康的乳制品，全球乳业10强 。蒙牛乳业成立以来，已形成了拥有液态奶、冰淇淋、奶粉奶酪等多品的产品矩阵系列，拥有特仑苏、纯甄、优益C、未来星、冠益乳、酸酸乳等明星产品，为消费者的点滴幸福不断创新。截至目前，蒙牛已拥有近4万多名员工，在全国建立了33个生产基地58个工厂。2015年，蒙牛产能达868万吨，营业收入超490亿元。2009年7月，中国最大的粮油食品企业中粮集团入股蒙牛，成为蒙牛第一大股东。中粮的加入，推动了蒙牛“食品安全更趋国际化，战略资源配置更趋全球化，原料到产品更趋一体化”进程。 2017年7月12日，全球最大的专注于农业与食品相关产业的商业机构之一荷兰合作银行发布了2017年“全球乳业20强”榜单，蒙牛乳业凭借近年来亮眼的综合表现连续9年再度入榜，跃居榜单前10强，排名上升一位，再次刷新了蒙牛在全球乳业的排名成绩，迈入全球乳业的第一阵营。 2018年3月27日，蒙牛发布了2017年业绩报，总收入为人民币601.556亿元，比2016年的537.793亿元增长11.9%；净利润利润20.478亿元。 
羊羊100,羊羊100,羊羊100是指青岛瑞氏生物科技有限公司一家现代化的婴童产品运营企业。自2006年成立以来，公司一直坚持秉承“质量先行，厚积薄发”的质量理念，坚持“营养要加分，妈妈要满分”的营养理念，致力于打造以“羊羊100”为主品牌。羊羊100形成以婴唯爱、乳尊、五零牧场、羊羊羊、艾雷特、酷贝舒等为副品牌，集婴童营养品研发、销售、服务为一体的专业企业集群。
德运,德运,德运是一个汉语词语，意思是王朝的气数命运。
固力果,固力果,ICREO隶属格力高集团旗下，是美国和日本合作的品牌，综合日本和美国奶粉的优点。固力果在日本排名第一，也是最接近母乳的奶粉，不仅表现在矿物质和脂肪酸组织方面，而且在色、香、味等方面也跟母乳非常接近。ICREO奶粉成份含有主要5种的核甘酸、DHA、维生素K和β-carotene，增强宝宝免疫力，美国的权威儿科医生小组开发的”SMA牛奶”，经严格的质量控制下，极为接近母乳营养，是ICREO优质奶粉的优点。而且在日本大医院的妇产科都是选用ICREO牌子这个奶粉的，品质由此而知，固力果奶粉是目前日本市场最贵的奶粉。从1914年起~1940年，即大正天皇至昭和天皇时期，固力果一直为日本皇室提供牛奶（包括天皇家族成员），1940年因战争爆发而终止。所以，之后坊间也有人把这一品牌奶粉戏称为“贵族奶粉”。
ICREO,icreo,ICREO隶属glico格力高集团旗下，是一种奶粉。
玺乐,玺乐,给易烊千玺的生日歌《玺乐》愿他一生，平安玺乐
Hero,金在中,金在中（KimJaeJoong），原名“韩在俊”。1986年1月26日出生于韩国忠清南道公州市，是兼具歌手、演员、词曲制作人、设计师、舞台导演的多重身份艺人。2003年，作为东方神起成员出道成名，担任组合主唱。2009年，首次主演爱情片《天国的邮递员》 。同年孑然一身退出原组合，但是遭到韩国和日本原经纪公司联手封杀。2010年，以JYJ成员身份活动，并且参演日剧《无法坦诚相对》 。2011年，参演爱情剧《守护BOSS》，获得SBS演技大赏最佳新人奖 。2012年，全面展开个人SOLO活动。8月参演古装剧《仁医》，并且演唱的主题曲获得第8届首尔国际电视节最佳OST奖 。11月主演喜剧片《胡狼来了》 。2013年，1月发行首张个人迷你专辑《I》及后续专辑《Y》 。4月自创箱包品牌MOLDIR 。10月发行首张个人正规专辑《WWW》 。该年两轮亚洲巡演总共动员23万人次，并且以34万张的销量成为了年度SOLO歌手第一名 。2014年，1月发行后续专辑《WWW卸妆》 。5月主演亲情剧《Triangle》，获得第7届韩国电视剧节男子最佳演技奖 。2015年，1月主演谍战剧《SPY》 。3月以陆军现役参军入伍 。2016年，2月发行正规二辑《NO.X》 。12月正式退伍 。2017年，1月获得第31届韩国金唱片大赏亚洲人气奖 。8月主演爱情剧《Manhole》 。12月获得第7届韩国韩流大奖大众文化大奖。2018年，6月发行首张日本单曲《Sign/YourLove》 。演艺事业外还热衷于公益慈善，不仅多次向慈善机构捐赠善款和物品，还担任众多形象宣传大使。
美可卓,美可卓,
阿拉,安拉,安拉（Allāh），是伊斯兰教经典《古兰经》中宇宙最高的独一实在、应受崇拜的主宰名称。音译：安拉胡（俗称：安拉）。通用中文的穆斯林因唯一真实的主宰而称为真主，早期经文翻译以“至仁主”最常用。通用突厥语，波斯语和乌尔都语的穆斯林称为胡达（自有者）。真主是全世界穆斯林崇拜的唯一主宰，被认为是创造宇宙万物并且是养育全世界的，今世派遣众多先知向人类传达真理、后世进行公平清算的主宰。
ARLA,Arla,ARLA，是丹麦ARLA乳品公司简称。是丹麦MDFoods和瑞典ARLA两家乳品合作社企业于2000年4月17日正式合并而成，是欧洲最大的乳品集团，成立于1863年，总部位于哥本哈根，也是全球最大的有机乳品生产商，称之为丹麦奶的代表。有会员农民约14909户，丹麦7921户，瑞典6988户。年加工牛奶71亿公斤，分别为：丹麦40亿公斤、瑞典22亿公斤、英国9亿公斤。
爱氏晨曦,爱氏晨曦,丹麦ArlaFoods（爱氏晨曦），成立于1863年的ArlaFoods，是欧洲最大、成立时间最长的乳品企业，也是全球最大的有机乳品供应商。它在全球拥有两万多名员工、超过200名研发专家，产品销往世界100多个国家，2011年营业收入为550亿丹麦克朗（合93.2亿美元），在全球乳业排名第五位。
伴宝乐,伴宝乐,“伴宝乐”Babybio(Babynat)是法国创机然公司Vitagermine的一个高端有机婴儿乳制品和有机辅食的品牌，是法国第一个有机婴幼儿食品品牌，是一个具有丰富经验和悠久历史的有机食品领导者，热衷于在全球传递婴儿有机理念，提倡有机从娃娃抓起（OrganicfromInfancy）。
babybio,BABYBIO,Babybio是法国创机然公司Vitagermine的一个高端有机婴儿乳制品和有机辅食的品牌，是法国第一个有机婴幼儿食品品牌，是一个具有丰富经验和悠久历史的有机食品领导者，热衷于在全球传递婴儿有机理念，提倡有机从娃娃抓起（OrganicfromInfancy）。在1996年的SAIL进口食品展，伴宝乐奠定了欧洲第一款有机奶粉的席位。伴宝乐这个高端有机的小众品牌，开始受到全球越来越多推崇健康理念的人的关注。他们也愿意为下一代，选择最好的！
美庐,美庐,美庐位于江西省九江市庐山风景区内，是庐山所特有的一处著名的人文景观，它展示了风云变幻的中国现代史的一个侧面。“美庐”曾作为蒋介石的夏都官邸，“主席行辕”，是当年“第一夫人”宋美龄生活的“美的房子”。美庐演化出的历史轨迹与世纪风云紧密相联，它曾是一处“禁苑”，日夜被包裹在漂浮的烟云中，令人神往，又令人困惑。如今“美庐”敞开它的真面目，以它独有的风姿和魅力，吸引着众多的海内外的游人。
贝唯他,贝唯他,贝唯他(Bebivita)品牌始于1994年，德国婴幼儿食品市场三大品牌之一、德国母婴民生品牌、德国HiPP集团旗下品牌。 是针对年轻一代爸爸妈妈设计生产的婴幼儿配方奶粉、婴儿米粉。他们热情不乏理性，对名牌、优质认同，但又不会对品牌盲目追随，这样的年轻父母很快发现并认同了贝唯他，很快有越来越多的年轻妈妈们用贝唯他的产品来喂养她们的宝宝，所以贝唯他在德国传递的是年轻的、活力的、欢乐的、亲切的、热情的信息。 
每日,每日,词语词语信息【词目】每日【拼音】měirì【释义】每天，天天。详细解释1、每天，天天。EveryDay每日品牌设计机构（全名）公司总部建立在江苏省苏州市，子分公司位于江苏省太仓市。每日品牌设计是一家专项化、产业化、数字化的整合性品牌管理方案供应商，通过创建一个包括品牌识别指导原则、形象、附属品和音频、视频及广告格式的网站等，提供全面管理品牌的工具专辑《每日》专辑中文名：每日歌手：罗思容发行时间：2007年地区：台湾语言：客家话专辑介绍：《每日》专辑集结了罗思容四年多来的创作。她以女性的角度观看社会、文化、自然与人的关系，从中萃取具备诗的质地的语言与声线，是现今台湾客家新音乐浪潮中难得一见的女性歌者/创作者。
明一,明一,明一，是一家富有社会责任感的国际型企业，始终秉承“一切为了孩子”理念，专注母婴营养健康事业，拥有国际领先核心科技实力，深受妈妈们的信赖，是智慧妈妈的用心选择！
NUTRILON,诺优能,诺优能是荷兰婴幼儿奶粉的领先品牌，沿承NUTRICIA纽迪希亚科研中心在婴幼儿营养领域100多年的研究成果。在荷兰婴幼儿奶粉市场占有率超过70%。中国官方销售的Nutrilon诺优能奶粉(荷兰牛栏)100%荷兰原装原罐进口绝无二次分装，应用100%乳糖配方设计，为宝宝提供专业早期营养，建立长远健康基础。
明治,明治大学,明治大学（MeijiUniversity），简称明大，是本部设在东京都千代田区的日本著名私立大学 ，前身为曾留学法国的岸本辰雄宫城浩蔵矢代操于1881年1月17日设立的明治法律学校。明治大学以“权力自由”、“独立自治”为基本理念，迄今为止已向社会输送了超过50万名的毕业生，为日本的发展做出了巨大贡献。 明治大学是日本极富盛名的一流难关私立大学，东京都内五大名门学府“MARCH”之一（分别为M明治大学、A青山学院大学、R立教大学、C中央大学和H法政大学），日本文部科学省选定的“超级国际化大学计划”大学之一，在日本国内享有极高的声誉。明大常年稳居日本私立大学TOP5， 与东京大学、庆应义塾大学、早稻田大学、立教大学、法政大学共同组成了“东京六大学”。作为一座文科一流的大学，明治大学的法学部、政治经济学部与商学部是其看板学部，偏差值处于日本大学排名的顶端。此外，明治大学培养出2位内阁总理大臣——三木武夫（第66任）和村山富市（第81任）。现在有15名毕业生担任国会议员（参议院、众议院）。明治大学的毕业生校友群广泛，其中不乏著名的政治家以及财经界的人才。中国著名领导人周恩来总理亦曾在该校政治经济科（现政治经济学部）求学。在日本RecruitMarketingPartners发布的大学品牌排行榜“升学”品牌力调查2016”中，明治大学连续8年位列关东地区高中生想报考的大学中首位。在2016年日本大学就职力排行中，明治大学排名第2，仅次于早稻田大学。
努卡,努卡,努卡是动画电影《狮子王2》中的角色。
hero baby,Hero baby,HeroBaby 天赋力品牌隶属于玺乐集团。玺乐集团来自瑞士，时至今日已经拥有128年的历史，足迹遍布全球，是欧洲最大的食品集团之一，也是欧洲最主要的婴幼儿食品生产商之一。集团旗下的一些出名婴幼儿食品品牌在婴幼儿营养食品的领域里也拥有100年的经验累积。以"今天的营养，明天的健康”为理念和策略，玺乐集团旨在提供更安全、更天然、营养更均衡的婴幼儿食品。2014年7月，HeroBaby天赋力登陆中国。HeroBaby天赋力婴幼儿配方奶粉，臻选最优质瑞士奶源，100%瑞士原装进口，以符合中国宝宝膳食需求。HeroBaby婴幼儿配方奶粉中文名为"天赋力”，不仅表达了"天赋母爱”，自然赋予妈妈对宝宝发自内心的爱护、保护与呵护；亦在表达宝宝是"天赋的礼物”，是爱的结晶。 
花园,花园,花园（英文名：garden）指种植花木供游玩休息的场所，旧时原用于命名园林建筑，如巴比伦空中花园 。现在花园多用于称谓开放性的公园或别墅的私人花园。由于花园兼有私密性和公共性的特点，花园一词也常用于楼盘、住宅小区的命名，如万科花园、骏景花园等。
燎原,燎原,电影名，上海电影制片厂摄制于1962年，讲述受压迫的煤矿工人反抗的故事；其主要情节为：晚清1905年，赣西煤矿工人要求发清欠响，矿工用“议事”为名将领头的肖昌定骗杀。中国共产党成立后，雷焕觉来江西办起了工人夜校，领导工人斗争。一次矿井由于通风巷失修引起瓦斯爆炸，矿上竟惨无人道勒令封井。公司老板吴晓岚又假意请雷焕觉谈判，想暗杀他镇压罢工。但工人已觉醒，赣西铁路局矿务局一万多人包围公事房揭穿了吴晓岚的诡计，迫使他谈判，罢工取得了最后的胜利。
美羚,美羚,美羚 属于陕西红星美羚乳业股份有限公司 2012年03月16日 申请注册的一个商标，申请地址位于富平县城关镇望湖路52号 。陕西红星美羚成立于1978年，前身为淡村红星奶粉厂，1997年股份制改造成立陕西省红星美羚乳业有限公司，是目前国内首家登录资本市场的羊乳制品企业，挂牌后将成为“国内羊乳制品第一股”。红星美羚成为我国首家上市的羊乳企业，标志着羊乳企业在资本市场迈出了第一步。美羚从始至终都坚持用优质的羊奶回馈广大消费者的理念，美羚贯彻以人为本的核心价值观，从源头到上架，每一步都精益求精！
海普诺凯1897,海普诺凯1897,海普诺凯1897婴幼儿配方奶粉，荷兰百年乳企hyproca公司出品、承袭百年制奶工艺及骄傲，始终坚持可信赖的原奶地原罐出品。产品只采用荷斯坦功勋"母亲牛"一脉纯正奶源，特有氨基酸、OPO优化配方，经权威医学验证，解开母乳蛋白完美吸收的奥秘。
Earth's Best,Earth's Best,Earth'sBest品牌生产多款含有机成分的零食，米粉和其他产品。Earth'sBes品牌产品使用的水果，蔬菜和其他成分，天然有机，在种植时严格要求无农药无除草剂使用。
辉山,辉山,辉山（Agavevictoriae-reginae‘Kizan’）是天门冬科龙舌兰属的多年生常绿植物，多肉植物。是鬼脚掌的锦斑变异（覆轮锦）形态。喜阳光充足和温暖、干燥的环境，耐干旱，稍耐半阴，怕积水。
满趣健,满趣健,满趣健 商标由满趣健公司申请注册品牌。国际分类号（ 第8类） 。
Munchkin,Munchkin,Munchkin，演员，主要作品有1984年上映的《街头浪子》。
澳佳宝,Blackmores,Blackmores，又名澳佳宝。是澳大利亚的保健品品牌。提供一系列高品质的维生素、矿物质、草药以及营养补充品。澳佳宝成立于1930年，已经有近87年历史。经过87年努力，它已经成长为澳洲本土及全世界最被信任的生活科技健康食品公司。在1985年5月正式成为上市公司。目前拥有超过400名员工，总部设在澳大利亚悉尼。
Blackmores,Blackmores,Blackmores，又名澳佳宝。是澳大利亚的保健品品牌。提供一系列高品质的维生素、矿物质、草药以及营养补充品。澳佳宝成立于1930年，已经有近87年历史。经过87年努力，它已经成长为澳洲本土及全世界最被信任的生活科技健康食品公司。在1985年5月正式成为上市公司。目前拥有超过400名员工，总部设在澳大利亚悉尼。
爱达力,爱达力,法国索地雅(SODIAAL)集团旗下婴幼儿奶粉爱达力(Nactalia)是全球著名的婴幼儿奶粉品牌。由于中国消费者对食品安全，特别是对婴幼儿配方粉的要求也是日益提高，呼唤更安全，更天然的高端进口奶粉。爱达力(Nactalia)瞄准中国高端市场，以天然哺育生命的理念，将自己在法国，欧洲以及世界各地成功的经验与中国宝宝的需求完美结合，打造全新一代高端婴幼儿配方奶粉，爱达力(Nactalia)为中国宝宝提供最佳的呵护与关爱，伴随宝宝一起成长。法国爱达力正式登陆中国市场，预示着中国婴幼儿奶粉行业迎来第三次革命。
NAN,nan,NaN，是NotaNumber的缩写，在IEEE浮点数算术标准（IEEE754）中定义，表示一些特殊数值（无穷与非数值（NaN）），为许多CPU与浮点运算器所采用。
爱瑞嘉,爱瑞嘉,爱瑞嘉（akara）奶源地位于新西兰的坎特伯雷地区，与9万多头快乐奶牛，150多名新西兰牧场主，以及来自全球的营养学家一起，以严苛的60多项检测标准，带给宝宝看见的安心。
Holle,holle,瑞士Holle是全球最早生产有机奶粉公司之一，从1933年成立至今，已有八十年历史。Holle婴幼儿食品有限公司（HolleBabyFoodGmbH)始终致力于婴幼儿有机食品领域的研究和生产，是全球天然有机婴幼儿食品生产的领导者。
泓乐,泓乐,1933年瑞士Holle有机婴儿食品公司创建，主营生产有机婴儿食品生产。
特福芬,特福芬,德国特福芬公司（GermanyTopferCompany)位于德国南部风景如画的阿尔卑斯山脚下，它创建于1911年，是德国最早从事婴儿食品研究生产的企业之一；1989年，特福芬公司研制出婴儿有机奶粉，成为欧洲最早生产有机奶粉的企业之一。凭借近百年的研发制造经验，以及众多的技术专利，如今的特福芬已拥有了有机奶粉、有机婴儿、有机护肤品、有机饮料、保健食品、药品等针对母婴领域的产品系列，是德国母婴领域当之无愧的旗舰。
Topfer,topfer,德国特福芬topfer公司（GermanyTopferCompany)位于德国南部风景如画的阿尔卑斯山脚下，它创建于1911年，是德国最早从事婴儿食品研究生产的企业之一；1989年，特福芬公司研制出婴儿有机奶粉，成为欧洲最早生产有机奶粉的企业之一。凭借近百年的研发制造经验，以及众多的技术专利，如今的特福芬已拥有了有机奶粉、有机婴儿服饰、有机护肤品、有机饮料、保健食品、药品等针对母婴领域的产品系列，是德国母婴领域当之无愧的旗舰。
英氏,英氏,英氏是国内知名的婴幼儿食品品牌，旗下产品包括婴幼儿配方奶粉、婴幼儿米粉及清清葆、面条、肉酥、葡萄糖、饼干等多种营养食品。英氏销售网络遍及中国大陆30多个省、市、自治区。英氏以“精致营养”为理念，提供均衡全面的营养补充，为中国宝宝专属定制奶粉，将品质、可全程透明追溯的英氏Smile婴幼儿配方奶粉带给中国宝宝，帮助宝宝健康快乐成长。
高培,高培,高培，清朝收藏家、书画家。
南山,南山,深圳的南山位于南山区的南山公园内。南山郊野公园（南山公园）与小南山连在一起，南山郊野公园（南山公园）约321M，小南山约150M。登山远望，内外伶仃岛若隐若现，美不胜收。
喜安智,喜安智,喜安智婴幼儿奶粉品牌。采用新西兰优质奶源。目前海王baby婴幼儿食品在全国推广的产品涵盖婴幼儿基础营养和强化营养食品共有4大系列26个品种分别为金装喜安智婴幼儿配方奶粉系列、牛初乳系列、婴幼儿强化营养系列和婴幼儿营养米粉系列。海王集团凭借16年的婴幼儿营养品制造和营销经验于2006年从韩国原装进口产品从2007年初起以喜安智品牌在中国大陆市场开展推广。
宾博,宾博,宾博是中非共和国第二大城市，也是翁贝拉－姆波科省的首府，位于该国西南部。
沃尔玛,沃尔玛百货有限公司,沃尔玛百货有限公司，即沃尔玛公司（WalMartInc.）（NYSE：WMT），是一家美国的世界性连锁企业，以营业额计算为全球最大的公司，其控股人为沃尔顿家族。总部位于美国阿肯色州的本顿维尔。沃尔玛主要涉足零售业，是世界上雇员最多的企业，连续4年在美国《财富》杂志世界500强企业中居首位。沃尔玛公司有8500家门店，分布于全球15个国家。沃尔玛在美国50个州和波多黎各运营。沃尔玛主要有沃尔玛购物广场、山姆会员店、沃尔玛商店、沃尔玛社区店等四种营业方式。2013年11月25日，任命国际业务部主管董明伦（DougMcMillon）接任杜克（MikeDuke）为沃尔玛总裁兼首席执行官，该任命从2014年2月1日起正式生效。 2014年12月11日，海外媒体称沃尔玛将关闭约30%的中国门店。沃尔玛12月2日对中国区管理层以重组进行了裁员。 2014年12月沃尔玛非常重视对其公司不当行为的指控。 2016年6月29日，沃尔玛表示将向美国所有消费者开放两日达免费送货服务，这是沃尔玛在这一服务上的再一次拓展。 北京时间2016年7月20日晚与全球同步发布了最新的《财富》世界500强排行榜 。2017年6月7日发布的2017年《财富》美国500强排行榜，沃尔玛连续第五年蝉联榜首。2017年7月20日发布的《财富》世界500强排行榜，沃尔玛连续四年排名第一位。 
康维多,康维多,康维多（primavita）是荷兰著名乳品企业TriscomB.V.旗下知名婴幼儿奶粉品牌，在荷兰享有“优质婴幼儿基础阶段奶粉”的优秀口碑，一直位于荷兰地区销售最好的前6名婴幼儿奶粉之列，2004年获得“荷兰婴幼儿食品消费者信任品牌”荣誉证书。“primavita”翻译成中文是“优质生命”。
Primavita,primavita,
施恩,圣殇,《圣殇》是由金基德编导，李廷镇、赵敏秀领衔主演的剧情片。影片讲述了以追讨高利贷为生的李江道在某天突然遇到了一个声称是他生母的女人，渴望亲情的江道在半信半疑之下和这个女人开始了一段特殊的“母子关系”，却不知道，一场阴谋正等待着他的故事。该片于2012年9月6日在韩国上映。 
牛奶客,牛奶客,牛奶客EURLATE隶属欧洲最大乳品企业之一的荷兰Hyproca集团，总部位于荷兰Almelo镇公司具备集奶源、生产、加工、制作于一体的完整供应链。
Neolac,Neolac,NEOLAC婴幼儿配方奶粉是荷兰著名乳企NeolacNutritionB.V.在1997年荣誉出品的高端婴幼儿配方奶粉，从奶源、生产到罐装100%在荷兰完成，以网络为渠道，直供全球消费者。NEOLAC选用荷兰纯天然牧场的高品质奶源，在荷兰Hyproca百年工厂生产加工，产品通过荷兰奶酪局（COKZ）、欧盟HACCP、国际ISO22000标准认证。2012年，NEOLAC进入中国市场，通过新型网络渠道直供中国消费者。
美纳多,美纳多,日前，澳优奶粉正式提出美纳多品牌主攻三、四线市场，“旨在率先将进口奶粉在全国范围内推广，包括经营更广阔的三、四线市场，从而进一步占领市场腹地，增强澳优的竞争能力。”澳优乳业(中国)有限公司副总裁及美纳多事业部总监屈治劭在接受记者采访时说道
悠蓝,悠蓝,悠蓝为海普诺凯生物科技有限公司的品牌注册商标，悠蓝中国商标申请于2016年01月11日，2017年02月13日在国家商标总局注册成功。
纽太特,纽太特,
安佳,安佳,安佳，全球知名乳制品品牌。1886年诞生于新西兰，产品热销全球70多个国家和地区，深受万千消费者的青睐。
Anchor,安佳,安佳，全球知名乳制品品牌。1886年诞生于新西兰，产品热销全球70多个国家和地区，深受万千消费者的青睐。
人之初,人之初,《人之初》是2010年未来出版社出版的图书，作者是意林杂志社。主要讲述童年是一生最美的阶段，那时的孩子是一朵花，也是一颗种子，是一片朦朦胧胧的聪明，一种永远不息的活动，一股强烈的欲望。
红星,红星,红星是一种品牌奶粉，始于1952年。上世纪50-80年代，“红星”牌奶粉被国家指定为军需奶粉，出口欧、亚、非等十多个国家和地区，被誉为中国乳品业的摇篮。
欢恩宝,欢恩宝,欢恩宝系列产品是由欢恩宝乳业根据中国婴幼儿及孕产妇的特点进行研发和生产的，其系列产品包含羊奶粉、牛奶粉、幼童奶粉、妈妈奶粉等多种类型，适用于各年龄层、各种体质的婴幼儿及孕产妇。欢恩宝始终坚持“天然优质，专业诚信”的经营理念，始终致力于为中国宝宝和妈妈提供更专业、更专心、更优质的产品及服务，关爱每个宝宝的欢乐成长。
纽瑞滋,纽瑞滋,纽瑞滋乳品有限公司在中国是一家只做100%新西兰原装进口系列健康产品的专业公司。纽瑞滋集健康营养食品的研发、生产、销售、服务于一体。长期以来，产品在业内享有盛名，品质精尊、安全可靠，性价比高。现有牛初乳各类产品系列，鱼油乳钙孕妇DHA儿童DHA系列，即将推出新西兰原装进口的婴幼儿配方奶粉系列，为更多的中国妈妈带来放心和高性价比的产品。
迈高,迈高,澳大利亚迈高公司位于维多利亚州——全澳最大的产奶区，南纬37°，迈高选用优质牧场，绿色天然，其奶牛天然放牧，乳品加工技术世界领先。迈高乳业公司现已发展为澳大利亚最大的乳制品生产商，世界乳制品市场第二大供应商。其产品出口全球100多个国家，出口量占全球乳品贸易的8%。在墨尔本港口，MG是最大的出口商，每年迈高的集装箱使用量超过25000多个。
太子乐,太子乐,哈尔滨太子乐乳业有限公司，位于三十年代著名左翼女作家萧红的故乡——哈尔滨市呼兰境内。太子乐自建立以来，一直坚持“以人为本，科技为先，市场为导，诚信于民”的企业宗旨，以“安全健康，诚信服务”为质量方针，秉承“创新务实，开拓进取”的经营理念，依靠科技提高产品性能，依靠质量赢得顾客信赖，依靠诚信扩大市场份额，依靠务实的工作作风发展和壮大企业。 
旗帜,旗帜,旗帜（Flag，banner），也叫“旌旗”。泛指悬挂在杆上、具有特定的颜色、图案的布。旗帜的“旗”指带有等列的水平线条的布条，是古代方国的国家标志物。“帜”字繁体从巾从戠，“戠”意为“图形”。故“帜”是带有较为复杂图案作为更详细的区别符号的布条。在一面方国旗下，可以有多面“帜”，代表不同的军队单位（如上军、中军、下军等）。世界上最古老的旗是公元前500年的一面旗，它是从中国长沙一座王妃墓中发现的。
美林,美林,美林™由上海强生制药有限公司生产，主要产品有布洛芬混悬液和布洛芬混悬滴剂。布洛芬混悬液（100ml/30ml）：适用于1-12岁儿童，用于儿童普通感冒或流行感冒引起的发热。也用于缓解儿童轻至中度疼痛，如头痛、关节痛、偏头痛、牙痛、肌肉痛、神经痛。布洛芬混悬滴剂（15ml）：专为婴幼儿设计，用于婴幼儿的退热，缓解由于感冒、流感等引起的轻度头痛、咽痛及牙痛等。
赐多利,赐多利,赐多利生物乳品公司(SMBI)和专属牧场是由美国赐多利研发中心与新西兰国家乳酪局合作成立的。赐多利免疫奶粉对人体具有10大健康价值，提高、培养和改善宝宝自身主动免疫能力，预防呼吸、消化道感染、预防蛀牙、抗过敏、抗病毒、抗发炎等等提高宝宝生理系统的整体机能性。
和氏,和姓,和姓，纳西族第一大姓，古代纳西族四大支系“禾、束、叶、梅”之首“禾”的后裔，以族名“禾”为姓氏。 历史上和姓名人众多，包括和仲、和叔、和洽、和峤、和凝、和斌、和兆元等。当代和姓名人也极其众多，如中央电视台节目主持人和晶、和佳，原云南省省长和志强，作家和谷，和式太极拳研究会会长和有禄，体操运动员和雪梅，第一个把五星红旗插在南极极点的人和煜东等。
倍恩喜,倍恩喜,倍恩喜是在国家商标总局注册的婴幼儿配方羊奶粉品牌，已经注册成功，商标注册号是6937336。 
诗幼乐,诗幼乐,诗幼乐是一个婴幼儿配方奶粉的品牌，当前中国市场销售的产品为诗幼乐系列婴幼儿配方奶粉，包括：诗幼乐1段（0-6月）、诗幼乐2段(6-12月)和诗幼乐3段(1-3岁)。
优博,圣元优博,圣元优博是圣元营养研究院遵循仿生科学原理，深度研究中国母乳，精心设计出优博仿生配方，精选来自世界纯净牧场的优质奶源，富含58种营养素，均衡全面，60%的精华成分模拟母乳含量水平。在产品生产监管体系上，圣元优博严格执行国际标准，通过对生产全过程共计1122项质量控制点的严格监控的质量放心产品。
Babysteps,BabySteps,《BabySteps》是DearYunA创作的网络小说，发表于17K小说网。
Sup,sup,supv.啜，尝。vi.供给晚饭。n.一小口。
欧能多,欧能多,欧能多是一个专业的婴童营养品牌，主营婴幼儿配方奶粉，其产品采用100%芬兰高品质进口奶源，并由中国人民财产保险股份有限公司产品责任承保。在火爆婴童网、母婴商情等大型网络媒体做品牌宣传推广。
Healthy Times,Healthy Times,HealthyTimes，中文名称：健康时光，1980年由Rondi创立于美国芝加哥，旗下产品包括有机婴幼儿奶粉（欧盟及中国有机认证）、有机婴幼儿米粉（美国及中国有机认证）和有机婴幼儿蔬果泥（美国有机认证），30多年来，HealthyTimes专注于为婴幼儿提供优质的有机产品 ，如今已成长为畅销多国的有机婴幼儿食品的领导品牌，深受多个国家和地区消费者的喜爱。 
妮朵,妮朵,隶属日本TOUSHIN株式会社，长期以来致力于专业的眼部护理，在日本高端美容院、SPA会所久负盛名。世界各地爱美女性皆慕名前往东京、大阪、京都等地的美容院、SPA会所，共享专业眼部护理。NIDO品牌自诞生以来，一直秉承取法自然、追求安全有效、快速便捷的护眼理念，联合多所日本科研机构的眼部及皮肤专家，攻克多项眼部护理难题。并根据欧洲和亚洲人眼部肌肤特点及轮廓结构的不同，开发出专门针对亚洲女性的多款专业眼部护理产品。2006年，神奇的抗衰老去皱、激活细胞再生机能的MatrixyTM及类肉毒素被引入眼部护理产品，迅速带来眼部护理革命。2009年NIDO更是创新提出CIDE护眼理论，即时见效并持久改善，改变传统眼部护理产品见效慢、效果不持久的问题，被业界称之为“妮朵奇迹”。
嘉宝,葛丽泰·嘉宝,葛丽泰·嘉宝（GretaGarbo/GretaLovisaGustafsson，1905年9月18日-1990年4月15日），生于瑞典斯德哥尔摩，瑞典籍好莱坞影视演员 。1926年，葛丽泰·嘉宝拍摄在好莱坞的第一部默片《激流》。 1930年她出演了个人首部有声电影《安娜·克里斯蒂》，并获得第三届奥斯卡最佳女主角提名 。1935年，葛丽泰·嘉宝主演电影《茶花女》和《安娜·卡列尼娜》，凭借《茶花女》获得第10届奥斯卡奖最佳女主角提名 。1939年的《妮诺奇嘉》使葛丽泰·嘉宝第三次提名奥斯卡奖最佳女主角。1941年拍完电影《双面女人》后，葛丽泰·嘉宝宣布息影。1955年，葛丽泰·嘉宝获得第27届奥斯卡终身成就荣誉奖。1990年4月15日因肺炎于美国纽约逝世。1999年，美国电影学会将葛丽泰·嘉宝选为百年来最伟大的女演员第五名  。
Gerber,GERBER,GERBER是一种文件格式。标准的gerberfile格式可分为RS-274与RS-274X，GerberX2三种。RS-274格式的gerberfile与aperture是分开的不同文件。RS-274X格式的aperture是整合在gerberfile中的。GERBER格式的数据特点：数据码：ASCLL、EBCDIC、EIA、ISO码，常用：ASCII码。数据单位：英制、公制、常用：英制。坐标形式：相对坐标、绝对坐标，常用：绝对坐标。数据形式：省前零、定长、省后零，常用：定长。
humana,Humana,Humana中文译名瑚玛娜，又名胡玛娜，是德国Humana乳品集团主打品牌，1950年，即作为第一家最接近母乳的婴儿食品品牌问世，经过60年的发展，其旗下产品涵盖婴幼儿奶粉、功能性奶粉、米粉、婴幼儿水、果泥、果汁等几大类几十种产品，自1968年开始出口几十个国家、地区。
伊卡蓓尔,伊卡蓓尔,伊卡蓓尔（ErBell）是贝尔拥有的高品质婴幼儿营养品品牌。贝尔意识到全球市场的巨大潜力，积极向全球发展业务，并于2007年正式在中国市场推出“伊卡蓓尔”品牌，为推动部分亚洲包括中国在内的高速增长市场，树立更加理性的营养健康新标准，特推出贝尔最先进的研究成果之一的NSR3孕婴童配方的“伊卡蓓尔”品牌奶粉。
爱薇牛,爱薇牛,“爱牛才是全身心爱宝宝”——爱薇牛坚持认为只有快乐生活着的牛牛，才能产出营养和情绪双健康的牛奶，而妈妈应该只选择这种原料制成的配方奶粉，才能确保宝宝身心健康发展。爱薇牛也一直秉承此理念，爱护自己的乳牛群就像爱护自己的宝宝，让她们在广袤洁净的大草原上过着快乐无忧的生活，产出的牛奶当然品质卓著，情绪愉悦。都说性格决定命运，性格是后天形成的，但究竟是从后天什么时候开始形成的却没听说。爱薇牛决心把快乐、爱和自由带进宝宝喝的每一口牛奶中。用快乐无忧的奶牛生产的牛奶配制成的爱薇牛婴儿配方奶粉，在宝宝的新生期就提供积极向上的性格因子，让宝宝的智力和情商都得到均衡的滋养，健康地成长 
jersey,Jersey,JerseyRESTful框架是开源的RESTful框架实现了JAX-RS(JSR311&JSR339)规范。它扩展了JAX-RS参考实现，提供了更多的特性和工具，可以进一步地简化RESTfulservice和client开发。尽管相对年轻，它已经是一个产品级的RESTfulservice和client框架。与Struts类似，它同样可以和hibernatespring框架整合。
贝巴,迪米塔·贝尔巴托夫,迪米塔·贝尔巴托夫（DimitarBerbatov），1981年1月30日生于保加利亚布拉戈耶夫格勒，保加利亚籍足球运动员，场上司职前锋，现效力于希腊超的塞萨洛尼基足球俱乐部。 贝尔巴托夫亦是保加利亚国家队前任队长，在2010年因个人原因退出了国家队。贝尔巴托夫在保加利亚国家队长期都有着很高的进球率，因此他在2002年、2004年、2005年、2007年、2008年、2009年和2010年7次荣膺保加利亚足球先生的称号 。
科克兰,克里斯·柯克兰,克里斯·柯克兰（ChrisKirkland），1981年5月2日出生于英格兰巴韦尔，英格兰足球运动员，场上司职门将，现效力于英甲的贝里足球俱乐部，曾效力于英超的利物浦足球俱乐部。 
KirkLand,kirkland,KirklandSignature是全美销量第一的健康品牌。多年来KirklandSignature的产品以其可靠的产品质量和良好的信誉，在北美众多的保健品品牌中备受关注，拥有极佳的口碑。
荷仕兰,荷仕兰,荷仕兰，奶粉品牌。荷仕兰奶粉均为荷兰原罐原装进口，从奶源到成品，严格按照荷兰及欧盟制药标准生产，更有“荷兰品质护照”——18道安检追溯系统，确保每一罐奶粉的国际化品质。同一个世界，同一罐奶粉，如今荷仕兰在中国销售的每一罐奶粉已与荷兰、比利时、卢森堡、奥地利等国家实现全球同步销售。荷仕兰坚持以纯正的奶源、先进的婴幼儿营养科技，为中国宝宝提供优质放心的奶粉，给予每一位宝宝安全健康的生活开端。荷仕兰拥有生产高品质配方奶粉所需的全套设施，采用低温喷雾干燥技术和湿法工艺，确保混料均匀，营养均衡，同时减少上火和便秘的发生。荷仕兰采用全球领先的抽真空充氮技术，保证有效期内奶粉新鲜。荷仕兰严格按照欧洲制药标准（GMP纯净度达10万级）生产高品质婴幼儿配方奶粉，更有HACCP、IFS、BRC、COKZ等欧盟质量管理体系，为高品质保驾护航。
SMA,SMA,沥青玛蹄脂碎石混合料（StoneMasticAsphalt，简称SMA)沥青玛蹄脂碎石混合料，是一种新型的沥青混合料结构，它起源于20世纪60年代的德国
旭贝尔,旭贝尔,旭贝尔（BrightBeginnings），经FDA认证、源自美国的专业婴幼儿配方奶粉，隶属于美国PBM营养品有限公司。旭贝尔奶粉选取来自北纬45度黄金奶道的优质奶源，100%美国原装原罐进口，符合FDA制定的严格营养指标，值得妈妈信赖，是亿万妈妈的安心“智”选。作为奶粉中的“低调贵族”，旭贝尔奶粉富含全球顶级品质的藻油DHA，成就宝宝的健壮体格和智力发展。
妈咪爱,枯草杆菌二联活菌颗粒,枯草杆菌二联活菌颗粒，适应症为适用于因肠道菌群失调引起的腹泻、便秘、胀气、消化不良等。
Ofmom,Ofmom,Ofmom国际化全方位母婴服务品牌Ofmom在延续传统价值的基础上，不断追求创新。作为妈妈们的贴心朋友，Ofmom为妈妈和宝宝提供更佳的科学营养方案，高端孕产妇护理，身心发育支持，早期教育及婴幼儿教育文化内容服务，等全方位母婴服务。
soulful,Soulful,《Soulful》是由鲁本·司徒亚特（RubenStuddard）于2003年12月9日发行的流行舞曲、城市音乐风格的音乐专辑。该专辑共收录14首歌曲 。
Soulful,Soulful,《Soulful》是由鲁本·司徒亚特（RubenStuddard）于2003年12月9日发行的流行舞曲、城市音乐风格的音乐专辑。该专辑共收录14首歌曲 。
爱荷美,爱荷美,爱荷美（EKOBABY）是荷兰百年乳企卓安斯盟利旗下品牌，产品涵盖婴幼儿配方奶粉及多种有机辅食，是荷兰EKO有机认证唯一授权使用EKO标识作为品牌名称的婴幼儿奶粉品牌。目前，爱荷美在中国已拥有超过50万会员，名列“有机奶粉口碑排行榜”榜首。 
桂格,桂格,桂格1901年，几家美国早期燕麦粉加工商联合成立公司，桂格麦片公司由此诞生。
QUAKER,Quaker,Quaker是基督教的一个教派贵格会，又称教友派或者公谊会，是基督教新教的一个派别。该派成立于17世纪，创始人为乔治·福克斯，因一名早期领袖的号诫“听到上帝的话而发抖”而得名QUAKER，中文意译为“震颤者”(tremble)，音译贵格会。
每日金典名作,每日金典名作,每日金典名作，婴幼儿配方奶粉，产地韩国韩国每日乳业（株），存放在阴凉干燥处储藏。
银桥,银桥,银桥集团西安银桥乳业集团是中国西北地区产销量最大的乳品专业生产企业，始建于1979年。
美可高特,美可高特,天津市亚亿实业有限公司成立于1994年，是国内第一家开发品牌羊奶制品并率先投放市场的专业羊乳制品生产企业，企业的主营业务为开发﹑生产和销售含有高科技营养配方的羊奶粉、羊奶片、液态羊奶及奶饮料等羊乳系列制品。产品的主打品牌为"美可高特"系列产品。美可高特专业羊奶采用了国际上先进的除膻工艺，其核心技术是独一无二的。
Natamil,Natamil,德国Natamil公司，总部成立于德国慕尼黑，专业研发生产婴儿奶粉。Natamil婴儿奶粉采用优质的德国奶源，德国生产灌装，采用由德国顶尖机构合作研发的最新配方，力求更接近母乳。德国医药向来以严谨高质著称，能进入药房销售的商品皆通过最严谨的医药监管体系。每段Natamil婴儿奶粉都有独立的德国药监码PZN（Pharmazentralnummer），药房专售。
babysteps,BabySteps,《BabySteps》是DearYunA创作的网络小说，发表于17K小说网。
爱恩思,爱恩思,IAMNZ®爱恩思®，100%新西兰品牌，来自新西兰本土家族企业-新西兰醇真乳品有限公司（NewZealandPureDairyProductsLtd，简称NZPDP），凝结了新西兰家族工厂20年的益生菌与乳制品研发和生产的智慧经验，专注于婴幼儿肠道健康与营养吸收。2015年，中国婴幼儿品牌运营商——广东纳宝食品有限公司与NZPDP公司合作，成为IAMNZ®爱恩思®品牌中国总代理。 
味全,味全,味全 （杭州味全食品有限公司 ）成立于2002年，厂区位于浙江杭州及河北廊坊，公司致力于经营冷藏乳制品及饮料产品。公司生产经营的产品有：味全活性乳酸菌、味全每日C纯果汁、味全优酪乳、味全严选牧场牛奶及谷物牛奶、贝纳颂咖啡。公司以“诚信、务实、创新”为经营理念，致力于向消费者提供“新鲜、健康、优质”的产品；全面贯彻落实“依法守信、优质制造、持续改进、顾客满意”的诚信方针，并坚持以“满足顾客需要，落实安全、卫生优质的品质保证”为食品安全方针；始终坚持着优良传统，并以独有的热情，已在中国大陆市场上开拓出自己的一片天地。 
安宝乐,安宝乐,安宝乐（Anbolac)是澳洲百年历史乳品企业VIPLUSDAIRYPTYLTD旗下自主品牌。澳洲卫普拉斯位于维多利亚阿尔卑斯山脉脚下的南吉普斯兰地区，它始建于1893年，至今已有120多年的历史，是澳大利亚最早从事婴幼儿配方奶粉生产研发的乳企之一。历经百年的传承和百年的研发制造经验，凭借维多利亚阿尔卑斯山脉天然、纯净奶源，如今的卫普拉斯不仅为全球各地提供高品质的乳品，同时在当地的经济地位十分重要，扮演着振兴维多利亚南吉普斯兰地区经济的角色和推动维多利亚南吉普斯兰乳业的发展。
名门贵族,名门贵族,名门贵族，意思是旧指有声望的官僚、显贵等的家族。
高原之宝,高原之宝,高原之宝牦牛乳业股份有限公司是国资参股的规范性股份制企业。西藏高原之宝牦牛乳业股份有限公司是西藏自治区批准成立的第十家规范股份制企业、国家农业产业化重点龙头企业，也是西藏目前规模最大、最具现代化水平的牦牛乳品加工企业。2001年，公司通过了ISO9001国际质量管理体系认证和ISO14001国际环境管理体系认证。2002年底，公司被国家农业部等九部委认定为第二批农业产业化国家重点龙头企业，同时被自治区人民政府认定为西藏自治区级农牧业产业化龙头企业，是自治区政府重点扶持的三农企业。
维爱佳,维爱佳,
宝乐滋,宝乐滋,宝乐滋是陕西宝乐滋食品有限公司出品一款配方羊奶粉，科学调配叶黄素，乳铁蛋白，核苷酸，胆碱的比例结构，引领中国宝宝智力、保护力新高度。----------★陕西宝乐滋食品有限公司是一家专业从事关中奶山羊开发、研制、销售和服务于一体的综合性企业，致力为中国宝宝提供高品质的产品和服务。目前拥有“宝乐滋”、“智立方”、“瑞力多”等品牌，覆盖了婴幼儿营养食品领域的羊奶粉、羊奶米粉等多个品类。
PRECIOUS,珍爱人生,《珍爱人生》是导演李·丹尼尔斯2009年拍摄的一部剧情片，由加布蕾·丝迪贝、莫妮克主演。影片主要讲述了80年代末的纽约哈林区，家境贫困的非裔胖女孩克拉丽思·琼斯遭受母亲凌虐，又被父亲强暴。她如何在人生逆境中找到定位，从被压迫到觉醒的故事。 
大庆,大庆,大庆，别称油城、百湖之城，是中国最大的石油石化基地，是黑龙江省地级市，位于黑龙江省西南部，是黑龙江省省域副中心城市 ，哈长城市群区域中心城市 。综合实力位列全国地级城市第11位 ，中国城市财力50强 新二线城市 。大庆市素有“天然百湖之城，绿色油化之都”之称，是国务院批准的中国服务外包示范城市、国家环境保护模范城市、全国文明城市、全国首批安全发展示范城市试点城市 、国家园林城市 、2017年中国百强城市排行榜第55位 。大庆市是中国第一大油田、世界第十大油田大庆油田所在地；是一座以石油、石化为支柱产业的的著名工业城市。工业产值达到东北第二位，人均GDP达到2万美元。 2017年11月，复查确认继续保留全国文明城市荣誉称号。 
五羊,五羊,五羊是广州的代名词，五羊石像也是广州最著名的景点之一。中国民间传说广州府五仙观。初有五仙人，皆持谷穗，一茎六出，乘五羊而至。仙人衣服，与羊同色，五羊俱五色，如五方。既遗穗与广人，仙忽飞升而去。羊留，化为石，广人因即其地祠之。五羊传说表现了古代中国劳动人民开拓岭南的历史。五羊石雕建于1959年，位于越秀公园西侧木壳岗上，由130多块花岗岩雕刻组砌而成‘高11米，体积53立方米。石像中大山羊居中，昂首远眺，羊髯微拂，口衔“一茎六出”谷穗，雄浑有力的羊角伸向半空，显得深沉、威武。余下四羊环列四周，或小羊跪乳，或母羊回首，或吃草，或嬉戏，形态可爱，栩栩如生。
蓝河,蓝河,起点写手蝴蝶蓝所著的网游小说《全职高手》中的游戏角色，操作者为荣耀玩家许博远。荣耀第十区蓝溪阁公会会长，大号”蓝桥春雪“，是蓝溪阁五大高手之一。兴欣公会卧底账号”绝色“，时不时会在网游上被叶修调戏... 
blue river,blue river,BlueRiver（布鲁威尔）是新西兰南岛的绵羊奶品牌。
吉特士,吉特士,吉特士（GITTIS）：是欧盟家喻户晓的知名品牌，是欧盟最早进入国际有机食品行业 的龙头企业。
Humana,Humana,Humana中文译名瑚玛娜，又名胡玛娜，是德国Humana乳品集团主打品牌，1950年，即作为第一家最接近母乳的婴儿食品品牌问世，经过60年的发展，其旗下产品涵盖婴幼儿奶粉、功能性奶粉、米粉、婴幼儿水、果泥、果汁等几大类几十种产品，自1968年开始出口几十个国家、地区。
雅诗兰黛,雅诗兰黛,雅诗兰黛是美国雅诗兰黛公司旗下的化妆品旗舰品牌，以抗衰修护护肤品闻名。雅诗兰黛公司是全球领先的大型生产商和销售商。1946年雅诗兰黛公司成立于美国纽约，拥有护肤品品牌Clinique（倩碧）、LaMer（海蓝之谜）、LABSERIES（朗仕）、Prescriptives、Origins（悦木之源），以及化妆品品牌BobbiBrown、M·A·C，和男性香水品牌Aramis等等，同时，该公司也为7大美国顶级时装品牌，比如DonnaKaran、MichaelKors等进行香水的贴牌生产。
Estee Lauder,雅诗·兰黛,雅诗·兰黛(EsteeLauder)全球最大的护肤、化妆品和香水公司之一，与其创始人同名。雅诗兰黛公司创立于1946年。
熊本熊,熊本熊,熊本熊（日语：くまモン，英语：Kumamon，官方中文名：酷MA萌）是日本熊本县营业部长兼幸福部长、熊本县地方吉祥物。熊本熊是中国的粉丝们给くまモン起的别名和昵称，并不是正式的名称。熊本熊最初设计目的是以吉祥物的身份，为熊本县带来更多的观光以及其他附加收入，并在2011年被授予熊本县营业部长兼幸福部长，成为日本第一位吉祥物公务员。 在振兴熊本县经济、宣传熊本县名气的同时，熊本熊依靠自身呆萌的形象、独特的授权运营方式，在日本本国及本国以外获得了超乎想象的欢迎，成为在世界上拥有极高人气的吉祥物。熊本熊（酷MA萌，KUMAMON）的版权归熊本县政府所有，对于酷MA萌形象的使用，必须经过县政府的许可，否则视为违法行为。 
小林,小林,小林，日本著名动漫《龙珠》中的主要角色之一，与孙悟空一同在龟仙人（武天师父）门下习武，是最强的地球人（布欧篇的评价，此时欧布并未登场）。妻子是人造人18号，女儿是玛伦。
羊羊羊,羊羊羊,羊羊羊是婴幼儿配方羊奶粉，公司秉承用良心和责任保证产品卓越品质的理念，严格按新国标生产，所有指标批批检验。
阳光宝宝,阳光宝宝,“阳光宝宝”秉承YINQIAODAIRY的企业理念，致力于为宝宝提供健康、安全、阳光的食品。我们的原料都来自生态保护良好地域的牧场，并通过先进的加工技术尽量保持原料本身的营养成分。我们提倡奶源地保护、不过度加工包装，拒绝有风险原料进入阳光体系。
Sunny Baby,Sunny Baby,SUNNYBABY纸尿裤为浙江杭州豪悦集团旗下纸尿裤品牌之一。
可诺贝儿,可诺贝儿,澳洲可诺贝儿国际营养品有限公司是一家集产品开发、研制、销售于一体的国际乳品企业。
法婴特,法婴特,“法婴特”是法国FIT集团针对中国宝宝特别研制的婴幼儿奶粉品牌。法国FIT集团是一家以牛、羊乳制品生产经营、大宗原料出口为主的多元化集团公司，年销售额达13亿欧元，年生产经营7万多吨乳制品，其中包括1万余吨婴幼儿配方食品，其以一流的产品质量和服务在欧洲市场享有极高的声誉。
FIT,本田飞度,飞度为广汽本田推出的一款两厢轿车，第三代飞度于2014年5月29日上市，定位于“劲酷两厢车”的第三代，针对追求个性的“90后”新生代群体，内部宽敞。2016年8月11日2016款飞度酷玩上市新增了两个天窗版本。 2018年1月11日广汽本田新飞度潮跑系列上市，保持既有的核心产品价值——以“ExcitingHDesign”整体设计理念、“地球梦科技”引擎（1.5L直喷DOHCi-VTEC发动机及全新CVT无级变速器）、Idle-stop发动机节能自动启停系统等十大革新科技。 
羚滋,羚滋,“羚滋”牌系列羊奶粉采用关山牧场优质鲜莎能羊奶粉为原料，严格按照国家标准生产，率先提出了“五优营养、健康成长”的科学营养及配方理念，同时采用创新技术，去除羊奶膻味，营养更全面，不过敏，不上火，更易吸收。
爱智宝,爱智宝,爱智宝是为亚洲宝宝设计的一款婴幼儿配方奶粉，爱智宝在韩国市场占有率在50%以上，为韩国原装进口奶粉第一品牌。
ensure,ensure,ensure是一个英语单词，当做及物动词用时翻译为确保；担保获得；使（某人）获得；使安全。
斐婴宝,斐婴宝,斐婴宝是新西兰FernbabyNewZealandInternationalLimited负责生产的高端婴幼儿奶粉品牌，品牌秉承“自然成长未来无限”的伟大畅想以及精益求精的工艺技术打造享誉全球的婴幼儿奶粉品牌，5A的奶源，接近母乳的营养成分，以最精湛湿法技术面向全球
fernbaby,Fernbaby,Fernbaby是由新西兰FernbabyNewZealandInternationalLimited负责生产，品牌以“自然成长，无限未来”的伟大畅想面向全球高端客户，以精湛的工艺生产技术打造的婴幼儿奶粉
Bellakt,BELLAKT,小贝勒（BELLAKT）始于1967年，前苏联最大的婴儿奶制品食品工厂。目前是白俄罗斯本土及东欧国家唯一婴儿新生儿奶粉生产厂，厂址位于获得联合国教科文组织授予的人类自然文化保护遗产的比亚沃维耶扎原始森林。全部产品都是有机产品，有国家有机认证。并出口俄罗斯、沙特、日本等十几个国家欧美亚洲独联体国家。针对宝宝的具体身体情况配制的专门护理配方奶粉，也向欧洲达能、雀巢、亨氏、牛栏等顶级食品巨头供应奶源。
秦俑,兵马俑,兵马俑，即秦始皇兵马俑，亦简称秦兵马俑或秦俑，第一批全国重点文物保护单位，第一批中国世界遗产，位于今陕西省西安市临潼区秦始皇陵以东1.5千米处的兵马俑坑内。 兵马俑是古代墓葬雕塑的一个类别。古代实行人殉，奴隶是奴隶主生前的附属品，奴隶主死后奴隶要作为殉葬品为奴隶主陪葬。兵马俑即制成兵马（战车、战马、士兵）形状的殉葬品。 1961年3月4日，秦始皇陵被国务院公布为第一批全国重点文物保护单位 。1974年3月，兵马俑被发现；1987年，秦始皇陵及兵马俑坑被联合国教科文组织批准列入《世界遗产名录》，并被誉为“世界第八大奇迹” ，先后有200多位外国元首和政府首脑参观访问，成为中国古代辉煌文明的一张金字名片，被誉为世界十大古墓稀世珍宝之一。 
Diploma,diploma,diploma是一个英语单词，当做名词用时翻译为毕业文凭；学位证书；公文；奖状；当做动词用时翻译为发毕业文凭。
纽韵,纽韵,“纽韵”乳品由新西兰上市乳业集团荣誉出品。公司拥有新西兰国内权威的营养学专家、婴幼儿食品技术专家和药师团队以及先进的生产设备。公司在活性乳制品的研发和生产方面一直处于世界领先地位，为全球活性乳制品行业的领导者。
羊乐乐,羊乐乐,西安羊乐乐乳业有限公司目前拥有羊乐乐金装、羊乐乐普装、羊乐乐双益、欧铂佳“羊乐乐”是由西安御宝羊乳品营销有限公司在2006年下半年推出的独立品牌，也是御宝羊奶众多品牌战略中的首个专业羊奶品牌，是国内羊奶行业的最早最知名品牌之一。、果蔬加5个系列产品，30多个单品，销售网...
rossmann,Rossmann,Rossmann是德国最大的日化用品超市，成立于1972年。2017年4月，Rossmann的2000多 家实体店和网店将接受来自中国的游客、商务人士和留学生的支付宝支付。Rossmann公司市场主管RaoulRossmann先生表示 ，接受支付宝支付可以方便中国顾客消费，同时争取市场份额。 
健安喜,健安喜,GNC在1935年，DavidShakarian在匹兹堡成立了一家专门贩售食品的小店，称之为Lackzoom。akarian's于418WoodStreetBS。美国GNC健安喜为全球闻名之优良营养食品公司，在全球拥有5000多家连锁店；500多万个金卡会员；在亚洲地区包括新加坡、台湾、菲律宾、马来西亚、印尼、香港等地，均有连锁店的成立。
GNC,健安喜,GNC在1935年，DavidShakarian在匹兹堡成立了一家专门贩售食品的小店，称之为Lackzoom。akarian's于418WoodStreetBS。美国GNC健安喜为全球闻名之优良营养食品公司，在全球拥有5000多家连锁店；500多万个金卡会员；在亚洲地区包括新加坡、台湾、菲律宾、马来西亚、印尼、香港等地，均有连锁店的成立。
德露滋,德露滋,德露滋为德国制造的奶粉，在德国同步销售的商标为VIBALEN，盒装。在亚洲华语地区为VIBALEN德露滋，听装。
智冠,智冠,（1932～）韩国僧。庆尚南道协川郡人，俗姓李。十五岁，拜海印寺金子润法师为师；二十二岁，于通度寺受具足戒。勤勉好学，进入庆南大学宗教系就读，更于东国大学研究所深造。三十九岁，任海印寺住持；四十五岁，获得东国大学哲学博士学位。其后，曾任东国大学正觉院住持、佛教学院院长、教育学院院长。一九八六年，任东国大学第十一届校长，为该校第一位以僧人身分出任校长职位者。
其它,其它,其它，即"其余的它者"，物主代词。在“其他”作人称代词时，其他与其它是区别的；在“其他”表示其余者而用于物称时，二者就可以换用。古汉语里有的也写作“其佗”，佗是物主代词，如《左传·隐公元年》”佗邑唯命“，它也是物主代词，如《后汉书·列女传》”无它异“。佗、它通假而用，类似通假在先秦秦汉是普遍现象。古汉语不区分其他与其它，现代汉语里他作为人称代词而它作为物主代词了，因此，在现代汉语环境，谈物时，用“其他”是继承古代用法，用“其它”是新环境里的合逻辑用法，都可以。
百立乐,百立乐,百立乐（Natrapure）来自瑞士的高端奶粉。2013年，HHG集团与BIOLIFENEWZEALAND公司达成百立乐品牌独家商标购买协议，这一举措使得百立乐品牌成为HHG集团旗下布局中国市场的主导战略品牌。2009年，百立乐婴幼儿配方奶粉进入我国高端婴幼儿奶粉市场。2013瑞士百立乐公益走进肇庆参与了“书香暖山区”的系列赠书公益活动
Woolworths,Woolworths,Woolworths在1924年12月5日开了自己的第一家商店。店铺位于便宜得惊人的Pitt街的一座地下室中。如今Woolworths是澳大利亚最大的食品零售商，具有近90年的为顾客提供服务的历史而感到自豪的公司。Woolworths公司家族包括15种商标。Woolworths公司在全国范围内总共有1114家分店，员工超过125000人，事实上每100个澳大利亚劳动力中就有一个被Woolworths公司所雇用。
我买网,中粮我买网,中粮我买网是由世界500强企业中粮集团有限公司于2009年投资创办的食品类B2C电子商务网站。中粮我买网致力于打造中国最大、最安全的食品购物网站。我买网坚持的使命是让更多用户享受到更便捷的购物，吃上更放心的食品。中粮我买网商品包括：休闲食品、粮油、冲调品、饼干蛋糕、婴幼食品、果汁饮料、酒类、茶叶、调味品、方便食品和早餐食品等百种品类。是办公室白领、居家生活和年轻一族的首选食品网络购物网站。
Member's Mark,Member's Mark,
东远,东远,东远 ，株式会社东远企业 注册的商标品牌，主要商品服务有金枪鱼、鱼制食品。 
inovital,Inovital,《Inovital》是一款Android平台的应用。
天赋宝儿,天赋宝儿,天赋宝儿自有工厂西安百跃乳业有限公司创建于1985年，专业从事系列婴幼儿配方羊乳粉开发、生产及销售。
聪尔壮,聪尔壮,2002年聪尔壮品牌诞生于上海，开启了为中国婴幼儿营养健康服务的伟大事业。聪尔壮品牌从诞生之日起，便定位于“婴幼儿肠道健康专家”，通过建立“晨冠国际营养研究中心”，汇集了由麻省理工大学食品工程博士领衔的国内外专家，专注产品研发与创新，相继推出了以金装复合益生元益生菌婴幼儿配方奶粉、金装安宝素婴幼儿配方奶粉、呵护安宝素婴幼儿配方奶粉等具代表性的三代产品。聪尔壮一直甄选全球优质资源，只为品质安全，历经十多年发展，聪尔壮“专业、安全、品质”的品牌形象赢得了社会各界及广大消费者的认可，2014年1月聪尔壮成为国家重点推荐奶粉品牌！
贝博儿,贝博儿,贝博儿（英文名称：beiboer ），国产配方羊奶粉品牌，隶属于陕西百跃优利士乳业有限公司，商标注册时间为2010年03月19日， 注册范围为白朊牛奶、蛋白牛奶、乳糖、婴儿奶粉、婴儿食品、婴儿用含乳面粉；贝博儿配方羊奶粉适合0-3岁宝宝食用，该奶粉配方于2017年12月14日通过国家配方注册 。
Babylove,BABYLOVE,BABYLOVE.美国最早从事草本植物精华美容护肤的公司。同时也是目前美国最大的一家植物精华油供应商。其产品研发合作机构是美国生物科学发展研发中心。在中国了解美国生物科学发展研发中心的人并不多，但说起宝洁、雅诗兰黛、兰蔻等则家喻户晓。事实上，玉兰油、雅诗兰黛、兰蔻等护肤产品核心技术均由美国生物科学发展研发中心研发。
艾卡娜,艾卡娜,艾卡娜（英文名称：ArthyCampina），是广州纽缤乐食品股份有限公司旗下的婴幼儿配方羊奶粉品牌，其奶粉来自澳洲原罐原装进口。采用24小时急速湿法生产保证奶粉既营养又新鲜。艾卡娜黄金配方，营养好吸收，独特的除膻工艺，极大的保证了艾卡娜羊奶新鲜度和良好的口感。 艾卡娜 配方羊奶粉采用湿法生产工艺， 充分保证了各种营养元素的均匀混合，符合婴幼儿体质需求和吸收能力。 
Olivia,olivia,OLIVIA，1979年12月9日出生于日本冲绳，为美日混血儿，原名OliviaLufkin是AVEX（艾回）旗下厂牌CuttingEdge中的一个双语歌手。个人作品有：《alittlepain》、《synchronichity》、《ComatoseBunnyButcher》、《TheLostLolli迷失的罗莉》等。
宝素力,宝素力,宝素力是广州市美素力营养品有限公司独立持有的品牌。成立于2005年，主要从事婴幼儿配方米粉、婴幼儿配方乳粉、营养食品的研发、生产、销售及服务，并依靠本身全球一流的研发技术，开发出全国首个奶米粉产品，开创了中国营养米粉的先河！本着“打造一流品质、放心首选品牌”的目标，公司不断发展壮大。现在从宝素力奶米粉到金装、加护金装、超钻奶粉等多个系列优质产品 。
pillbox,pillbox,《pillbox》是一款益智类网页游戏。
MOMA,MOMA,现代艺术博物馆（英文：MuseumofModernArt，常简称为MoMA）是一所在美国纽约市曼哈顿中城的博物馆，也是世界上最杰出的现代艺术收藏之一。位于曼哈顿第53街（在第五和第六大道之间），此博物馆经常与大都会博物馆相提并论，虽馆藏少于前者，但在现代艺术的领域里，该馆拥有较多重要的收藏。
爱乐维,爱乐维,爱乐维®(复合维生素片)，用于妊娠期和哺乳期妇女对维生素、矿物质和微量元素的额外需求；并预防妊娠期因缺铁和叶酸所致的贫血。
欧比佳,欧比佳,由欧洲顶级育儿营养专家和中国育儿营养专家共同组成，专门针对中国宝宝体质研制的奶粉，致力于做欧洲最好的婴幼儿奶粉，经过多年潜心研究，配制成特有的EQB育优配方，特含“4大营养元素群+5大黄金组合+多种模拟母乳精准营养素”。通过EQB育优100，让宝宝优秀100%。欧比佳奶粉为荷兰原装进口，生产商为荷兰百年乳企，拥有丰富的生产经验和严格的质量监督监管体系。质量管理体系是以欧洲品质管理基金会模型（EFQM）为基础，为我们的客户提供最高的食品安全保障，依照危害分析的临界控制点（HACCP）的标准，严格执行欧盟食品条例和食品法。全面解决原材料和终端产品的总体质量和食品安全方面的问题。生产流程遵守欧盟GMP（良好作业规范）的标准执行，产品全面通过COKZ（荷兰奶产品控制机构及监控中心）的体系认证。
MSE,Microsoft Security Essentials,MicrosoftSecurityEssentials（开发代号Morro）是一款由微软（Microsoft）公司（收购一家反病毒软件厂商）开发的免费防病毒软件。该软件可以为正版Windows7提供保护，（注意：不支持正版Windows2000、XP、Vista，微软已停止对这些系统的下载支持）使其免受病毒、间谍软件、rootkit和木马的侵害。
欧莉莎,欧莉莎,欧莉莎羊奶粉为西安宏兴乳业自主品牌的羊奶粉，产品分为智护系列与体护系列。
GOAT,Goat,Goat，英文单词，常作“山羊”的意思。
贝吉獾,贝吉獾,Badger天然草本膏源自于美国新罕布什尔州Gilsum小镇。自公元1993年至今二十个年头，目前则成为欧美百货公司畅销热门的知名的天然有机保养品牌。虽然距离这位曾经身为木匠的创业者第一次开始贩卖他所调制的Badger天然草本膏也不过短短20年，Badger却在天然疗效、有机保养品的领域站稳一席之地。
Badger,BADGER,BADGER贝吉獾天然草本软膏源自于美国NewHampshire新罕布什尔州Gilsum小镇的一个家庭厨房。虽然距离这位曾经身为木匠的创业者比尔·怀特先生公元1993年第一次开始贩卖他所精心调制的BADGER天然草本膏也不过短短十余年，但在其努力经营下，BADGER已从一个家庭手工制作贩卖的草本软膏，成长为欧美百货公司畅销热门的知名天然疗效、有机保养品牌：BADGER，并在这一领域稳站一席之地。
兰芝,兰芝,韩国女性对美的向往以及对美好生活的追求，并没有因为战争和贫穷的生活重担而消失，相反更加强烈了。眼光锐利的徐大根先生（爱茉莉太平洋集团创始人），从战场上归来。细心的他对韩国女性们这种积极向上、向往美好生活的热情所感动，悉心钻研，从零开始，购买原料拿回自己家里配制，经过不断的探索和努力，终于开发出韩国的第一瓶雪花霜。随后，徐大根先生在早高丽化妆品CORENER开了化妆品店，吸引了众多的爱美女性，激发了她们重拾美丽的梦想。兰芝与水：在法语里，laneige意味着雪，冬去春来，雪幻化成水，第一道融雪幻化出的曙光，水和光的“浪漫相遇”。如今爱茉莉太平洋集团已是韩国最大的化妆品公司，拥有250多位科研人员、3个科研机构、并成为韩国本地排名第一、世界排名前二十名的国际化妆品集团。到了二十世纪九十年代，爱茉莉太平洋集团将清新快乐的美丽文化融入到了LΛNEIGE兰芝这个灵感源于韩国东海岸的品牌中。“水”和“光”所构成的是LΛNEIGE兰芝快乐的内涵。
LANEIGE,兰芝,韩国女性对美的向往以及对美好生活的追求，并没有因为战争和贫穷的生活重担而消失，相反更加强烈了。眼光锐利的徐大根先生（爱茉莉太平洋集团创始人），从战场上归来。细心的他对韩国女性们这种积极向上、向往美好生活的热情所感动，悉心钻研，从零开始，购买原料拿回自己家里配制，经过不断的探索和努力，终于开发出韩国的第一瓶雪花霜。随后，徐大根先生在早高丽化妆品CORENER开了化妆品店，吸引了众多的爱美女性，激发了她们重拾美丽的梦想。兰芝与水：在法语里，laneige意味着雪，冬去春来，雪幻化成水，第一道融雪幻化出的曙光，水和光的“浪漫相遇”。如今爱茉莉太平洋集团已是韩国最大的化妆品公司，拥有250多位科研人员、3个科研机构、并成为韩国本地排名第一、世界排名前二十名的国际化妆品集团。到了二十世纪九十年代，爱茉莉太平洋集团将清新快乐的美丽文化融入到了LΛNEIGE兰芝这个灵感源于韩国东海岸的品牌中。“水”和“光”所构成的是LΛNEIGE兰芝快乐的内涵。
源西域,源西域,源西域 ，新疆源西域生物科技有限公司 旗下驴奶粉品牌。
莱那珂,莱那珂,莱那珂婴幼儿奶粉100%波兰 原装进口，独创“LNTS”莱那珂-可溯系统（Lait-NacreTraceabilitySystem）全程跟进奶粉生产体系，确保新鲜原材料，6小时鲜奶成粉技术（SixHoursofFreshMilkintoPowderTechnology），由塔莱登科学实验室TaradonLaboratory联合湖南诺曼欧乳品有限公司根据中国宝宝体能状况潜心研制LF红蛋白营养五元配方，特别添加由世界乳铁之父Jean-PaulPerraudin博士研制第二代高活性乳铁蛋白-NFQ（LF-NFQ）。安全纯正，特别不含麦芽糊精、不含果糖，不含蔗糖，不含棕榈油，不含香料香精，不含激素、抗生素、药物活性物质等。确保中国宝宝第一时间享受来自欧洲的莱那珂优质婴幼儿配方奶粉，健康可溯，爱在中国。
美莱健,美莱健,美莱健创立于2006年，由黄宏章申请注册的商标，现主要经营保健食品等产品。由广州宏御生物科技发展有限公司承办其研发、生产、销售 。2014年，美莱健品牌正式签约著名影星陈德容小姐为品牌形象代言人 。
纽利兹,纽利兹,纽利兹是新西兰著名企业HOMECARE健康管理国际有限公司旗下品牌。HOMECARE健康管理国际公司是一家专注、专业开发健康食品的国际管理公司，核心理念是推动新西兰本国知名品牌HOMECARE的国际化，其专注、专业、科学及个性化研究健康食品的理念引领着全球营养健康产业的市场方向。
每一,每一,每一是生产婴儿食品的品牌。
福羊,福羊,“福羊（FORYOUNG）”是陕西金牛乳业旗下的第一个专业婴幼儿配方羊奶粉品牌，其商标持有人为陕西金牛乳业有限公司。“福羊”品牌羊奶粉自2006年开始上市销售，上市期初主要推广“福羊”牌全脂羊奶粉系列，自2009年8月开始推出“福羊（FORYOUNG）”牌婴幼儿配方羊奶粉。品牌主张：传播中国福文化，为新生代提供专业、营养的纯正羊奶。品牌宣传语：100%纯羊奶制造，中国人的纯正羊奶
Tummy Rumble,Tummy Rumble,TummyRumble （赑康奶粉）是NutribeyondHoldings荣誉出品，公司研发中心以及生产基地位于新西兰第一大城市奥克兰，赑康聘用国际知名高端婴幼儿奶粉配方研发团队针对中国宝宝的特点精心研发，生产，包装以相应设计工作均在新西兰本土完成，原装进口至中国。运营中心位于中国广州。赑康婴幼儿配方奶粉，新西兰纯净奶源，更好的保障宝宝的健康。营养优化组合，亲和宝宝配方，国际认可标准，质量安全保障。100%新西兰纯净奶源、100%新西兰原地生产、100%新西兰安全罐装、100%新西兰原装进口。赑康奶粉更贴近中国妈妈母乳成分，更适合中国宝宝，并定制特有的4种营养优化组合：膳食纤维、DHA&ARA、牛磺酸、乳铁蛋白四种营养，为宝宝提供更安全和更有保障的营养品。 
DUTCH LADY,Dutch Lady,DutchLady子母品牌，源于百年历史的荷兰皇家菲仕兰公司，世代传承农牧场主140年的农牧养殖技术和热情。荷兰品控，自家奶源是子母的一大坚持。从牧草到奶粉，子母坚持荷兰婴幼儿奶粉标准，严格把关整个生产线，为宝宝提供安全和高品质的产品。子母品牌已于2016年进入中国市场，为中国的宝宝带来婴幼儿配方奶粉。尤其是其特别研制的NutriPlan动态营养系统，能为宝宝的每个成长关键期提供所需的各种营养。
璐比,璐比,璐比(RUBII)是一个令爱新潮年轻女子趋之若鹜的时尚品牌。目标顾客大多是20-25岁的爱新潮女子，璐比正是抓住了这样一个充满时尚性格的个性群体，开发出一件件简约纯粹、创意多变的时尚内衣来向你展示一个多彩多姿的个性世界。采用舒适的高科技塑型面料简约的设计、创意的图案、绚丽的色彩塑造内衣，充分表达出爱新潮女子生命的活力与美丽。
薇姿,薇姿,薇姿（VICHY）是全球专业敏感肌护肤领先品牌。欧莱雅集团旗下品牌，法国三大药妆品牌之一，薇姿一直关注于美丽，并倡导健康引导美丽，且不断探索创新。针对不同类型的皮肤，提供具有不同特点的系列产品，以达到绝佳效果。
VICHY,薇姿,薇姿（VICHY）是全球专业敏感肌护肤领先品牌。欧莱雅集团旗下品牌，法国三大药妆品牌之一，薇姿一直关注于美丽，并倡导健康引导美丽，且不断探索创新。针对不同类型的皮肤，提供具有不同特点的系列产品，以达到绝佳效果。
Fitx,Fitx,Fitx，全名是FunInputToyforLinux，Fitx的姐妹版FunInputToy
Olive,olive,所谓初榨橄榄油，就是纯粹运用机械或物理方式提取的油液，为此，这是一种地道的果汁，全天然的，完好地保存了原果实的口味和香气。如同其它水果一样，橄榄品种繁多，并各有其与从不同的特有芳香和味道。根据一系列物理，化学参数及本身的品质，初榨橄榄油在市场上主要分为两个等级：~特级初榨橄榄油(EXTRAVIRGINOLIVEOIL)：油酸度低于l度，香气和味道绝佳。~初榨橄榄油(VIRGINOLIVEOIL)：油酸度低于2度，香气和味道良好。
Apple,苹果公司,苹果公司（AppleInc.）是美国的一家高科技公司。由史蒂夫·乔布斯、斯蒂夫·沃兹尼亚克和罗·韦恩(RonWayne)等人于1976年4月1日创立，并命名为美国苹果电脑公司（AppleComputerInc.），2007年1月9日更名为苹果公司，总部位于加利福尼亚州的库比蒂诺。苹果公司1980年12月12日公开招股上市，2012年创下6235亿美元的市值记录，截至2014年6月，苹果公司已经连续三年成为全球市值最大公司。苹果公司在2016年世界500强排行榜中排名第9名。 2013年9月30日，在宏盟集团的“全球最佳品牌”报告中，苹果公司超过可口可乐成为世界最有价值品牌。2014年，苹果品牌超越谷歌（Google），成为世界最具价值品牌。2016年7月20日，《财富》世界500强排行榜，苹果公司名列第九名 。2016年9月8日凌晨1点，2016苹果秋季新品发布会在美国旧金山的比尔·格雷厄姆市政礼堂举行 。10月，苹果公司成为2016年全球100大最有价值品牌第一名。2017年1月6日早晨8点整，“红色星期五”促销活动在苹果官网正式上线，瞬间大量用户涌入官网进行抢购，仅两分钟所有参与活动的耳机便被抢光。2017年2月，BrandFinance发布2017年度全球500强品牌榜单，苹果公司排名第二。 2017年6月7日，2017年《财富》美国500强排行榜发布，苹果公司排名第3位。 2017年7月20日，2017年世界500强排名第9位。 2017天猫双十一“亿元俱乐部”榜单显示，苹果位列第一名。 
Aveeno,Aveeno,美国婴儿护肤品牌，于1945年由Musher兄弟和Mayo诊所联手合作。1999年，Aveeno正式成为著名婴儿用品Johnson&Johnson（强生）旗下的品牌。并于2000年开始生产各个系列的婴儿用品。Aveeno艾维诺——完美融合自然与科技Aveeno艾维诺是美国专业护肤品牌，属于强生公司旗下。始创于1945年，是研究纯天然护肤产品成分的先锋，已经被皮肤科专家以及小儿科医生推荐长过60年之久。产品由天然胶状燕麦精华提炼而成，质地温而不腻，多次获得美容时尚杂志的称赞和推荐。Aveeno艾维诺采用最多的两种成分是燕麦和大豆，采用纯天然成分的优点研制出一系列安全高效、质地温和的产品。主要适合中性偏干、敏感型肌肤，并适用于婴儿，抗敏修护功效极佳，并且还是2006年冬季奥运会美国代表队的指定护肤产品!
泡腾片,泡腾片,泡腾片在我国是一种较新的药物剂型，与普通片剂不同，泡腾片利用有机酸和碱式碳酸（氢）盐反应做泡腾崩解剂，置入水中，即刻发生泡腾反应，生成并释放大量的二氧化碳气体，状如沸腾，故名泡腾片。
美体小铺,美体小铺,美体小铺国际股份有限公司（TheBodyShopInternationalplc）是高质量面部肌肤及身体护理产品零售商，由AnitaRoddick于1976年在英国成立，2007年获得英国kifus化妆品有限公司技术配方支持。TheBodyShop零售业务遍布全球55个国家，商店数目超逾2200间，全部不使用动物测试，并透过公平贸易购买天然原材料。
The Body Shop,美体小铺,美体小铺国际股份有限公司（TheBodyShopInternationalplc）是高质量面部肌肤及身体护理产品零售商，由AnitaRoddick于1976年在英国成立，2007年获得英国kifus化妆品有限公司技术配方支持。TheBodyShop零售业务遍布全球55个国家，商店数目超逾2200间，全部不使用动物测试，并透过公平贸易购买天然原材料。
林贝尔,琳蓓露,琳蓓露（リーンベル）英文名Reanbell，是PS3/XBO360游戏《永恒的尽头》的女主角，一个21岁，金发碧眼的美少女，克服命运的少女。
康维他,康维他,
诗妙健,诗妙健,【诗妙健】（Smileygrowth）是新西兰政府官方商务机构【新西兰贸易发展局】（NewZealandTradeandEnterprise）创立的【新西兰全接触】（NewZealandFocus）旗下的婴幼儿奶粉品牌。这个特殊的官方身份，让【诗妙健】尤其严谨地对待产品的品质与质量，因为母公司【新西兰全接触】除了商务贸易，更一直担任着促进新西兰与中国商贸桥梁的角色。【诗妙健】为初生至36月大婴幼儿提供一系列高品质的配方奶粉，是100%新西兰原罐原装进口产品。
skinfood,Skin Food, ，一种化妆品。乳液，护肤用品。真货的包装是薄厚适中而且不平整的；底部也是不平整的。会有些尘土杂物等，这都是运输过程中的自然问题，不影响使用真货的生产日期打印很清晰而且用手抹不掉，但字体并不是很顺滑的看着好像很多点点连成的；
京东来点,京东来点,“京东来点”是京东首款智能购物硬件，于2015年11月26日正式发售 
雅因乐,雅因乐,雅因乐是江西德上科技药业有限公司旗下的一个产品名称。雅－正而美德者谓之雅，因－是“婴儿”的谐音，乐－快以开心称其乐，雅因乐谓高雅的婴儿更快乐。“
雀巢健康科学,雀巢健康科学,本书由雀巢集团编著介绍了人体所需的营养素和常见食物营养成分及其价值、特点，客观地分析了我国人民当前的基本营养状况，概要地阐述了食品污染与防护措施、营养与疾病的关系，最后还推荐了常见病的食疗与药膳以及日常饮食禁忌。
WMF,wmf,WMF，德国百年高端餐具、厨具品牌，自1853年以来，WMF就一直致力于将烹饪，用餐及品饮变成一种快乐的生活体验。WMF的产品涵盖家庭及社会餐饮领域，产品线包括西餐具，厨具，餐具，玻璃器皿及刀具。持续的创新及时尚的设计与优异的品质相得益彰，是WMF产品的独特之处。这些优势帮助WMF确立了德国餐具及厨具的市场领袖地位，并成为著名德国品牌。
Edelweiss,Edelweiss,雪绒花（又名：火绒草（学名：Leontopodiumleontopodioides））为菊科火绒草属的多年生草本高山植物，原产西欧。火绒草植株高度15－40cm，植株被白色或灰白色绒毛。性寒，味微苦。具有清热凉血、益肾利水的功效。主治急慢性肾炎、尿血，对消失蛋白尿和血尿亦有效。奥地利和瑞士的国花。
POLA,POLA,Pola是即拍即现，一次成像相机。1947年，美国人发明了一次成像胶片，并由宝丽来公司生产出一次成像的拍立得相机。这一发明，使得旅游者的摄影变得非常方便，而不用受当时还非常不普及的冲洗服务的影响。这种照相机用特种胶片，拍摄后立即自动冲洗。在拍摄后从相机中拉出或自动弹出的已经是冲洗好的照片。拍摄者即拍即现可以看到刚拍摄的效果。
秀碧,秀碧,秀碧隶属于德国麦氏大药厂，产自德国，主要针对去除手术或乳房切除手术所产生的疤痕。
Refresh,refresh,refresh英语动词，意思是使恢复，使振作，使焕然一新，翻新，恢复精神，补充给养。
拜耳,拜耳,拜耳公司是世界最为知名的世界500强企业之一。公司的总部位于德国的勒沃库森，在六大洲的200个地点建有750家生产厂；拥有120000名员工及350家分支机构，几乎遍布世界各国。高分子、医药保健、化工以及农业是公司的四大支柱产业。公司的产品种类超过10，000种，是德国最大的产业集团。该公司生产的阿司匹林，被人们称为“世纪之药”，也创造出了“魔鬼的杰作”，就是海洛因。
BAYER,拜耳,拜耳公司是世界最为知名的世界500强企业之一。公司的总部位于德国的勒沃库森，在六大洲的200个地点建有750家生产厂；拥有120000名员工及350家分支机构，几乎遍布世界各国。高分子、医药保健、化工以及农业是公司的四大支柱产业。公司的产品种类超过10，000种，是德国最大的产业集团。该公司生产的阿司匹林，被人们称为“世纪之药”，也创造出了“魔鬼的杰作”，就是海洛因。
EAORON,EAORON,EAORON 是澳大利亚健康产业有限公司旗下护肤品牌，品牌注册号：19499993。 
美诺,美诺,美诺Miele，1899年创立于德国，百年家电品牌，秉承"ImmerBessr不断超越"的信念。
佳尼,佳尼,《佳尼》是一款IOS平台的应用。
abid,Abid,Abid阿尔及利亚籍运动员。
艾乐贝贝,艾乐贝贝,艾乐贝贝(AILEBEBE)品牌是日本汽车用品综合制造商【CARMATE】的儿童安全座椅品牌。1966年CARMATE公司成立于日本东京，1986年开始销售儿童安全座椅。 
CROWN,Crown,《Crown》是一首由姜伊然演唱的歌曲。
BabyBjorn,babybjorn,BabyBjorn是来自瑞典的专业婴儿用品生产商。1961年，BjörnJakobson与他妻子的姐姐Elsa共同在瑞典斯德哥尔摩贝里斯哈姆拉创立了BabyBjorn公司。同年，公司推出了第一款产品——婴儿椅，受到儿科专家的推荐，在多本瑞典杂志中被报道，市场需求剧增。1973年，BabyBjorn推出了第一款婴儿背袋，取名为"贴心关怀"，再次获得父母的青睐。
APRICA,Aprica,“Aprica”是一家来自日本的世界一流品牌，致力于世界先进育儿理念及科学育儿器具的传播：在亚洲、欧洲、美洲等地区多次以主办者身份召开过国际育儿研究会，并对国际育儿做出过重大贡献的社会人士颁发了内藤寿七郎国际育儿奖（葛西健藏奖），获奖人士包括：肯尼迪（美）、南希・里根（美）、撒切尔夫人（英）等，并得到包括联合国世界卫生组织在内的多个国际会社的大力支持。
农夫山泉,农夫山泉,农夫山泉即农夫山泉股份有限公司原名“浙江千岛湖养生堂饮用水有限公司“，其公司总部位于浙江杭州，系养生堂旗下控股公司，成立于1996年9月26日。该公司是中国大陆一家饮用水生产企业，拥有浙江千岛湖、吉林长白山、湖北丹江口、广东万绿湖、陕西太白山、新疆天山玛纳斯、四川峨眉山、以及贵州武陵山八大优质水源基地 。
SPC,SPC,统计过程控制（StatisticalProcessControl）是一种借助数理统计方法的过程控制工具。它对生产过程进行分析评价，根据反馈信息及时发现系统性因素出现的征兆，并采取措施消除其影响，使过程维持在仅受随机性因素影响的受控状态，以达到控制质量的目的。
