全棉时代,全棉时代,全棉时代是指深圳全棉时代科技有限公司（简称Purcotton全棉时代）是稳健医疗集团的子公司。成立于2009年12月7日，创始人李建全。Purcotton全棉时代，取自Pure+Cotton的单词组合，意为用天然棉花生产出健康、亲肤、高品质的生活护理用品。
PurCotton,全棉时代,全棉时代是指深圳全棉时代科技有限公司（简称Purcotton全棉时代）是稳健医疗集团的子公司。成立于2009年12月7日，创始人李建全。Purcotton全棉时代，取自Pure+Cotton的单词组合，意为用天然棉花生产出健康、亲肤、高品质的生活护理用品。
好孩子,好孩子,好孩子 旗下包含好孩子中国控股有限公司和好孩子国际控股有限公司，是全球领先的儿童用品公司及中国最大的母婴产品分销和零售平台，于1989年由宋郑还在昆山创立，专业从事儿童及母婴产品的研发、制造及全渠道分销和零售。“关心孩子、服务家庭、回报社会”，好孩子二十余年如一日，以“改善儿童生存环境，提高儿童生活品质”为使命，通过持续创新，不遗余力地为天下父母提供安全易用、充满爱心的优质育儿产品，为孩子们营造健康、快乐的成长环境。
gb,英国,大不列颠及北爱尔兰联合王国（UnitedKingdomofGreatBritainandNorthernIreland），简称“英国”（UnitedKingdom），本土位于欧洲大陆西北面的不列颠群岛，被北海、英吉利海峡、凯尔特海、爱尔兰海和大西洋包围。英国是由大不列颠岛上的英格兰、威尔士和苏格兰以及爱尔兰岛东北部的北爱尔兰以及一系列附属岛屿共同组成的一个西欧岛国。除本土之外，其还拥有十四个海外领地， 总人口超过6500万，其中以英格兰人（盎格鲁-撒克逊人）为主体民族，占全国总人口的占83.9%。 1688年的光荣革命确立了君主立宪政体，18世纪60年代至19世纪30年代成为世界上第一个完成工业革命的国家 ，国力迅速壮大。18世纪至20世纪初期英国统治的领土跨越全球七大洲，是当时世界上最强大的国家和第一大殖民帝国，其殖民地面积等于本土的111倍， 号称日不落帝国。在两次世界大战中都取得了胜利，但国力严重受损。到20世纪下半叶大英帝国解体，资本主义世界霸权的地位被美国取代。不过，现在英国仍是一个在世界范围内有巨大影响力的大国。 英国是一个高度发达的资本主义国家，欧洲四大经济体之一，其国民拥有较高的生活水平和良好的社会保障制度。作为英联邦元首国、八国集团成员国、北约创始会员国、英国同时也是联合国安全理事会五大常任理事国之一。北京时间2018年3月19日，欧盟与英国就2019年3月英国脱离欧盟后为期两年的过渡期条款达成广泛协议。  
良良,良良,良良，国内婴童睡眠保健用品专家。来自于南昌良良实业有限公司，由李九华先生于2000创建。经过良良人十余年的不懈努力，良良业已成为行内巨头，旗下产品远销东南亚，受到国内外妈妈的青睐。
象宝宝,象宝宝,象宝宝指是江苏象宝宝科技有限公司 （简称ElepBaby象宝宝）、2012年2月6日在苏州市吴中区市场监督管理局登记成立。坐落于素有“人间天堂”之称的历史名城——苏州 ，公司旗下苏州象宝宝服饰厂是一家综合产品开发、设计、生产、销售于一体的生产加工型企业。Elepbaby象宝宝，“象”与“祥”字谐音，寓意专业生产健康、亲肤、高品质的生活的母婴护理用品，带给宝宝更多欢笑与快乐。
棒棒猪,棒棒猪,棒棒猪（babybbz）广东泽浩棒棒猪科技股份有限公司旗下品牌 ，儿童安全防护领先品牌。 棒棒猪品牌于2009年由谢益长先生开创，自创立以来，棒棒猪专注于0-6岁儿童安全防护用品的研发和销售，产品远销欧洲、美洲、中东、亚洲等地区，受到万千妈妈的追捧和喜爱，被誉为全球儿童安全领跑者。 棒棒猪是儿童安全防护的开创者，累计已获得国家颁发的50多项发明专利！棒棒猪致于为全球儿童提供高品质全方位的安全防护。棒棒猪是最早专注儿童床护栏的开发和销售的企业，始终坚持尊重、信念、创新、开放的企业价值观，在产品的开发和研究方面一直保持开拓创新的精神，努力为全球儿童提供高品质的儿童防护产品。其中的床护栏系列产品自推出以来一直位居全网床护栏第一品牌和销售冠军。 
子初,刘巴,刘巴（？－222年），字子初，荆州零陵郡烝阳县（今湖南省衡阳县、邵东县一带）人，汉末至三国蜀汉时期官员、名士。刘巴少知名，荆州牧刘表多次征用推举，刘巴均不应就。曹操征伐荆州，荆州士人多归刘备，刘巴却北上投靠曹操。后受曹操命令招降荆南三郡，不料先为刘备所得，刘巴不能复命曹操，遂远至交趾，又辗转进入益州。刘备平定益州后，刘巴归附刘备，为左将军西曹掾，法正死后接任尚书令。章武二年（222年）去世。刘巴博学多才，为刘备解决入蜀后的财政困难问题，又与诸葛亮等共制蜀汉的法律文件《蜀科》。为人简朴清高，退无私交，曹魏大臣陈群甚敬重之。所著录于《刘令君集》。
南极人,南极人,南极人，成立于1997年是中国最早成立的内衣企业之一，首创保暖内衣产品，开创了中国内衣行业发展的新道路。历经18年的成长蜕变，南极人已经在内衣、母婴、服装、床品&布艺、厨品、鞋品、服饰配件、户外、家电等9大品类的55大类目产品线中取得突出的成绩，签约国民好媳妇海清，共同为国人带来“全品类消费品王国”，努力打造让用户尖叫的产品，创造极致的用户体验。南极人每年卖出上亿件/套的产品，为几亿人提供舒适、优质的日常生活所需。2014年双十一，南极人取得了单天1.8亿元的销售成绩，是南极人转型互联网企业后，模式创新的最强有力证明。2016年双十一，南极人取得了5.4亿元的销售业绩，再次刷新了历史记录！
十月结晶,十月结晶,十月结晶 是杭州施俞儿电子商务有限公司旗下品牌从事妈妈产前产后护理用品领域，主要包括待产用品、产后护理用品、产前护理用品、产后恢复用品、初生婴儿用品全套等健康护理用品。十月结晶产品具有安全、科学、专业等特点。
迪士尼,迪士尼,全球闻名遐迩的迪士尼，全称为TheWaltDisneyCompany，取名自其创始人华特·迪士尼，是总部设在美国伯班克的大型跨国公司，主要业务包括娱乐节目制作，主题公园，玩具，图书，电子游戏和传媒网络。皮克斯动画工作室（PIXARAnimationStudio）、惊奇漫画公司（MarvelEntertainmentInc）、试金石电影公司（TouchstonePictures）、米拉麦克斯（Miramax）电影公司、博伟影视公司（BuenaVistaHomeEntertainment）、好莱坞电影公司（HollywoodPictures）、ESPN体育，美国广播公司（ABC）都是其旗下的公司（品牌）。迪士尼于2012年11月收购了卢卡斯影业。2017年6月，《2017年BrandZ最具价值全球品牌100强》公布，迪士尼排名第18位。 
Disney,迪士尼,全球闻名遐迩的迪士尼，全称为TheWaltDisneyCompany，取名自其创始人华特·迪士尼，是总部设在美国伯班克的大型跨国公司，主要业务包括娱乐节目制作，主题公园，玩具，图书，电子游戏和传媒网络。皮克斯动画工作室（PIXARAnimationStudio）、惊奇漫画公司（MarvelEntertainmentInc）、试金石电影公司（TouchstonePictures）、米拉麦克斯（Miramax）电影公司、博伟影视公司（BuenaVistaHomeEntertainment）、好莱坞电影公司（HollywoodPictures）、ESPN体育，美国广播公司（ABC）都是其旗下的公司（品牌）。迪士尼于2012年11月收购了卢卡斯影业。2017年6月，《2017年BrandZ最具价值全球品牌100强》公布，迪士尼排名第18位。 
威尔贝鲁,威尔贝鲁,威尔贝鲁/wellber是常州市威尔纺织品有限公司旗下的原创品牌，是国内母婴纺织品行业的品牌。
妙心,妙心,《妙心》是由MM荣月编写的一本小说。
英氏,英氏,英氏是国内知名的婴幼儿食品品牌，旗下产品包括婴幼儿配方奶粉、婴幼儿米粉及清清葆、面条、肉酥、葡萄糖、饼干等多种营养食品。英氏销售网络遍及中国大陆30多个省、市、自治区。英氏以“精致营养”为理念，提供均衡全面的营养补充，为中国宝宝专属定制奶粉，将品质、可全程透明追溯的英氏Smile婴幼儿配方奶粉带给中国宝宝，帮助宝宝健康快乐成长。
序言,序言,序，亦称“叙”，或称“引”，又名“序言”、“前言”、“引言”，是放在著作正文之前的文章。作者自己写的叫“自序”，内容多说明它的内容，写作缘由，经过，旨趣和特点；别人代写的序叫“代序”，内容多介绍和评论该书的思想内容和艺术特色。
妈妈果,妈妈果,“妈妈果ORG.MAMA”隶属于北京正安品致科技有限公司，主营有机棉母婴家纺，以“人正心安，品致母婴”为企业理念。
贝谷贝谷,贝谷贝谷,贝谷贝谷是由婴童设计师丽春女士创立的隶属于江西优典实业有限公司的育婴品牌。
Disney baby,disney baby,《disneybaby》是一款Android平台的应用。
精典泰迪,精典泰迪,
黄古林,古林镇,古林镇 原是浙江省宁波市鄞州区辖镇，2016年10月，划归海曙区。 古林，又名黄古林，是闻名中外的草席之乡，也是鄞州历史上四大重镇之一。古林镇坐落于甬江、姚江、奉化江上游，东与宁波市区接壤，南邻宁波栎社机场，杭甬高速公路和鄞县大道穿境而过，境内的段梅公路横贯东西，水网纵横交叉，为典型的江南水乡。
艾娜骑士,艾娜骑士,艾娜骑士，诞生于2001年的上海道捷公司，在孕育了7年后，终于厚积薄发地推出了Ainakids的品牌，在过去的7年中，我们与欧洲各大家纺品牌精诚合作，完美地吸收了来自欧洲的全新睡眠理念，绿色健康，舒适温馨，简单生活。如今，我们将此理念带给您的宝贝。我们在宝贝专家的指导下，针对中国宝贝的生活特点，集研发，设计，生产于一体，为您的宝贝营造一个独一无二的梦幻天堂。
babycare,Babycare,Babycare是上海夕尔实业有限公司旗下代理的母婴品牌，于2016年06月07日申请成功。
贝贝怡,贝贝怡,贝贝怡 （Bornbay）是厦门蓓蕾初华网络科技有限公司旗下的婴幼服装品牌，经过近四年的高速发展，贝贝怡已经成为国内知名的婴幼儿内衣B2C品牌。
Bornbay,贝贝怡,贝贝怡 （Bornbay）是厦门蓓蕾初华网络科技有限公司旗下的婴幼服装品牌，经过近四年的高速发展，贝贝怡已经成为国内知名的婴幼儿内衣B2C品牌。
佳韵宝,佳韵宝,佳韵宝品牌属于苏州威尔德工贸有限公司。品牌服务包括有哺乳用垫、产包、婴儿尿布等母婴类产品。 
碧荷,碧荷,P.Health碧荷，国际知名记忆枕品牌！P.Health品牌名源于1968年的荷兰首都阿姆斯特丹，是上世纪六十年代美国太空总署为宇航员研发记忆棉（聚醚聚氨酯材质）之后，第一家得到授权的记忆枕品牌。
P.Health,p.health,P.Health碧荷，荷兰知名记忆枕品牌！P.Health品牌名源于1968年的荷兰首都阿姆斯特丹，是上世纪六十年代美国太空总署为宇航员研发记忆棉（聚醚聚氨酯材质）之后，第一家得到授权的记忆枕品牌。
博睿恩,博睿恩,博睿恩；PUREBORN于2012年12月11日创建成功，是由无锡博睿恩网络科技有限公司在国家商标总局注册的品牌，申请号是11872544 
指向标,指向标,指向标，地图上一种定向的工具，指向标尖的一头指向的地方一般是北方。
优奇,优奇,优奇是隶属于“佛山优奇婴儿用品网售有限公司”专业婴童服饰的网售品牌。
龙之涵,龙之涵,龙之涵品牌代表着中国传统的民族手工纺织品产业，健康化经营为特色，专做棉工厂和枕工坊两大特色系列。
3M,3M公司,3M公司全称MinnesotaMiningandManufacturing（明尼苏达矿务及制造业公司），创建于1902年，总部设在美国明尼苏达州的圣保罗市，是世界著名的产品多元化跨国企业。3M是全球性的多元化科技企业，创建于1902年，素以勇于创新、产品繁多著称于世，生产数以万计的创新产品，在医疗产品、高速公路安全、办公文教产品、光学产品等核心市场占据领导地位。3M为全球近200多个国家的客户提供产品及服务，其产品已深入人们的生活，从家庭用品到医疗用品，从运输、建筑到商业、教育和电子、通信等各个领域，极大地改变了人们的生活和工作方式。
费雪,费雪,费雪，费雪方程式是货币数量说的数学形式，即MV=PQ，该方程式说明在V、Q比较稳定时，货币流通量M决定物价P。
公主妈妈,公主妈妈,《公主妈妈》是一款Android平台的应用。
丽婴房,丽婴房,Lesenphants，隶属于上海上海丽婴房婴童用品有限公司，取自法文「孩子们」的涵义。公司主营童装，童鞋，玩具，童床等儿童用品。
Les enphants,丽婴房,Lesenphants，隶属于上海上海丽婴房婴童用品有限公司，取自法文「孩子们」的涵义。公司主营童装，童鞋，玩具，童床等儿童用品。
小龙哈彼,小龙哈彼,小龙哈彼，一个中国妈妈们喜欢的品牌，有童车，床，价格优惠，深受全国各地年轻消费者所喜爱。
iplay,iPlay,AirMobiiPlay乐路由iPlay是Airmobi品牌推出的一款主打音乐播放的便携式路由器，也是全球首款音乐路由。外观精致小巧，即插即用，非常符合家居和商旅使用。iPlay支持三种路由模式：AP模式，Repeater模式，Router模式，可以通过产品表面的模式切换开关来选择应用模式。在三种应用模式下，iPlay都可以实现音乐推送的功能：1、将iPlay插在电源插座，通过AUDIO端口与立体声音箱或扬声器连接；2、手机，平板电脑或计算机连接上iPlay的无线网络；3、手机，平板电脑通过APP，计算机通过iTunes，将设备本地音乐及iPlay所连接的U盘中的音乐无线推送到iPlay，音乐将从音箱或扬声器中播放出来。iPlay还可以实现U盘数据分享的功能：1、将iPlay插在电源插座，将U盘与iPlay通过USB接口连接；2、手机，平板电脑或计算机连接上iPlay的无线网络；3、手机，平板电脑：通过APP，可以无线浏览、下载iPlay所连接的U盘中的音乐、视频、照片和文件，也可以将手机，平板电脑的文件无线上传到U盘中；计算机：双击打开“我的电脑”，在地址栏中输“ftp://192.168.0.1”，然后回车，即可访问U盘中的所有资料。
格子熊,格子熊,《格子熊》是一款壁纸美化类软件，支持Android2.1运行系统。
萌宝,萌宝,萌宝是一款育儿软件，你可以在这里方便的记录宝宝的每一个瞬间，每天都写下一篇宝宝专属的日记，陪伴宝宝快乐的成长。或者在这里了解宝宝成长的相关信息、掌上购物、学习知识等等。
黄色小鸭,黄色小鸭,黄色小鸭PIYOPIYO是东凌股份有限公司的一个商品品牌名称。目前黄色小鸭系列商品已发展文具、礼品、家饰品、陶瓷礼品、绒毛玩具、婴幼儿用品、美耐皿餐具、袋类等。商品种类多达1000余种。年龄层从0岁至35岁客户层相当的广泛。东凌股份有限公司成立于西元1988年5月。在西元1991年推出黄色小鸭PIYOPIYO品牌商品，又在西元2000年创立艾比熊ABBYBEAR品牌之系列商品。
德佑,德佑,（1275年-1276年四月）是宋恭帝的年号。南宋使用这个年号共2年。
袁素,袁素,袁素，原名袁香章，1922年生于江苏省如皋县。1940年，他在新四军创办的如皋滨江中学读书。1942年，袁素加入中国共产党。中学毕业后，组织上分配他到如皋县车马湖区任区委宣传干事，后又担任宣传科长。
网易严选,网易严选,网易严选，网易旗下原创生活类自营电商品牌，于2016年4月正式面世，是国内首家ODM（原始设计制造商）模式的电商，以“好的生活，没那么贵”为品牌理念。严选通过ODM模式与大牌制造商直连，剔除品牌溢价和中间环节，为国人甄选高品质、高性价比的天下优品。 
大嘴猴,大嘴猴,大嘴猴（PaulHomme）是国际知名品牌，以色彩缤纷、年轻、可爱、时尚感出现在服饰、鞋、童鞋、内衣、泳装、睡衣、家俱、腕表、太阳镜、童装、儿童卡通书和儿童自行车等各种系列产品上。刚开始时只是小小的规模，可真是个了不起的《猴子生意》！一间创造出百万美元销售额度的流行配件公司。大嘴猴这个图像相当吸引着年轻世代，商品在世界各地大受欢迎。电影像是《王牌大间谍/第二至第三集》、《美国派/第一至第二集》、《冒牌老爸》、《小姐好辣》。电视里的MTV、E!、DHARMAANDGREG、MADTV、ALLYMCBEAL。主题性的流行杂志像SEVENTEEN、VOGUE、INSTYLE、GLAMOUR、W等都可以发觉到它的踪影。
Paul Frank,paul frank,PaulFrank（大嘴猴）是和CalvinKlein齐名的国际知名品牌。它以色彩缤纷、年轻、可爱、时尚感吸引无数狂热粉丝，成为一个全球化的流行潮牌，大嘴猴“Julius”的卡通造型已出现在服饰、鞋、童鞋、内衣、泳装、睡衣、家俱、腕表、太阳镜、童装、儿童卡通书和儿童自行车等各种系列产品上。PaulFrank（大嘴猴）的商品也已在美国、加拿大、欧洲、中东、澳大利亚、香港、台湾、韩国、日本、马来西亚、新加坡、泰国、中国大陆等各地销售，（全世界超过2000家店铺），商品成功植入了各种热播的影视作品，成为众多明星的宠儿，在世界各地大受欢迎。电影：例如《王牌大间谍/第二至第三集》、《美国派/第一至第二集》、《冒牌老爸》、《小姐好辣》。电视剧：例如《浪漫满屋》、《爱在日月潭》等。从美洲的小甜甜布兰妮，克里斯蒂娜·阿奎莱拉，到亚洲的宋慧乔，张柏芝等明星都是PaulFrank（大嘴猴）的超级粉丝。
Summer,萨摩·格拉,萨摩·格拉SummerLynGlau，1981年7月24日出生于德克萨斯，圣安东尼奥，演员。虽然她在接近墨西哥边界的地方长大，但是她却不带拉丁裔血统。她的祖先是日耳曼人，爱尔兰人和苏格兰人。她有两个妹妹，Christie和Kaitlin。她父亲是一个承包商，母亲是学校教师。她祖父在空军作过飞行员，去过全球各地。 
巴布豆,巴布豆,巴布豆（英文名为BOBDOG）1994年在上海设立了第一家巴布豆专柜，并荣获“上海市著名商标”，“中国驰名品牌”，“最受欢迎的卡通品牌”和“全国市场放心消费品牌”等。2009年巴布豆（中国）儿童用品有限公司拥有巴布豆全球著作权与商标销售网络遍布全国。在逐步拓展版图的同时看到中国面对外来文化的冲击身为中国的儿童品牌巴布豆感受到中国的下一代在物质丰足之外更需要的是如何在潜移默化中传承中国文化精神与建立优良品德价值让他们将来带着中国梦迈向世界。
babylove,BABYLOVE,BABYLOVE.美国最早从事草本植物精华美容护肤的公司。同时也是目前美国最大的一家植物精华油供应商。其产品研发合作机构是美国生物科学发展研发中心。在中国了解美国生物科学发展研发中心的人并不多，但说起宝洁、雅诗兰黛、兰蔻等则家喻户晓。事实上，玉兰油、雅诗兰黛、兰蔻等护肤产品核心技术均由美国生物科学发展研发中心研发。
贝彤,贝彤,“贝彤”创立于2005年，是特色婴童寝具品牌。旗下产品包括婴儿枕、婴儿凉席等多个系列，拥有多项国家专利，并采用竹纤维、竹炭、蚕丝等多种特色环保材质。
拉比,拉比,拉比（Rabbi），有时也写为辣彼，是犹太人中的一个特别阶层，是老师也是智者的象征，指接受过正规犹太教育，系统学习过《塔纳赫》、《塔木德》等犹太教（Judaism）经典，担任犹太人社团或犹太教教会精神领袖或在犹太经学院中传授犹太教教义者，主要为有学问的学者。犹太教负责执行教规、律法并主持宗教仪式的人。原意为教师，即口传律法的教师。2～6世纪曾作为口传律法汇编者的称呼。后在犹太教社团中，指受过正规宗教教育，熟悉《圣经》和口传律法而担任犹太教会众精神领袖或宗教导师的人。
忆爱,忆爱,《忆爱》是一首由季晨诺、苏懒懒演唱的歌曲，苏懒懒作词、作曲。
KDE,KDE,KDE，K桌面环境(KDesktopEnvironment)的缩写。一种著名的运行于Linux、Unix以及FreeBSD等操作系统上的自由图形桌面环境，整个系统采用的都是TrollTech公司所开发的Qt程序库（现在属于Digia公司）。KDELinux操作系统上最流行的桌面环境之一。KDE是一个网络透明的现代化桌面环境，支持Linux、FreeBSD、Unix、其它类Unix、MacOSX和微软的Windows。 
芙儿优,芙儿优,芙儿优是中国婴童行业中首个提出婴童睡眠中心的企业，是中国婴童用品行业中最为高端的品牌之一。
棉店,棉店,棉店(cottonSHOPkids)品牌源自于法国巴黎，是全球最具发展潜力的国际品牌之一。棉店(cottonSHOPkids)品牌童装，是"cottonshop"旗下品牌系列之一，是儿童欧陆风情的演绎者，简约而富于时尚感，精致典雅，充满艺术气质等特性，使得"棉店(cottonSHOPkids)"品牌的每一件作品均处时尚的前列，并引领儿童时尚潮流。
伯斯马丁,伯斯马丁,伯斯马丁是全球专业的muslin纱布品牌，以真挚呵护每一个宝宝的健康成长。
贝壳日记,贝壳日记,中文名贝壳日记作者渤海睡鱼小说类型都市言情
童颜,童颜,童颜是一个汉语词汇，意思是儿童的容颜。亦谓红润如儿童的容颜。出自南朝.宋鲍照《萧史曲》。
Hope,hope,hope，英文单词。中文翻译为:希望、期望、希望的东西、相信、认为等。可以做名词，也可以做动词。同时，hope还可作为人名使用，中文翻译为:奥普。
康维佳,康维佳,康维佳，男，中央人民广播电台记者·1962年2月生于山西省运城市，祖籍山西省平遥县南郑乡南郑村，高级记者，中央人民广播广播电台山西记者站站长。
俞兆林,俞兆林,俞兆林（1996年7月1日），出生于上海市，是上海兆林实业有限公司总裁，曾获得1996年获第九届”星火杯”创造发明竞赛金奖，2004年荣获3.15”全国质量服务双保—维护消费者合法权益诚信单位”，并荣获”中国著名品牌”荣誉称号。俞兆林终于研制出了导湿保暖复合绒，1996年7月1日，俞兆林创办了上海兆林实业有限公司。
嫚熙,嫚熙,嫚熙 EMXEE是英国嫚熙服饰集团旗下旗舰品牌，英国孕婴行业知名品牌，全球孕婴文化倡导者和建设者。嫚熙品牌创立于上世纪90年代末期，至今已有20多年的品牌积淀。 品牌创立之初就专注于孕婴细分市场的深耕，对孕婴全系产品进行不断的研发和创新。遍布全球的研发团队通过不断收集不同孕产妇和婴儿在孕期和成长过程中的生理心理结构变化情况，运用最先进的大数据统计方式进行更加精细化的分类研发，结合人体工程学原理，研发设计出更加简约大方，端庄得体、优雅靓丽的孕婴全系产品。嫚熙品牌定位高端孕婴人群，坚持围绕孕婴文化建设为主线，不断丰富产品线，产品涵盖防辐射孕妇时装、孕妇时装、孕婴洗护用品、孕产用品、婴童用品等其他孕婴全系产品。遍布全球的销售网络，时尚便捷的门店销售和现代化电子商务网络销售相结合，创新无止境的研发能力和良好的产品口碑以及更加贴心便捷的购物体验深受全球准妈咪的青睐，销量遥遥领先。成为孕婴行业标准制定者，时尚防辐射孕妇装行业领导品牌。 
EMXEE,emxee,
i-baby,i-baby,i-baby是中国高端婴童领先品牌，涵盖世界顶级童床、童车、婴童服装、婴童家纺、儿童礼服等产品。秉承“天地之美，良心品质”的经营理念和“让下一代高贵成长”的企业使命，全面满足中国婴幼儿家庭的核心基本需求。
BBL,BBL,bbl是石油单位1bbl就是1桶，原油比重由0.8到1.0公斤/升，所以一桶石油的重量也不尽相同。大约在128-142公斤之间。
优乐,优乐,重庆优乐装饰工程有限公司是一家专业从事家庭装修，设计与施工为一体的整装装饰企业。
YOLO,yolo,YOLO，美语新词，是YouOnlyLiveOnce的首字母缩略词，意为你只能活一次，是坏孩子做坏事前的宣言。和拉丁语的“及时行乐”或“死亡警告”相类似，YOLO的寓意是人应该享受人生，即使需要承担风险。就是鼓励人们不怕冒险，想做什么就做什么，享受人生，因为只会活一次。 现在这一句话常常用在青少年的对话和音乐当中。加拿大饶舌歌手德雷克的《TheMotto》使此句普及于网络中。
棉花堂,棉花堂,棉花堂是上海棉花堂商贸有限公司旗下品牌，主营自主设计婴童产品，坚持纯棉、人性设计、环保理念。同时携手育儿专家互动问答，帮助每个妈妈，真正做到科学、健康育儿。 
大朴,大朴,大朴，汉语词汇。拼音：dàpǔ谓原始质朴的大道。
笨笨熊,笨笨熊,笨笨熊是两只憨厚可爱的小熊，锯齿状的发型搭配椭圆形的脸，外表可爱又不失利索，别具风格。笨笨熊将教会现实中的我们在爱情路上如何学会给予和接受。
HALO,halo,Halo（光晕）是一款由Bungie开发的科幻游戏系列，而版权和发行商为微软游戏工作室。于2001年发行游戏故事的中心人物和主角是MasterChief（士官长），是一个经过一个叫“斯巴达二期”的计划改造而成的人类超级战士。为了拯救人类未来的生存而与Covenant（星盟）战斗。其中星盟是一个由极端教义控制的外星人联盟军队。
迪尼贝儿,迪尼贝儿,“迪尼贝儿”是厦门贝儿乐儿童用品有限公司旗下主打品牌之一。
DNBR,DNBR,DNBR，在反应堆设计中，为了保证反应堆的安全，在设计中总是要求核燃料元件表面的最大热流密度小于临界热流密度，即冷却剂带走的热量比核燃料释放的热量大，以防止堆芯过热融化。为了定量地表达这个安全要求，引入了DNBR。
FOSSFLAKES,FOSSFLAKES,FOSSFLAKES是北欧丹麦生产世界专利填充料和寝具的企业，FOSSFLAKES寝具填充材料经过世界专利注册，是世界上唯一经过正规可水洗和烘干测试的科技芯类寝具。
婧麒,婧麒,婧麒品牌于2004年创立，意大利知名品牌，专注孕妇防辐射服的设计与制作，该品牌不仅致力于孕妇防辐射服的设计与开发，还注重孕婴文化的建设。2011年，婧麒正式入驻中国市场，率先采用网络营销为主要销售渠道，婧麒根据中国人体特点，专门为中国孕妈妈们设计出简约大方、端庄优雅的防辐射服，让中国准妈妈在得到远离辐射备受呵护的同时穿出时尚孕味。为了结合中国传统文化，将意大利JoynCleon品牌翻译为“婧麒”，蕴意着美丽贤淑、德才兼备的女子也将和乔伊的妻子珍妮一样备受关爱和呵护，并且孕育出健康聪明的小生命。2011年，全球领先的市场研究机构AC尼尔森，婧麒评为十大防辐射孕妇装品牌。 
下一代,下一代,香港电影《下一代》由新艺影业公司于1955年出品。该片改编自丽的呼声广播小说，由胡鹏执导，石坚、甘露、白燕、袁步云、黄楚山、张活游等领衔主演。
贝唯他,贝唯他,贝唯他(Bebivita)品牌始于1994年，德国婴幼儿食品市场三大品牌之一、德国母婴民生品牌、德国HiPP集团旗下品牌。 是针对年轻一代爸爸妈妈设计生产的婴幼儿配方奶粉、婴儿米粉。他们热情不乏理性，对名牌、优质认同，但又不会对品牌盲目追随，这样的年轻父母很快发现并认同了贝唯他，很快有越来越多的年轻妈妈们用贝唯他的产品来喂养她们的宝宝，所以贝唯他在德国传递的是年轻的、活力的、欢乐的、亲切的、热情的信息。 
澳乐,澳乐,澳乐 是广州星逸文化有限公司旗下的婴幼儿玩具品牌之一，创立于2012年。总部位于广州。专注0-7岁儿童玩具的设计、生产和销售，主营产品有海洋球、儿童帐篷、游戏围栏、滑梯、儿童泳池、儿童有声挂图、爬行垫、收纳架、投篮架等。 
蔓葆,蔓葆,蔓葆隶属于杭州曼波鱼贸易有限公司。为宝宝提供安全、优质、完善，拥有设计灵魂，包含高附加值的产品。
皇家之星,皇家之星,皇家之星婴童用品有限公司创立于2010年，位于昆山，以床垫为主的母婴类商品品牌。
宝升,宝升,1959年12月出生于内蒙古扎赉特旗。男，蒙古族，教授，博士生导师，现为福州大学客座教授在家乡接受初等教育。1982年1月在内蒙古海拉尔蒙师数学系（现呼伦贝尔学院数学科学学院）本科毕业。在内蒙古民族师院获得理学学士学位。毕业后被分配到内蒙古财经学院工作。两年后参加出国留学英语考试。于1986年前往新西兰Otago大学学习·于1988年获得Otago大学理学硕士学位，于1991年获得Otago大学博士学位。于1992年7月回内蒙古财经学院工作，先后被评为讲师，副教授和教授，并先后担任统计系副主任，主任职务·于1999年前往南非Natal大学任教。于2004年被福州大学引进。自2004年7月至今任福州大学数学教授，离散数学研究中心副主任，中国图论与组合数学学会秘书长，副理事长。他也是美国数学会《数学评论》的评论员，大洋洲组合数学学会会员，国际组合数学与应用研究会研究员。现兼职巴基斯坦AbdusSalam数学研究院外籍教授。研究兴趣：正则图中的圈，泛圈性，随机正则图，图的消圈数，图类中的序，图上的函数，软件开发，测试和评价。发表有30多篇学术论文。与内蒙古大学同事斯勤夫教授合作开发的图处理软件包（英文版）于1996年在国家版权局注册。
法妮雅,法妮雅,法妮雅-北京美发专业的高端造型设计是北京木子美业造型设计旗下的高端品牌法妮雅造型以其对美的深入了解、独特的审美视角精湛的专业技术为追求时尚的人士创造了时尚潮流法妮雅造型被誉为美发造型界的坐标.法妮雅作为北京高端造型设计以其专业的美发护理让您更美更时尚
mothercare,Mothercare,世界第一母婴用品服饰Mothercare来自简约、典雅的英国，创立于1961年。Mothercare品牌早为人所熟知与喜爱，更被视为全球最顶尖、最具代表性的专业婴童用品服饰连锁品牌，因为在英国，各个城镇都有它的足迹，在伦敦热闹的牛津街亦设有全球最大的旗舰店，吸引来自世界各地的品牌拥护者。1996年，Mothercare更荣获英国最高殊荣“女皇奖QUEEN'SAWARD”，成为婴童市场中的第一品牌，至今屹立不摇。mothercare产品类别涵盖母婴服饰、手推车、汽车安全座椅、儿童家具等多个类别，不愧号称母婴一站式购物商店。
爬爬,爬爬,山东乐陵方言，指的是蝉猴。它生活在土壤里，靠吸食植物根部的汁液维持生命。每当三伏天的时候出来。在天津，河北等部分华北地区方言中时常出现，泛指爬行类昆虫，如蚂蚁，蟑螂等。 
papa,Papa,Papa来源于日语中对爸爸的称呼。お父さん为敬语。口语为ばば，有时也用パパ（PAPA）。在子女幼年和童年的时候，习惯称呼自己的父亲为PAPA。拉丁语系中，也常称爸爸做PAPA。古拉丁语中指教皇。在语言的发展中，パパ逐渐成为了一种晚辈对长辈亲昵的尊称（仅仅对于男性）。含有尊敬和崇拜的意味。
特宝儿,特宝儿,
home,home,home是英文单词，意思是抽象的家的概念；住宅；出发点等。可作名词、副词、形容词、不及物动词、及物动词用。
贝亲,贝亲,贝亲是日本母婴用品品牌，创始于1957年，秉承爱的理念，致力于为消费者提供高品质和种类齐全的母婴用品和服务，贝亲产品涵盖了母乳喂养、奶瓶奶嘴、宝宝肌肤护理、衣物清洗、水杯餐具等抚育宝宝的方方面面。2002年正式进入中国市场之后，工厂规模和生产规模不断扩大，如今，贝亲在中国拥有上海外高桥、青浦和常州3家工厂，引进国外先进生产流水线，严格按照PQS（PigeonQualityStandard）执行管理。2013年，贝亲全新推出芬芳亲子洗护系列以及“真绵实感”婴儿纸尿裤 ，新品的推出强化了贝亲产品线，从而进一步提升了妈妈们育儿生活的品质。
沃尔玛,沃尔玛百货有限公司,沃尔玛百货有限公司，即沃尔玛公司（WalMartInc.）（NYSE：WMT），是一家美国的世界性连锁企业，以营业额计算为全球最大的公司，其控股人为沃尔顿家族。总部位于美国阿肯色州的本顿维尔。沃尔玛主要涉足零售业，是世界上雇员最多的企业，连续4年在美国《财富》杂志世界500强企业中居首位。沃尔玛公司有8500家门店，分布于全球15个国家。沃尔玛在美国50个州和波多黎各运营。沃尔玛主要有沃尔玛购物广场、山姆会员店、沃尔玛商店、沃尔玛社区店等四种营业方式。2013年11月25日，任命国际业务部主管董明伦（DougMcMillon）接任杜克（MikeDuke）为沃尔玛总裁兼首席执行官，该任命从2014年2月1日起正式生效。 2014年12月11日，海外媒体称沃尔玛将关闭约30%的中国门店。沃尔玛12月2日对中国区管理层以重组进行了裁员。 2014年12月沃尔玛非常重视对其公司不当行为的指控。 2016年6月29日，沃尔玛表示将向美国所有消费者开放两日达免费送货服务，这是沃尔玛在这一服务上的再一次拓展。 北京时间2016年7月20日晚与全球同步发布了最新的《财富》世界500强排行榜 。2017年6月7日发布的2017年《财富》美国500强排行榜，沃尔玛连续第五年蝉联榜首。2017年7月20日发布的《财富》世界500强排行榜，沃尔玛连续四年排名第一位。 
奥贝乐,奥贝乐,Koabela（奥贝乐）早教中心，引进澳洲先进教育理念。Koabela（奥贝乐）教育研究机构成立于1970年的澳大利亚墨尔本市，三十多年来专业从事婴幼儿早期教育研究，追踪研究数千个家庭，得到宝贵的婴幼儿早期发展数据并根据相关数据研究开发早期教育课程，帮助更多家庭婴幼儿在智力、语言和社会能力方面沿着正确的方向发展。据此koabela（奥贝乐）国际早教中心于2010年登陆中国上海，将先进科学的5A早教理念带入国内按照月龄进行课程划分，根据其心理和生理发展特点提供个性化婴幼儿教育方案，注重培养婴幼儿社会交往能力、动手能力、思考解决问题能力、发展认知水平，现在在沪拥有两家直营中心。
宜巢,宜巢,
夏奥,夏奥,
波司登,波司登,波司登是全国最大、生产设备最为先进的品牌羽绒服生产商，主要从事自有羽绒服品牌的开发和管理，包括产品的研究、设计、开发、原材料采购、外包生产及市场营销和销售。旗下品牌包括“波司登”、“雪中飞”、“康博”、“冰洁”、“冰飞”、“上羽”、“波司登男装”、“Ricci-Club女装”等。波司登集团1976年创立于江苏省常熟市，品牌创始人、现集团董事局主席为全国劳动模范，第十届、十一届、第十二届全国人大代表，优秀中国特色社会主义事业建设者，知名企业家高德康。2016年8月，波司登在"2016中国企业500强"中排名第436位。 
琳达妈咪,琳达妈咪,琳达妈咪是上虞金缘贸易有限公司注册的商标名 ，主要有肥皂、洗涤剂、洗面奶、洗衣用织物柔软剂、花露水、化妆品、爽身粉、洗衣粉、非医用漱口剂、去污剂等产品。 
丑丑,丑丑,欧丑丑，一个来自贵州山区的侗族姑娘，1983年出生于贵州省黔东南苗族侗族自治州，毕业于北京电影学院表演系。
GB,英国,大不列颠及北爱尔兰联合王国（UnitedKingdomofGreatBritainandNorthernIreland），简称“英国”（UnitedKingdom），本土位于欧洲大陆西北面的不列颠群岛，被北海、英吉利海峡、凯尔特海、爱尔兰海和大西洋包围。英国是由大不列颠岛上的英格兰、威尔士和苏格兰以及爱尔兰岛东北部的北爱尔兰以及一系列附属岛屿共同组成的一个西欧岛国。除本土之外，其还拥有十四个海外领地， 总人口超过6500万，其中以英格兰人（盎格鲁-撒克逊人）为主体民族，占全国总人口的占83.9%。 1688年的光荣革命确立了君主立宪政体，18世纪60年代至19世纪30年代成为世界上第一个完成工业革命的国家 ，国力迅速壮大。18世纪至20世纪初期英国统治的领土跨越全球七大洲，是当时世界上最强大的国家和第一大殖民帝国，其殖民地面积等于本土的111倍， 号称日不落帝国。在两次世界大战中都取得了胜利，但国力严重受损。到20世纪下半叶大英帝国解体，资本主义世界霸权的地位被美国取代。不过，现在英国仍是一个在世界范围内有巨大影响力的大国。 英国是一个高度发达的资本主义国家，欧洲四大经济体之一，其国民拥有较高的生活水平和良好的社会保障制度。作为英联邦元首国、八国集团成员国、北约创始会员国、英国同时也是联合国安全理事会五大常任理事国之一。北京时间2018年3月19日，欧盟与英国就2019年3月英国脱离欧盟后为期两年的过渡期条款达成广泛协议。  
月亮船,月亮船,月亮船为原2010上海世博会沙特国家馆，以其独特的展示内容与令人震撼的展示方式成为世博会上最具人气的场馆之一
纤丝鸟,纤丝鸟,北京纤丝鸟服饰有限公司，始创于1989年，历经二十余年发展，已经成为中国针织行业的领军企业，下辖纤丝鸟、currency(凯瑞斯)，寓美等多个知名品牌的多元化时尚服饰集团。
SAFETY 1ST,SAFETY 1ST,SAFETY1ST是1997年8月26日申请注册的商标。 
卡伴,卡伴,
Evangeline,Evangeline,Evangeline伊文捷琳品牌创办人Schuhmacher舒马赫是一位生化学家，他是生于德国拥有着德国贵族血统的希腊籍后裔，出生于六十年代中期的舒马赫从小就天赋秉异，聪明过人，博古通今，教育良好，对于王室的尊贵奢华醉心迷离，对于家族的荣光眷恋不舍，所以年轻时代的舒马赫活力四射，魅力翩翩。
派蒙,派蒙,派蒙（Paymon），所罗门七十二柱魔神中位列第九位的魔神，统率着200支由天使和能天使组成的军队，掌管着西方，是路西法最忠诚的部下。
PMA,pma,pma（丙二醇甲醚醋酸酯）是一种高级溶剂，其分子中既有醚键，又有羰基，羰基又形成了酯的结构，同时又含有烷基。在同一分子中既有非极性部分，又有极性部分，这两部分的官能团既相互制约排斥，又各自起到其固有的作用。因此，对非极性物质和极性物质都有一定的溶解能力。
小帆船,小帆船,小帆船，是2001年发布的一首歌曲，演唱者伍佰。
雅氏,雅氏,achette中文名称：雅氏。始创于1968年，专注于高端休闲时尚鞋履的设计与制作。由PierreRobertHelaine先生与AndreHelaine女士共同创立，总部设在古老而浪漫的法国卢瓦尔河谷城堡区。achette品牌低调内敛，鞋履产品设计色彩鲜艳、优雅简洁致力于为穿着者带来舒适行走体验。
巴拉巴拉,巴拉巴拉,巴拉巴拉（Balabala）中国著名休闲品牌森马所有者中国森马集团2002年在香港创建的童装品牌
兰多,兰多,逆战中的角色
Tianbaby,TIANBABY,TIANBABY，是一个商标品牌，由上海凌欢实业有限公司于2017年06月28日在中国商标网注册。商品服务包括：婴儿学步车;婴儿更换尿布用垫;软垫;床;枕头;摇篮;婴儿摇床;婴儿床;婴儿用高椅;婴儿游戏围栏用垫 
iPlay,iPlay,AirMobiiPlay乐路由iPlay是Airmobi品牌推出的一款主打音乐播放的便携式路由器，也是全球首款音乐路由。外观精致小巧，即插即用，非常符合家居和商旅使用。iPlay支持三种路由模式：AP模式，Repeater模式，Router模式，可以通过产品表面的模式切换开关来选择应用模式。在三种应用模式下，iPlay都可以实现音乐推送的功能：1、将iPlay插在电源插座，通过AUDIO端口与立体声音箱或扬声器连接；2、手机，平板电脑或计算机连接上iPlay的无线网络；3、手机，平板电脑通过APP，计算机通过iTunes，将设备本地音乐及iPlay所连接的U盘中的音乐无线推送到iPlay，音乐将从音箱或扬声器中播放出来。iPlay还可以实现U盘数据分享的功能：1、将iPlay插在电源插座，将U盘与iPlay通过USB接口连接；2、手机，平板电脑或计算机连接上iPlay的无线网络；3、手机，平板电脑：通过APP，可以无线浏览、下载iPlay所连接的U盘中的音乐、视频、照片和文件，也可以将手机，平板电脑的文件无线上传到U盘中；计算机：双击打开“我的电脑”，在地址栏中输“ftp://192.168.0.1”，然后回车，即可访问U盘中的所有资料。
波咯咯,波咯咯,波咯咯， 宁波塔塔母婴科技有限公司 旗下的婴儿用品品牌。
麦车车,麦车车,青岛麦车车儿童用品公司主营批发零售童车、童床等系列婴幼儿产品，正规纳税人企业。公司秉承“先做人后做事”的原则，员工团结协作，于6年时间打造了一支全国最大的童车童床经销团队，旗下代理的好孩子、小龙哈彼、笑巴喜、威凯、babymate等51个知名品牌均为全国销量第一。又于2011年新开发了麦车车品牌，并以优秀的企业形象成为美国华特迪士尼的合法授权生厂商，致力于打造童车童床界时尚新模式，为中国的消费者提供高性价比的童车童床寝具产品。
MDB,MDB,mdb(messagedrivenbean)MDB也是EJB中消息驱动Bean的简称，MessageDrivenBean（MDB）。mdb(MicrosoftDatabase)格式是MicrosoftAccess软件使用的一种存储格式，因其对数据操作的方便性，常用在一些中小型程序中。
人之初,人之初,《人之初》是2010年未来出版社出版的图书，作者是意林杂志社。主要讲述童年是一生最美的阶段，那时的孩子是一朵花，也是一颗种子，是一片朦朦胧胧的聪明，一种永远不息的活动，一股强烈的欲望。
眠趣,眠趣,眠趣网，上海浩嘉电子商务有限公司旗下首个B2C电子商务零售网站；以现代化网络平台和呼叫中心为服务核心，运用先进的直效营销理念，配合卓越的供应链管理及高效完善的配送系统。
李晨曦,李晨曦,李晨曦，1988年12月16出生，模特。2010北京国际车展特邀模特，昕薇杂志平面模特。
爱贝乐,爱贝乐,爱贝乐，一个婴幼儿营养食品品牌。
潘帅,潘玮柏,潘玮柏（WilberPan），1980年8月6日出生于美国西弗吉尼亚州，祖籍上海市普陀区，华语流行乐男歌手、影视演员、主持人，毕业于加州州立理工大学。2001年3月，担任Channel音乐台的主持人，从而正式进入演艺圈 ；同年，出演个人首部电视剧《麻辣鲜师》。2002年12月，推出首张个人音乐专辑《壁虎漫步》，从而正式进军歌坛 。2003年9月，推出第二张个人音乐专辑《我的麦克风》 。2004年，凭借专辑《WuHa》获得“中国音乐榜”最佳新人奖。2005年11月，获得"中国风尚大典"港台风尚男歌手奖 。2006年，凭借专辑《反转地球》获得“东南音乐劲爆榜”港台地区劲爆最受欢迎男歌手奖 。2008年，在台湾偶像剧《不良笑花》中饰演男主角唐门 。2009年，凭借专辑《零零七》获得“新城国语力颁奖礼”亚洲跳唱歌手奖 。2010年，在台湾偶像剧《爱无限》中饰演男主角梁景晧 ，并获得“第46届台湾电视金钟奖”戏剧节目男主角奖 。2011年，推出第八张个人音乐专辑《808》 。2012年，凭借专辑《24个比利》获得“第20届中歌榜颁奖礼”港台及海外地区年度全能艺人大奖、年度最受欢迎男歌手 。2014年6月13日，推出第十张个人音乐专辑《王者丑生》 。2015年，主演都市情感剧《不得不爱》 。2016年6月，参加浙江卫视明星校园体验节目《我去上学啦第二季》的录制 。2017年，担任爱奇艺Hip-hop音乐选秀节目《中国有嘻哈》的明星制作人 ；同年，推出第11张个人音乐专辑《illi异类》 。
GRACO,GRACO,GRACO作为美国NewellRubbermaidTM集团下的一家公司，在全球范围内拥有1，500家合资合作单位。主要生产儿童座椅、推车等，源于1942年。
博雅,博雅,未见已有词书收录。或可解释为：丰丽博敞。（王逸《鲁灵光殿赋》）。岂必褒衣博带。（《淮南子·泛论》）《学记》曰：“不学博依，不能安诗。”博依注作譬喻解。此诗之所以重比兴也。韦正己曰：“歌不曼其声则少情，舞不长其袖则少态。”此诗之所以贵情韵也。对于为人来说就是，博我以文，约我以礼。《论语·子罕》
beurer,beurer,
葛莱,葛莱,美国葛莱成立于1942年，作为全球最大婴儿用品生产商之一，拥有近70年婴儿用品设计开发经验。销售至全球80多个国家并广受青睐。一直以来，葛莱将安全、实用、便捷及创新融合于产品研发设计之中。在产品创新方面可以追溯到1953年，葛莱发明了世界上第一台机械动力的婴儿秋千。随后在1987年葛莱又研发了便携式婴儿游戏床。其后葛莱推出TravelSystem（多用途手推车），这一创新型产品第一次实现了汽车安全座椅与推车的整合使用，开创了婴儿出行用品的新纪元，为爸爸妈妈们带来了无限便捷。
Babyruler,babyruler,tornado通过EN1888欧洲严格测试，SGS通标及国内3C质量标准。由英国著名设计团队贝基执笔设计，Babyruler为婴儿手推车行业高端品牌，设计新颖、豪华大方、操作简便、安全舒适。
贝嘟嘟,贝嘟嘟,贝瓦儿歌里的黄色小河狸杭州智轩儿童有限公司开发出的视频电子类的儿童早教益智玩具。
凯芙兰,凯芙兰,凯芙兰是引领彩妆产业发展的革新性品牌。自巴黎正式问世来，凯芙兰不断融汇名师睿智，不懈进取，融合梦想与科技、生活与艺术，以超群技艺与持续创新的传统，当仁不让地成为全球各地年轻一代女性心仪的品牌。凯芙兰始终注重以法国式的风格、品位为准则，坚持优质路线，力求通过时尚造型与质感内涵完美呈现消费者的内在气质。
里维埃拉,里维埃拉,里维埃拉（Riviera），地中海沿岸区域。包括意大利的波嫩泰、勒万特和法国的蓝岸地区。北部因有海滨山脉和利古尔诸山作为屏障，，但从全年看，阳光充足，降雪日和阴雨日都很少。由于受这种地中海式气候影响，区内植物种类很多，花卉四季均可栽种，岸边景象嵯峨壮丽，海上风光吸引着众多的游客来此度假避寒。区内主要游览城市有戛纳、瑞昂莱潘、尼斯、芒通、昂蒂布、圣雷莫、拉巴洛、阿拉西奥、博尔迪盖拉、圣马格丽塔、东塞斯特里和莱万托等。 
优奇世界,优奇世界,优奇世界是隶属于“佛山优奇婴儿用品网售有限公司”专业婴童服饰高端网售旗下品牌。其产品设计时尚，品质精良，且全部出口至欧萌美国日本等发达国家与地区。
脊态,back2脊态,Back2脊态，脊柱健康护理品牌。依托“释压记忆棉”核心技术，专注于人们脊柱健康护理，英文“Back”有背部、背脊之意；同时也有回归、回溯之意；数字“2”象征着人体正常的脊柱生理曲度；Back2联合起来表达了“让脊柱回归到正常的生理状态”之意。
Back2,back2脊态,Back2脊态，脊柱健康护理品牌。依托“释压记忆棉”核心技术，专注于人们脊柱健康护理，英文“Back”有背部、背脊之意；同时也有回归、回溯之意；数字“2”象征着人体正常的脊柱生理曲度；Back2联合起来表达了“让脊柱回归到正常的生理状态”之意。
abyy,abyy,abyy隶属于中哲儿童安全用品有限公司，公司成立于2006年，是一家专业开发、生产儿童安全座椅的生产型企业，年生产能力逾百万台。公司坐落于宁波鄞州区投资创业中心，厂区占地面积21000平方米，厂房建筑面积达16000平方米。
奈梅亨,奈梅亨,奈梅亨（荷兰语：Nijmegen，荷兰语读音：，英语化后，曾被拼为Nimeguen是位于荷兰东部，瓦尔河沿岸，靠近德国边陲的城市。城市被认为是荷兰历史最悠久的城市，2005年奈梅亨庆祝了建城2000周年。西欧著名消费电子制造商PackardBell诞生于奈梅根。
童健,童健,童健，男，现任中共东台市委常委、组织部长。
心之梦,心之梦,
VOVO,vovo,蜗蜗（VOVO）是一款基于IP的统一通信客户端软件，支持即时通信、语音/视频通话、视频会议、文件共享、文件传输、电子白板等多种协同办公功能，可应用于手机、电脑、可视电话、平板电脑、机顶盒等终端。
小浣熊,小浣熊,浣熊属哺乳纲食肉目浣熊科的一种动物。源自北美洲，因其食前要将食物在水中洗濯，故名浣熊（注：“浣”字普通话拼音为huàn。另外，小浣熊和小熊猫不属于同种动物，两者有很大差别。）浣熊属包括7种动物，模式种浣熊产在北美和中美，食蟹浣熊产在哥斯达黎加至南美洲北部地区，其余5种产在各个岛屿上。浣熊体长在42-60厘米之间，它们的脚觉发达，经常用前爪捕食和吃食，使用前爪几乎同猴子一样灵活。浣熊常常把捕到的食物放在水中洗去泥沙，因而得名“浣熊”。浣熊是杂食性动物，吃鱼、蛙和小型陆生动物，也吃野果、坚果、种子、橡树籽等。 
柳成行,柳成行,柳成行，原名刘成珩。摄影家。山东沂水人。
棉加加,棉加加,“棉加加”是一个家纺产品商标，创始人是代明先生，品牌名称取自一门叫C++的编程语言，引申为Cotton++，翻译成中文为“棉加加”
泡泡雨,泡泡雨,《泡泡雨》是著名蒙古族歌唱家、 新一代蒙古歌王齐峰演唱的一首单曲，收录在2008年发行的齐峰个人音乐专辑《浪漫草原》中。作词：晚笛，作曲：斯琴朝克图，编曲：吕学东。
歌歌宝贝,歌歌宝贝,歌歌宝贝（GG.baby）是安阳市鑫歌商贸有限公司旗下的婴幼服装品牌，经过近三年的高速发展，歌歌宝贝已经成为国内知名的婴幼儿内衣B2C品牌。
温蒂娜,温蒂娜,温蒂娜是在国家商标总局注册的商标名称。主要生产婴儿尿裤、鱼肝油、膳食纤维、营养补充剂、婴儿食品、婴儿奶粉、蛋白质膳食补充剂、净化剂、卫生巾带、消毒纸巾等产品。 
贝儿欣,贝儿欣,BABISIL品牌是由一队跨国产品设计师和父母们建立的，他们致力于创造出更好的产品给全世界的儿童；品牌依仗经得起考验的创新设计，去改善儿童的成长过程，亦给父母们带来更从容的育儿生活。
SUAVINEX,SUAVINEX,SUAVINEX来自西班牙本土品牌SUAVINEX苏维妮，拥有近30年的专业产品生产经验，作为一流的母婴用品类专家，我们是欧洲皇室及众多明星的首选品牌。全线产品欧盟原产地生产-MADEINEU是我们最好品质的保证，优良的制作传统，精湛的技术工艺和严格的行业要求成为我们品牌的代名词。在欧洲我们通过专业药妆店出售，稳坐行业销售榜的冠军。西班牙儿童牙科协会为我们做担保，认可我们的产品为该行业的最高质量，安全可信。苏维妮系列产品，设计风格独特、图案新颖、色彩丰富而柔和，应用每季的流行元素不断更新，为母婴时尚带来优雅纯正的浪漫欧洲风潮。2010年苏维妮全线产品进驻中国，也将更健康更科学的生活、喂养方式带到中国，为了宝宝的健康，我们不遗余力的不断努力，力求做到最好！选择我们，相信我们，是您安全优质喂养的开始！ 
爱布谷,爱布谷,“爱布谷”是为方便网民收看所有电视节目，提供网络互动直播、点播及7X24小时回看的视频服务产品。在先进视频传输和播放技术的支持下，“爱布谷”提供全高清视频，配合超大的互动视频播放器，完全可以满足网民的电视级观赏需求。而动态码流技术的采用则大大降低了视频内容的整体数据量，进一步保证了正常带宽下的视频缓冲速度和播放质量。
Babymoov,babymoov,BABYMOOV是由爱乐特合伙公司运营品牌，该品牌在2012年2月15日注册成功。 
开丽,开丽,开丽是广州健朗医用科技有限公司旗下的品牌，成立于2004年11月，由中山大学中山医学院科技开发中心投资组建。
POKO,poko,.poko是日本的婴幼儿产品。poko是一家品牌钨金饰品，poko.show。poko是日本不二家棒棒糖的漫画形象人物名称：poko&peko。poko的英文翻译是人名，波克。
石头娃,石头娃,《石头娃》为江苏漫通传媒制作的大型科普动漫系列片。“雨花石”是大自然的天赐瑰宝，她承载着南京太多的人文情感，江苏漫通传媒以南京特有名片“雨花石”为动漫造型，制作讲述地球46亿年的兴衰变迁过程，展现波澜壮阔地球演变史的科普动漫《石头娃》；让观众在欣赏动画片时了解雨花石文化，普及地质科普知识，寓教于乐，呼吁“尊重自然、爱护环境”的价值理念。
跳跳蛙,跳跳蛙,《金童卡修》中的角色，在千年魔物篇中出现，原本为索菲斯部下的的跳跳蛙，后来反而转战帮助卡修一行人。
小猪佩奇,小猪佩奇,《小猪佩奇》，又名《粉红猪小妹》英文名为《PeppaPig》，是由英国人阿斯特利（Astley）、贝克（Baker）、戴维斯（Davis）创作、导演和制作的一部英国学前电视动画片，也是历年来最具潜力的学前儿童品牌。故事围绕小猪佩奇与家人的愉快经历，幽默而有趣，藉此宣扬传统家庭观念与友情，鼓励小朋友们体验生活。由英国E1Kids于2004年5月31日发行首播后，其动画片已于全球180个地区播放，现已播出4季；中国中央电视台少儿频道也在热播之中，极简的动画风格，幽默的对话语调，深具教育意义的故事情节，不仅能让学龄前儿童学习知识，更能让小朋友们从小养成良好的生活习惯体验生活，深受全球各地小朋友们以及其家长们的喜爱。
阮棉棉,阮棉棉,
kudowawa,kudowawa,动画片《kudowawa》，中文名《裤兜袜袜》.讲述的是一个人类男孩和守护精灵的故事。传说每个孩子都有一些有趣的精灵守护着。主人公木木的守护精灵就藏匿在祖母赠送给他的沙漏中。裤兜袜袜诞生于2011年6月1日，10月1日正式上线。“裤兜”和“袜袜”是两个守护精灵的代称，两个精灵原本的名字很长。它们其中一个爱摇滚，喜欢成天在木木的裤兜中摆弄发明，被木木称为“裤兜”。另一个则喜欢躺在干净温暖的袜筒里睡觉，俏皮可爱的她被木木称作“袜袜”。
可爱布丁,可爱布丁,
卡玛卡哇,卡玛卡哇,卡玛卡哇是专注母婴用品领域的品牌。
akachan honpo,Akachan Honpo,AkachanHonpo（阿卡佳）是日本最大的母婴用品企业，始创于1932年，拥有13000多个自主开发商品，涵盖服装、家具、食品、玩具等，公司一流的服务和信誉以及一流的产品，深受国内外消费者的好评。近80年来，阿卡佳一直根据最先进的育儿理念和消费者的反馈意见对其产品进行不断改良，其商品的安全性和实用性均经受日本市场苛刻的检验，将给年轻父母带来充分的安全感和全新的育儿体验。
CHBABY,chbaby,chbaby是一款三轮推车，净重11.53kg。
ZEAL,zeal,英n.热情；热忱
柠檬宝宝,柠檬宝宝,
RELAXSAN,relaxsan,relaxsan成立于1987年，总部位于意大利，是一家经营静脉曲张袜的公司。
阳光妈妈,阳光妈妈,
樱舒,樱舒,樱舒 是源自德国的母婴用品品牌，是高品质母婴呵护倡导者，始终坚持更高品质。品牌创立以来一直秉承“让爱更有品质，让母婴更舒适”的理念，以最新的科技、人性化的设计和高品质的产品，让妈妈和宝宝享受舒适、品质、安全的喂哺和护理体验，开启科技育婴的舒适旅程。樱舒源于德国樱舒领先的设计理念和研发技术，倡导人性化和高品质。在科技育婴先进理念流行的德国，樱舒科学家发挥他们丰富的想象力和创造力，结合人体工程学，融入人性化科技理念，秉承德意志民族一贯以来的精密严谨，创造出一系列让母婴更舒适的喂哺和护理类电器产品，并将这种理念和产品带到中国惠及亿万中国妈妈和婴儿。
OPEN,open,open是多种语言、环境的一种函数，LINUX中open函数作用：打开和创建文件。PB程序语言中open功能：打开窗口。
无敌米奇,无敌米奇,无敌米奇（WD.MiQi）是美国授权婴幼服饰品牌，2014年正式入驻天猫平台，以“无菌”理念专注于提供0-3岁婴幼儿服饰。
蓝菲琳,金莎,金莎（Kym），1983年3月14日出生于上海市，中国内地女歌手、演员。2002年，主演青春偶像剧《十八岁的天空》而被大众知晓，2003年签约海蝶音乐。2005年发行首张专辑《空气》步入歌坛，凭借该张专辑金莎获得百事音乐风云榜内地最佳新人、中国金唱片奖最佳新人等多个奖项。2007年，推出第三张专辑《换季》；2008年，主演现代励志电视剧《幸福的眼泪》。2010年，参演神话爱情电视剧《神话》，饰演“吕素”，创作并演唱插曲《星月神话》；2011年，成立金莎音乐工作室，开始独立发展。2012年，首次担任制作人发行第五张专辑《他不爱我》；2013年，主演爱情电影《柠檬》；2016年，发行欧式情歌《全世界我只贪一个他》
BPC,bpc,BPC因发播呼号“BPC”而得名，是低频时码授时技术（即“电波钟”技术）在中国的实施格式。
抱抱熊,抱抱熊,抱抱熊是晋江嘉年华婴儿用品有限公司于1995年独立创建的品牌，抱抱熊婴儿用品以其专业化、人性化的态度主要生产研发抱婴腰凳、婴儿背带、学步带、防走失带、妈咪包、哺乳巾、披风等系列产品。 
小西家作,小西家作,小西家作是一家蛋糕西点餐馆，适宜朋友聚餐、随便吃吃。
沐童,沐童,沐童，男，生于吉林长春，现居北京，中国当代作家。沐童，生于上个世纪80年代，小说家、旅行者、摄影师。先后就读于北京大学、哥本哈根大学、清华大学。曾徒步游历多个国家。出版过四部小说和一部随笔集。代表作《寂寞的撒旦》被翻译为多种文字在海外流传。美国华文《侨报》称其为“中国的王尔德”。现居北京。
婴比迪,婴比迪,
KIDS,Kids,美国流行摇滚乐队Onerepublic于2016年8月12日发行最新单曲《Kids》，也是OneRepublic第四张专辑<Ohmymy>的首单。而之前的原定首单《WhereverIGo》由于销量不太理想，被降级为宣传单曲，而此单曲Kids正式成为第四套专辑首单。
春涛,春涛,中国美术家协会会员。历任《中国当代国画家大辞典》编委、中国文学艺术基金会二十一世纪艺术发展委员会副秘书长、迎奥运全国中国画大展艺术评审委员会副主任、评委。
宇易,宇易,宇易，2014热播大剧《古剑奇谭》衍生之友爱CP乔振宇x李易峰之简称;
GGUMBI,GGUMBI,
仙灵宝贝,仙灵宝贝,Fa-newborn（中文注册品牌名称：仙灵宝贝），1961年在瑞典创立，品牌专注0-3岁婴幼儿服饰及用品，消费群体定位社会白领及商业精英。北欧是其最大市场，近年来凭借其高水准的用材和耳目一新的设计迅速成为亚洲父母的新宠。
babynest,Babynest,
棉小兜,棉小兜,棉小兜（CottonPocket）是上海永亮纺织品有限公司旗下婴童毛巾系列产品品牌。棉小兜婴童毛巾系列全部采用通过美国棉花协会认证的天然美棉材质，并由权威机构认证质量将更可靠。棉小兜是面向大众消费者，尤其是针对婴童的生理特征及相关研究结果而开发的一个全新品牌，旨在让更多的中国年轻妈妈给自己的宝宝更安全、更贴心、更舒适的体验，于2013年正式投放到中国市场。棉小兜针对强大的母婴市场开设的品牌，它为婴童提供一系列的产品服务，棉小兜致力于安全，健康的生产理念，力求打造消费者最信赖的婴童品牌，棉小兜，是基于公司百余名设计师投稿，评比，等形式，选出的品牌形象，棉小兜品牌形象，卡通，可爱，憨态可掬。 
自然密码,自然密码,自然密码的首播频道是CCTV-9（中央电视台纪录频道），首播日期是2014年9月19日《寰宇视野》时段
海绵泡泡,海绵泡泡,
迪尔,迪尔,巴基斯坦西北部城镇。位于洛瓦拉尔河西岸，白沙瓦以北140公里处。附近产玉米、小麦、水果和木材。贸易中心。
张小马,张小马,张小马，男，1954年生，省委党校研究生学历，中共党员。1983年南京大学自学考试党政干部专业大专学习，1989年中央党校函授行政管理专业本科学习，2002年省委党校函授经济学专业研究生学习。
长命富贵,长命富贵,长命富贵，中国传统吉祥图案。由寿石或寿字、牡丹、桃花纹图构成。也是旧时中国民间对小孩说的吉庆话。《旧唐书·姚崇传》：“经云：‘求长命得长命，求富贵得富贵。’”在旧时作的挂饰长命锁和瓷器等装饰上，皆见有用“长命富贵”文字构成的，字体一般为篆文，四周并配有缠枝花等纹样。长命富贵品牌以发掘、弘扬新生儿传统福文化为使命，以打造“中华传统福文化婴童服领先品牌”为目标，以“好品质、好祝福”为核心价值，以天猫平台旗舰店、京东旗舰店等新兴电商渠道为窗口，着力在全国构建“长命富贵品牌”复合营销体系，为中华子孙，乃至全世界华人提供更多、更优质的中华传统福文化产品。长命富贵品牌致力于将中华传统祝福文化融入婴幼儿产品中，在保证优良品质的同时，更给予宝宝“一生长命富贵”的美好祝福，让中华祝福文化生生不息，源远流长。
家的感觉,家的感觉,《家的感觉》是勇钢演唱的歌曲，勇钢填词，勇钢编曲。
POUCH,pouch,
大福,大福,大福（dàfú）好运气；喜幸之事。《左传·昭公十三年》：“大福不再，只取辱焉。地名：湖南省安化县大福镇
阳光鼠,阳光鼠,Sunroo阳光鼠Sunroo阳光鼠是深圳市阳光鼠时尚科技有限公司旗下创办于深圳本土的童装品牌，主营0~6岁婴童高品质内衣、0~2岁服饰及用品， 经过17年的匠心筑梦、潜心经营，如今品牌形象和产品已全面升级。品牌创始人薛丽表示，坚持原创、引领潮流、追求品质，在潜移默化中对孩子进行美育启蒙是品牌一直以来的追求。品牌升级后的Sunroo阳光鼠，将给用户带来更舒适的触感，满足高品位、高层次的童装需求。
健康快车,健康快车,《健康快车》是由尚敬执导，宁财神编剧，周小斌、闫妮、沙溢、唐静、洪剑涛等主演的情景喜剧。 该剧以老百姓喜闻乐见的情景喜剧的表现形式，通过一系列妙趣横生的生活故事，向收视人群宣传一种健康向上的生活保健方式。 该剧于2004年1月23日在cctv8播出。 
十月妈咪,十月妈咪,十月妈咪是上海十月妈咪网络股份有限公司 旗下品牌，其形象代言人为小S。 该品牌不仅致力于孕婴用品的设计与开发，还注重孕婴文化的建设。十月妈咪初创于上世纪90年代末，近20年来， 遍布全国的近千家的时尚门店销售网络，以更贴心便捷的购物体验受到消费者的青睐，销量遥遥领先。旗下姊妹品牌“有喜”（uki） 以青春孕妈的品牌个性完全区隔于“十月妈咪”的“个性辣妈”；2011年9月开始代理的意大利殿堂级孕装品牌“PietroBrunelli”更是完美地占领孕妇装领域的顶级高端市场。三大品牌，定位三大孕妇人群，涵盖孕妇装、孕妇级护肤品、孕产用品、婴童用品及其他孕婴产品。以细分和专注成就孕婴行业领袖地位。 
成长的秘密,成长的秘密,《成长的秘密》是中国第一部长期跟踪记录儿童生活的故事纪录片，既有男孩子的拳打脚踢、集结训练的武戏，又有女孩子过家家、情感等待的文戏；既有一个人跑圈、独步探险式的心理悬念，又有晨圈仪式、夕阳秋千这样的意象场景。戏剧性的故事发展、深层心理揭秘与极具可借鉴性的成长经验展示是该片的突出特征。
阿兰贝尔,阿兰贝尔,“阿兰贝尔”是希腊神话故事中“幸运之神”阿兰朵和"幸福天使"贝尔蒂的合称，如今，她却摇身一变成为一个儿童睡眠产品的品牌落户青岛。知名的专业枕头制造商适之宝枕工坊总投资超过100万元，已经正式收购吸收了另外一个知名的儿童睡眠商标-“阿兰贝尔”，并计划着手做宽儿童健康睡眠产品线，做大作强“阿兰贝尔”品牌。
HelloBaby,HELLOBABY,《月刊Jump》停刊，《SQJump》创刊；集英社就是这么一回事儿。
维拉蒂,马尔科·维拉蒂,马尔科·维拉蒂（MarcoVerratti），1992年11月5日出生于意大利佩斯卡拉，意大利足球运动员，司职中场，现效力于巴黎圣日耳曼足球俱乐部。2008年，维拉蒂出道于家乡球队佩斯卡拉足球俱乐部。2012年5月，维拉蒂首次入选意大利国家队大名单。 2012年7月，维拉蒂以1200万欧元的身价转会至巴黎圣日耳曼足球俱乐部。2017年9月20日，入选2017世界最佳阵容候选名单。 
孕之彩,孕之彩,“孕之彩”是杭州形尚众至服饰有限公司旗下第一个孕妇装品牌，定位于“时尚个性的专业孕装”她结构完整，脉络清晰，款式丰富，分为日常外出服系列、防辐射装系列、家居/哺乳装系列，产前产后内衣用品系列。
布布发现,布布发现,布布发现是广州市大容和服饰有限公司的申请注册商标，申请号/注册号是10752815，类号是25类，品牌拥有的商品服务为：服装;外套;针织服装;童装;鞋;帽;袜;手套(服装);围巾;腰带。 
LITTLE HONEY,Little Honey,《LittleHoney》是LucindaWilliams于2008年10月14日发行的乡村摇滚专辑。
摩托罗拉,摩托罗拉, 摩托罗拉（MotorolaInc），原名：GalvinManufacturingCorporation，成立于1928年。1947年，改名为Motorola，从1930年代开始作为商标使用。摩托罗拉总部设在美国伊利诺伊州绍姆堡，位于芝加哥市郊。世界财富百强企业之一，是全球芯片制造、电子通讯的领导者。2014年1月30日，中国联想集团以29亿美元收购了摩托罗拉公司的手机业务。 
Motorola,摩托罗拉, 摩托罗拉（MotorolaInc），原名：GalvinManufacturingCorporation，成立于1928年。1947年，改名为Motorola，从1930年代开始作为商标使用。摩托罗拉总部设在美国伊利诺伊州绍姆堡，位于芝加哥市郊。世界财富百强企业之一，是全球芯片制造、电子通讯的领导者。2014年1月30日，中国联想集团以29亿美元收购了摩托罗拉公司的手机业务。 
Gopher,GOPHER,一、Gopher是Internet上一个非常有名的信息查找系统，它将Internet上的文件组织成某种索引，很方便地将用户从Internet的一处带到另一处。在WWW出现之前，Gopher是Internet上最主要的信息检索工具，Gopher站点也是最主要的站点，使用tcp70端口。但在WWW出现后，Gopher失去了昔日的辉煌。现在它基本过时，人们很少再使用它；二、地鼠Gopher（谷佛）是迪士尼卡通人物之一。
DORLUX,DORLUX,DORLUX起源于英格兰西约克郡的哈利法克斯，在英格兰属于小众的家族式工床垫品牌，自1919年创立之初，DORLUX一直坚持以健康、环保、舒适、科技与设计五大主体核心研发理念，立志为全球消费者提供最为健康舒适的睡眠产品。
西川,西川,西川，1963年出生于江苏徐州，1985年毕业于北京大学英文系。美国艾奥瓦大学2002年访问学者。现执教于北京中央美术学院人文学院。西川自80年代起即投身于全国性的青年诗歌运动。他和海子、骆一禾被誉为北大三诗人。出版作品有《深浅》《大河拐大弯》等。其创作和诗歌理念在当代中国诗歌界影响广泛。出版有诗集《虚构的家谱》（1997）《大意如此》（1997）《西川的诗》（1999），诗文集《深浅》（2006）、散文集《水渍》（2001）、《游荡与闲谈：一个中国人的印度之行》（2004）、随笔集《让蒙面人说话》（1997）、评著《外国文学名作导读本.诗歌卷》（2001）、译著《博尔赫斯八十忆旧》（2004）、《米沃什词典》（与北塔合译，2004）。编有《海子的诗》（1995）《海子诗全编》（1997）。曾获鲁迅文学奖（2001）、庄重文文学奖（2003）、联合国教科文组织阿齐伯格奖修金（1997）、德国魏玛全球论文竞赛十佳（1999）等。 
鸡鸡扎扎,鸡鸡扎扎,动漫内容：《鸡鸡扎扎》短片是以轻松、幽默的方式，用四只小动物的搞笑表演普及气象及生活小常识，宣扬保护环境、热爱生活的理念。片中主角斯基特、呱哥、怯懦鸡、扬仔四个好朋友，每天用发生在身边的故事为大家的生活带来思考和欢笑。
iuu,iuu,iuu是一款能够通过GPRS流量收发短信的手机软件，用户通过GPRS可以无限量的给其他用户发短信，可以实现以最少的钱最低至免费收发短息。iuu具有省钱、收发速度快、信息不丢失等优点，尤其重要的是，iuu提供联系人备份还原功能，使用户拥有一个永不丢失的电话本。
本色棉,本色棉,本色棉是Naturecolored的中文品牌，Naturecolored是全球领先采用有机棉、天然彩棉、植物纤维等环保面料为主的婴儿服饰用品品牌，Naturecolored之前主要定位于美国、欧盟、英国、澳大利亚、加拿大等海外国家销售，2010年Naturecolored进入中国市场，中文品牌为“本色棉”。
SIMBA,SIMBA,《SIMBA》是一款IOS平台的应用。
艾洛迪,艾洛迪,
弹簧人,弹簧人,定指在NBA中，拥有极好极变态的弹跳及身体素质的人。他们通常在“二楼”打球。空中接力，爆扣……都是他们最喜欢的动作。弹簧人一直是联盟中球队竞相争取的球员，奥运会上卡特飞跃法国中锋更是给弹簧人的定义加上了一圈光辉。
Rokko,ROKKO,
蜡笔小新,蜡笔小新,《蜡笔小新》是由臼井仪人创作的漫画，1990年8月，在《weekly漫画action》上开始连载。1992年，根据漫画改编的同名动画在朝日电视台播出。2010年7月16日，臼井仪人遗作《蜡笔小新》第50卷发刊，由臼井仪人创作的全部单行本发行完毕，累计发行销量5300万部 。在作者臼井仪人去世后，作品由“臼井仪人&UY工作室”沿袭原作风格继续创作。
Simba,SIMBA,《SIMBA》是一款IOS平台的应用。
那些花儿,那些花儿,《那些花儿》，是中国内地男歌手朴树演唱的一首歌曲，朴树亲自作词作曲，收录于朴树1999年发行的首张个人专辑《我去2000年》中，同时也是2002年电影《那时花开》的片尾曲。2003年5月中国台湾流行音乐女歌手范玮琪对这首歌重新填写英文词并收录在其发行的专辑《真善美》中，2003年9月朴树精选专辑《我去2000年(珍藏版)》发行，《那些花儿》被重新编曲再次收录。2004年该歌曲的获得MusicIN中国TOP排行颁奖晚会“港台年度金曲”奖。2013年7月上映的电影《笔仙2》片尾曲亦采用该歌曲。 
何金昌,何金昌,董事长何金道（字金昌）先生把内增高鞋这一当初的想法付诸行动，申请获得国家专利，且以自己的名字命名。由此，中国第一双内增高鞋诞生。年底，由于对品质、舒适度的高要求，“何金昌”自建工厂。2000年7月，由于规模的不断扩大，广州市畅丰鞋业有限公司进行了第一次扩厂。2002年何金昌品牌正式从传统批发向专柜、专卖店加盟销售模式转变；同年，被评为“十大商场百佳品牌”、“广州万民铸诚信荣誉品牌”。
摇啊摇,摇啊摇,《摇啊摇》是王绎龙、戴雪儿演唱的一首歌曲，该首歌由王绎龙作词作曲。
卡拉贝熊,卡拉贝熊,起源于北欧的奥登赛，浓郁的异国文化氛围赋予了为全世界最美丽孩子设计服装的无穷灵感与动力。从大自然界的七彩色中精心挑选了可爱的粉色、纯净的米白、活泼的蓝色、轻快的绿色，并推出了适合新生宝宝的温情内衣，周末在户外活动时穿着的裙子、衬衫与优雅的外套·
明德任责,明德任责,明德任责意思是完善思想品德，勇于担当重任，出处《尚书·君陈》。
嘉宝,葛丽泰·嘉宝,葛丽泰·嘉宝（GretaGarbo/GretaLovisaGustafsson，1905年9月18日-1990年4月15日），生于瑞典斯德哥尔摩，瑞典籍好莱坞影视演员 。1926年，葛丽泰·嘉宝拍摄在好莱坞的第一部默片《激流》。 1930年她出演了个人首部有声电影《安娜·克里斯蒂》，并获得第三届奥斯卡最佳女主角提名 。1935年，葛丽泰·嘉宝主演电影《茶花女》和《安娜·卡列尼娜》，凭借《茶花女》获得第10届奥斯卡奖最佳女主角提名 。1939年的《妮诺奇嘉》使葛丽泰·嘉宝第三次提名奥斯卡奖最佳女主角。1941年拍完电影《双面女人》后，葛丽泰·嘉宝宣布息影。1955年，葛丽泰·嘉宝获得第27届奥斯卡终身成就荣誉奖。1990年4月15日因肺炎于美国纽约逝世。1999年，美国电影学会将葛丽泰·嘉宝选为百年来最伟大的女演员第五名  。
gerber,GERBER,GERBER是一种文件格式。标准的gerberfile格式可分为RS-274与RS-274X，GerberX2三种。RS-274格式的gerberfile与aperture是分开的不同文件。RS-274X格式的aperture是整合在gerberfile中的。GERBER格式的数据特点：数据码：ASCLL、EBCDIC、EIA、ISO码，常用：ASCII码。数据单位：英制、公制、常用：英制。坐标形式：相对坐标、绝对坐标，常用：绝对坐标。数据形式：省前零、定长、省后零，常用：定长。
纽贝乐,纽贝乐,
火立方,火立方,火立方为四川省泸县第二中学高2011级27班班名，来源于班主任名字中的“焱”字，便取名“火立方”。
育儿宝,育儿宝,育儿宝全称育儿宝婴幼儿辅食营养包，属于“营养强化辅食补充食品”类型。以大豆分离蛋白、全脂豆粉作为基质，强化了铁、锌、钙、维生素A、维生素D、维生素B1、维生素B2、维生素B12和叶酸等9种微量营养素。
intime,INtime,INtime实时操作系统与Windows的完美结合。
soerer,soerer,soerer ，创立于2017年 ，是施乐（天津）儿童用品有限公司旗下品牌 。
千趣会,千趣会,千趣会，商标申请/注册号12671521，国际分类25，申请人名称株式会社千趣会。 
适婴坊,适婴坊,适婴坊品牌隶属于北京惠康美达科技有限公司，公司成立于2002年，创建之初公司以研发和生产儿科医疗护理临床设备为主营，2005年，公司根据自身专业优势，进行产业结构调整，以及多元化发展的经营战略，创建了专注于婴儿睡眠家居用品的“适婴坊”品牌，品牌创立早期，适婴坊科研团队历时两年时间，根据婴儿的骨骼生理发育过程，在国内率先提出了婴儿枕分段设计理念，并且制定了中国婴儿睡眠分段用枕标准，产品上市后，迅速得到广泛关注，并且深受消费者所喜爱，时至今日适婴坊已经成为一家集研发，生产，销售为一体的专业化大型婴儿家居用品企业，产品线涵盖婴儿保健枕系列、婴儿尿护理系列、婴儿夏季寝具系列、婴儿云纱亲肤系列等三百余款产品。 
Safely,Safely,《Safely》是一款IOS平台的应用。
妈妈之选,妈妈之选,妈妈之选是Android平台的软件。
奇妮,奇妮,上海宜信服装有限公司是国内专注于孕妇装市场的服装品牌运营公司，Gennie's奇妮孕妇装是公司旗下运营的四大品牌之一，
猫人,猫人,猫人（Catman）是美国DC漫画旗下超级反派，初次登场于《侦探漫画》（DetectiveComics）第311期（1963年1月）。本名托马斯·里斯·布莱克（ThomasReeseBlake），是一个信奉弱肉强食丛林法则的凶猛战士，也是现存最伟大的猎人和追踪者之一。他能够追踪和识别气味，隐匿自身行踪且行动敏捷。十分擅长使用刀类武器像刀子或那些特制刀片（他所持有的爪子）。 
MiiOW,miiow,上海美敖时装有限公司隶属于猫人集团，由中法韩合作，集结了欧洲时尚脉动和亚洲顶尖力量，将动感生活&时尚牛仔文化融合，进军时尚运动、时尚休闲市场。倡导性感主旋律，以全方位品牌营销，引领时尚最新潮流。
比卡诺,比卡诺,比卡诺（厦门）婴儿用品有限公司创建于1998年，位于风景迷人的鹭岛----厦门，于1998年从台湾正式进入内地市场，是一家集专业从事开发、生产、销售与加工高品质育婴儿用品的一体化现代企业。
斯贝斯,斯贝斯,斯贝斯冰淇淋在饮食界已不再陌生，它以多种口味、设备先进而享有“冰淇淋奇迹”的美誉。
TODBI,TODBI,TODBI创立于2011年，2014年艾普迪(天津)科技有限公司将TODBI品牌带入了中国，并于今年7月份上海CBME孕婴童博览会上，主打出明星产品AirMotion腰凳背带 。
Hello Kitty,hello kitty,HelloKitty（日语：ハローキティ；拉丁写法：Harōkiti）日本著名动漫萌星，市面的中文译名有堤提猫、凯蒂猫、凯迪猫、吉蒂猫等名。另外，由于HelloKitty没有嘴巴，在网络上亦有无口猫、无嘴猫的别名。她有这样一个故事。有一只小猫，有嘴巴（作者已经表示有嘴巴了），脸蛋圆圆的，左耳上扎着一个蝴蝶结，还有一截小尾巴，她的名字叫堤提猫（HelloKitty），凯蒂猫、吉蒂猫或无嘴猫。Kitty猫诞生于1974年，日本著名卡通萌星。她是个英国人，名叫凯蒂·怀特（KittyWhite），天蝎座，三年级，有只叫CharmmyKitty的宠物猫，还有个双胞胎姐妹。 
亲润,亲润,亲润（momface）孕妇护肤品以“提供孕妈妈最安全、有效、专业的孕产期护肤品”为己任，倡导“妆食同源”的产品理念和“自然、健康、安全”护肤理念，同时产品不含酒精、矿物油、重金属等对孕妇及胎儿健康有害的物质，产品性质温和、无刺激的孕产妇专用护肤品品牌。
carters,carter's,
美琳妈咪,美琳妈咪,美琳妈咪，英文名是nicemama，初创于2005年，它是中国一个知名孕妇装品牌。品牌诉求的消费者是白领，推崇环保，温馨、时尚·
EA,美国艺电公司,美国艺电公司（ElectronicArts，NASDAQ:ERTS，简称EA），是全球著名的互动娱乐软件公司，主要经营各种电子游戏的开发、出版以及销售业务。美国艺电创建于1982年，总部位于美国加利福尼亚州红木城。截至2009年，美国艺电在美国其它城市、加拿大、英国、澳大利亚、台湾、香港等多个国家和地区均设有分公司或子公司，世界各地的雇员总数达7320人。“EAGames”是美国艺电最主要的品牌。该品牌旗下主要有动作类、角色扮演类、赛车类、格斗类游戏。除了传统盒装零售的单机游戏，EAGames还出品了一些大型多人在线网络游戏（MMO）。该品牌负责人是弗兰克·吉伯（FrankGibeau）。
今治,今治,日本。属爱媛县。临濑户内海，炮滩西部门户。（1986）。1920年设市。工业以棉织品为主，产毛巾有名。还有运输机械工业。东予新产业城市之一。
Cosco,cosco,中国远洋运输（集团）总公司（ChinaOceanShipping(Group)Company）简称中远或COSCO，是中国大陆最大的航运企业，全球最大的海洋运输公司之一，中华人民共和国53家由中央直管的特大型国企之一，cosco就是中国远洋运输（集团）总公司的企业缩写，是成立于1961年4月27日的中国远洋运输公司（交通部远洋运输局）。
X,X-Japan,X-Japan是日本著名的重金属乐队，成立于1982年1月，1989年成为日本最红的乐队，以独立厂牌的出身获得主流音乐的认同和辉煌。1997年4月因主唱TOSHI以音乐取向不同而退出，在无法找到后继主音的情况下，9月22日乐队被迫宣布解散，次年由于吉他手hide的意外离世，乐队的复活更捉摸不定。2007年，乐队的再结成被Yoshiki提了出来。2007年至2009年乐队在亚洲开展了巡演，并于2010年9月至10月进行了首次北美巡演、2011年世界巡演首次设大陆站，人气不减当年。
喜多,喜多,日本喜多公司（JAPANHITOCORP.），产品以多元、精致专业而取胜，不论是奶嘴、奶瓶、抚育用品、酵素、爽身粉等，每项产品皆由喜多王国里的每个成员精心研发生产，强调宝宝用品的安全性与成分天然，是宝宝妈妈们信赖的产品。喜多是JAPANHITO授权委托上海优生婴儿用品有限公司生产与销售，上海优生系美国优生公司在华的子公司，公司长期秉持着创造优质婴幼儿用品的目标与理想，在专业团队的努力下，制造怀孕妈妈与0-12岁宝宝所需的各式产品。所有产品均通过欧洲C.E认证，美国食品药物检验局FDA认证及中国食品卫生检验标准测试。
TOMY,TOMY,TAKARATOMY是一个日本玩具品牌，2006年3月1日和玩具巨头TAKARA合并成立TAKARATOMY股份公司。
Babyjoey,Babyjoey,
爱得利,爱得利,“爱得利”是著名婴幼儿用品品牌，在全国同行业中享有较高的知名度。1975年，公司创始人郭廷梓先生在台湾新竹创立帝尔特企业有限公司，并于1977年注册“爱得利IVORY”商标，主营奶瓶，奶嘴，澡盆等婴儿产品，产品质量可靠，设计合理，精致优美。
IVORY,Ivory,Ivory，职业摔角运动员，出生于1961年11月26日，1999年加入WWE，曾获得WWF等比赛冠军。
爱子有方,爱子有方,《爱子有方》是1999年中央编译出版社出版的图书，作者是游乾桂。
无,无,无，日本动漫《火影忍者》中的人物。土之国岩隐村的第二代土影，以阴谋和政治而闻名的“智将”，拥有超越于血继限界的血继淘汰——尘遁，并将其传授给徒弟第三代土影大野木，生前与二代水影同归于尽。死后被药师兜秽土转生，被迫参加第四次忍界大战，最终宇智波鼬解开了秽土转生，灵魂升天。
米乐迪,米乐迪,《米乐迪》是一款Android平台的应用。
Delta,达美航空,达美航空公司（DeltaAirLinesInc.）是一家总部位于美国乔治亚州亚特兰大的航空公司。达美航空（通常简称达美航空，常被译为「三角洲航空」或「德尔塔航空」）。达美航空是“天合联盟”（SkyTeam）的创始成员航空公司之一。2017年6月7日，2017年《财富》美国500强排行榜发布，达美航空公司排名第71位。2018年1月12日，达美航空中英文官网将西藏、台湾列为“国家” ；同日，民航局要求达美航空立即公开进行道歉。 
天豆,天豆,（叶）甘、寒、无毒。主治（子）风湿寒痹，补肾明目；（叶）前痈肿毒疮，下瘀血，止霍乱。
Kriti,kriti,KRITI，中文名为克里特，设计源于古希腊文化中心，地中海著名岛屿-克里特岛。克里特岛风景优美，断崖、石质岬角及沙滩构成了美丽的海岸。那里是地中海式气候，风和日丽，四季如春，并种有橄榄、葡萄、柑桔等植物。四周万顷碧波，因而有"海上花园"之称。所以在这种美丽的意境下，我们的设计师集合大自然原生态的美丽，设计出属于KRITI自己独有的清新风格。
哈奇乐,哈奇乐,哈奇乐是国内专业的0-3岁托育品牌，主营0-6岁托育与早教系统提供，线下多样的研修及园所运营等多项业务，拥有完善的运营系统、专业的专家团队、教学团队和市场督导团队，致力于服务0-6岁的儿童及全国园长、投资人。 哈奇乐是由浙江点乔教育科技有限公司运营的婴幼儿托育早教品牌，于2014年在国家商标总局注册成功商标。 
Abc Design,ABC Design,ABCDesign始于1989年，在德国南部建立。目前已发展成为婴童产品行业的国际知名品牌。
多芬,多芬,从事美容行业将近50年历史的多芬是全球著名的女性品牌，是联合利华最有价值的品牌之一。40多年来，多芬一直用真人来做广告。就像多芬的英文名字Dove一样，这是一个象征着希望、快乐、和平以及所有积极事物的名字。其旗下产品包括护肤品，洗发膏等。
Dove,德芙,德芙是世界最大宠物食品和休闲食品制造商美国跨国食品公司玛氏（Mars）公司在中国推出的系列产品，1989年进入中国。
Candide,Candide,“赣第德”是书中主人公的名字。这个字的意义是“老实人”。这部小说的主题思想是批判十七世纪德国哲学家莱布尼兹的。莱布尼兹认为世界上的一切现实都是自然的安排，是完全协调的，因而是尽善尽美的。赣第德的老师潘葛洛斯是莱布尼兹的信徒，可是他的学生却对此怀疑，认为这一切都是维护旧政权、旧社会、旧制度、旧礼教的欺骗人民的谎话。伏尔泰通过他创造的故事，辛辣地讽刺并揭露了这些旧政权、旧制度的腐败和不合理。译者徐志摩把这个作品比之为中国的《镜花缘》，确有相似之处。
禾花鱼,禾花鱼,禾花鱼是一种体色乌黑透亮的鲤鱼品种，即乌鲤，主要在南部山区，广西北部一带，最开始发源于桂林市全州县龙水乡；禾花鱼取鱼苗在水稻稻田中养殖，因采食落水的禾花后长大，鱼肉具有禾花香味而得名禾花鱼。禾花鱼食性杂、生长快、繁殖能力强，刺少肉多，肉质细嫩，骨软无腥味，蛋白质含量高，一般体重在50-250克。清代乾隆盛世曾是宫廷贡品。目前年养殖面积2.67万公顷，年产量7600吨。这里有桂林禾花鱼、湖南郴州禾花鱼，靖州山区禾花鱼；桂林禾花鱼较为出名。
Evenflo,evenflo,
百诺恩,百诺恩,百诺恩是汕头市万邦化妆品有限公司旗下品牌，一直致力研究初生婴儿、婴幼儿、妈妈幼嫩脆弱的皮肤，并根据其特别的需求研制出英国皇家护理级母婴用品。
芝麻街,芝麻街,《芝麻街》是美国公共广播协会（PBS）制作播出的儿童教育电视节目，该节目于1969年11月10日在全国教育电视台（PBS的前身）上首次播出。它是迄今为止，获得艾美奖奖项最多的一个儿童节目（153项，截止2009年）。这个节目综合运用了木偶、动画和真人表演等各种表现手法向儿童教授基础阅读、算术、颜色的名称、字母和数字等基本知识，有时还教一些基本的生活常识。其中许多的滑稽短剧和小栏目都已成为其他电视节目竞相模仿的典范。2018年1月21日，《芝麻街》第47季获第29届美国制片人工会最佳电视儿童节目奖。
优贝,YOYBUY,北京优贝网络科技有限公司成立于2008年，正是网上购物的兴起时，电子商务在中国市场规模空前高涨，海外代购也受到各阶层人士的喜爱，电子商务在中国消费市场的占有率也在节节攀升。品种齐全，价格实惠，质量保证，在洞察国际网购市场发展趋势、有效整合强大的海内外商业力量的基础上成立，给海外华人及国外客户代购中国的服装、化妆品、生活用品等大众消费品。
蝙蝠侠,布鲁斯·韦恩,布鲁斯·韦恩（BruceWayne）即蝙蝠侠（Batman），是美国DC漫画旗下超级英雄，初次登场于《侦探漫画》（DetectiveComics）第27期（1939年5月），由鲍勃·凯恩（BobKane）和比尔·芬格（BillFinger）联合创造，是漫画史上第一位没有超能力的超级英雄。出生在哥谭市四大家族之一的韦恩家族中。一天晚上，父母带着年幼的布鲁斯看完电影《佐罗》回家，途经一条小径时遭遇歹徒的抢劫。歹徒当着布鲁斯的面枪杀了他的父母。从此，布鲁斯便产生了亲手铲奸除恶的强烈愿望，为了不让其他人再遭受到与自己同样的悲剧，凭借着过人的天赋，布鲁斯利用几十年时间游历世界各地，拜访东西方顶级或传说中的格斗大师，学习各流派格斗术，后回到美国，利用强大的财力制造各种高科技装备。此后在白天，他是别人眼中的无脑富二代、花花公子；夜晚，他是令罪犯闻风丧胆的黑暗骑士——蝙蝠侠（Batman）。 
木偶奇遇记,匹诺曹,《匹诺曹》是韩国SBS电视台于2014年11月12日起播出的水木剧。由赵秀沅、申承佑导演 ，朴惠莲编剧，李钟硕、朴信惠、金英光、李侑菲联袂主演 。该剧以记者群体的生活为背景，追求真实的年轻社会部记者们为主人公，讲述以假名生活的男人和无法说谎的女人之间青春成长爱情故事 。
贝莱康,贝莱康,贝莱康是最早进入中国产后健康护理领域的品牌，并以创新型女性护理用品成为该领域的领导品牌，系上海喜康盈母婴用品有限公司出品。
爱康贝,爱康贝,爱康贝，都是为了我们健康的宝宝服务，为我们的宝宝茁壮成长提供坚实的基础。
北极绒,北极绒,"北极绒"属上海赛洋集团旗下品牌，诞生于1998年，是中国最早的保暖内衣龙头品牌之一。产品一经问世，依靠先进的科技理念、优良的品质、大众化消费，以一骑绝尘之势迅速占领市场。赵本山代言广告语"怕冷就穿北极绒，地球人都知道"，更是迅速传遍全国各地、街头巷尾，成为人们茶余饭后的谈资。北极绒也借此迅速蹿升为中国保暖内衣行业的重要领导品牌之一。
利其尔,利其尔,利其尔（Richell）是一个专门生产设计高档生活用品的日本牌子，其产品一直以高质安全著称。成立于1960年7月23日。
优伴,优伴,优伴是惠州市锦湖实业发展有限公司旗下品牌，主要经营消费数码周边智能配饰产品。优伴品牌顺应当前移动互联设备迅猛增长的趋势，以无线充电系列产品起步，已逐步扩展到各个数字生活领域。目前主要有移动电源、充电器、微型投影仪、3D打印机和智能手表、智能手镯等系列产品。
小泰克,小泰克,小泰克是美国超级学龄前儿童玩具品牌及全球最大的滚塑胶游乐设施品牌。它是一个缩小版的大人世界，从割草机、到小吉他，小泰克(littletikes)几乎拥有大人世界的各种模拟版玩具。为无数儿童造出了一个个诱人的想象力空间，从模拟、认知、行动等多个层面，开发孩子的想象力、逻辑思维及运动力。
圆梦宝,圆梦宝,圆梦宝，中国十大婴童服饰质量品牌，健康婴童领导品牌。短短数年间，圆梦宝已迅速在全国各地建立了完善的销售网络，最大限度地覆盖全国市场。圆梦宝品牌分别在香港银座百货、新世界百货、步步高、丹尼斯百货、明珠百货等大型百货商场设有专柜。中国实体店已突破2200家。如今，圆梦宝年产量近千万件套：包含儿童内衣、婴幼儿内衣、婴幼外出服、喜庆礼盒、婴幼日常用品、婴幼鞋袜、孕妇用品、哺乳洗护用品、床上用品9大类，近千品种。上海东方卫视以“关注安全健康，呵护宝宝成长”为主题深度报道圆梦宝，国内主流母婴杂志也推荐圆梦宝为“可以吃的宝宝衣”。
吉普,吉普车,吉普车是越野车的一种，是四轮驱动，稳定性良好的车型。越野车有军用民用两种，作为军用是最普遍的。其他还有专用越野拖炮车，越野测量车等。民用越野车，吉普车也是最常用的。另外还有越野地质探矿车、民用越野敞蓬车等。
JEEP,JEEP,Jeep是一个汽车品牌，而不是一种车型，更不是一款服装。世界上第一辆Jeep越野车是1941年在二战中为满足美军军需生产的。至今已具有75年历史。克莱斯勒公司作为Jeep的鼻祖，单独拥有这一注册商标。因此“不是所有吉普都叫Jeep”。代言人王石、刘强东、谢霆锋。 
三美婴,三美婴,三美婴/sunveno，注册商标，隶属于青岛方宇国际贸易有限公司，公司成立于2005年，2007年创立三美婴/sunveno内销品牌，向日本美国出口婴童服装，婴儿尿布，抱婴腰凳，妈咪包，儿童背包等，内销产品在淘宝，京东商城，当当网等均有销售。
格朗,格朗,格朗是马其顿的足球运动员，英文名AgronMemedi。
GL,百合,百合是ACGN领域的概念，又称Girlslove（GL），指女生之间纯洁的爱慕关系（代指女性间的恋爱，但又并不完全等同于女同性恋）。在日本漫画界中，有专门的百合漫画派。传统意义上的百合即为“女生之间的恋爱”，在意义上基本等同于三次元的百合（女同性恋）。以描写女生之间的爱情为主的作品通常被称为正统百合或纯百合。但是，随着ACGN的发展，百合这个词已经在其领域有了新的发展。很多无男主的日常系作品也不断受到观众们的欢迎，集中体现为对女生间高浓度友情+暧昧的描写，在中国被称为轻百合。 
滴滴爱,滴滴爱,滴滴爱品牌旨在将点点滴滴的爱，传递给每一个家庭。滴滴爱品牌因有用点滴爱编织的家庭，因有用心经营的温馨家庭而存在。我们的口号是：点点滴滴的爱，每分每秒都是新鲜。滴滴爱品牌的产品都是用爱去设计的。DIDIAI设计师们倾情打造的亲子装、情侣装新款，引进韩版潮流及欧美时尚元素，时时刻刻释放最耀眼的时尚元素，确保款式、花样的领先水准，秉承款式、面料、色彩、配饰的和谐统一，将亲人间暖暖的情感悄悄地融入其中，打造时尚、温馨、舒适的亲情服饰，愿能为千万家庭带来和谐与幸福。有了爱，就有了家，让滴滴爱见证我们家庭生活的点点滴滴……
D,d,D是拉丁字母和英文字母中的第4个字母。在国际音标和汉语拼音中的意思各不相同。在网络用语中的意思为“顶”，“最顶端”预示着追求最高的最好的。表示支持的意思。在论文的参考文献标题后表示学位论文。D这个字母还用于物理学、化学、音乐、人名等。也用于游戏和电影角色的名字和控制键。
谛欧诺,谛欧诺,谛欧诺，源自美国，总部设在西雅图；谛欧诺是欧美儿童安全座椅品牌，旗下产品包括安全座椅及丰富的旅行配件。
喜尔健,喜尔健,喜尔健是河北义厚成日用品有限公司旗下品牌之一，主要生产护理垫，主要原料为无纺布、绒毛浆、高分子、PE膜。产品适用于失禁人士、妇女产前产后、手术后人士、女性经期、宝宝床使用等。
优贝宜,优贝宜,优贝宜，英文：yobeyi，婴童内衣专家。优贝宜以婴幼、儿童为消费对象，价格经济实惠，定位于全国各大中型城市的中等收入家庭。以“健康、品质、时尚、舒适”的品牌风格，倡导童装消费安全舒适，个性潮流。漳州汇隆祥贸易有限公司旗下的婴幼儿服装品牌，注册于2010年。
asahi,ASAHI,日本ASAHI旭金属工业株式会社1954年在日本新泻县创立，主要生产各种扳手.在日本ASAHI除了是朝日啤酒的代名词也是扳手的代名词。日本旭金属(ASAHI)工业株式会社致力于制造能带给人们喜悦的工具。该公司是一家历经半个多世纪，专门制造作业工具的制造厂。ASAHI扳手一直深受产业界的信赖和高度评价。旭金属株式会社之所以成功是因其拥有一批操作熟练的技术工，他们用制作坚韧耐用工具的热锻造技术，从事梅花扳手、组合扳手、内六角扳手等的开发和制造工作。当然作为日本少有的工具制造厂，为了取得更大的突破，也正稳步进军海外市场。
ONLINE,online,online是一个英文单词，就是计算机在线、联机、在网上、互联网上的的意思。通常加在游戏名称末尾时表示网络游戏。
贝蒂,碧翠丝,碧翠丝（ベアトリス，Beatrice，声：新井里美）是长月达平所创作轻小说《Re:从零开始的异世界生活》及其衍生作品的登场角色。有着近似奶油色的淡色长发，以竖卷形式编成双卷马尾。合带有华丽褶边洋装的少女，给人带来就像是惹人怜爱的印象。但是基本上对周边人是冷淡的表情。名字取自主小行星带的小行星“Beatrice”，名源但丁《神曲》与《新生》中的角色。昵称贝蒂，与强欲魔女艾奇多娜缔结契约守护禁书库的管理员。称帕克为哥哥。
OKBABY,OKBABY,OKBABY是欧可宝贝有限公司2005年注册商标品牌 。专注婴儿生活用品服务。
小皮特,小威廉·皮特,小威廉·皮特，（WilliamPitttheYounger，1759年5月28日－1806年1月23日），活跃在18世纪晚期、19世纪早期的英国政治家。1783年，他获任首相，时年24岁，时至今日，仍然是英国历史上最年轻的首相。1801年，他辞去首相一职，但在1804年，他再次出任首相，却在1806年任内去世。担任首相期间，他同时兼任财政大臣。民间为了把他和他的父亲，老威廉·皮特区分开来，通常会在他的名字后面加上“小”（theYounger）。1766年，因父亲获封伯爵，他获得了“TheHon”的前序。小皮特首相任内，欧洲风起云涌，先后爆发了法国大革命和拿破仑战争。一般认为，皮特是一个托利党人（或称新托利党人）。然而，皮特自称“独立的辉格党人”，反对英国发展出过于严密的政党政治系统。因领导英国对抗法国，皮特声名大噪。他是一位出色的政治家，效率极高，推行改革，培养出一代优秀的政治家。为筹备对法战争军费，皮特提高税率，又打压国内的激进派。为应对法国支持的爱尔兰叛乱，他提出1800年联合法令，又试图解放天主教（CatholicEmancipation，未获成功）。皮特创出了“新托利主义”（newToryism），奠定了托利党在他去世后继续执政二十多年的基础。历史学家查尔斯·佩特里（CharlesPetrie）认为他是英国历史上最伟大的首相之一，“国家和平地过渡到新阶段……他了解新英国。”
KANAKO,Kanako,Kanako是全球著名的塑颜紧致专属品牌
老豆,老豆,“老豆”，是广东，广西粤语地区称自己父亲的习惯口头用语，甚至当面也这样称呼，如向客人介绍自己的父亲，习惯说“这是我的老豆”。
西米粟,西米粟,西米粟泡妞泡良者的家园!
BabyBjorn,babybjorn,BabyBjorn是来自瑞典的专业婴儿用品生产商。1961年，BjörnJakobson与他妻子的姐姐Elsa共同在瑞典斯德哥尔摩贝里斯哈姆拉创立了BabyBjorn公司。同年，公司推出了第一款产品——婴儿椅，受到儿科专家的推荐，在多本瑞典杂志中被报道，市场需求剧增。1973年，BabyBjorn推出了第一款婴儿背袋，取名为"贴心关怀"，再次获得父母的青睐。
SLEEPY,sleepy,sleepy，发音，形容词，意为困乏的;欲睡的;安静的;冷清的。
极云,极云,《极云》是极云寒冰创作的网络小说，发表于17K小说网。
美赞臣,美赞臣,美赞臣营养品公司创立于1905年，创始人为爱德华·美赞臣，公司总部位于美国伊利诺斯州的格伦维尤，其全球研发中心及全球运作生产中心则位于美国印地安纳州的埃文思威尔镇。美赞臣汇聚前沿的营养科研力量，一直致力于配方的研发和创新，为全世界婴幼儿的健康成长提供从科学探索到临床科学研究的全面支持。同时，美赞臣已与多家大学和研究机构合作，拥有婴幼儿营养研究平台和专业能力。所生产的70多种营养产品行销50多个国家和地区。 2018年4月18日，因在生产许可条件保持、食品安全管理制度落实等方面存在缺陷，被国家市场监管总局通报。 
水星家纺,上海水星家用纺织品股份有限公司,上海水星家用纺织品股份有限公司是水星控股集团下属主要成员企业，也是中国现代家纺业的重要奠基者。坐落于上海奉贤综合工业开发区，下辖上海百丽丝家纺有限公司、上海水星电子商务有限公司、上海水星家纺海安有限公司、上海水星家纺海门有限公司、北京时尚水星纺织品有限公司、浙江星贵纺织品有限公司、河北水星家用纺织品有限公司等。公司产品涵盖床罩多件套、被子、枕芯等十大系列300多个品种。“水星”也是中国家纺行业拥有最大营销网络的企业之一。并先后荣获“上海名牌产品”、“上海市著名商标”“中国驰名商标”、“中国500最具价值品牌”等一系列荣誉、称号。上海水星家用纺织品股份有限公司是在家纺行业内最早启用明星代言人的家纺公司，国际影后刘嘉玲小姐作为水星家纺的第一任代言人延续至今，已同水星家纺的广告语“恋一张床，爱一个家”一样深入人心。
慈颜,慈颜,慈颜主要用于形容人物。拼音：cíyán释义：尊亲的容颜（多指父母的）。
CIYAN,CIYAN,CIYAN（瓷颜） ——广州瓷颜化妆品有限公司 ，是即枫丹白露加拿大工厂 、枫丹白露台湾工厂后建立的国内化妆品制造工厂，主营业务为“枫丹白露”品牌国产部分的制造与生产，兼营知名品牌的化妆品OEM、ODM加工。
惠尔顿,惠尔顿,WellDon/惠尔顿”儿童汽车安全座椅是“中、加（加拿大）合资”企业惠尔顿公司的主导专利产品，其中文名为“惠尔顿”；公司产品在欧洲、韩国、日本等全球30多个国家和地区的中高端市场均颇具口碑，设计风格与产品品质都深受客户的认可；同时也是国内最早经欧洲权威认证机构——TNO认证并全线通过ECER44/03、ECER44/04国际公认的认证标准的品牌产品之一。“welldon/惠尔顿”是国内唯一一家实施椅身组件“全注塑”工艺的产品，使其产品在结构标准性、组件稳定性、产品耐用度和使用安全性都是其他工艺难以达到的。“welldon/惠尔顿”的心愿就是让所有的宝宝在乘车时都能得到属于他们的专业保护，让所有人都关心宝宝的乘车安全。“welldon/惠尔顿”将为儿童汽车安全座椅的推广和普及而不懈努力。
Welldon,Welldon,Welldon（惠尔顿），成立于2003年，总部位于中国宁波，专注于儿童安全座椅的设计、研发和制造。
ODYBIRD,Odybird,《Odybird》是一款运行于Android的应用游戏类软件，主要作用是休闲娱乐。
爱伊贝丽,爱伊贝丽,
Trunki,trunki,TRUNKI这个品牌来自于英国，它的设计师兼创始人是罗博·劳尔。在这个品牌下有trunki行李箱、trunki马鞍包、trunki沐浴玩具包等一系列产品。
贝恩施,贝恩施,贝恩施（深圳）科技股份有限公司是孕婴童行业中以大数据为基础，整合优质供应链，实现从“孕”到“婴”再到“童”的全阶段、多方位的产品定制，并在各大电子商务渠道以流程化快速开展整合营销的专业型电子商务有限公司。
NEEU,neeu,奢侈品和生活方式这是一个新单词，由Neeu.com奢优网的两位创始人所创造。代表优雅、高品质的生活方式。
宝贝可爱,宝贝可爱,nacnac品牌名称源自幼儿牙牙学语时所发出的叠字复音，并衍生出多重含义。 1991年nacnac在丽婴房公司的努力与期盼下正式诞生商品涵盖哺乳喂养、清洁保养、居家外出、图书玩具、妈妈用品等产品。时至今日宝贝可爱nacnac全系列包括200多样产品，各种贴心好用的设计，不只全面照顾宝宝更相对的体贴辛劳的爸爸妈妈nacnac不仅是宝宝的好朋友也是全家人的好帮手 。
平安夜,平安夜,平安夜（SilentNight），即圣诞前夕（ChristmasEve，12月24日），在大部分基督教国家是圣诞节的一部分，但现在，由于中西文化的融合，已成为世界性的一个节日。平安夜传统上是摆设圣诞树的日子，但随着圣诞节的庆祝活动提早开始进行，例如美国在感恩节后，不少圣诞树早在圣诞节前数星期已被摆设。延伸发展至今平安夜不仅是指12月24日晚了，指的是圣诞前夕，特指12月24日全天，但由于一般节日氛围在晚上容易调动起来，大型活动都集中在晚上，故被称作平安夜。届时，千千万万的欧美人风尘仆仆地赶回家中团聚。圣诞之夜必不可少的庆祝活动就是聚会。大多数欧美家庭成员团聚在家中，共进丰盛的晚餐，然后围坐在熊熊燃烧的火炉旁，弹琴唱歌，共叙天伦之乐；或者举办一个别开生面的化妆舞会，通宵达旦地庆祝圣诞夜是一个幸福、祥和、狂欢的平安夜、团圆夜，期待着圣诞节的到来。据说圣诞之夜，圣诞老人会悄悄地给孩子们准备礼物放在长筒袜里。 
雀氏,雀氏,雀氏（福建）实业发展有限公司始创于2006年 ，是一家集研发、设计、生产、销售、售后服务为一体的专业制造婴幼系列健康护理用品的大型企业。公司坐落于福建海峡西岸经济区核心地、著名的历史文化名城、风景秀丽的海滨县城惠安惠东工业园。 
Hellobaby,HELLOBABY,《月刊Jump》停刊，《SQJump》创刊；集英社就是这么一回事儿。
德穆兰,德穆兰,1789年3月，德穆兰来到拉昂，出任三级会议代表选举专员。作为1789年5月5日三级会议的目击者，德穆兰写了一首短诗《三级会议颂》（OdeauxEtatsGeneraux），然后米拉鲍伯爵请他为自己的报纸写作，但这份报纸只生存了一天，1789年5月6日就被皇家法令所取缔。
疯恋,疯恋,《疯恋》是雏菊叶下创作的网络小说，发表于晋江文学网。
那时花开,那时花开,《那时花开》是由高晓松编导的爱情电影，由周迅、朴树、夏雨等人主演。于2002年5月1日在中国内地上映。该片讲述了同读一个大学的音乐人高举、张扬和女孩欢子之间的爱情故事 。
My Brest Friend,My Brest Friend,MyBrestFriend 泽恩沃夫公司的哺乳枕品牌。 
贝贝王国,贝贝王国,起源于法国一位年轻母亲对爱与善良的追寻，打造出的一个以婴童服装、服饰为主的专业婴童品牌。在产品设计上更注重婴童穿着的舒适性、安全性，更注重环保与自然、美观的结合。是由成长新天地独家推出的国际化品牌，将法国的育婴文化在中国进行深入的传播与推广
大肚鱼,大肚鱼,食蚊鱼（Gambusiaaffinis；mosquitofish）鳉形目鳉亚目胎鳉科食蚊鱼属的1种（见图）。体长形，略侧扁，长仅15.5～37.5毫米。雄鱼稍细长；雌鱼腹缘圆凸。头宽短，前部平扁。吻短。眼大，眼间隔宽平。口小，上位，口裂横直。齿细小。头和身体均被圆鳞。无侧线，纵列鳞29～30片。背鳍i-5～6。雄鱼臀鳍第3～5鳍条延长，变形为输精器。尾鳍圆形。原产美国东南部、墨西哥及古巴，因对消灭疟蚊及其他蚊子的幼虫有一定作用，而被一些国家移殖。1935年引入中国。 
bellyfish,Bellyfish,故事起源于一个氧气瓶，Belly偶然在海底找到了它，Belly发现原来吸足了氧后可以让自己鼓起来，并可以利用气体排出而加速上升，于是一场看似不可能事情就这样发生了，Belly希望自己利用气泡的力量而上升希望离开水面去看看外面的世界，氧气瓶里的氧气吸完后它开始吸水里的小气泡。
Eric Carle,eric carle,
merus bene,merus bene,merusbene 是一款时尚母婴社群app。 
乐孕,乐孕,乐孕隶属上海齐尊行贸易发展有限公司旗下注册品牌，创立于2006年。品牌专业致力于孕产用品的设计与开发，其国际化的设计团队从全球捕捉潮流趋势，并长年与上海东华大学保持密切合作研发产品面料，联合上海知名军医大学深度合作产品的临床应用，不断推陈创新制造经典，是中国孕产期女性最信赖的品牌之一。乐孕，始终坚持为孕产期女性带来引领风尚的呵护享受，结合多项专利科技，开发出众多舒适畅销款孕妇枕、哺乳枕、防辐射服以及孕产用品，始终坚持顶级的品质和专家级的服务，在业界享有良好的口碑信誉。历经10年品牌锤炼，产品已遍布全国市场销量遥遥领先，且仍在持续增长中。
乐扣乐扣,乐扣乐扣,乐扣乐扣是一个品牌，隶属于韩国乐扣企业，该企业是专门生产新概念密封容器的，现今正向全世界90多个国家出口产品。乐扣乐扣注册于1985年，从2004年7月开始进入中国市场。
LOCK&LOCK,lock&lock,lock&lock（乐扣乐扣）四面锁定保鲜盒locklock来自韩国(株)乐扣乐扣公司已将独自开发的采用四面锁扣方式的乐扣乐扣保鲜盒推向市场。到目前为止，该产品已占据了韩国同类产品的大部分市场，并在国际市场备受世人关注。
魔法天地,魔法天地,《魔法天地》是连载于起点中文网的小说，作者是杰米诺。
慈云,慈云,慈云比喻佛之慈心广大，犹如大云覆盖世界众生。鸡跖集：如来慈心，如彼大云，荫注世界。
康康,康晋荣,康康（康晋荣），台湾歌手、节目主持人、演员。生于台湾高雄凤山，高雄市立中正高工毕业，在学时代曾是学校演讲第二名、民歌第二名。一直到了组乐团当了主唱，总共经历了11年。直到比赛上华唱片举办的“1997PUB英雄会”崭露头角，从全台106队夺得总冠军，因而进入演艺圈。在一次偶然的安排下，被综艺大哥大张菲赏识，开始了毫无保留的搞笑行动。后因吴宗宪音乐理念相同，加入了吴宗宪的经纪公司，成了阿尔发家族的一员。终于在1999年7月6日由BMG发行个人的第一张专辑“催泪”。2015年自编自导电影《十万伙急》 。2016年发行全新单曲《红包拿过来》 
DMC,DmC：鬼泣,《DmC：鬼泣》是NinjaTheory制作、CAPCOM发行的一款动作冒险类游戏，为《鬼泣》系列的作品之一，于2013年1月15日发行。增强版《DmC：DefinitiveEdition》登陆在XBOXOne和PS4，于2015年3月10日发行。《DmC：鬼泣》的故事发生在一个叫做Limbo的恶魔国度，Limbo属于地狱边境，是由邪恶组成的可以反射现实的平行世界。在这个环境里所有的物质都在不断的崩溃，试图在毁灭之间消灭但丁。强大的恶魔们可以随意将但丁拉入Limbo，然后使其陷入激烈的战斗之中。官方还推出了游戏的前传漫画《维吉尔编年史》，以及iPhone手机应用软件《但丁之眼》。游戏包含额外的DLC，其中《维吉尔的陨落》主要是关于维吉尔的故事。需要注意的是，虽然《DmC》被视为《鬼泣》的第五部，但不是正统续作，也不是网络传言的《鬼泣5》，而是一部外传性质的独立作品。故事背景是全新的，不是所谓的但丁年轻时的故事，因为该作的但丁与前4作的但丁完全不同。
晨风,国风·秦风·晨风,《国风·秦风·晨风》是中国古代第一部诗歌总集《诗经》中的一首诗。历来对此诗主旨理解有分歧，一说这是妻子思念丈夫的诗，一说这是秦康公不能任用贤人的诗。全诗三章，每章六句。诗歌以重章叠句的形式，反复歌唱心中的思念和忧愁，各章感情的递进轨迹清晰而可信。
福喜儿,福喜儿,福喜儿是一家美国婴幼品品牌。福喜儿品牌为全球父母提供涵盖婴幼儿哺乳及喂食、护理与安全、游戏与探索的全套一站式养育方案的国际品牌形象，同时向大家更好的阐述了Lamaze拉玛泽作为高端婴幼儿启智玩具的品牌理念。
Camille,camille,camille是一位歌手，其演唱的歌曲表面听来她的音乐里面既有SOUL，BOSSA和六十年代法国流行风格，表现手法又有更多的新浪潮音乐的电子朋克的味道，各种不同类型的风格用有声乐器（非电子乐器，Camille唯一的电子乐器是Keyboard）演奏，又被Camille的独特的声线连接起来了。
mima,mima,MIMA品牌是合肥搬易通科技发展有限公司自主品牌。合肥搬易通科技发展有限公司始创于1994年，是一间专业致力于设计制造电动仓储叉车/非常物流设备的高新科技企业。
童乐源,童乐源,童乐源地处繁华的街道口商圈，交通便利，游乐场所干净整洁，游乐设施丰富齐全，童趣十足。秉承“让孩子健康快乐成长”的宗旨，致力于用给孩子创造一个益智、童趣的欢乐天地。
小土豆,小土豆,小土豆商标是由义乌市阿琴塑料有限公司注册成立的。成立于1990年8月19日，主要。
potato,potato,potato是英文名土豆、马铃薯的意思。是一种食物。
小蜜蜂,小蜜蜂,小蜜蜂（全称：小蜜蜂拓客、小蜜蜂拓客派单），是房地产行业营销手段中的一种硬广告式推广手段之一，其营销手段具有：准确性高，性价比高，成交率高的三大特性，故有：开盘一月全报广，卖房全靠小蜜蜂的业内说法。
Burt's Bees,Burt's Bees,美国缅因州起家的Burt'sBees以一个“大胡子老爷爷”养蜂人肖像及一只小蜜蜂为标记，几乎所有产品都与蜜蜂有关，质地软滑甜润，宣传却毫不甜言蜜语。价格亲民，是个绿色环保、老少皆宜的护肤品牌。
兼彩,兼彩,兼彩，拼音jiāncǎi，意思为多种色彩，出自《北史·魏纪二》：“所幸昭仪、贵人，衣无兼彩。”
zazababy,ZAZABABY,
辣妈,辣妈,辣妈是互联网新生代网络名词，一般指身材火辣、个性独特的20-30岁准妈妈和妈妈们的代名词。“辣妈”不是明星母亲的专属，它是每一个妈妈们追求的目标，它是健康，乐观，积极，向上妈妈形象的代言人。
火贝,火贝,火贝成立于2014年，是广州煌极鲜餐饮管理有限公司旗下的主打品牌，以锡纸花甲小吃为招牌特色，同时逐步研发兼具营养、健康、味美的各种海鲜美食丰富自身的产品品类。
五羊,五羊,五羊是广州的代名词，五羊石像也是广州最著名的景点之一。中国民间传说广州府五仙观。初有五仙人，皆持谷穗，一茎六出，乘五羊而至。仙人衣服，与羊同色，五羊俱五色，如五方。既遗穗与广人，仙忽飞升而去。羊留，化为石，广人因即其地祠之。五羊传说表现了古代中国劳动人民开拓岭南的历史。五羊石雕建于1959年，位于越秀公园西侧木壳岗上，由130多块花岗岩雕刻组砌而成‘高11米，体积53立方米。石像中大山羊居中，昂首远眺，羊髯微拂，口衔“一茎六出”谷穗，雄浑有力的羊角伸向半空，显得深沉、威武。余下四羊环列四周，或小羊跪乳，或母羊回首，或吃草，或嬉戏，形态可爱，栩栩如生。
三洋,三洋,三洋（SANYO），是日本的一家有60年历史的大型企业集团，总部位于日本大阪，产品涉及显示器、手机、数码相机、机械、生物制药等众多领域。三洋电机是日本Panasonic旗下的电器公司，全球拥有324间办公室及工厂与约100000名雇员。三洋电机由井植岁男（1902年－1969年）于1947年成立，并于1950年组成株式会社，创办人为松下幸之助的内弟以及松下电器前雇员。该公司的名字于日语中意思为“三个海洋”，指的是该公司的创办人有将他们的产品销售到世界各地，横跨大西洋、太平洋与印度洋的抱负。
澳贝,澳贝,“澳贝”是由国内知名玩具品牌“奥迪双钻”潜心研究的婴幼儿玩具，2006年成立于广东。此系列玩具专门为中国0-3岁的小宝宝研究和设计，以“成为中国宝宝最好的成长伙伴”为品牌理念，每一款产品都具有丰富的功能和独特的外观设计。
乐乐趣,乐乐趣,《乐乐趣》是一款Android平台的应用。
三元,三元,三元是中国传统节日，上元节﹑中元节﹑下元节的合称。三元节为农历正月十五、七月十五与十月十五，故“元”是农历十五的意思。三元又是解元、会元、状元的合称。在道教教义中原指宇宙生成的本原和道教经典产生的源流，隋唐以后又衍化为道教神仙和道教主要节日的名称，延续至今。三元还有《命理三元》；《命名三元》《词意》等。
Picci,PICCI,PICCI 是由皮琦有限责任公司运营品牌，该品牌在2010年04月12日注册成功。 
彩虹熊,彩虹熊,彩虹熊是隶浙江巴布豆儿童用品有限公司旗下装品牌。 
BBunion,BBunion,
多拉咪,多拉咪,多拉咪国际集团，生产的智力开发及家庭装饰实用产品迄今已有四十多年历史。凭借精益求精、不断创新的专业精神，DLami已成为色彩、快乐、品质、安全及创意的代名词。目前，DLami的产品在50多家国家出售，从热带到寒带，从美洲到亚洲，备受全球老师及家长的推崇。DLami是全球孩子智力开发的乐园。在意大利DLami已成为母婴文化的代名词，在意大利消费者中达到了99%的品牌知名度，是最受欢迎的儿童和爱家妈妈品牌。在中国市场目前主要生产奶瓶，经营玻璃奶瓶、PP奶瓶、以及奶瓶配件等，“摔不碎（摔不破）的抗菌玻璃奶瓶”是多拉咪的特色产品之一。
韵语,韵语,韵语，拼音：yùnyǔ，意思是字句押韵的语言。
派大星,派大星,派大星（PatrickStar）是美国动画片《海绵宝宝》系列的主人公之一，海绵宝宝的好朋友。是一只粉红色的海星，说话嗓音粗，头脑简单，四肢发达，经常给大家制造麻烦。在睡觉或发呆时会不停的流口水。居住在它自己盖的石头下面。在关键时刻会想出绝妙的点子，但下一秒就已经遗忘，在动画片中它反而是说出最多有深刻含义话的人物。
NUK,NUK,NUK是德国MAPA公司生产的世界高质量的婴儿用品的著名商标，在世界婴儿用品市场上享有很高的声誉。公司前身是创立于1947年德国不莱梅市(Bremen)的HanseatischeGummiwerkeBachmann&Co.KG，于60年代陆续并购多家橡胶制品公司后规模日渐扩大。目前已在全世界70多个国家和地区销售。主要产品有洗澡水温计、安全指甲钳、婴儿湿巾等。
宝得适,宝得适,宝得适集团儿童安全用品公司是设计、制造和销售汽车儿童安全座椅，手推车和旅行用品的专业公司。
RMC,RMC,RMC程序针对反应堆计算分析中的基本需求，同时结合新概念反应堆系统设计时几何结构灵活、中子能谱复杂及材料组分多样、各向异性及泄漏强（某些特定情况）等特点进行研发，是多物理多尺寸耦合核能系统数值分析平台的物理计算核心。
悍风,悍风,《悍风》是由狂飙De宅男编写的一本小说。连载网站起点中文网。
Joan Miro,胡安·米罗,胡安·米罗（JoanMiró，1893年4月20日—1983年12月25日），西班牙画家、雕塑家、陶艺家、版画家，超现实主义的代表人物。是和毕加索、达利齐名的20世纪超现实主义绘画大师之一。在1920年代中期，他在他的新天地中，探索了非常困难的一些方面，从《哈里昆的狂欢》的复杂性，到《犬吠月》和《人投鸟一石子》这类作品非常有魅力的单纯性。米罗认为，情欲是最自然、最合乎本性和情理的现象，是生命的原动力。他对女性的魅力十分着迷，可以说他终生探讨最多的也是女性和关于男女性生活。但在生活中，米罗不沾女色，他一生只爱过两个女人：他的妻子和他的女儿。1983年12月25日，米罗因心脏病突发，永远告别了他深爱的妻子比拉和女儿多萝娜，为了纪念这位杰出的艺术大师，欧洲文化艺术界把1993年定为“米罗”年，举办了盛况空前的作品展览和艺术活动。如果大师地下有知，一定会得到莫大的安慰。
蓝猫,俄罗斯蓝猫,俄罗斯蓝猫（RussianBlue），历史上曾被称做阿契安吉蓝猫，曾有过三种不同的名字。最初是阿契安吉蓝猫。直到20世纪40年代才有现在的名字。另外有段时间它则叫做马耳他猫。证据显示，这种猫确实原产于俄罗斯，因为已在俄罗斯寒带地区发现了同种的猫。俄罗斯蓝猫体型细长，大而直立的尖耳朵，脚掌小而圆，走路像是用脚尖在走。身上披着银蓝色光泽的短被毛，配上修长苗条的体型和轻盈的步态，尽显一派猫中的贵族风度。
牧川,牧川,
忆夏,忆夏,《忆夏》是一部连载中的都市言情小说，作者是若梦凡间。
ITUKKC,Itukkc,Itukkc 是韩国的人气甜美品牌。 
bp,血压,血压（bloodpressure，BP）是指血液在血管内流动时作用于单位面积血管壁的侧压力，它是推动血液在血管内流动的动力。在不同血管内被分别称为动脉血压、毛细血管压和静脉血压，通常所说的血压是指体循环的动脉血压。
乐刻,乐刻,乐刻，1926年11月生，贵州贵阳人，1949年毕业于上海复旦大学外文系，是电影电视艺术研究所研究员。
窝窝秀,窝窝秀,窝窝秀是一个展示衣服、鞋子、包包、配饰、美容等一系列产品的购物分享平台，它可以帮助爱美丽的女生找到适合的穿衣搭配、在哪里购买合适的时装搭配网购社区平台；我们将为每一个爱美的时尚女孩轻松地创建属于自己的搭配宝典库而努力。
comsoft,Comsoft,Comsoft 是中国服装品牌，由东莞中玲制衣有限公司创立，该公司成立于1989年，是一家具有十几年服装生产经验的专业厂家，坐落在风景秀美、交通便利的广东省东莞市万江区。公司占地面积57000平方米，建筑面积37000平方米。员工规模达1800余人，拥有资产总额2.1亿元。公司主要生产针织童装、针织男女装内衣。产品主要出口到欧洲、美洲、澳洲、日本等国家，同时在国内同行业中销售额也名列前茅。目前公司月产量超过350万件，销售业绩蒸蒸日上，是一家充满活力生机和现代化气息的服装生产企业。公司拥有一整套的产品生产加工体系和一大批高素质的管理人员，产品以质量稳定、性价比高而深受广大消费者的喜爱。该公司生产"COMSOFT"针织内衣裤荣获2006年国家免检产品称号。
塔罗,塔罗,占卜用具，通过在指定位置（牌阵）上放置随机抽取的卡牌，分析牌面的象征意义对问题作出解释。常见于西方占卜中，偏向于心灵占卜。关于“塔罗”一词的含义，流传甚广的是“王道”的意思，但在古埃及的象形文字含义之谜破解之后，此说法便已站不住脚。塔罗的真正来源还在考证之中。
thallo,THALLO,
世纪宝贝,世纪宝贝,世纪宝贝（Babyhood）是世纪宝贝集团有限公司旗下知名婴童品牌，致力于0—3岁婴幼儿塑料产品的研发、生产和销售。
babyhood,babyhood,Babyhood（世纪宝贝）是世纪宝贝集团有限公司旗下知名婴童品牌，致力于0—3岁婴幼儿塑料产品的研发、生产和销售。Babyhood的产品主要包括婴儿餐椅、婴儿围兜、儿童座便器、沐浴澡盆、塑料小凳子以及其他辅助洗浴用品等数十种产品。经过多年的发展Babyhood已经在国内外建立了广泛的销售渠道，Babyhood的产品在国内外通过超市、母婴连锁店、商场母婴专柜等方式进行销售，同时也在淘宝等网络平台建立了完善的销售体系。目前，全世界每年超过200万的宝宝使用Babyhood优质、安全、时尚的产品。
angelguard,AngelGuard,《AngelGuard》是Athena公司制作发行的动画片。2012年发行。
奇客,极客,极客是美国俚语“geek”的音译。随着互联网文化的兴起，这个词含有智力超群和努力的语意，又被用于形容对计算机和网络技术有狂热兴趣并投入大量时间钻研的人。现代的Geek含义虽然与过去有所不同，但大多还是相似的，现在Geek更多有一种在互联网时代创造全新的商业模式、尖端技术与时尚潮流。总之，是一群以创新、技术和时尚为生命意义的人，这群人不分性别，不分年龄，共同的战斗在新经济、尖端技术和世界时尚风潮的前线，共同为现代的电子化社会文化做出自己的贡献。
也诺,也诺,宁波市鄞州也诺服饰有限公司坐落在中国最大的服装基地-宁波，专业开发生产防辐射服。“也诺”系目前公司开发的专业防辐射孕装品牌，它摒弃传统孕装模式，直击国际时尚潮流。公司坚持采用国内最前沿的专业防辐射面料和多样的款式风格面向市场。公司本着“诚信互利，高质取胜”的经营理念，从设计开发、定版定款、面料做工、企划宣传等方面严格把控。自产品问世以来，公司以优质的品质和领先的时尚设计理念一直得到社会各界的好评与青睐。
Babytrend,BabyTrend,babytrend要经营婴幼儿产品，主要产品有：婴童汽车安全座椅，童车，三轮车跑步车，站立车，游戏床，高餐椅，秋千，尿布桶，学步车等等。
朵朵香,朵朵香,
Babysteps,BabySteps,《BabySteps》是DearYunA创作的网络小说，发表于17K小说网。
康贝,康贝,以“创造育儿的感动、协助育儿的伙伴”宣示企业的态度，为传达“幸福感（喜悦、感动）、高品位（品质、信赖、考究）”而设计
Combi,combi,Combi公司的名称由来由希望与有缘人“配合”的“Combination”而缩写成“Combi”要创造丰富而有梦想的生活文化，将人们温暖的交流场所向世界推广。Combi珍惜有缘的人们，让他们的幸福实现。在1968年由希望成为协助“母亲与婴儿“的“伙伴”企业而更名为现在的“康贝(Combi)股份有限公司”。Combi于2002年采用新的品牌标语，重新决定不只对母亲与婴儿提供协助，更希望扩及所有的育儿者，让每个人都能享受幸福的育儿生活。同时，将沟通的对象扩展到所有家人及全体社会，开发并提供各种软、硬体，协助创造一个幸福且充满温馨的交流场所。Combi创造丰富、充满梦想的生活文化，将每个温馨的交流场所拓展到全球。
努比,努比,阿曼足球运动员，场上位置：后卫。
蝌蚪,蝌蚪,蝌蚪（英文：tadpole）古时写作"科斗"是蛙、蟾蜍的幼体，又称蛤蟆蛋蛋。刚孵化出来的蝌蚪，身体呈纺锤形，无四肢、口和内鳃，生有侧扁的长尾，头部两侧生有分枝的外鳃，吸附在水草上，靠体内残存的卵黄供给营养。以群居为主。当蝌蚪成熟了，它们开始脱变，渐渐长出四肢，然后（对于蛙和蟾蜍）则透过细胞凋亡（控制细胞死亡）逐渐退化了它们的尾巴。
Tadpoles,Tadpoles,《Tadpoles》是LyonSim等主演，IvanTan编剧的电影。
贝阿提丝,贝阿提丝,在《微笑的鱼》动画原声带中，《贝阿提丝》这首歌名是夏宇给那只鱼的名字。这个名字给了这个故事更多神秘和浪漫的想象。歌词中鱼和主人的矛盾情感也像是现代人的感情般若即若离。词作者黄小桢用简洁的语言轻轻讲述这个故事，陈建骐则写得很冷静。
泰迪熊,泰迪熊,《泰迪熊》是由塞思·麦克法兰执导，塞思·麦克法兰、马克·沃尔伯格及米拉·库妮丝等联袂出演的美国喜剧电影。该剧讲述男主人公与他心爱的泰迪熊之间发生的趣事 。该电影于2012年6月29日在北美上映。
舒氏,舒姓,舒姓，为黄帝直系后代。以国为氏，出自“偃姓”，据《左传》所载，周朝，皋陶的后代被封于舒国（在今安徽省庐江县西），公元前657年，舒子平被徐国所灭，后又复国舒姓最早的来源可以一直追溯到上古时期，，称为舒鸠国。公元前552年，又被楚国所灭，子孙以“舒”为氏。
童尼,童尼,童尼，化妆造型师，毕业于北京《老黑化妆艺术学校》。曾参与湖南卫视《天下女人》、北京卫视《超级访问》、安徽卫视《非常静距离》等节目的录制。并为《环球春晚》、《北京国际电影节》等活动后台造型。
婴之侣,婴之侣,婴之侣创始于1995年，15年来，始终专注中国婴儿安全护理领域。
惠维,惠维,字书乡人，号墨韵轩主，一九五四年生于西安灞桥。自幼酷爱书画，其作品特点是：“大气磅礴，抱朴藏拙”。
彩虹王国,彩虹王国,《彩虹王国》是一款横版动作过关游戏，原创的冒险剧情，可爱的日式RPG风格，暗黑类游戏的装备系统，媲美冒险岛的纸娃娃系统，流畅的打击感，空中无限连击等特色让玩家体验不一样的游戏世界。众多标新立异，别出心裁的创意使《彩虹王国》在众多相同类型的游戏中独树一帜。
依依,依依,依依是一个汉语词汇，读音为yīyī，意思是一指留恋，不忍分离。二形容依恋不舍的样子和树枝轻柔随风摇动的样子。清·林觉民《与妻书》等均有相关记载。
优贝仕,优贝仕,上海大秦生物科技有限公司长期致力于孕产妇、婴幼儿健康食品的研发，位于美丽的上海杨浦区，是一家专业化健康产业公司。
Member's Mark,Member's Mark,
智虎,智虎,
七色糖果,七色★星露,《七色星露》是unisonshift在2006年4月21日发行的一款GALGAME，由伊东杂音负责角色原案，其后移植了PS2版本，并追加大量的新情节以及CG。
六甲村,六甲村,杭州六甲村贸易有限公司为美商独资企业，本公司主要从事品牌代理及行销，目前为来之台湾的孕产妇第一品牌“六甲村mammy-village”孕产妇精品的中国大陆地区总代理。
花花公子,花花公子,花花公子是花花公子企业国际有限公司的品牌，英文名：PlayboyEnterprisesInternationalInc。公司创立于1953年，主要从事娱乐产业，旗下包括化妆品，箱包，杂志，传媒等各个领域。
PLAYBOY,花花公子,“花花公子”服饰系列品牌由美国花花公子企业国际有限公司（PlayboyEnterprisesInternationalInc.）创始人休·赫夫纳一手主导推出。美国“花花公子”品牌从1953年诞生之初的高端品牌，逐渐走向了亲民化路线，上至名流、政要，下至普通消费者，每个人心中都有一个“花花公子”，它成为了全球最受欢迎的品牌之一。
H,氢,氢是一种化学元素，在元素周期表中位于第一位。氢通常的单质形态是氢气。它是无色无味无臭，极易燃烧的由双原子分子组成的气体，氢气是最轻的气体。医学上用氢气来治疗疾病。 氢气的爆炸极限：4.0~74.2%（氢气的体积占混合气总体积比）。
素道,素道,《素道》是连载于晋江文学城的书籍，作者素雪
叮当小猪,小猪叮当,为武汉叮当动漫科技有限公司下属玩具书品牌，取自叮当动漫主人翁叮叮与当当之名。叮当动漫科技有限公司成立于2009年，是一家致力于婴幼儿早期教育产品研发、设计、生产与销售为一体的自主原创型企业。武汉叮当动漫科技有限公司总公司位于湖北省武汉市，其中东莞叮当动漫科技有限公司与郴州桂东叮当动漫科技园隶属于武汉叮当动漫科技有限公司。
元气小猴,元气小猴,元气小猴是新余市的一家快餐店，提供在线菜单。
喜眠,喜眠,喜眠（hinos），中国知名睡衣品牌。喜眠创始人创办了中国最大的睡衣加工企业，为维多利亚的秘密、LaSenza、Next、M&S等国际知名品牌生产高档睡衣，产品销售到欧洲、美洲、大洋洲、中东、南非等八十多个国家和地区。喜眠拥有全球最好的睡衣生产设备、睡衣生产技术，而且有着最丰富的的经验。喜眠创办之初就与杜邦进行了全面的合作，并取得COOLMAX®在中国睡衣行业的独家授权。在实验了成百上千种材料之后，喜眠以coolmax材质为基础（全球最佳的高科技速干材料），开发出适合睡衣的全新速干面料——Hinos-CoolMaxEveryday。该面料在保持原有高效吸湿排汗性能的基础上，克服了速干面料质地较硬的缺陷，使喜眠速干睡衣比棉质更加柔软舒适。喜眠致力于开发适合中国人的全新速干睡衣，全心全意为了消费者的睡眠健康。速干睡衣在国外非常流行，但国内市场尚未得到开发，为了将这样的好产品带给中国消费者，提高现今高压下生活的人们的睡眠质量。近些年来欧美一些发达国家开始流行一中全新的功能性睡衣——速干睡衣，这种睡衣具有绝佳的吸湿排汗性能，能够使人在睡眠时保持干爽，大大提升睡眠质量，其具有的保健作用受到人们的热烈追捧。甚至美国总统奥巴马夫人也呼吁全美女性穿着速干睡衣。 
婴乐谷,婴乐谷,婴乐谷是北京稻田村食品有限公司旗下婴童辅食的品牌名，现有婴童颗粒面、蝴蝶面、小面条、小面片、小饼干、小馒头、小馄饨、肉酥、米粉等品系，50多款单品。婴乐谷婴童辅食以宝宝的营养与健康为前提，严格选料，生产过程不加添加剂，食品的自然、安全，以婴童的生理特征及饮食习惯为研究方向，采用麦芯粉、时蔬等研发出宝宝的营养健康辅食。
怡恩贝,怡恩贝,怡恩贝，母婴高端品牌，奉行绿色安全母婴护理新标准。2012年正式被青蛙王子收购，并进行了重组。
蓝精灵,蓝精灵,电影《蓝精灵》（TheSmurfs）改编自比利时漫画家沛优同名漫画及动画片，影片由拉加·高斯内尔执导，采用“表演捕捉+CG动画”的方式制作，由乔纳森·温特斯、凯蒂·佩瑞、安东·尤金和弗莱德·阿米森联袂配音，尼尔·帕特里克·哈里斯、杰玛·梅斯和汉克·阿扎利亚携手出演。在这部电影中邪恶的格格巫在笨笨引导下闯进精灵村庄，蓝精灵们在躲避格格巫时通过蓝月亮的旋窝被传送到了纽约中央公园内，在这里他们一方面要赶在格格巫和阿兹猫（Azrael）找到他们之前回到自己的蘑菇村庄，另一方面只有三个苹果高的他们也要在纽约这座大苹果之城展开冒险。 
CHERRY,Cherry,Cherry公司是全球专业的键盘制造厂商，专注于电子产品品牌，所在地为德国，以机械键盘闻名世界。
新趋势,新趋势,新趋势 是四川尚兰格暖芯科技有限公司 在国家商标总局注册的商标名称。
叙贝,叙贝,叙贝 （Xubei）是南京乐贝母婴有限公司旗下的品牌之一，主营产后束腹带，防溢乳垫及婴幼儿用品等。
悠悠,悠悠,悠悠，女，海清助理。
三乐,三乐,安徽省舒城三乐童车有限责任公司创建于1994年8月。公司主要专业从事婴儿学步车、儿童三轮车、儿童推车、童床四大系列几十种产品生产。
捷贝,捷贝,适用于经饮食控制及体育锻炼2～3个月疗效不满意的轻、中度2型糖尿病患者，这类糖尿病患者的胰岛细胞需有一定的分泌胰岛素功能，且无急性并发症（如感染、创伤、酮症酸中毒、高渗性昏迷等），不合并妊娠，无严重的慢性并发症。
巴巴罗莎,巴巴罗莎,巴巴罗莎 ，是东方万佳国际贸易（北京）有限公司 旗下化妆品 品牌，于2015年 正式创立。“巴巴罗莎”是中国万佳国际集团与法国BBROS公司合创品牌，由万佳集团旗下公司北京新润科技股份有限公司在中国市场运营及销售。产品涵盖精油、美妆工具及其他时尚产品。
屁屁熊,屁屁熊,《屁屁熊》是一款Android平台的应用。
天彩,天彩,天彩是我国写真机行业的郑州新世纪广告设备有限公司的自主品牌，天彩（译为：skycolor，天空的颜色）品牌在2004年注册，在短短六年的发展中，天彩作为一个民营企业的自主品牌，不断的完善品牌形象，提升产品品质，而且在行业的努力发展下，不断的用质量、品质、售后服务等使用者口碑等积累天彩品牌今天的知名度。天彩品牌隶属郑州新世纪广告设备有限公司名下，该公司生产的天彩系列品牌写真机用质量和服务赢得国内外客户的信赖。现已成为广告设备行业第一品牌，全国销量第一的卓越品质。
贝之星,贝之星,babyster源自盛产大风车和郁金香的“欧洲花园”——荷兰，这里既是欧洲商业化设计的前沿，更是全世界育婴文化最发达的国家。Babyster总部与世界500强企业飞利浦总部一起坐落在荷兰温暖的南方城市、欧洲科技中心——埃因霍温。babyster来到中国，中文名为贝之星，旨在将世界先进的育婴文化和专业的育婴用品带给广大的中国爸爸妈妈。并通过babyster在世界各地积累的丰富育婴理念，秉承用爱呵护未来之星之企业文化，与中国广大爸爸妈妈一同分享、一同努力，让孩子更加健康快乐的成长
泰勒梅,泰勒梅,TaylorMade——阿迪达斯高尔夫球有限公司（TaylorMade-Adidas-SalomonAG，简称泰勒梅高球。自1979年创立之后，泰勒梅高球一直是高球科技发展的先驱。
Bebini,Bebini,Bebini，Bebini（UK）Limited，服务范围婴幼儿服饰和床上用品。
满趣健,满趣健,满趣健 商标由满趣健公司申请注册品牌。国际分类号（ 第8类） 。
Munchkin,Munchkin,Munchkin，演员，主要作品有1984年上映的《街头浪子》。
hape,Hape,Hape国际控股集团总部位于瑞士卢塞恩(Luzern)，由德国人彼得·汉斯丹(PeterHandstein)先生始创于1986年。该品牌主要为全球0-6岁宝贝研发益智木玩，启蒙和促进儿童的健康成长与发展；提倡并秉承生态、环保的生产和生活方式，积极为世界环境保护与可持续发展做出贡献。
B.Duck,B.duck,B.Duck是香港著名产品设计公司SemkProductsLtd（森科产品有限公司）旗下主力品牌。B.Duck诞生于2005年，首款推出的产品是B.Duck浴室防水收音机，造型独特的鸭仔防水收音机在日本及欧洲地区大受欢迎。此后，B.Duck小黄鸭的形象被运用在不同的产品类别，包括家居、浴室、厨房、文具、电子产品和节日礼品等，产品更出口至欧洲多个国家，在欧洲、日本等地已拥有很高知名度。
博朗,博朗,1921年在德国法兰克福奠下基业，德国博朗以精致的设计缔造出一个又一个经典，成为德国设计的典范。旗下10大类200多种产品涵盖男士剃须、女士脱毛、美发护发等，成为全球小家电巨头。德国博朗的产品曾经荣获60多项红点设计大奖，现代气息、简约、纯正和高品质正是博朗的风格。而德国博朗的设计理念，更被其设计大师迪特·拉姆斯总结成那赫赫有名的“十句箴言”，影响着一代又一代的设计师。2014年博朗理发器系列震撼登陆中国，带给消费者来自博朗的终极理发体验。
BRAUN,BRAUN,布劳恩1850年6月6日出生于德国的富尔达（Fulda）。他在此地接受了地方普通中学的教育。他曾在马尔堡大学、柏林大学学习过，1872年毕业，他的毕业论文是关于弹性弦的振动。后来他在维尔茨堡大学担任过昆开（Quincke）教授的助手，1874年受聘到莱比锡的圣托马斯中学任教。两年后他受聘为马尔堡大学的理论物理学编外教授，1880年又被聘请到斯特拉斯堡大学担任同样的职务。1883年布劳恩成了卡尔斯鲁厄（Karlsruhe）工业大学的物理学教授，并于1885年受聘到杜宾根大学任教。他到这里的任务之一是建立一所新的物理研究所。他没有接受莱比锡大学的邀请去继承魏德曼的职务，而是在10年后于1895年又返回斯特拉斯堡担任物理研究所主任。
哈喜屋,哈喜屋,哈喜屋（英语：hessie，广告语：成长路上满心哈喜）隶属于杭州环宇集团旗下高端玩具母婴家居用品品牌；品牌成立于2005年，连续5年当选杭州知名产品品牌；hessie出生于香港，身居中国，放眼世界，励志成为世界母婴高端品牌；hessie品牌涉及到的产品包括婴童益智玩具、家具、学习桌椅、家纺、等一系列婴童家居用品；hessie一直追求完美主义，每一件hessie产品都精雕细琢，细节中诠释高端品质，呵护中诠释无限真情；hessie致力于为宝宝提供最全方面的呵护，给宝宝缔造一个健康快乐的成长空间。
芭比,芭比,芭比诞生于1959年3月9日，是露丝·汉德勒创造的“虚拟人物” ，最初只是一个金发玩具娃娃，随着社会和文化变迁不断推出新的品种，并衍生了家具、手机等，它成为一个品牌甚至文化现象。2002年，芭比娃娃的创造者露丝·汉德勒去世， 芭比出现于各种电视电影里，电影版芭比娃娃由环球影业发行，芭比娃娃和男朋友肯也出现在了2010年的迪士尼动画《玩具总动员3》里。 
Barbie,芭比娃娃,芭比娃娃（Barbie）由RuthHandler发明，于1959年3月9日举办的美国国际玩具展览会（AmericanInternationalToyFair）上首次曝光，芭比娃娃是20世纪最广为人知及最畅销的玩偶，芭比娃娃及其它相关配件均以一比六的比例制作，为娃娃屋模型的最大号，也称为playscale。芭比玩偶版权现由美泰儿公司拥有及生产，已经销往世界上150多个国家，总销售额超过10亿元，并由此衍生出一系列影视作品、小游戏及周边产品。
帝行,帝行,《帝行》作者是桑殇，在纵横中文网连载的玄幻小说。
日康,日康,日康婴儿用品有限公司是一家专业从事婴儿用品开发、设计、生产的制造商。公司位于台州市黄岩经济开发区，成立于1996年，经过十多年的发展壮大，厂区面积40余亩，厂房建筑面积近3万平方米，厂区环境优美，配套完善，整洁有序，处处显现着现代化企业的精神风貌。
安奈儿,安奈儿,深圳市安奈儿股份有限公司是一家专业设计、经营中高档童装的服装企业，其前身“安尼尔童装店”于1996年在深圳女人世界开业，1999年注册“Annil安奈儿”品牌，开始走品牌化发展路线。在18年的发展历程中，安奈儿童装优雅与流行兼具、精致与舒适并重的特点在国内童装品牌中独树一帜。其过硬的品质和优质舒适的面料更是得到千万妈妈的好评，如今安奈儿童装已成为了最受消费者喜爱的童装品牌之一。
机器熊,机器熊,机器熊是由日本早稻田大学的研究小组设计的 ，它能够将打鼾者头部翻至另一侧，使他保持呼吸通畅。这种机器熊还可作为枕头，但其内部植入扩音器。当机器熊探测到巨大的打鼾声时，它的爪子就会轻微地将打鼾者的头部推至另一侧。
Virgin Mary,Virgin Mary,VirginMary译为：圣母玛利亚，耶稣基督之母，全名：BlessedVirginMary，《圣经》新约和《古兰经》里耶稣（尔萨）的生母，她的名字本为马利亚后因"玛"其字比马的喻意要好则译的时候译为"玛"但现在中文圣经中用的还是"马".值得一提的是מרים(Maryām)即玛利亚在亚兰文就是“苦涩”的意思，而汉语的《古兰经》中翻译为“麦尔彦”。大多数基督教徒和穆斯林认为，新约称玛利亚还是处女时受圣灵感应而怀孕。玛利亚的丈夫名叫约瑟.
迷你屋,迷你屋,"迷你屋(MINIHOUSE)"，广州松丽屋贸易有限公司于2002年创立的童装品牌。产品定位于国内中高档童装，以精致时尚、可爱花俏的设计风格吸引了广大消费者。2004年开始设立专卖店和建立连锁加盟网络，至2009年底，“迷你屋”全国专卖店已达300多家，网络辐射至广东、广西、安徽、浙江、湖北、湖南、四川、陕西、福建、河南、北京、重庆、云南、天津等全国大部分城市。
时度,时度,时度是汉语词语，读音shídù，意思是按时。
舒达,舒达,美国舒达床垫（Serta），舒达自成立以来一直以“制造世界第一流的床垫”为使命，意在为每个睡眠者提供睡眠。
serta,Serta,serta，舒达公司于2010年8月25日申请的品牌。
PPN,非公开定向债务融资工具,非公开定向发行是指具有法人资格的非金融企业，向银行间市场特定机构投资人发行债务融资工具，并在特定机构投资人范围内流通转让的行为。在银行间债券市场以非公开定向发行方式发行的债务融资工具称为非公开定向债务融资工具（PPN，privateplacementnote）。
森马,森马,森马，国内休闲服行业迅速崛起的领军品牌。森马集团有限公司以“创大众服饰名牌”为发展宗旨，积极推行特许经营发展模式，休闲装和童装品牌连锁网点遍布全国二十九个省、市、自治区、直辖市，形成了完整的市场网络格局。集团公司现有休闲装“semir”及童装“balabala”等两个知名服装品牌。森马集团有限公司于1996年12月18日创立于浙江省温州市，是一家以虚拟经营模式为特色，以系列休闲服饰为主导产业的无区域集团。其公司注册资本为人民币2.38亿元，总资产达10多亿元，是温州市大企业大集团之一。
Semir,semir,
Nickelodeon,Nickelodeon,Nickelodeon，即尼克国际儿童频道，是美国知名的有线电视频道，主营儿童节目。为维亚康姆公司拥有。自90年代初和21世纪初，尼克作为一个品牌已经到其他地区，包括欧洲，在中东，俄罗斯和亚洲扩展。2009年11月2日已经可以在加拿大开播。自2006年以来，尼克一直由MTVN儿童与家庭集团总裁西马Zarghami。该频道的目的主要是为2-11岁的儿童，与他们的黄金时间块异常是针对9-14岁的儿童。
麦迪熊,麦迪熊,麦迪熊是梦寻（上海）电子商务有限公司于2014年重磅推出的一个互联网食品品牌，是一家以绿色食品的品牌研发、生产加工、分装贸易为主体，集实体店销售和网络自有B2C品牌销售为一体的现代化新型企业。“麦迪熊”将高举“童真和情趣”的旗帜，坚持“开心能结善缘，坚持必得正果”的商业理念，以恒持高尚品味、积淀丰富内涵、打造醒世品牌为宗旨，遵循中高端路线，全势介入网络时代食品行业。 
婴侍卫,婴侍卫,婴侍卫”属广东省汕头婴侍卫婴童用品实业有限公司旗下的一个品牌，汕头婴侍卫婴童用品实业有限公司经过10多年的发展，已经由原来的单一销售方式，慢慢成长为集研发、设计、生产、质控、营销等全方位发展的企业，公司主要业务集中在婴幼儿、学龄儿童的日用品、启蒙教育类用具及婴幼儿玩具方面，公司旗下现有三个品牌，分别为：婴侍卫(婴幼儿用品)、婴智慧(婴幼儿启蒙及益智玩具)、智汇玩具总动员(儿童玩具)。
贝安诺,贝安诺,贝安诺是北京添金贝佳儿童用品有限公司创建的出口级高档童床品牌。贝安诺是亚洲唯一通过美国GREENGUARD环保认证儿童家具环保测试的品牌
乐乐鱼,乐乐鱼,乐乐鱼是一款休闲游戏，开发商是SeastarGames。
大王,大王,大王（本名沈夏），12月24日出生于四川省，毕业于四川师范大学表演系，中国内地女主持人。2009年，大王参加台湾电视谈话性娱乐节目《康熙来了》接班人比赛，获得获了全国总冠军 。2010年11月，作为“幸福代表团”成员参加江苏卫视深夜档节目《幸福晚点名》的录制 。2012年3月，搭档语熙参加江苏卫视主持人选拔节目《脱颖而出》的比赛。2013年，大王担任浙江卫视生活类综艺节目《开心大买卖》主持人。2015年，参加湖南卫视代际沟通观察类节目《妈妈的牵挂》的录制 。2016年，以柳岩闺蜜的身份参加乐视视频户外婚恋真人秀节目《女神的选择》的录制 。2017年，大王参加爱奇艺说话达人秀《奇葩说》第四季的录制 。
婴尚,婴尚,婴尚是国内婴幼儿食品品牌，旗下产品包括婴幼儿营养米粉、清清宝、葡萄糖、营养面条、营养肉绒、磨牙棒、休闲零食等多个辅食系列。婴尚以全国母婴渠道为主经营，布遍全国30多个省、市。
JAHVERY,JAHVERY,JAHVERY嘉唯源于上世纪90年代，原品牌名【JAVERAVARTIA】。由芬兰裔女设计师JADEVARTIA与藤原浩一（FIJIHARAHIROSHIYITI）联手创立于芬兰首都赫尔辛基。是当下奢华品质和创新工艺的代名词。品牌标志性作品“罗耶丝皇”享誉北欧。
最强大脑,最强大脑,《最强大脑》是江苏卫视引进德国节目《SuperBrain》推出的大型科学竞技真人秀节目。节目是专注于传播脑科学知识和脑力竞技，全程邀请科学家，从科学角度，探秘天才的世界，并将筛选出的选手组成最强大脑中国战队，迎战来自海外的最强大脑战队，决出世界最强大脑。《最强大脑》包括：《最强大脑第一季》、《最强大脑第二季》、《最强大脑第三季》、《最强大脑第四季》、《最强大脑之燃烧吧大脑》（最强大脑第五季）。《最强大脑之燃烧吧大脑》于2018年1月5日起每周五晚21:10在江苏卫视黄金档播出 。
白领公社,白领公社,白领公社是中国首家白领群主题的综合型B2C电子商务门户级购物网站，也是目前网购平台中最早集渠道拓展、在线订购、售后服务、会员之家于一体的知名品牌。产品涵盖女装、男装、袜子、丝巾、领带、首饰、配饰、创意办公桌面用品和便携用品等九大领域。支持14天退换货保障，100%正品保障，以及独家“六星评级”商品质量保障体系，力求打造360度全方位“品质网购”的购物体验环境。自白领公社上线以来，已凭借简单、快捷、人性化的购买方式和物美价廉的性价比优势，带给白领群体前所未有的新型购物体验，并已成为白领群体网购首选对象。
阿卡邦,阿卡邦,1979年韩国第一专业经营婴儿用品/服饰企业
出走,精武战士,《精武战士》是由Pt.MerantauFilms公司推出的一部动作类型影片，该片由加雷斯·埃文斯执导，伊科·乌艾斯、希斯卡·杰西卡主演。影片主要讲述了尤达背井离乡，想在雅加达这个繁华但是肮脏的大城市里打拼出自己的一片天下的故事。 
VANWALK,vanwalk,VANWALK，著名时尚男士新锐品牌，中文译称“出走”，VANWALK崇尚愉快、轻松和自由，融合了西方与东方的魅力。不论是以西方的角度或是以东方的观点，都可以感受到对于世界融合的热情与渴望。或者年轻、性感与真实不仅仅是一种生理、心灵的状态，而是一种崇尚自由的时尚精神，VANWALK就是最好的印证！
小猪快跑,小猪快跑,《小猪快跑》是由PeterTimm执导的家庭片，塞巴斯蒂安·考奇、SophievonKessel、安德列·施密特等参加演出。此片讲述了单身爸爸的儿子与单身妈妈的女儿还有一只粉红色的小猪鲁迪的生活故事。
safetosleep,SafeToSleep,《SafeToSleep》是一款理财购物类软件，运行环境支持Android2.1。
泰兰特,暴君怪兽泰兰特,暴君怪兽泰兰特是《泰罗·奥特曼》第40集中的怪兽，由怪兽、超兽以及宇宙人的灵魂合体而成。结合七者最优秀的身体部分组合而成的强大怪兽，在《泰罗奥特曼》TV第40集先后打败佐菲、初代、赛文、杰克、艾斯五个奥特曼。最后因为体力不支，在地球的战斗中被泰罗奥特曼打败。
浪莎,浪莎集团,浪莎集团成立于1995年，是现今唯一同时拥有“中国驰名商标”、“中国名牌产品”、“国家免检产品”的企业。且在内衣企业当中，是唯一的“行业标志性产品”和“中国内衣第一股”企业。现旗下已拥有蓝枫袜业、宏光针织、立芙纺织、浪莎房地产等七家分公司、十五个销售公司；四川浪莎、安徽浪莎两家子公司及五个海外贸易公司，成为行业的第一大品牌厂家，在业界素有独占鳌头的“两个首家”、引以为傲的“四个最”、“十个第一”。 
萌小孩,萌小孩,萌小孩是其他游戏类游戏，支持Android2.2。
健安喜,健安喜,GNC在1935年，DavidShakarian在匹兹堡成立了一家专门贩售食品的小店，称之为Lackzoom。akarian's于418WoodStreetBS。美国GNC健安喜为全球闻名之优良营养食品公司，在全球拥有5000多家连锁店；500多万个金卡会员；在亚洲地区包括新加坡、台湾、菲律宾、马来西亚、印尼、香港等地，均有连锁店的成立。
GNC,健安喜,GNC在1935年，DavidShakarian在匹兹堡成立了一家专门贩售食品的小店，称之为Lackzoom。akarian's于418WoodStreetBS。美国GNC健安喜为全球闻名之优良营养食品公司，在全球拥有5000多家连锁店；500多万个金卡会员；在亚洲地区包括新加坡、台湾、菲律宾、马来西亚、印尼、香港等地，均有连锁店的成立。
青蛙王子,青蛙王子,青蛙王子（中国）日化有限公司，是一家领先于中国市场专注于儿童护理产品，融研发、生产制造、营销为一体的综合型、专业化经营企业。旗下“青蛙王子”品牌不仅以其健康、活泼、富有灵性的卡通形象，获得了小朋友们的青睐，更以其优异的产品质量，赢得了家长们的认可，目前已成为儿童个人护理产品的领先国内品牌之一。随着经济发展，中国消费者日益关注儿童护理产品。中国儿童护理有限公司（前称为青蛙王子国际控股有限公司） 始终坚持"专心致意，儿童护理"的经营理念，不断升级现有产品及开发符合客户及市场需求的新产品，不断增加研发活动资金并加强与国内外大学及研究机构的合作，坚持打造具有独特创新特色的品牌营销之路，呵护中国儿童的健康成长。
East Coast,东海岸,东海岸（EastCoast或EasternSeaboard，有时候也称为AtlanticSeaboard即大西洋海岸）在地理学上一般指美国东部沿海地区，与西海岸、五大湖、中部地区和南方地区相对应。它包括新英格兰、中大西洋地区和东南地区。
其它,其它,其它，即"其余的它者"，物主代词。在“其他”作人称代词时，其他与其它是区别的；在“其他”表示其余者而用于物称时，二者就可以换用。古汉语里有的也写作“其佗”，佗是物主代词，如《左传·隐公元年》”佗邑唯命“，它也是物主代词，如《后汉书·列女传》”无它异“。佗、它通假而用，类似通假在先秦秦汉是普遍现象。古汉语不区分其他与其它，现代汉语里他作为人称代词而它作为物主代词了，因此，在现代汉语环境，谈物时，用“其他”是继承古代用法，用“其它”是新环境里的合逻辑用法，都可以。
佑天兰,佑天兰,佑天兰utena是日本的美容品牌。日本佑天兰utena成立于1927年，是日本历史悠久的化妆保养品公司，多数保养品更为日本人气商品，品质与效果，81年来一直深受日本女性的喜爱及肯定。
Utena,乌田纳,乌田纳（Utena）是立陶宛东北部的一座城市，是乌田纳区和乌田纳县的行政中心。乌田纳是立陶宛最早出现的聚居地之一，地名最早见于1261年，可能取自一个水文名称。
华子,华子,华子（原名段宇华），中国内地男演员。他是《黑洞》中的肖云柱，他也是黄晓明版《新鹿鼎记》里的海公公。华子在《冬至》、《五月槐花香》、《康熙微服私访》、《江塘集中营》等大热电视剧中都有上佳表现，
莱那珂,莱那珂,莱那珂婴幼儿奶粉100%波兰 原装进口，独创“LNTS”莱那珂-可溯系统（Lait-NacreTraceabilitySystem）全程跟进奶粉生产体系，确保新鲜原材料，6小时鲜奶成粉技术（SixHoursofFreshMilkintoPowderTechnology），由塔莱登科学实验室TaradonLaboratory联合湖南诺曼欧乳品有限公司根据中国宝宝体能状况潜心研制LF红蛋白营养五元配方，特别添加由世界乳铁之父Jean-PaulPerraudin博士研制第二代高活性乳铁蛋白-NFQ（LF-NFQ）。安全纯正，特别不含麦芽糊精、不含果糖，不含蔗糖，不含棕榈油，不含香料香精，不含激素、抗生素、药物活性物质等。确保中国宝宝第一时间享受来自欧洲的莱那珂优质婴幼儿配方奶粉，健康可溯，爱在中国。
植护,植护,植护作为新生代婴幼儿日护品牌，2013年植护应爱而生植护，提出“植物护养，天生滋润”的理念。旨在根据不同产品的不同功效，精选不同的植物，科学配比，为宝宝提供适合、安全、可靠的日护产品。我们严苛把控从选料到加工到包装到运送的所有环节：所有原料必须是天然优质的；整个加工过程必须在无菌环境中进行；严控质量关，只有百分之百合格的产品才能出厂入市。 一切，只为给宝宝如父母般的贴心关爱。 
抵岸,抵岸,《抵岸》是陈志勇的作品，格林出版社在2007年1月30出版。全书主要讲述了彩图像方式是必然的决定、相簿是另一种图画的形式、利用小图跨页大图带出阅读节奏、大量意象的使用。
乐吉儿,乐吉儿,乐吉儿玩具有限公司创建于1998年，坐落在“中国玩具之城‘汕头澄海’”。专业生产搪胶娃娃，塑胶场景娃娃和智能娃娃等女孩玩具产品。本着“用心做好产品，以您共享精彩今天“的经营理念，成功塑造“乐吉儿”品牌和形象，被评为“中国名优儿童用品采购制定品牌。”公司是第一批通过国家强制性3C认证的玩具企业。
天利,天利,天利食品（徐州）有限公司由香港天益国际集团有限公司投资兴建，成立于2009年9月，坐落在美丽的徐州经济技术开发区内，东临京沪高速铁路，西近雄伟壮观的宝莲寺。
Tianli,Tianli,《Tianli》是一款IOS平台的应用。
达尔文,查尔斯·罗伯特·达尔文,查尔斯·罗伯特·达尔文（CharlesRobertDarwin，1809年2月12日—1882年4月19日） ，英国生物学家，进化论的奠基人。曾经乘坐贝格尔号舰作了历时5年的环球航行，对动植物和地质结构等进行了大量的观察和采集。出版《物种起源》，提出了生物进化论学说，从而摧毁了各种唯心的神造论以及物种不变论。除了生物学外，他的理论对人类学、心理学、哲学的发展都有不容忽视的影响。恩格斯将“进化论”列为19世纪自然科学的三大发现之一（其他两个是细胞学说、能量守恒转化定律），对人类有杰出的贡献。1882年4月19日，达尔文在达温宅逝世，享年73岁， 葬于威斯敏斯特大教堂。
泰迪珍藏,泰迪珍藏,泰迪珍藏是天络行(上海)品牌管理有限公司创建的品牌。“泰迪珍藏TeddyBearCollection”传递的是爱与陪伴。长期以来，天络行致立于将“泰迪珍藏”打造成消费者生活方式的品牌，将泰迪熊的温暖与陪伴传递给广大泰迪熊粉丝和追随者，带给人们多样的生活体验。 
宝娜斯,宝娜斯,宝娜斯集团是一家以袜业品牌、市场经营管理为主，集袜业、针织、贸易、投资控股于一体的大型现代企业集团。集团总部位于全球最大的小商品集散中心——义乌。公司始创于1985年，正式成立于1998年。目前集团拥有浙江宝娜斯、江苏宝娜斯、汇豪科技、宝娜斯投资四大产业中心。拥有世界最先进的意大利全电脑织袜机2000余台，是一家集产品研发、生产、销售及原材料制造于一体的大型针织企业。
SHILOH,Shiloh,ShilohJolie-Pitt，全名ShilohNouvelJolie-Pitt，美国著名好莱坞电影明星AngelinaJolie和BradPitt的大女儿，也是他们第一个亲生孩子。生于2006年5月27日，纳米比亚。
PAUL SMITH,Paul Smith,PaulSmith是英国时尚品牌，其最受人追捧的便是内里的些许叛逆精神——表面是绅士却偷着“耍坏”——这也是设计师PaulSmith的英式幽默。
京东众筹,京东众筹,2014年7月1日，京东众筹正式诞生，在新消费升级时代下，京东众筹不仅是一个为用户提供“与众，不同”的趋势性产品体验的品质生活平台，更是一个为创新创业企业发展提速的筹资与孵化平台。 
田园诗,田园诗,欧洲古代的田园诗是忒俄克里托斯(公元前310?-245?)首创的。他传下的诗有二十九首，这些诗描写西西里美好的农村生活和自然风景，清新可爱。古希腊的田园诗对后世欧洲带有贵族倾向的诗歌有很大的影响。中国古代的田园诗指歌咏田园生活的诗歌，多以农村景物和农民、牧人、渔夫等的劳动为题材。东晋大诗人陶渊明开创了田园诗体后，唐宋等诗歌中的田园诗便主要变成了隐居不仕的文人和从官场退居田园的仕宦者们所作的以田园生活为描写对象的诗歌。田园诗和边塞诗并称唐代开元、天宝年间两大词派，前者恬淡疏朴，后者雄浑豪迈。
海润阳光,海润阳光,海润阳光是由柳州湖大工程项目管理有限公司开发的一个楼盘。海润阳光 地处柳城中央。
迪尼斯,迪尼斯,迪尼斯，是一名巴西足球运动员，司职后卫。
婴姿非凡,婴姿非凡,婴姿非凡童装品牌是合肥智达电子科技有限公司旗下自有品牌，由公司经理张仁东注册申请使用。婴姿非凡注重环保、绿色、安全、活泼、个性、时尚、潮品为宗旨！努力打造婴童装一线品牌。
赛诺,赛诺,SINOMAX赛诺是盛诺盟集团全资拥有的零售品牌，主要生产太空棉系列寝具和健康舒压系列用品。SINOMAX赛诺的品牌理念是“促进健康新生活”。
托马斯和朋友,托马斯和朋友,《托马斯&朋友》的版权拥有者，HIT娱乐有限公司亚洲区总经理弗兰克·福雷介绍说，托马斯最早出现在由英国牧师瑞福·奥德瑞在1945年创作的《铁路系列》故事中，这个拟人化的蓝色蒸汽小火车和他一群个性迥异的火车朋友们居住在一个名叫“多多”的岛上，一同冒险，一同成长。
THOMAS&FRIENDS,托马斯和朋友,《托马斯&朋友》的版权拥有者，HIT娱乐有限公司亚洲区总经理弗兰克·福雷介绍说，托马斯最早出现在由英国牧师瑞福·奥德瑞在1945年创作的《铁路系列》故事中，这个拟人化的蓝色蒸汽小火车和他一群个性迥异的火车朋友们居住在一个名叫“多多”的岛上，一同冒险，一同成长。
宝贝妞妞,宝贝妞妞,《宝贝妞妞》是一款装扮类的小游戏，目标是打扮小宝贝。
尚烤佳,尚烤佳,尚烤佳（SUNCOJIA）隶属于济南尚客户外用品有限公司，成立于2014年，是集研发、生产、销售为一体的专业户外用品供应商。在全国建立连锁零售网络及电子商务销售系统，向广大消费者提供安全舒适的户外烧烤、家庭烘焙、传统火锅。 
米菲,米菲,米菲兔，诞生于1955年，是世界上图画书作家之一的荷兰画家迪克·布鲁纳创作的经典动画人物。米菲画像风格一致，易于记忆、简朴、亲切，深受全世界各地小朋友的喜爱。
MIFFY,米菲,米菲兔，诞生于1955年，是世界上图画书作家之一的荷兰画家迪克·布鲁纳创作的经典动画人物。米菲画像风格一致，易于记忆、简朴、亲切，深受全世界各地小朋友的喜爱。
爱伦可可,爱伦可可,英国ALCOCO国际控股集团是一家以婴童用品为核心产业的集团，
宝利源,宝利源,宝利源是全国妈妈最喜爱的婴儿床品牌。宝利源专注婴儿床产品的创新与体验。宝利源为世界各大知名品牌代工，享有良好的声誉和口碑，所生产的的婴儿床备受广大买家欢迎，在沃尔玛等大型超市都有宝利源生产的婴儿床，美国、澳洲、韩国、加拿大等等，都有宝利源的产品，宝利源已经走向世界，得到了各大品牌采购商的认可和推崇，每年都有外国客户慕名而来，订单络绎不绝，工厂规模也越来越大。
奥特王,奥特之王,奥特之王是居住在K76行星的长者，和诺亚·奥特曼、雷杰多·奥特曼、赛迦·奥特曼合称神秘的四大战士，他被光之国的奥特战士称为“王”，是奥特一族传说中的超人，年龄为30万岁以上，拥有远远凌驾于任何奥特战士之上的实力。仅凭一已之力把贝利亚关到宇宙监狱，当宇宙中有巨大危机来临之时，他就会现身，直接将强敌解决，关于其真名，一说在已故的居村真二留给圆谷的遗产――《超传说》中，奥特之王的真名叫作"皮克"。（梦之战）中奥特之王没有出场，黑暗扎基也没有打败过奥特之王。从捷德奥特曼中可以看出奥特之王拥有比肩宇宙整体的强大力量。年龄仅次于诺亚奥特曼。
MOOSE,驼鹿,驼鹿（英文名称：moose）：是世界上最大的鹿科动物，驼鹿属下共有2个物种8个亚种。驼鹿的名称取意于其肩高于臀，与骆驼相似。它又称堪达罕（满语）、犴达罕（满语）、犴，驼鹿在北美洲称为“moose”（源于东阿布纳基语的“moz”），而在欧洲称为“elk”（“elk”在北美洲被用来称呼加拿大马鹿）。以雄性的掌形鹿角为特征。驼鹿为典型的亚寒带针叶林食草动物，单独或小群生活，多在早晚活动。分布于欧亚大陆的北部和北美洲的北部。不同亚种的毛色有所不同。（2005年由生物学爱威尔逊和里德认可驼鹿分为欧亚驼鹿和北美驼鹿为不同的独立的物种。）
爱乐维,爱乐维,爱乐维®(复合维生素片)，用于妊娠期和哺乳期妇女对维生素、矿物质和微量元素的额外需求；并预防妊娠期因缺铁和叶酸所致的贫血。
Smart Trike,Smart trike,Smarttrike是全球专业级婴童三轮车的领导品牌，它将科技创新应用于全阶段的婴童三轮车中。独有的专利TouchSteering助力转向技术给人以车随心动的骑乘体验。专业级安全设计、人性化全阶段设计以及顺滑轻松的方向感，使smarTrike成为全畅销的专业级婴童三轮车品牌。
Pororo,pororo,小企鹅Pororo，是韩国国宝级的卡通人物，其主要作品载体是一部益智搞笑类型的动画片，在韩国多个电视台频道及其它媒体均有播放，风靡韩国，在韩国被称为“Po总统”，并受到多个国家观众的欢迎。小企鹅Pororo有不少衍生品，如玩具、食品、用品、应用程序、定期展览及音乐剧等，而电影版已于2013年在中国上映。2014年5月22日，国内首家Pororo卡通主题乐园在北京爱琴海购物中心正式开业。 
优敏,优敏,优敏，汉语词汇。拼音：yōumǐn释义：博洽通达。
大创,大创,大创是汉语词汇，拼音dàchuàng，解释为在军事上使敌人受到严重的损伤。
daiso,daiso,大创（DaisoJapan），由矢野博丈 创立于1972年，于全球又拥有逾4000家分店，遍布30多个国家。2012年，大创百货正式进驻中国大陆，首家分店落户广州，取名为“大创生活馆”，由香港四洲集团与日本大创产业联合投资，并由四洲集团统一运营。 
lovely,LOVELY,英语单词之一，有可爱的的意思。
美素佳儿,美素佳儿,美素佳儿(Friso)是荷兰皇家菲仕兰旗下的婴幼儿奶粉品牌。美素佳儿，其母公司-荷兰皇家菲仕兰公司创建于1871年，迄今已有140多年的历史，是合作型乳品公司，在全球100多个国家赢得了相当高的声誉。2004年，荷兰皇家菲仕兰公司被荷兰皇室授予“皇家”称号，行业仅此一家。荷兰皇家菲仕兰公司的荷兰自家牧场由欧洲超过20000名左右会员农场主联合经营，共同管理，严格保证了美素佳儿奶粉的稳定品质。 
Friso,Friso,friso是使用c语言开发的一个开源的中文分词器，使用流行的mmseg算法实现。
韩都衣舍,韩都衣舍,韩都衣舍电商集团创立于2006年，是中国最大的互联网品牌生态运营集团之一。凭借“款式多，更新快，性价比高”的产品理念，深得全国消费者的喜爱和信赖。2016年7月获批成为互联网服饰品牌第一股，股票代码838711。2010年获“十大网货品牌”以及“最佳全球化实践网商”的称号;2012年—2016年，在国内各大电子商务平台，连续五年行业综合排名均排第一。 2014年，韩都衣舍女装取得了天猫历史上第一个全年度、双十一、双十二“三冠王”，男装取得天猫原创年度第一名、童装列天猫原创年度第三名。2011年3月，获得IDG近千万美元投资。2014年9月，获得由李冰冰，黄晓明，任泉三人成立的StarVC投资，系其首个投资项目。通过内部孵化、合资合作及代运营等，韩都衣舍品牌集群达70 个，包含女装品牌HSTYLE、男装品牌AMH、童装品牌米妮·哈鲁、妈妈装品牌迪葵纳、文艺女装品牌素缕、美国户外品牌Discovery 等知名互联网品牌，包括韩风系、欧美系、东方系等主流风格，覆盖女装、男装、童装、户外等全品类。韩都衣舍独创的“以产品小组为核心的单品全程运营体系（IOSSP）”是企业利用互联网提升运营效率的一个成功案例，入选清华大学MBA、长江商学院、中欧国际工商学院及哈佛商学院EMBA教学案例库。 2014年4月，韩都衣舍签约韩国巨星“国民女神”全智贤，10月签约“国民弟弟”安宰贤，2015年3月，签约新生代“亚洲女神”朴信惠，10月签约韩国实力派明星池昌旭。是中国拥有国际明星代言人最多的互联网企业。
HSTYLE,韩都衣舍,韩都衣舍电商集团创立于2006年，是中国最大的互联网品牌生态运营集团之一。凭借“款式多，更新快，性价比高”的产品理念，深得全国消费者的喜爱和信赖。2016年7月获批成为互联网服饰品牌第一股，股票代码838711。2010年获“十大网货品牌”以及“最佳全球化实践网商”的称号;2012年—2016年，在国内各大电子商务平台，连续五年行业综合排名均排第一。 2014年，韩都衣舍女装取得了天猫历史上第一个全年度、双十一、双十二“三冠王”，男装取得天猫原创年度第一名、童装列天猫原创年度第三名。2011年3月，获得IDG近千万美元投资。2014年9月，获得由李冰冰，黄晓明，任泉三人成立的StarVC投资，系其首个投资项目。通过内部孵化、合资合作及代运营等，韩都衣舍品牌集群达70 个，包含女装品牌HSTYLE、男装品牌AMH、童装品牌米妮·哈鲁、妈妈装品牌迪葵纳、文艺女装品牌素缕、美国户外品牌Discovery 等知名互联网品牌，包括韩风系、欧美系、东方系等主流风格，覆盖女装、男装、童装、户外等全品类。韩都衣舍独创的“以产品小组为核心的单品全程运营体系（IOSSP）”是企业利用互联网提升运营效率的一个成功案例，入选清华大学MBA、长江商学院、中欧国际工商学院及哈佛商学院EMBA教学案例库。 2014年4月，韩都衣舍签约韩国巨星“国民女神”全智贤，10月签约“国民弟弟”安宰贤，2015年3月，签约新生代“亚洲女神”朴信惠，10月签约韩国实力派明星池昌旭。是中国拥有国际明星代言人最多的互联网企业。
妈妈美,妈妈美,北京妈妈美商贸有限公司是妈妈美（中国）品牌事业部，是产后修复领导品牌，汇聚中韩美容化妆品技术与营销精英，结合最先进的信息化技术，开创网络购物+目录邮购+生活馆三位一体的复合营销模式。经营涉及妊娠纹预防、妊娠纹修复、产后乳房修复、肌肤紧致、产后减肥、营养调理、祛手术疤痕、私处紧致、身材塑形等产后恢复项目，倾力打造中国产后妈妈修护第一品牌。
其他,其他,其他，三种用法：1、别的，其余，不分人与物。语出《国语·晋语四》：“民生安乐，谁知其他？”古汉语流行通假，形近和音同的字常通假，他、佗、它同音或形近，因为通假而不区分人称代词与物主代词。2、其余的人（此他为人称代词），只作为（其余者里面的）人称代词而区别于物主代词“其它”，这种区别是现代汉语里的现象。3、其余的男子（此他为男称代词），区别于“其她”，这种用法也有，但很少。谈物时，用“其他”是继承古代用法，用“其它”是现代汉语环境里的合逻辑用法，都可以。因为，古汉语不区分其他与其它，现代汉语里他作为人称代词而它作为物主代词了。
准妈妈,准妈妈,准妈妈就是指女人怀孕了，不久就要生小孩子，即将成为妈妈，近似地可以被看作妈妈，称之为“准妈妈”。简而言之，“准妈妈”就是即将分娩的女人。描述这里的“准”是预备、准备的意思，也可以转义为“将要”。准妈妈就是指女人怀孕了，不久就要生小孩子，准备当妈妈了，所以称为“准妈妈”。简而言之，“准妈妈”就是即将分娩的女人。
啾啾,啾啾,啾啾是一个象声词，读音为jiūjiū，形容鸟儿发出的鸣叫声，也形容许多小鸟一齐叫的声音，泛指像各种凄切尖细的声音。《乐府诗集·木兰诗》等均有相关记载。
CHUCHU,ChuChu,《ChuChu》是大冢爱的音乐作品，收录在《LoveFantastic》专辑中。
婴姿坊,婴姿坊,广东婴姿坊婴童用品实业有限公司位于广东佛山——全国著名的童装生产基地。由罗志忠先生创立于1992年。公司以建立绿色婴童王国，成就社会未来栋梁，把健康和欢乐带给天下母亲作为使命，不断提升品牌的价值，成为行业领航者。现企业凝聚数千高素质员工和管理精英，联动数万行业盟友共创伟业，具有极其前沿与专业的管理、营销、研发、生产团队，拥有3万多平方米的现代化生产厂房。全国一千多家的连锁加盟专卖店及专营店，见证着婴姿坊这颗熠熠新星的崛起，更昭示着企业旗下品牌“婴姿坊”和“舒舒乐”辉煌的前景。未来婴姿坊将继续以呵护宝宝健康成长为己任，引入动漫文化引领婴童品牌新潮流，全面升级品牌价值，用二十年的自我磨砺和市场沉淀，以不断创新、锐意进取的企业精神，以更科学更严谨的经营管理体系，求真务实、精益求精，以更优质的产品更贴心的服务，力创卓越知名品牌！
泡泡熊,泡泡熊,
伟易达,伟易达,VTECH伟易达简介伟易达于一九七六年成立，企业文化植根于「科技和创新」，集团于二零零五财政年度共投资三千八百五十万美元于产品研究及开发，并推出多款创新及优质产品。集团的总办事处设於香港特别行政区，而完善的生产设施则设于中国，业务遍布十个国家，并在全球聘用约二万二千七百名员工，其中包括约八百八十名科研专才。集团在加拿大、中国香港及中国均设有产品研究及开发中心，透过此庞大网路，集团便能紧贴世界各地的最新技术及市场发展趋势。
VIV&LUL,VIV&LUL,VIV&LUL品牌的渊源可以远溯至19世纪末的法国罗纳河畔的东南部大城市里昂(LYON)，它是座历史悠久的古老城市，是欧洲著名的政治文化中心，这里曾是贵族集居的地方。一群贵族的后代，深受法国文艺复兴时期作家、人文主义者弗朗西斯·拉伯雷的思想启蒙，对奢华的生活状态追随到狂热的地步，她们出身显贵，品味不凡，同时又思想解放、崇尚自由与个性。
娃娃博士,娃娃博士,娃娃博士，指的是邓稼先，因为他抱着学更多的本领以建设新中国之志，他于1947年通过了赴美研究生考试，于翌年秋进入美国印第安那州的普渡大学研究生院——由于他学习成绩突出，不足两年便读满学分，并通过博士论文答辩。此时他只有26岁，所以人称“娃娃博士”。
鲁茜,鲁茜,
曲品,曲品,《曲品》初稿成于万历三十年（1602），万历三十八年、四十一年曾两次增削更定。最旱的万历间刻本业已失传，传世的抄本又每与高奕《新传奇品》及无名氏《古人传奇总目》相混杂，至近人刘世珩重印时，始将《曲品》与后二书分开。
铅笔俱乐部,铅笔俱乐部,铅笔俱乐部童装（pencilclub）是东莞市添翔服饰有限公司旗下的著名童装品牌。自2005年创立以来，铅笔俱乐部童装定位4——14岁的亚洲儿童，为他们提供健康、舒适的儿童服饰产品。铅笔俱乐部也凭其优雅、经典的欧式风格，环保、健康的柔肤面料，精致的织造工艺，迅速地成为了国内小朋友穿着的首选品牌。发展至今，铅笔俱乐部童装已成为国内最具规模和影响力的童装企业之一，并在全国各地乃至海外撒播“爱”的呵护，现共有专柜700余家，会员数量超过4万人。
六瓣花,六瓣花,谭晶，女，中共党员，著名的青年歌唱家，国家一级演员，总政歌舞团独唱演员。1998年毕业于中国音乐学院，随即考入总政歌舞团，现为全国青年联合会常委、山西省青联副主席、第十一届全国人大代表、第十九届全国十大杰出青年；2006年7月毕业于解放军艺术学院研究生班，成为我国第一个通俗唱法硕士学位获得者；2009年5月入党，现在读北京外国语大学英语学院博士研究生。
悠悠童话,悠悠童话,《悠悠童话》是兰可弥写的网络小说连载于起点中文网。
红色小象,红色小象,红色小象是上美旗下高端母婴护理品牌，品牌标识及“爱无添加”的理念源于大象妈妈对小象“持久的母爱与呵护”。
小黄人,小黄人大眼萌,《小黄人大眼萌》是一部2015年的美国喜剧动画电影，该影片由凯尔·巴尔达、皮艾尔·柯芬执导，桑德拉·布洛克、皮艾尔·柯芬、史蒂夫·卡瑞尔配音，由照明娱乐公司和环球影业联合出品 。该影片讲述了小黄人的历史以及他们要找到强大的新主人，并辅佐他完成作恶事业的故事，背景涉及到伦敦、纽约等几个大城市，该片于2015年9月13日以3D及IMAX3D格式在中国上映 。
