帮宝适,帮宝适,帮宝适，全球知名的纸尿裤品牌之一，也是美国宝洁公司旗下著名的婴儿护理品牌，自1961年上市以来行销全球一百多个国家，每天全世界有超过3000万宝宝都在使用帮宝适纸尿裤成为行销全球一百多个国家的世界婴儿纸尿裤品牌。2015年，帮宝适被评为中国口碑影响力纸尿裤品牌以及千万辣妈推荐纸尿裤品牌。2016年6月8日，《2016年BrandZ全球最具价值品牌百强榜》公布，帮宝适排第37名。
Pampers,Pampers,Pampers是一款理财购物类软件，支持Android2.3.3。
花王,花王,花王，日本知名日用品品牌。花王株式会社成立于1887年，花王前身是西洋杂货店“长濑商店”（花王石碱），主要销售美国产化妆香皂以及日本国产香皂和进口文具等，花王创业人是长濑富郎。目前花王产品涉及化妆品等600多种，大都是高分子化学品。
好奇,好奇,好奇HUGGIES®纸尿裤诞生于1978年，是有37年历史的美国金佰利旗下的纸尿裤品牌，于68个国际及地区市场领先，全球约有二分之一的宝宝在使用好奇®纸尿裤。好奇®HUGGIES®努力提供最优秀表现的产品，从每一个细节为宝宝考虑，致力于为宝宝提供最舒适和贴体的纸尿裤穿着体验，让宝宝在他的世界无拘无束的自由探索、发现、快乐地成长。在中国，好奇®HUGGIES®始终遵守同样的理念，给中国宝宝带来了世界级的关爱。 
MOONY,Moony,Moony是一个ISDN呼叫监控软件，支持Win95/98/NT/2000。
大王,大王,大王（本名沈夏），12月24日出生于四川省，毕业于四川师范大学表演系，中国内地女主持人。2009年，大王参加台湾电视谈话性娱乐节目《康熙来了》接班人比赛，获得获了全国总冠军 。2010年11月，作为“幸福代表团”成员参加江苏卫视深夜档节目《幸福晚点名》的录制 。2012年3月，搭档语熙参加江苏卫视主持人选拔节目《脱颖而出》的比赛。2013年，大王担任浙江卫视生活类综艺节目《开心大买卖》主持人。2015年，参加湖南卫视代际沟通观察类节目《妈妈的牵挂》的录制 。2016年，以柳岩闺蜜的身份参加乐视视频户外婚恋真人秀节目《女神的选择》的录制 。2017年，大王参加爱奇艺说话达人秀《奇葩说》第四季的录制 。
妈咪宝贝,妈咪宝贝,《妈咪宝贝》是1998年妈咪宝贝杂志社出版的图书月刊，作者是妈咪宝贝杂志社。中国报刊广告投放价值百强排行榜，妈咪宝贝跻身期刊30强之列，是母婴类唯一荣获此殊荣的期刊。《妈咪宝贝》杂志由北京市妇女联合会主办隶属于职业女性杂志社，自创刊至今已度过五载。《妈咪宝贝》孕0-3岁版是一本为准妈妈及0-3岁宝宝妈妈量身打造的育儿生活服务杂志。本刊以为追求高品质生活和具有现代消费观念的准妈妈、新妈妈们提供全方位的关怀，传递最新的育儿观念及科学时尚生活信息为办刊理念，使准妈妈和新妈妈们在育婴路上有机会获得更多宝贵的育儿经验。
安儿乐,安儿乐,中国纸尿裤品牌，采用高分子吸收体及绒毛浆吸收结构，具有超强吸收力，透气底层干爽不闷热：用国际先进技术生产的防漏透气薄膜，使尿裤中的闷热湿气散发出来，干爽不闷热，可有效防止尿布疹的发生。
菲比,菲比,Fitti菲比，是瑞德国际旗下的专业纸尿裤品牌，由瑞德国际于1982年引入中国。瑞德国际率先推出菲比超薄型纸尿裤，特有专利超强吸水层Megathin，迅速吸收尿液的同时，可以均匀扩散并牢牢锁在纸尿裤内层，整条纸尿裤尿湿后不结团不断棉，小屁屁时刻干爽舒适；其产品包括菲比秒吸舒爽纸尿裤和菲比乐玩裤裤型婴儿纸尿裤 。
Fitti,Fitti,Fitti菲比，是瑞德国际旗下的专业纸尿裤品牌，由瑞德国际于1982年引入中国。瑞德国际率先推出菲比超薄型纸尿裤，特有专利超强吸水层Megathin，迅速吸收尿液的同时，可以均匀扩散并牢牢锁在纸尿裤内层，整条纸尿裤尿湿后不结团不断棉，小屁屁时刻干爽舒适；其主打产品包括菲比秒吸舒爽纸尿裤和菲比乐玩裤裤型婴儿纸尿裤 。
五羊,五羊,五羊是广州的代名词，五羊石像也是广州最著名的景点之一。中国民间传说广州府五仙观。初有五仙人，皆持谷穗，一茎六出，乘五羊而至。仙人衣服，与羊同色，五羊俱五色，如五方。既遗穗与广人，仙忽飞升而去。羊留，化为石，广人因即其地祠之。五羊传说表现了古代中国劳动人民开拓岭南的历史。五羊石雕建于1959年，位于越秀公园西侧木壳岗上，由130多块花岗岩雕刻组砌而成‘高11米，体积53立方米。石像中大山羊居中，昂首远眺，羊髯微拂，口衔“一茎六出”谷穗，雄浑有力的羊角伸向半空，显得深沉、威武。余下四羊环列四周，或小羊跪乳，或母羊回首，或吃草，或嬉戏，形态可爱，栩栩如生。
雀氏,雀氏,雀氏（福建）实业发展有限公司始创于2006年 ，是一家集研发、设计、生产、销售、售后服务为一体的专业制造婴幼系列健康护理用品的大型企业。公司坐落于福建海峡西岸经济区核心地、著名的历史文化名城、风景秀丽的海滨县城惠安惠东工业园。 
舒比奇,舒比奇,舒比奇，中国首款专利防红臀纸尿裤，专注致力于婴幼儿纸品，专业预防宝宝红臀。舒比奇亲体研究中心，致力于呵护宝宝娇嫩肌肤，多年精心研究打造婴幼儿“亲体”用品，体贴入微，细心关爱，精心呵护宝宝每一步成长。舒比奇品牌“Suitsky”诞生于2009年，旗下有“舒比奇”、“舒比奇高护”“初生时代”、“恩玛”四个婴幼儿纸品品牌，拥有国际领先的自动化纸尿裤生产线、纸尿片生产线、湿巾生产线等20余条，产品涵盖纸尿裤、纸尿片、拉拉裤、小内裤、湿巾等，营销网络现已覆盖全国各大省市 秉承“品质超过竞品，营销差异于竞品”的发展理念，舒比奇率先申请并使用防红臀专利技术，正是多年来始终坚持并不断升华这一功能鲜明的传播主张，使得创新、专业、领先的品牌形象深入人心 未来，舒比奇还将不断以精益求精的态度不断提升产品的品质水准，创新高品质产品，回馈一同陪伴万千家庭 
家得宝,家得宝,家得宝即美国家得宝公司。为全球领先的家居建材用品零售商，美国第二大零售商，家得宝遍布美国、加拿大、墨西哥和中国等地区，连锁商店数量达2234家。家得宝连续9年被美国《财富》杂志评为“最受欢迎的专业零售商”。并在2007年美国财富500强中排名第17位，2006年全球财富500强排名第43位，同年被美国《财富》杂志评为“最受仰慕的专业零售商”第1位及“最受仰慕的公司”第13位。在美国共有1200多家店铺，海外有133家店铺。《财富》杂志于北京时间2017年6月7日晚发布了最新的美国500强排行榜，家得宝排名23。 2017年6月，《2017年BrandZ最具价值全球品牌100强》公布，家得宝排名第24位。 
贝亲,贝亲,贝亲是日本母婴用品品牌，创始于1957年，秉承爱的理念，致力于为消费者提供高品质和种类齐全的母婴用品和服务，贝亲产品涵盖了母乳喂养、奶瓶奶嘴、宝宝肌肤护理、衣物清洗、水杯餐具等抚育宝宝的方方面面。2002年正式进入中国市场之后，工厂规模和生产规模不断扩大，如今，贝亲在中国拥有上海外高桥、青浦和常州3家工厂，引进国外先进生产流水线，严格按照PQS（PigeonQualityStandard）执行管理。2013年，贝亲全新推出芬芳亲子洗护系列以及“真绵实感”婴儿纸尿裤 ，新品的推出强化了贝亲产品线，从而进一步提升了妈妈们育儿生活的品质。
茵茵,茵茵,“茵茵”是最早进入中国一次性卫生用品行业的品牌之一(1992年)，涵盖婴儿纸尿裤、婴儿纸尿片、成人纸尿裤、成人纸尿片、产妇巾、妇婴两用巾、卫生巾、护垫、一次性吸收床垫等一次性卫生用品。
好孩子,好孩子,好孩子 旗下包含好孩子中国控股有限公司和好孩子国际控股有限公司，是全球领先的儿童用品公司及中国最大的母婴产品分销和零售平台，于1989年由宋郑还在昆山创立，专业从事儿童及母婴产品的研发、制造及全渠道分销和零售。“关心孩子、服务家庭、回报社会”，好孩子二十余年如一日，以“改善儿童生存环境，提高儿童生活品质”为使命，通过持续创新，不遗余力地为天下父母提供安全易用、充满爱心的优质育儿产品，为孩子们营造健康、快乐的成长环境。
gb,英国,大不列颠及北爱尔兰联合王国（UnitedKingdomofGreatBritainandNorthernIreland），简称“英国”（UnitedKingdom），本土位于欧洲大陆西北面的不列颠群岛，被北海、英吉利海峡、凯尔特海、爱尔兰海和大西洋包围。英国是由大不列颠岛上的英格兰、威尔士和苏格兰以及爱尔兰岛东北部的北爱尔兰以及一系列附属岛屿共同组成的一个西欧岛国。除本土之外，其还拥有十四个海外领地， 总人口超过6500万，其中以英格兰人（盎格鲁-撒克逊人）为主体民族，占全国总人口的占83.9%。 1688年的光荣革命确立了君主立宪政体，18世纪60年代至19世纪30年代成为世界上第一个完成工业革命的国家 ，国力迅速壮大。18世纪至20世纪初期英国统治的领土跨越全球七大洲，是当时世界上最强大的国家和第一大殖民帝国，其殖民地面积等于本土的111倍， 号称日不落帝国。在两次世界大战中都取得了胜利，但国力严重受损。到20世纪下半叶大英帝国解体，资本主义世界霸权的地位被美国取代。不过，现在英国仍是一个在世界范围内有巨大影响力的大国。 英国是一个高度发达的资本主义国家，欧洲四大经济体之一，其国民拥有较高的生活水平和良好的社会保障制度。作为英联邦元首国、八国集团成员国、北约创始会员国、英国同时也是联合国安全理事会五大常任理事国之一。北京时间2018年3月19日，欧盟与英国就2019年3月英国脱离欧盟后为期两年的过渡期条款达成广泛协议。  
爽然,爽然,爽然，指消失貌。见李白《游秋浦白笴陂》诗之二：“白笴夜长啸，爽然溪谷寒。”
露安适,露安适,Lelch®露安适，DehaaRossun旗下健康护理品牌，一直致力研究初生婴儿、婴幼儿、儿童、孕妇及新任妈妈幼嫩脆弱的皮肤，并根据他们特别的需要研制出合适的健康护理产品。露安适与多方健康护理专家（皮肤科、儿科、妇科、毒物科和过敏症专科医生）紧密合作，确保产品为更安心配方及有效。露安适的目标是为准妈妈及新任妈妈提供所需，帮助她们不同成长期的婴幼儿健康快乐成长。
巴布豆,巴布豆,巴布豆（英文名为BOBDOG）1994年在上海设立了第一家巴布豆专柜，并荣获“上海市著名商标”，“中国驰名品牌”，“最受欢迎的卡通品牌”和“全国市场放心消费品牌”等。2009年巴布豆（中国）儿童用品有限公司拥有巴布豆全球著作权与商标销售网络遍布全国。在逐步拓展版图的同时看到中国面对外来文化的冲击身为中国的儿童品牌巴布豆感受到中国的下一代在物质丰足之外更需要的是如何在潜移默化中传承中国文化精神与建立优良品德价值让他们将来带着中国梦迈向世界。
奇酷,奇酷,2015年5月6日，360手机品牌发布会如期而至。此次发布会上，360董事长周鸿祎正式揭晓了与酷派联合推出的手机新品牌“奇酷”。2015年6月8日奇酷正式完成对大神手机并购，今后奇酷科技将进行奇酷品牌与大神品牌双品牌运营，两个品牌均由周鸿祎直接操刀。 
小鹿叮叮,小鹿叮叮,小鹿叮叮是一款纸尿裤。 小鹿叮叮产品有小鹿叮叮纸尿裤，它是选用全球顶尖供应商的纸尿裤原材料，全世界最先进的全自动纸尿裤生产线，成熟的生产制造团队，确保产品高品质。 
宜婴,宜婴,宜婴为泉州市嘉华卫生用品有限公司旗下纸尿裤品牌 
爸爸的选择,爸爸的选择,2015年6月12日，一款名为“爸爸的选择”的中国互联网母婴品牌，及其海选的形象代言人央视主播孙然，登上有“世界十字路口”之称的纽约时代广场，传达关爱母亲、尊重女性的现代理念，吸引来自世界各地的游客和行人驻足。 
爹地宝贝,爹地宝贝,爹地宝贝，定位于中国母婴用品生产企业。主要生产婴儿纸尿裤、拉拉裤、成人尿裤。公司通过不断引进国际生产设备，吸收更多生产技术，实施品牌化运作，打造了“爹地宝贝”、“妈咪天使”、“康朗”等多个品牌。爹地宝贝新工厂配备全自动生产线，将形成以“爹地宝贝纸尿裤”、“康朗成人纸尿裤”、“姗妮卫生巾”三大品牌为主的产业集中园区。
KAO,kao,
Beaba,BEABA,BEABA 是上海爱朵婴童用品有限公司申请注册的一个婴童品牌，商标成功注册时间为2012年01月04日。追求天然、健康、有趣、时尚的产品服务。 
泰迪熊,泰迪熊,《泰迪熊》是由塞思·麦克法兰执导，塞思·麦克法兰、马克·沃尔伯格及米拉·库妮丝等联袂出演的美国喜剧电影。该剧讲述男主人公与他心爱的泰迪熊之间发生的趣事 。该电影于2012年6月29日在北美上映。
婴舒宝,婴舒宝,婴舒宝香港国际控股集团有限公司是集市场研究、产品研发、精细制造、终端销售、营销服务为一体的知名专业婴童护理行业与投资专业化零售业领域的国际性集团公司。婴舒宝品牌以其钻石般品质的婴护产品，成为亿万妈妈用心呵护与关爱孩子的精心首选。
小萌希奥,小萌希奥,
可靠,可靠,1.可以信赖依靠。清史致谔《禀左宗棠》：“至属吏中结实可靠之员，职道於十月中旬曾具禀加考密陈。”老舍《四世同堂》四七：“她看出来朋友们确是比瑞丰还更亲近，更加可靠。”2.真实可信。鲁迅《书信集·致台静农》：“最可恨地是所闻的多不可靠。”曹禺《日出》第二幕：“你怎么知道谣言一定可靠？”
COCO,李玟,李玟（CoCoLee），1975年1月17日出生于中国香港，9岁时移民美国旧金山，华人女歌手，影视演员 。1993年，参加香港TVB新人歌唱大赛获亚军后从香港出道；从1994年6月推出首张个人专辑《爱就要趁现在》后又推出四张专辑销量破80万，创下新人歌手中罕见的好成绩 ；1996年，加盟台湾索尼发行《李玟CoCo同名国语专辑》获1996年金曲龙虎榜年终销售亚军，同年发行《CoCo’sParty》在台湾破53万张；1997年，发行文艺范儿专辑《每一次想你》；1998年发行最经典代表作《DiDaDi暗示》全亚洲破180万张，6月发行《SunnyDay好心情》后又作为亚洲中文区唯一代表赴巴黎为世界杯足球赛开幕式献唱 ，随后在台湾举办“万人迷”经典演唱会；1999年，发行《今天到永远》后转签美国SonyMusic而晋升国际乐坛，发行首张国际英文大碟《JustNoOtherWay》全球破200万张 。2001年，因演唱《卧虎藏龙》主题曲「ALoveBeforeTime」，成为首位登上奥斯卡金像奖颁奖典礼献唱的亚洲歌手，随后发行《PromiseCoCo》 ；2004年，与尊龙主演电影《自娱自乐》在美国好莱坞“第五届贝弗利山电影节”上获最佳外语片奖 ；2005年，发行《Exposed》 ，2006年9月22日，发行《要定你》 。2011年，与利丰集团执行总裁BruceRockowitz在香港完婚。2013年，签约环球唱片发行《盛开》 。2016年1月15日，参加湖南卫视职业歌手擂台赛真人秀《我是歌手第四季》斩获“歌王”称号 ，2017年1月17日，发行最新单曲「18」 。
妮飘,妮飘,妮飘（nepia） 由王子（OJI）集团旗下王子妮飘株式会社在中国投资的法人企业王子制纸妮飘（苏州）有限公司 所创立的品牌。主要负责生活用纸的生产与销售。主要产品有盒装纸巾，手帕纸，卫生用纸等。
丽贝乐,丽贝乐,丽贝乐(Libero)全棉婴儿尿裤，为瑞典SCA集团旗下品牌之一，是欧洲婴儿纸尿裤领导品牌。丽贝乐在瑞典及法国均设置工厂，所有生产规范及产品品质均依照欧盟的高标准设定。特针对不同阶段宝宝的需求设计，全系列不含乳液，避免尿液混合后刺激宝宝皮肤，是专门为您的宝贝量身订做的婴儿纸尿裤。
Libero,Libero,Libero集成设计环境(IDE)是Actel针对其所有FPGA设计的一套完备的软件工具套件。
安而康,安而康,安而康，作为中国健康卫生护理领域的行业领导者恒安集团旗下成人失禁护理领导品牌，秉承“呵护至亲，一夜安心”的品牌推广诉求，把关爱、亲情、体贴带给每一位行动不便的人，为其创造一种更健康、更舒适、更轻松的护理环境，专为行动不便的老人、病人、产妇以及在特殊工作环境下的医护人员提供干爽舒适的纸尿裤、纸尿片和卫生垫等成人卫生用品。
贝舒乐,贝舒乐,贝舒乐BESUPER长期以来一直致力于适合东方宝宝产品的研究，2011年突破欧美企业所设立的行业标准，推出更懂宝宝需求的分阶段产品，同时针对中国婴幼儿体型以及发育特点，皮肤构造等，满足宝宝不同阶段的需求。半世纪前，一次性纸尿片诞生；八十年代，高分子吸水材料在纸尿裤上广泛应用，两次革命最终奠定纸尿裤的核心关键技术是“芯体”。贝舒乐第三代纸尿裤E芯终于在2012年诞生了，全面提升了纸尿裤芯体的吸收速度、防反渗程度、厚度、芯体的强韧度等，使宝宝红屁股、反渗侧漏等问题得到了明显的改善和解决，让宝宝可以在快乐中健康成长。
添宁,添宁,添宁拥有40年以上护理经验的添宁，是全世界尿失禁管理方面的领导品牌。为全球90个国家的消费者与医疗保健机构提供优质产品和服务。添宁是瑞典爱生雅集团（SCA）旗下的品牌之一。SCA集团旗下还有其它众多知名品牌，包括女性卫生用品品牌Libresse、Nana、Nuvenia与Bodyform等，以及婴儿尿片品牌Libero和Drypers等。SCA集团由IvarKreuger于1929年在瑞典创办成立，目前在全球拥有大约50000名员工，年销售额高达115亿欧元。公司股票在斯德哥尔摩、伦敦与纽约证交所上市交易。
好之,好之,
努比,努比,阿曼足球运动员，场上位置：后卫。
得伴,得伴,得伴(R)Depend(R)是全球成人失禁护理领域的领导品牌，隶属于全球最大的生活用纸生产商－美国金佰利公司（Kimberly-Clark）。
Depend,depend,depend为英文单词，词性为不及物动词，译为“依赖”“依靠”等。
Teddy Bear,Teddy Bear,
康福瑞,康福瑞,康福瑞 ，知名健康护具专业品牌。是冀州市博.爱医疗.器械有限公司旗下品牌。冀州市博.爱医疗.器械有限公司，是研制开发家.居健康产品的专业企业。是中国医药质量管理协会理事、中国医疗器械行业协会会员单位。
幼蓓,幼蓓,幼蓓，是一个母婴品牌。倡导“天然、安全、健康”的研发理念。
全棉时代,全棉时代,全棉时代是指深圳全棉时代科技有限公司（简称Purcotton全棉时代）是稳健医疗集团的子公司。成立于2009年12月7日，创始人李建全。Purcotton全棉时代，取自Pure+Cotton的单词组合，意为用天然棉花生产出健康、亲肤、高品质的生活护理用品。
PurCotton,全棉时代,全棉时代是指深圳全棉时代科技有限公司（简称Purcotton全棉时代）是稳健医疗集团的子公司。成立于2009年12月7日，创始人李建全。Purcotton全棉时代，取自Pure+Cotton的单词组合，意为用天然棉花生产出健康、亲肤、高品质的生活护理用品。
吉氏,吉姓,吉姓据《唐书宰相世系表》所载，是远古黄帝有个裔孙叫伯儵，受封于南燕国（在今河南省延津县东北一带），赐姓姞。后来他的子孙省去女旁，遂成吉氏，世代相传姓吉。另一说则云，西周有重臣尹国国君尹吉甫，有嫡长子名吉伯奇，受其继母陷害至于流亡冯翊之地（今陕西渭南），后又取其父名中“吉”作为姓氏，即为郡望冯翊的得姓始祖。在宋版《百家姓》中排名第190位。
爱得利,爱得利,“爱得利”是著名婴幼儿用品品牌，在全国同行业中享有较高的知名度。1975年，公司创始人郭廷梓先生在台湾新竹创立帝尔特企业有限公司，并于1977年注册“爱得利IVORY”商标，主营奶瓶，奶嘴，澡盆等婴儿产品，产品质量可靠，设计合理，精致优美。
IVORY,Ivory,Ivory，职业摔角运动员，出生于1961年11月26日，1999年加入WWE，曾获得WWF等比赛冠军。
植护,植护,植护作为新生代婴幼儿日护品牌，2013年植护应爱而生植护，提出“植物护养，天生滋润”的理念。旨在根据不同产品的不同功效，精选不同的植物，科学配比，为宝宝提供适合、安全、可靠的日护产品。我们严苛把控从选料到加工到包装到运送的所有环节：所有原料必须是天然优质的；整个加工过程必须在无菌环境中进行；严控质量关，只有百分之百合格的产品才能出厂入市。 一切，只为给宝宝如父母般的贴心关爱。 
爱乐爱,爱乐爱,
婴之良品,婴之良品,日本婴之良品纸尿裤专心打造舒适、安全的纸尿裤，用心经营品牌，精心生产每一件产品，贴心呵护使用者。日本婴之良品纸尿裤采用特制的进口绵柔材料，能有效呵护宝宝娇嫩的肌肤，独有的剪裁设计，合理贴身，宝宝穿了以后就像在妈妈的怀抱一样舒适，帮助宝宝运动更开心，睡眠更安心！
子初,刘巴,刘巴（？－222年），字子初，荆州零陵郡烝阳县（今湖南省衡阳县、邵东县一带）人，汉末至三国蜀汉时期官员、名士。刘巴少知名，荆州牧刘表多次征用推举，刘巴均不应就。曹操征伐荆州，荆州士人多归刘备，刘巴却北上投靠曹操。后受曹操命令招降荆南三郡，不料先为刘备所得，刘巴不能复命曹操，遂远至交趾，又辗转进入益州。刘备平定益州后，刘巴归附刘备，为左将军西曹掾，法正死后接任尚书令。章武二年（222年）去世。刘巴博学多才，为刘备解决入蜀后的财政困难问题，又与诸葛亮等共制蜀汉的法律文件《蜀科》。为人简朴清高，退无私交，曹魏大臣陈群甚敬重之。所著录于《刘令君集》。
艾叶草,艾叶草,艾叶草是我国南方几乎到处都有的一种植物，在广西桂林，更是直接用艾叶草的叶子包米饭来做着吃的。艾叶防瘟疫有着几千年的历史了。因为中草药就是就地取材，因此艾草成为那个时候防瘟疫的功臣，据现代医学药理证明艾草是一种抗菌抗病毒的药物，因为艾草对病菌有着抑制和杀伤的作用，而且对呼吸系统疾病也有着防治的的作用。
可爱宝贝,可爱宝贝,可爱宝贝婴儿纸尿裤品牌，是福建中天集团（中国）日用品有限公司为中国新生儿家庭倾力打造的中国母婴护理新生代品牌。作为中国母婴护理行业新标杆，2010年，中天集团在对中国大陆十八个省，历时多年的持续走访、跟踪、调研后，正式向中国千万新生儿推出可爱宝贝婴儿纸尿裤品牌，并实施差异化品牌运作。可爱宝贝推出的引领业内的日夜护航纸尿裤，开创了全球婴儿纸尿裤日、夜分用的创新先河，以日用、夜用不同的产品结构和产品差异特性满足中国市场需求，同时“可爱宝贝”夏日专用纸尿裤“透爽夏日”，也成功上市。
马应龙,马应龙,马应龙是一家经国内贸易部认定的中华老字号企业，创始于公元1582年。经过持续快速健康发展，马应龙已经成为一家涉足于药品制造、药品研发、药品批发零售、连锁医院等多个领域的专业化多功能国际化的医药类上市公司。
怡恩贝,怡恩贝,怡恩贝，母婴高端品牌，奉行绿色安全母婴护理新标准。2012年正式被青蛙王子收购，并进行了重组。
百诺恩,百诺恩,百诺恩是汕头市万邦化妆品有限公司旗下品牌，一直致力研究初生婴儿、婴幼儿、妈妈幼嫩脆弱的皮肤，并根据其特别的需求研制出英国皇家护理级母婴用品。
BEABA,BEABA,BEABA 是上海爱朵婴童用品有限公司申请注册的一个婴童品牌，商标成功注册时间为2012年01月04日。追求天然、健康、有趣、时尚的产品服务。 
舒博士,舒博士,舒博士，是广州博润生物科技有限公司 旗下主打的纸尿裤品牌。舒博士纸尿裤坚持“零添加”理念 ，无荧光剂、无油墨、无香精、无甲醛。  
天生明星,天生明星,《天生明星》是由美国哥伦比亚电影公司发行，由汤姆·布莱迪执导，尼克·斯旺森、克里斯蒂娜·里奇、斯蒂芬·多尔夫联合主演的喜剧片。该片于2011年9月9日本在美国上映。该片讲述了一个男人意外发现了自己的父母曾是70年代的色情片明星，于是他也萌生了走入这行的念头的故事。
熊本熊,熊本熊,熊本熊（日语：くまモン，英语：Kumamon，官方中文名：酷MA萌）是日本熊本县营业部长兼幸福部长、熊本县地方吉祥物。熊本熊是中国的粉丝们给くまモン起的别名和昵称，并不是正式的名称。熊本熊最初设计目的是以吉祥物的身份，为熊本县带来更多的观光以及其他附加收入，并在2011年被授予熊本县营业部长兼幸福部长，成为日本第一位吉祥物公务员。 在振兴熊本县经济、宣传熊本县名气的同时，熊本熊依靠自身呆萌的形象、独特的授权运营方式，在日本本国及本国以外获得了超乎想象的欢迎，成为在世界上拥有极高人气的吉祥物。熊本熊（酷MA萌，KUMAMON）的版权归熊本县政府所有，对于酷MA萌形象的使用，必须经过县政府的许可，否则视为违法行为。 
漂漂羽毛,漂漂羽毛,漂漂羽毛是是一个新晋高端母婴品牌，商品服务为婴儿更换尿布用布单;纺织品洗脸巾。 漂漂羽毛已获得顺丰集团和梅花创投千万级天使轮融资。 
Airdis,airdis,Airdis啊哒，是由深圳市阳成世纪科技有限公司是新加坡格洛瑞科技有限公司在国内设立的生产并销售的环保婴幼儿产品品牌
优吉儿,优吉儿,优吉儿是全球女宝专用纸尿裤独立品牌，专注于女宝宝们的健康护理。面世以来，优吉儿以可靠的产品品质和可爱的品牌形象深得女宝爸妈的支持和认可，在电商平台累积了一定的销量和知名度。优吉儿专注于女宝专业护理领域，产品包括拉拉裤、纸尿裤和尿片等系列。优吉儿作为女宝安全健康护理的普及大使，致力于让更多女宝宝得到正确的贴身呵护。
贝乐熊,贝乐熊,贝乐熊是来自英国的著名母婴用品品牌，自创立一直秉承关爱宝宝身心健康的理念，致力于为消费者提供高品质母婴用品和服务。自2010年进入中国市场，将“婴儿性格成长学”的概念带入中国，旨在为宝宝身心健康创造“无忧”的成长环境。如今，贝乐熊在中国佛山拥有自己的工厂与生产线。2015年推出的“悬浮芯”创新吸收技术，产品全线升级，纸尿裤吸收速度加倍，给宝宝带来干爽舒适感。
康贝,康贝,以“创造育儿的感动、协助育儿的伙伴”宣示企业的态度，为传达“幸福感（喜悦、感动）、高品位（品质、信赖、考究）”而设计
Combi,combi,Combi公司的名称由来由希望与有缘人“配合”的“Combination”而缩写成“Combi”要创造丰富而有梦想的生活文化，将人们温暖的交流场所向世界推广。Combi珍惜有缘的人们，让他们的幸福实现。在1968年由希望成为协助“母亲与婴儿“的“伙伴”企业而更名为现在的“康贝(Combi)股份有限公司”。Combi于2002年采用新的品牌标语，重新决定不只对母亲与婴儿提供协助，更希望扩及所有的育儿者，让每个人都能享受幸福的育儿生活。同时，将沟通的对象扩展到所有家人及全体社会，开发并提供各种软、硬体，协助创造一个幸福且充满温馨的交流场所。Combi创造丰富、充满梦想的生活文化，将每个温馨的交流场所拓展到全球。
班博,班博,班博，男，山东惠民，山东大学管理学院工商管理系教师。主讲课程：企业战略管理、现代企业管理、国际企业管理。
BAMBO,bambo,小羊斑波介绍：小羊斑波白毛如雪，身材乖巧可爱，性格温和，心底善良，聪明过人，乐于助人，做事认真，平时话不多，胆小敏感，容易大惊小怪。喜欢和小伙伴们玩捉迷藏，最喜欢吃中国菜。是paulHomme（大嘴猴）家族的最新成员。
POKO,poko,.poko是日本的婴幼儿产品。poko是一家品牌钨金饰品，poko.show。poko是日本不二家棒棒糖的漫画形象人物名称：poko&peko。poko的英文翻译是人名，波克。
Roe,净资产收益率,净资产收益率ROE(RateofReturnonCommonStockholders’Equity)，净资产收益率又称股东权益报酬率/净值报酬率/权益报酬率/权益利润率/净资产利润率，是净利润与平均股东权益的百分比，是公司税后利润除以净资产得到的百分比率，该指标反映股东权益的收益水平，用以衡量公司运用自有资本的效率。指标值越高，说明投资带来的收益越高。该指标体现了自有资本获得净收益的能力。一般来说，负债增加会导致净资产收益率的上升。企业资产包括了两部分，一部分是股东的投资，即所有者权益(它是股东投入的股本，企业公积金和留存收益等的总和)，另一部分是企业借入和暂时占用的资金。企业适当的运用财务杠杆可以提高资金的使用效率，借入的资金过多会增大企业的财务风险，但一般可以提高盈利，借入的资金过少会降低资金的使用效率。净资产收益率是衡量股东资金使用效率的重要财务指标。
DRESS,dress,作为英文单词，通常有服装，礼服的意思。
强生,强生,美国强生(Johnson&Johnson)成立于1886年，是世界上规模最大，产品多元化的医疗卫生保健品及消费者护理产品公司。据《财富》和《商业周刊》97年公布的结果，强生公司市场价值指标评比名列全球第20位，并位居全美十大最令人羡慕的公司之列，1999年全球营业额高达275亿美元。强生在全球60个国家建立了250多家分公司，拥有约11万5千余名员工产品销售于175个国家和地区。强生公司是世界上最具综合性、分布范围最广的卫生保健产品制造商、健康服务提供商。公司创建于1886年，产品畅销于175个国家地区，生产及销售产品涉及护理产品、医药产品和医疗器材及诊断产品市场等多个领域。强生作为一家国际性大型企业，在全球57个国家建立了230多家分公司，拥有11万6千余名员工。旗下拥有强生婴儿、露得清、可伶可俐、娇爽、邦迪、达克宁、泰诺等众多知名品牌。2016年6月，强生旗下的漱口水品牌李施德林在其香港推广活动中邀请了何韵诗，该品牌也遭到《环球时报》的批评。截至当地时间周一晚，该公司网站继续使用何韵诗的照片。 
Johnson,johnson,johnson吉他，是axl公司的下属品牌，主要以民谣吉他为主。另外有同名IPC-A-610D和IPC-7711/7721授权认证培训师。
十月结晶,十月结晶,十月结晶 是杭州施俞儿电子商务有限公司旗下品牌从事妈妈产前产后护理用品领域，主要包括待产用品、产后护理用品、产前护理用品、产后恢复用品、初生婴儿用品全套等健康护理用品。十月结晶产品具有安全、科学、专业等特点。
爱护,爱护,指爱惜并保护。
比优小熊,比优小熊,“比优小熊”是婴儿尿不湿品牌，隶属于佛山市南海百洁卫生用品有限公司，主要经营失禁用尿布;失禁用吸收裤;婴儿尿布;婴儿尿裤;婴儿食品;蚊香;止痒水等多个系列产品。 
B&Q,百安居,百安居是百安居（中国）投资有限公司简称，源自英国，是欧洲大型国际家居建材零售集团，1999年6月18日，百安居携其全球先进的零售管理经营模式，在上海成功开办了该品牌中国内地的第一家连锁店——上海沪太店。 经过多年的发展，百安居凭借其先进的管理经验和质量监督体系，目前已成为国内建材连锁超市的知名品牌，并且在北京、上海、深圳、广州等全国大中型城市开设了近40家门店。 
乐儿宝,乐儿宝,bobo乐儿宝是香港SOLARIS产业集团的下属婴儿用品品牌。是一家集设计、研发、生产、销售为一体的婴儿用品企业。母公司SOLARIS成立于1982年具有世界顶尖级的设备及生产能力，创造出适合中国人使用的婴儿用品，以质优、价廉、舒适、安全等特点赢得中国消费者的满意与认可
bobo,BoBo,BoBo，中国内地男子演唱组合，由井柏然、付辛博组成。2007年，推出组合首张EP专辑《光荣》 ；同年，获得“第二届星光大典”最具潜力组合奖 。2008年，推出组合首张音乐专辑《世界之大》 ；同年，获得“首届中国海西时尚娱乐盛典”最具人气组合奖 。2009年，出演百集校园情景剧《青春进行时》 。2010年，推出组合第二张音乐专辑《Let'sBOBO》 ；同年，宣布单飞不解散，成员各自发展。2012年8月，组合正式解散 。
史酷比,史酷比,《史酷比》是2002年罗杰·高斯理的执导的冒险科幻喜剧电影，弗雷迪·普林兹、莎拉·米歇尔·盖拉、马修·里拉德等参加演出。该片改编自60年代美国热门卡通系列剧，故事的主角是一只会说话的大丹狗-史酷比。同时，又有很多以史酷比为题材的网页游戏。
安尔乐,安尔乐,安尔乐是目前为止，在妇女卫生用品行业，恒安集团生产的安尔乐是中国驰名商标的唯一获得者，市场占有率连续多年保持全国第一。
NUK,NUK,NUK是德国MAPA公司生产的世界高质量的婴儿用品的著名商标，在世界婴儿用品市场上享有很高的声誉。公司前身是创立于1947年德国不莱梅市(Bremen)的HanseatischeGummiwerkeBachmann&Co.KG，于60年代陆续并购多家橡胶制品公司后规模日渐扩大。目前已在全世界70多个国家和地区销售。主要产品有洗澡水温计、安全指甲钳、婴儿湿巾等。
史努比,史努比,美国漫画《花生漫画》的著名角色，原型为米格鲁猎兔犬，在作品连载的不同年代里其拥有各具特色的设定和性格。早期的形象并无具体的出身背景，直到往后的漫画中才陆续补充了角色的身世故事，增加了它在作品的趣味所在。它是一只在雏菊山小狗农庄出生的小猎犬，拥有7个兄弟姐妹，最早被一位名叫里拉的小女孩所收养。后来里拉因为搬迁的缘故不得不转让史努比，最终它来到了查理·布朗的家中。史努比住在一个拥有地下空间的红色狗屋，平日里的对话常以气泡框的形式表现，具有多元的个性。
SNOOPY,史努比,美国漫画《花生漫画》的著名角色，原型为米格鲁猎兔犬，在作品连载的不同年代里其拥有各具特色的设定和性格。早期的形象并无具体的出身背景，直到往后的漫画中才陆续补充了角色的身世故事，增加了它在作品的趣味所在。它是一只在雏菊山小狗农庄出生的小猎犬，拥有7个兄弟姐妹，最早被一位名叫里拉的小女孩所收养。后来里拉因为搬迁的缘故不得不转让史努比，最终它来到了查理·布朗的家中。史努比住在一个拥有地下空间的红色狗屋，平日里的对话常以气泡框的形式表现，具有多元的个性。
TEMPO,tempo,四甲基哌啶氮氧化物TEMPO在化学、生物学、食品工业、农业等领域都有较为广泛的应用。它具有捕获自由基、猝灭单线态氧和选择性氧化等功能。在高分子化学中用作自由基捕获剂、阻聚剂、抗老化剂、热降解抑制剂和光、热稳定剂，也能与活性链自由基结合为共价休眠种。共价休眠种可再均裂为链自由基，再增长。在有机合成中用作各种醇和多元醇类氧化反应的催化剂，用于将伯醇氧化为醛，具高选择性，不再氧化至羧酸；将仲醇氧化为酮。TEMPO具有顺磁性，在生物化学中用作电子自旋标记物，广泛应用于生物大分子结构和生物反应机理的研究。
Genki,Genki,GENKI是中国发信的都市时尚男装品牌，品牌理念是BETHEBARTENDEROFLIFE。
柔爱,柔爱,柔爱是一个汉语词汇，出自南朝宋刘义庆《世说新语·德行》，解释是和柔慈爱。
强臣,强臣,强臣，汉语词语，拼音是qiángchén，释义是擅权的大臣。
舒氏宝贝,舒氏宝贝,舒氏宝贝，是广东昱升卫生用品有限公司旗下的专业打造婴儿生活护理用品品牌。2005年，广东昱升公司在佛山市斥巨资引进六条先进生产线。舒氏宝贝的纸尿裤全部是日本瑞光设备生产，采用全球顶级纸尿裤使用的日本住友高分子吸水材料和阿拉斯加原木木浆。目前，舒氏宝贝已是面向市场推出专业、高端、环保的婴儿生活护理用品的知名品牌。
天使,天使,天使（英文Angel，中文音译安琪儿，意译天仙，源自于希腊文angelos使者）本义指上帝的使者，来自天上的使者。大多数宗教信仰中都有类似概念。基督徒一般译为天使；穆斯林有时译为天仙。代表圣洁、良善，正直，上帝（安拉）旨意的传达者、为上帝（安拉）服役的灵、受上帝（安拉）差遣保护信众不被恶魔侵扰的保护者。将神给人的讯息带进人间的桥梁。人间监察者、人们行为(包括隐秘)的忠实的记录者，对抗神国敌人的战士、神国内拥有特殊职业的人民。
贝笙,贝笙,贝笙 是南昌佳优宝生态科技有限公司 旗下的婴儿纸尿裤品牌。
百立乐,百立乐,百立乐（Natrapure）来自瑞士的高端奶粉。2013年，HHG集团与BIOLIFENEWZEALAND公司达成百立乐品牌独家商标购买协议，这一举措使得百立乐品牌成为HHG集团旗下布局中国市场的主导战略品牌。2009年，百立乐婴幼儿配方奶粉进入我国高端婴幼儿奶粉市场。2013瑞士百立乐公益走进肇庆参与了“书香暖山区”的系列赠书公益活动
南极人,南极人,南极人，成立于1997年是中国最早成立的内衣企业之一，首创保暖内衣产品，开创了中国内衣行业发展的新道路。历经18年的成长蜕变，南极人已经在内衣、母婴、服装、床品&布艺、厨品、鞋品、服饰配件、户外、家电等9大品类的55大类目产品线中取得突出的成绩，签约国民好媳妇海清，共同为国人带来“全品类消费品王国”，努力打造让用户尖叫的产品，创造极致的用户体验。南极人每年卖出上亿件/套的产品，为几亿人提供舒适、优质的日常生活所需。2014年双十一，南极人取得了单天1.8亿元的销售成绩，是南极人转型互联网企业后，模式创新的最强有力证明。2016年双十一，南极人取得了5.4亿元的销售业绩，再次刷新了历史记录！
双飞人,双飞人,历史悠久，为著名老牌药，是从1838年就开始行销全世界万灵特效良药。1838年，药剂师亨利里克莱斯创建一个基于薄荷和乙醇的药水——双飞人，双飞人这个商标由此被提出，但其在1857年才真正开始。两次世界大战促进了双飞人药水品牌的发展，因为双飞人的多功效使它倍受欢迎，是当时士兵不可或缺的药水。双飞人药水以其功效齐全而被广泛认知，具有治疗伤风感冒、肚痛疴呕、蚊咬止痒、消化不良、烫火灼伤、牙痛头痛、消暑提神、驱风救急、舟车晕浪、消毒止炎的功效。
喜多,喜多,日本喜多公司（JAPANHITOCORP.），产品以多元、精致专业而取胜，不论是奶嘴、奶瓶、抚育用品、酵素、爽身粉等，每项产品皆由喜多王国里的每个成员精心研发生产，强调宝宝用品的安全性与成分天然，是宝宝妈妈们信赖的产品。喜多是JAPANHITO授权委托上海优生婴儿用品有限公司生产与销售，上海优生系美国优生公司在华的子公司，公司长期秉持着创造优质婴幼儿用品的目标与理想，在专业团队的努力下，制造怀孕妈妈与0-12岁宝宝所需的各式产品。所有产品均通过欧洲C.E认证，美国食品药物检验局FDA认证及中国食品卫生检验标准测试。
baby,baby,《Baby》是加拿大男歌手贾斯汀·比伯演唱的一首流行歌曲，歌词、曲谱由贾斯汀·比伯、卢达·克里斯、The-Dream、TrickyStewart、克里斯蒂娜·米兰制作完成 。该歌曲作为推广其所属专辑的首波单曲，于2010年1月18日通过小岛唱片公司发布 ，收录在贾斯汀·比伯于2010年1月18日发行的首张录音室专辑《MyWorld2.0》 。
大嘴猴,大嘴猴,大嘴猴（PaulHomme）是国际知名品牌，以色彩缤纷、年轻、可爱、时尚感出现在服饰、鞋、童鞋、内衣、泳装、睡衣、家俱、腕表、太阳镜、童装、儿童卡通书和儿童自行车等各种系列产品上。刚开始时只是小小的规模，可真是个了不起的《猴子生意》！一间创造出百万美元销售额度的流行配件公司。大嘴猴这个图像相当吸引着年轻世代，商品在世界各地大受欢迎。电影像是《王牌大间谍/第二至第三集》、《美国派/第一至第二集》、《冒牌老爸》、《小姐好辣》。电视里的MTV、E!、DHARMAANDGREG、MADTV、ALLYMCBEAL。主题性的流行杂志像SEVENTEEN、VOGUE、INSTYLE、GLAMOUR、W等都可以发觉到它的踪影。
Paul Frank,paul frank,PaulFrank（大嘴猴）是和CalvinKlein齐名的国际知名品牌。它以色彩缤纷、年轻、可爱、时尚感吸引无数狂热粉丝，成为一个全球化的流行潮牌，大嘴猴“Julius”的卡通造型已出现在服饰、鞋、童鞋、内衣、泳装、睡衣、家俱、腕表、太阳镜、童装、儿童卡通书和儿童自行车等各种系列产品上。PaulFrank（大嘴猴）的商品也已在美国、加拿大、欧洲、中东、澳大利亚、香港、台湾、韩国、日本、马来西亚、新加坡、泰国、中国大陆等各地销售，（全世界超过2000家店铺），商品成功植入了各种热播的影视作品，成为众多明星的宠儿，在世界各地大受欢迎。电影：例如《王牌大间谍/第二至第三集》、《美国派/第一至第二集》、《冒牌老爸》、《小姐好辣》。电视剧：例如《浪漫满屋》、《爱在日月潭》等。从美洲的小甜甜布兰妮，克里斯蒂娜·阿奎莱拉，到亚洲的宋慧乔，张柏芝等明星都是PaulFrank（大嘴猴）的超级粉丝。
沃尔玛,沃尔玛百货有限公司,沃尔玛百货有限公司，即沃尔玛公司（WalMartInc.）（NYSE：WMT），是一家美国的世界性连锁企业，以营业额计算为全球最大的公司，其控股人为沃尔顿家族。总部位于美国阿肯色州的本顿维尔。沃尔玛主要涉足零售业，是世界上雇员最多的企业，连续4年在美国《财富》杂志世界500强企业中居首位。沃尔玛公司有8500家门店，分布于全球15个国家。沃尔玛在美国50个州和波多黎各运营。沃尔玛主要有沃尔玛购物广场、山姆会员店、沃尔玛商店、沃尔玛社区店等四种营业方式。2013年11月25日，任命国际业务部主管董明伦（DougMcMillon）接任杜克（MikeDuke）为沃尔玛总裁兼首席执行官，该任命从2014年2月1日起正式生效。 2014年12月11日，海外媒体称沃尔玛将关闭约30%的中国门店。沃尔玛12月2日对中国区管理层以重组进行了裁员。 2014年12月沃尔玛非常重视对其公司不当行为的指控。 2016年6月29日，沃尔玛表示将向美国所有消费者开放两日达免费送货服务，这是沃尔玛在这一服务上的再一次拓展。 北京时间2016年7月20日晚与全球同步发布了最新的《财富》世界500强排行榜 。2017年6月7日发布的2017年《财富》美国500强排行榜，沃尔玛连续第五年蝉联榜首。2017年7月20日发布的《财富》世界500强排行榜，沃尔玛连续四年排名第一位。 
AMI,AMI,急性心肌梗塞（AMI）.急性心肌梗塞是指冠状动脉急性闭塞，血流中断，所引起的局部心肌的缺血性坏死，临床表现可有持久的胸骨后疼痛、休克、心律失常和心力衰竭，并有血清心肌酶增高以及心电图的改变。
惠氏,惠姓,惠姓，在中国并不是一个常见的姓氏，但也是中国较为古老的姓氏之一。在过去2000多年期间，惠氏的活动地区主要是长江以南的江、浙一带，长久以来在历史上成名的惠氏名人，也几乎全是江、浙人氏。古代的扶风，在今陕西平东南，全国惠氏老家便在这里。望族居扶风郡（今陕西省扶风县一带）。
新安怡,新安怡,新安怡源于英国的知名品牌飞利浦新安怡(PhilipsAvent)诞生于1984年，致力于以专业的研究和创新为妈妈和宝宝提供高质量的哺育用品和护理产品。2006年，成为飞利浦家族一员，继续坚持不断创新，将科技和设计融入到以人为本的解决方案中，帮助现代家庭享受更安全和美好的育儿生活。全线产品分为母乳喂养，婴儿喂养，婴幼儿电器以及儿童喂养等部分，母乳喂养系列以自然系列吸乳器作为代表，为妈妈带去舒适自然的吸乳体验；婴儿喂养则以奶瓶类为主，拥有创新的双阀门防胀气系统，能有效减少宝宝喝奶时吸入空气的几率，防止回奶，降低宝宝的不适感；婴幼儿电器及儿童喂养则分别以辅食机、温奶器和水杯等辅助育儿工具来划分。 
红色小象,红色小象,红色小象是上美旗下高端母婴护理品牌，品牌标识及“爱无添加”的理念源于大象妈妈对小象“持久的母爱与呵护”。
Lidl,LIDL,LIDL是德国发展迅猛的一家零售商，它与ALDI一起将世界零售巨头沃尔玛赶出德国，仅此一役，使其名声大振。随着沃尔玛在欧洲的势微，在整个欧盟地区，它的发展势头甚至已经赶超老大哥ALDI。
那时花开,那时花开,《那时花开》是由高晓松编导的爱情电影，由周迅、朴树、夏雨等人主演。于2002年5月1日在中国内地上映。该片讲述了同读一个大学的音乐人高举、张扬和女孩欢子之间的爱情故事 。
BBU,bbu,RRU（射频拉远单元）和BBU（基带处理单元）之间需要用光纤连接。一个BBU可以支持多个RRU。采用BBU+RRU多通道方案，可以很好地解决大型场馆的室内覆盖。
宝贝可爱,宝贝可爱,nacnac品牌名称源自幼儿牙牙学语时所发出的叠字复音，并衍生出多重含义。 1991年nacnac在丽婴房公司的努力与期盼下正式诞生商品涵盖哺乳喂养、清洁保养、居家外出、图书玩具、妈妈用品等产品。时至今日宝贝可爱nacnac全系列包括200多样产品，各种贴心好用的设计，不只全面照顾宝宝更相对的体贴辛劳的爸爸妈妈nacnac不仅是宝宝的好朋友也是全家人的好帮手 。
快乐日记,快乐日记,快乐日记是国产记事软件，可在Win9x/Me/NT/2000/XP/2003环境中运行。
贝丽欧,贝丽欧,贝丽欧——欧洲纸尿裤领导品牌，全球唯一通过生态100认证纸尿裤。贝丽欧是MEGA——欧洲最大的个人卫生护理用品公司之一旗下领导品牌。1972年第一款贝丽欧纸尿裤上市，拥有40多年历史。至今贝丽欧一直是南欧乃至整个欧洲的特级纸尿裤品牌，市场占有率长期为市场第一、第二位置，与宝洁(帮宝适)、金佰利(Huggies)等世界顶级集团公司角逐国际市场，畅销全球28个国家。
维达,维达,维达国际——在最具中国洞察，具有成功经验，国际视野的国际公司。一家在生活用纸上占据领导地位，同时在个人护理上拥有全球领先的品牌及产品的卫生用品公司。通过与SCA的合作，可以获得最好品牌、创新产品、管理经验，保持维达的为务实，并不断提升专业程度！让消费者、渠道、经销商更有信心！ 
Vinda,维达,维达国际——在最具中国洞察，具有成功经验，国际视野的国际公司。一家在生活用纸上占据领导地位，同时在个人护理上拥有全球领先的品牌及产品的卫生用品公司。通过与SCA的合作，可以获得最好品牌、创新产品、管理经验，保持维达的为务实，并不断提升专业程度！让消费者、渠道、经销商更有信心！ 
dodie,Dodie,Dodie，母婴用品品牌之一，创始于1958年法国，致力于为消费者提供高品质和种类齐全的母婴用品和服务。Dodie的产品主要有：纸尿裤，奶瓶，奶嘴等。
akachan honpo,Akachan Honpo,AkachanHonpo（阿卡佳）是日本最大的母婴用品企业，始创于1932年，拥有13000多个自主开发商品，涵盖服装、家具、食品、玩具等，公司一流的服务和信誉以及一流的产品，深受国内外消费者的好评。近80年来，阿卡佳一直根据最先进的育儿理念和消费者的反馈意见对其产品进行不断改良，其商品的安全性和实用性均经受日本市场苛刻的检验，将给年轻父母带来充分的安全感和全新的育儿体验。
我买网,中粮我买网,中粮我买网是由世界500强企业中粮集团有限公司于2009年投资创办的食品类B2C电子商务网站。中粮我买网致力于打造中国最大、最安全的食品购物网站。我买网坚持的使命是让更多用户享受到更便捷的购物，吃上更放心的食品。中粮我买网商品包括：休闲食品、粮油、冲调品、饼干蛋糕、婴幼食品、果汁饮料、酒类、茶叶、调味品、方便食品和早餐食品等百种品类。是办公室白领、居家生活和年轻一族的首选食品网络购物网站。
心相印,心相印,恒安集团创立于1985年，是最早进入中国卫生巾市场的外资企业之一，经营领域涉及妇幼卫生用品、纸类产品、化妆及护肤类产品等，是目前国内最大的妇女卫生巾和婴儿纸尿裤专业生产企业，拥有固定资产二十多亿元，员工一万余人，在全国14个省、市拥有20余家附属公司，销售和分销网络覆盖全国。恒安国际集团有限公司于1998年在香港成功上市。
优贝可,优贝可,优贝可（UBECHO）是广州梦凌母婴用品有限公司旗下母婴用品品牌，主营纸尿裤、拉拉裤、婴儿手口湿纸巾、婴儿洗衣液等产品，致力于宝宝的健康成长，给宝宝贴身的关爱。
月如意,月如意,《月如意》是2016年南京佳乐影视传媒有限公司出品的电影，编剧是蒋桂香。
安慕斯,安慕斯,Anmous安慕斯是安慕斯科技有限公司 旗下的一个品牌。 
精灵宝宝,精灵宝宝,精灵宝宝是深圳自主创新的早教智能玩具，是玩具2.0时代的智能玩具代表，具有5大模式42项功能且能通过外接MP3扩展学习内容。
ABC,中国农业银行,中国农业银行（AGRICULTURALBANKOFCHINA，简称ABC，农行）成立于1951年。总行位于北京建国门内大街69号，是中央管理的大型国有银行， 也是中国四大银行之一。 中国农业银行是中国金融体系的重要组成部分，也是世界五百强企业之一，在全球银行1000强中排名前7位，穆迪信用评级为A1。2010年7月15日和16日，农行A股、H股分别在上海证券交易所和香港联交所成功挂牌上市， 总市值位列全球上市银行第5位。 2015年，中国农业银行累计办理跨境人民币结算量近2万亿元，其中办理“港股通”跨境人民币资金结算量239亿元，为116家跨国集团企业开展跨境人民币双向资金池归集，金额达130亿元，为多家境外机构提供投资银行间债券市场及RQFII托管服务。 2015年8月，中国农业银行在中国品牌价值研究院主办的中国品牌500强中排名第23位。2016年8月，中国农业银行在2016中国企业500强中，排名第7位。 2017年2月，BrandFinance发布2017年度全球500强品牌榜单，中国农业银行排名第34位。 2017年7月20日，《财富》发布了最新的世界500强排行榜，中国农业银行排名第38位。 
顾宁,顾宁,顾宁，男，东南大学生物科学与医学工程学院院长，江苏省生物材料与器件重点实验室主任，东南大学纳米科学与技术研究中心主任，
启初,启初,启初，源自百年民族企业上海家化 旗下品牌 ，品牌创建于2013年 。 启初秉承“取自然之初，育生命之初”的品牌理念 ，致力研发“专属于0-3岁中国婴幼儿个人护理产品及方案”。经过历时3年多的研究与探索，于2013年8月6日正式面向大众消费市场。
Prevail,prevail,prevail，中文意思是流行、占优势。
蝴蝶结,蝴蝶结,蝴蝶结又可以称同心结，外形酷似蝴蝶，制作材质也是不尽相同，形状大小不一，但外形美观大方，其打法有很多种，体现了我国古代的文化信仰及浓郁的宗教色彩，体现着人们追求真、善、美的良好的愿望。在佩玉上装饰一个“如意结”，引申为称心如意，万事如意。在扇子上装饰一个“吉祥结”，代表大吉大利，吉人天相，祥瑞、美好。在剑柄上装饰一个“法轮结”，有如轮黑心行，弃恶扬善之意。
依依,依依,依依是一个汉语词汇，读音为yīyī，意思是一指留恋，不忍分离。二形容依恋不舍的样子和树枝轻柔随风摇动的样子。清·林觉民《与妻书》等均有相关记载。
趣多多,趣多多,趣多多是集酥松的奶油曲奇和香醇的巧克力于一身饼干，是卡夫食品有限公司的产品之一。趣多多产品的独特性在于完美融合了真正好曲奇和香浓巧克力豆。趣多多曲奇第一批产品于1963年在美国问世。1998年，美味的趣多多曲奇来到中国；2002年果仁奶油新口味在中国上市；2004年咖啡新口味上市；2006年香橙口味全新上市。
布朗博士,布朗博士,布朗博士（Dr.Brown's）是美国医学博士CraigBrown/科蕾吉·布朗设计的第一个功能性奶瓶，1997年获得国际专利。布朗博士的品牌是为促进婴儿的身体健康和最佳营养创造最好的喂哺产品。Dr.Brown'sNaturalFlow®/布朗博士好流畅®奶瓶是第一个具有导气系统的奶瓶，它仿效母乳喂养的原理，彻底解决传统奶瓶所不能克服的“真空、气泡、负压”等喂养中存在的问题。2000年荣获美国医学设计金奖，这种独特的设计给妈妈唯一取代传统奶瓶的选择，从布朗博士开始这种“正压、自然流畅”的喂养方式，实际上与母乳喂养的体验相似。直到今天，我们仍然是唯一一个以这种方式工作的奶瓶。
嗳呵,嗳呵,
elsker,ELSKER,ELSKER（嗳呵），创立于2006年，主营母婴用品。
青蛙王子,青蛙王子,青蛙王子（中国）日化有限公司，是一家领先于中国市场专注于儿童护理产品，融研发、生产制造、营销为一体的综合型、专业化经营企业。旗下“青蛙王子”品牌不仅以其健康、活泼、富有灵性的卡通形象，获得了小朋友们的青睐，更以其优异的产品质量，赢得了家长们的认可，目前已成为儿童个人护理产品的领先国内品牌之一。随着经济发展，中国消费者日益关注儿童护理产品。中国儿童护理有限公司（前称为青蛙王子国际控股有限公司） 始终坚持"专心致意，儿童护理"的经营理念，不断升级现有产品及开发符合客户及市场需求的新产品，不断增加研发活动资金并加强与国内外大学及研究机构的合作，坚持打造具有独特创新特色的品牌营销之路，呵护中国儿童的健康成长。
小树苗,小树苗,歌曲《小树苗》是由中国青年作家万宏作词，作曲家郭克光作曲，小歌手王一枝倾情演唱的一首儿童感恩歌曲，歌曲通过细腻朴实的歌词，欢快的旋律来传承一份真情，传承中华孝道。
一把手,一把手,《一把手》是2010年现代出版社出版的图书，作者是唐达天。市政府一把手王天寿突然死亡，立即引发了一场抢位暗战。常务副市长苏一玮与市委副书记卫国华各显神通，上蹿下跳的故事。
炫酷宝贝,炫酷宝贝,《炫酷宝贝》是一首儿童流行歌曲，由陈爽作词、作曲，金文皓演唱。
lovely,LOVELY,英语单词之一，有可爱的的意思。
小萌人,小萌人,小萌人是湖北永怡实业旗下婴童用品品牌。2015年7月22日，第15届CBME中国孕婴童展在上海新国际博览中心开展，小萌人新品亮相E6C10、E6C11展位。
三洋,三洋,三洋（SANYO），是日本的一家有60年历史的大型企业集团，总部位于日本大阪，产品涉及显示器、手机、数码相机、机械、生物制药等众多领域。三洋电机是日本Panasonic旗下的电器公司，全球拥有324间办公室及工厂与约100000名雇员。三洋电机由井植岁男（1902年－1969年）于1947年成立，并于1950年组成株式会社，创办人为松下幸之助的内弟以及松下电器前雇员。该公司的名字于日语中意思为“三个海洋”，指的是该公司的创办人有将他们的产品销售到世界各地，横跨大西洋、太平洋与印度洋的抱负。
卡玛卡哇,卡玛卡哇,卡玛卡哇是专注母婴用品领域的品牌。
哺宝,哺宝,哺宝(VALUABLE)是美国国际哺宝婴童用品有限公司旗下的育婴品牌。“VALUABLE”是珍贵和宝贝的意思，孩子我们生命中最宝贝的礼物，哺育好我们的下一代，是每一个父母的心愿，“VALUABLE”的品牌正是在这一背景下诞生的。
otbaby,otbaby,
班乐士,班乐士,班乐士为雀氏旗下成人纸尿裤品牌。班乐士倡导孝行，2015年4月18日，班乐士孝行天下关爱老年群体公益行启动仪式在北京人民大会堂举行。 
爱宝氏,爱宝氏,爱宝氏品牌是上海有限公司旗下品牌，爱宝氏母婴用品长期致力于销售奶粉、童车童床、寝居洗浴、图书音像、食品、服装、哺喂类等产品。上海鑫旺生物科技有限公司是一家专业婴童营养品公司，集儿童健康食品的研发、生产、销售于一体，致力于为中国婴童提供高品质的系列产品，以打造中国婴童高端营养品第一品牌为目标。公司汇集了大批营养学、医学、药学、营销、管理等方面的专业人才，组成了一支极具潜能的管理团队，配备了完善的售后服务体系，以满足消费者需要为目标，努力为消费者提供最优质的产品和最完善的服务，为中国母婴健康产业而不懈努力。2009年，上海鑫旺生物科技有限公司成为爱宝氏品牌中国地区的品牌运营商，为此公司组织一大批婴幼儿专家团队对爱宝氏所有产品配方进行全面升级，着力打造一流品质的产品，精诚为全球小朋友奉献健康厚礼。
帮贝爽,帮贝爽,帮贝爽纸尿裤是东莞嘉米敦婴儿护理用品有限公司的一款婴儿纸尿裤品牌。成立之初，帮贝爽就确立了“全员参与，科学管理，用户至上”的生产经营理念，秉持这一理念为企业的发展打下了坚实基础。同时，还建立了一套完整的质量管理体系，严把质量关，从原材料的进厂到成品的出厂都经过严格的检验程序。现在的帮贝爽正在进军全国各地的流通市场，出现了产销两旺，供不应求的良好局面。
黄色小鸭,黄色小鸭,黄色小鸭PIYOPIYO是东凌股份有限公司的一个商品品牌名称。目前黄色小鸭系列商品已发展文具、礼品、家饰品、陶瓷礼品、绒毛玩具、婴幼儿用品、美耐皿餐具、袋类等。商品种类多达1000余种。年龄层从0岁至35岁客户层相当的广泛。东凌股份有限公司成立于西元1988年5月。在西元1991年推出黄色小鸭PIYOPIYO品牌商品，又在西元2000年创立艾比熊ABBYBEAR品牌之系列商品。
哒哒,哒哒,哒哒是一个汉语词语，拼音是dādā，意思是象声词。
安拉贝尔,安拉贝尔,安拉贝尔品牌拉丁语即美丽少女的意思，是中山市崇德电器有限公司旗下六大品牌之一，该公司是一家专业从事快热式、恒温式电热水器、电采暖炉及其配件的研发、生产、销售和服务为一体的高科技企业，自2006年成立以来，一直致力于电热水器在安全、环保、节能等方面的技术创新，凭借强大雄厚的科技实力，先进的生产设备和一批专业的技术人员，引领热水器行业向更安全、更节能的方向迈进。
润本,润本,润本是婴幼儿本草护理品牌之一产于广州。润本RUNBEN天然健康的婴儿护肤品牌这个从不依靠华丽包装也没有明星代言人的品牌一直靠产品的质素及实力维系人心
babycare,Babycare,Babycare是上海夕尔实业有限公司旗下代理的母婴品牌，于2016年06月07日申请成功。
一呵,一呵,一呵是汉语词汇，词意为呵责一下，犹一伙。
亲亲袋鼠,亲亲袋鼠,“亲亲袋鼠”是VINCI凡骐中国旗下在大中华区专为0到8岁儿童设计的早教和幼教服务品牌。“亲亲袋鼠”形象生动的名称，备受中国家长的喜欢。在中国地区拥有不少会员，是国内的一线早教品牌之一。2013年，美国幼儿科技教育品牌VINCI凡骐收购亲亲袋鼠的中国业务，将课程从脑力，体力拓展到智力，能力，并一举推出从早教延伸到托班，幼儿园和小学的全程服务。亲亲袋鼠自此和美国的VINCISCHOOL同步，在早教课程完成后，可以升任按美国国家标准设计的幼儿园和幼儿小学。各亲亲袋鼠中心每年举办脑，体，智，能的竞赛，优胜者免费参加VINCISCHOOL北美校区的夏令营，并有符合标准的儿童每年得到VINCISCHOOL北美老师的直接、定期辅导，使孩子们以后留学美国最好的学校。 
海伦哈伯,海伦哈伯,海伦哈伯（HelenHarper）品牌诞生于上世纪50年代的德国迪森（Diessen），是较早出现的知名尿裤品牌。同时也是欧洲最著名的一次性卫生用品制造商安泰士（Ontex）集团旗下的主要品牌之一。“海伦哈伯”分别是男孩和女孩的名字，寓意产品适合所有的宝宝，并为所有的使用家庭带来方便。安泰士（Ontex）集团是一家有着半个多世纪历史，集设计、研发、生产、销售为一体的欧洲大型医疗保健企业集团，总部位于比利时；在德国、法国、西班牙、意大利、英国、捷克、波兰、及匈牙利和土耳其等国都有其生产、研发及销售中心。产品涉及妇女卫生用品、婴幼儿卫生用品、婴幼儿护理用品、成人卫生用品等领域。安泰士(Ontex)集团在全球有12家大型生产制造企业，夜以继日的为世界40多个国家和地区供应品质可靠的产品。HelenHarper则以600万片/天的生产规模领军欧洲一次性卫生用品，在欧洲HelenHarper被广泛用于家庭、医疗机构及各种老人康复医疗中心。 海伦哈伯系列产品采用国际最先进的生产设备，按照欧洲最高生产安全标准生产。获得多个欧洲质量标准认证：通过英国皇家认可委员会（UKAS）的ISO900质量认证、英国零售商协会（BRC）的质量认证和比利时Ontex实验室权威检测，并通过中国进出口检验检疫部门和中国海关的质量安全检测。 
水动力,水动力,水动力app是D8智能保温杯产品的官方应用，通过D8智能保温杯结合水动力App，能改善国人的“饮水”习惯和生命健康。 
德敏舒,德敏舒,公司简介不断的努力研究，追求一种健康的生活给予您和孩子，秉承追求“敏感新生尽享关爱”信念，在2012年，Demum德玛母婴用品国际有限公司将其护肤理念及婴儿敏感皮肤的专利产品DAILYSMOOTH德敏舒带到中国，通过充满关爱的产品和细致体贴的服务为妈妈们提供方便愉快的育儿体验，给予宝宝最科学、细致、周到的呵护，携手德玛Demum孕育更健康的肌肤！
花蓓,花蓓,花蓓，女，1968年5月出生，回族，籍贯江苏镇江，全日制大学，历史学学士，公共管理硕士，1991年7月参加工作，1998年11月加入民盟，全国人大代表、民盟上海市委常委。现任民盟中央委员、民盟上海市委副主委，上海市民族和宗教事务委员会主任。
好搭档,好搭档,影片的原创剧本是2003年韩国影视振兴委员会主办的剧本创作比赛的入选作品，相当被看好。为了将这个广受好评的剧本搬上大银幕，制片方特别找来了一批颇具实力的幕后阵容，由一手创作此剧本的宋昌修执导，保持了故事的完整性和连续性。
妙而舒,妙而舒,妙而舒致力于婴儿用品的研发悉心呵护宝宝体格的成长、心智的发育。让宝宝舒适自如每一天父母使用更安心令更多的快乐与笑容充满每个家庭。
和光堂,和光堂,和光堂─百年品牌，起源于1906年，迄今已有一百多年的历史。由小儿科教授弘田长开设的和光堂药房是公司前身。创立之初，公司即着手于婴幼儿保健和科学育儿指导方面的工作。和光堂品牌诚信宣言：永远的婴幼儿品质。全系列婴幼儿产品，包含奶粉、辅食及用品，坚持品质第一，提供最专业的照护，深受广大消费者的喜爱。
relief,relief,relief，名词n.1.(痛苦负担等的)缓和减轻;解除，2.轻松宽心慰藉，3.救济;补助;解救，4.救济物品救济金。
小浣熊,小浣熊,浣熊属哺乳纲食肉目浣熊科的一种动物。源自北美洲，因其食前要将食物在水中洗濯，故名浣熊（注：“浣”字普通话拼音为huàn。另外，小浣熊和小熊猫不属于同种动物，两者有很大差别。）浣熊属包括7种动物，模式种浣熊产在北美和中美，食蟹浣熊产在哥斯达黎加至南美洲北部地区，其余5种产在各个岛屿上。浣熊体长在42-60厘米之间，它们的脚觉发达，经常用前爪捕食和吃食，使用前爪几乎同猴子一样灵活。浣熊常常把捕到的食物放在水中洗去泥沙，因而得名“浣熊”。浣熊是杂食性动物，吃鱼、蛙和小型陆生动物，也吃野果、坚果、种子、橡树籽等。 
科克兰,克里斯·柯克兰,克里斯·柯克兰（ChrisKirkland），1981年5月2日出生于英格兰巴韦尔，英格兰足球运动员，场上司职门将，现效力于英甲的贝里足球俱乐部，曾效力于英超的利物浦足球俱乐部。 
KirkLand,kirkland,KirklandSignature是全美销量第一的健康品牌。多年来KirklandSignature的产品以其可靠的产品质量和良好的信誉，在北美众多的保健品品牌中备受关注，拥有极佳的口碑。
小猪派芭,小猪派芭,小猪派芭 ”作为国内首家采用"微商+实体+物流"的新零售模式的婴幼儿护理品牌； 产品包括，透气纸尿裤、智力成长裤、宝儿竹纸，护理辞典卫生巾等亲肤类产品。 
森比奥,森比奥,森比奥 是湖南小贝婴童用品有限公司注册的商标名称。 主要婴儿尿布、卫生巾、消毒纸巾等产品。 
妙然宝贝,妙然宝贝,妙然宝贝是美满集团推出的首个婴儿护理产品品牌，主要产品为全线婴幼儿纸尿裤产品。 
卡氏,卡姓,
姆明一族,小肥肥一族,小肥肥一族，由ToveJansson及LarsJansson于1940年创作的一部芬兰动画，日本公司购买了版权，进行再制作。
MOOMIN,moomin,全称（英文名）：MoominValley芬兰名：muumi一部芬兰动画，后被日本买去版权，重新制作。现在大家看到的动画以及芬兰飞机上的姆明广告中的形象都是日本创作的。曾在TVB播出。其他翻译名：噜噜咪一家、小肥肥一族、姆明谷
ELSKER,ELSKER,ELSKER（嗳呵），创立于2006年，主营母婴用品。
喜士多,喜士多,“喜士多”是便利店品牌之一，上海较多见。喜士多为英文"C-store"的音译。
安睡宝宝,安睡宝宝,《安睡宝宝》是2009年华夏出版社出版的图书，作者是安德里亚·格雷斯。
Q-MO,Q-MO,
艾娜骑士,艾娜骑士,艾娜骑士，诞生于2001年的上海道捷公司，在孕育了7年后，终于厚积薄发地推出了Ainakids的品牌，在过去的7年中，我们与欧洲各大家纺品牌精诚合作，完美地吸收了来自欧洲的全新睡眠理念，绿色健康，舒适温馨，简单生活。如今，我们将此理念带给您的宝贝。我们在宝贝专家的指导下，针对中国宝贝的生活特点，集研发，设计，生产于一体，为您的宝贝营造一个独一无二的梦幻天堂。
妙心,妙心,《妙心》是由MM荣月编写的一本小说。
KooDoo,koodoo,Koodoo语言是一种简单高效的脚本语言，有现代脚本语言动态变量、动态数组等容易上手的特点，同时又适应电信行业高性能的要求。它主要应用在语音系统相关的开发，即CTI（计算机电话集成）领域，如IVR（交互式语音应答，即电话自动语音应答，如电话银行、证券电话委托、声讯系统等），CallCenter(呼叫中心、客服中心)等。对于语音系统来说存在多通道并发的问题，传统的解决方法就是状态机，对语音系统的开发人员实在太麻烦了，摒弃状态机，创造一种运行在单独通道上的高级脚本语言，给语音系统的开发带来了开发效率上的飞跃。
内内,内内·希拉里奥,内内·希拉里奥（NenêHilário），1982年9月13日出生于巴西圣卡洛斯，巴西职业篮球运动员，司职大前锋/中锋，效力于NBA休斯顿火箭队 。2002年的NBA选秀大会中，内内·希拉里奥在第1轮第7顺位被纽约尼克斯队选中，后立刻被交易至丹佛掘金队。 内内在NBA的前7个赛季（完整赛季）一直效力于丹佛掘金队，总共出战527场常规赛，在场均29.6分钟的上场时间内交出12.3分、6.9个篮板、1.8次助攻的成绩单 。2012年3月16日，内内转会至华盛顿奇才队 。2016年7月7日，内内加盟休斯顿火箭队。 
Nene,Nené,Nené葡萄牙籍足球运动员。
格朗,格朗,格朗是马其顿的足球运动员，英文名AgronMemedi。
GL,百合,百合是ACGN领域的概念，又称Girlslove（GL），指女生之间纯洁的爱慕关系（代指女性间的恋爱，但又并不完全等同于女同性恋）。在日本漫画界中，有专门的百合漫画派。传统意义上的百合即为“女生之间的恋爱”，在意义上基本等同于三次元的百合（女同性恋）。以描写女生之间的爱情为主的作品通常被称为正统百合或纯百合。但是，随着ACGN的发展，百合这个词已经在其领域有了新的发展。很多无男主的日常系作品也不断受到观众们的欢迎，集中体现为对女生间高浓度友情+暧昧的描写，在中国被称为轻百合。 
十月妈咪,十月妈咪,十月妈咪是上海十月妈咪网络股份有限公司 旗下品牌，其形象代言人为小S。 该品牌不仅致力于孕婴用品的设计与开发，还注重孕婴文化的建设。十月妈咪初创于上世纪90年代末，近20年来， 遍布全国的近千家的时尚门店销售网络，以更贴心便捷的购物体验受到消费者的青睐，销量遥遥领先。旗下姊妹品牌“有喜”（uki） 以青春孕妈的品牌个性完全区隔于“十月妈咪”的“个性辣妈”；2011年9月开始代理的意大利殿堂级孕装品牌“PietroBrunelli”更是完美地占领孕妇装领域的顶级高端市场。三大品牌，定位三大孕妇人群，涵盖孕妇装、孕妇级护肤品、孕产用品、婴童用品及其他孕婴产品。以细分和专注成就孕婴行业领袖地位。 
幸福日子,幸福日子,《幸福日子》是连载于起点中文网的网络小说，作者是宇宁紫。
老来福,老来福,《老来福》，杨梓文祺、李琦演唱的歌曲。歌曲一开始就用简单朴实的语言给我们展现了老年人精彩的生活，老了老了就要享福，“最好的歌伴着华丽的舞，最强的节奏伴着震天的鼓，最炫的摇摆伴着大野芳菲，最甜的笑容伴着吉祥祝福”歌词中连着用了四个“最”字来强调多姿多彩的老年生活，生活化的语言让歌曲更显得亲切自然，也更容易走进听众的心中。歌词最后出现的一段诗词的RAP，更是让歌曲显得与众不同，李琦用自己独有的演绎把几首人人皆知的古诗词串联出来，让人耳目一新。整首歌曲选用的曲风也是比较欢快的，突出了越活越年轻的心态。在这样愉悦的旋律中，我们感受到了歌曲想要表达的思想。杨梓文祺和李琦完美的搭配，也给歌曲增分不少，两人一甜美一沉稳的嗓音在这首歌曲中得到了充分的展示，听着两人带来的《老来福》，我们也憧憬着这样美丽的老来福 。
紫牛,紫牛,《紫牛》是2009年10月1日由中信出版社出版的图书，作者是（美）高汀，译者是施诺。本书作者通过上百则“自己会说故事”的产品案例来揭示紫牛战术，以大胆的创意冲撞传统营销，挑战营销人的极限。
嘉年华,嘉年华,嘉年华（Carnival）早在欧洲是一个传统的节日。嘉年华的前身是欧美“狂欢节”的英文音译，相当于中国的“庙会”，最早起源于古埃及，后来成为古罗马农神节的庆祝活动。多年以来，“嘉年华”逐渐从一个传统的节日，到今天成为包括大型游乐设施在内，辅以各种文化艺术活动形式的公众娱乐盛会。全世界各地有着花样繁多的嘉年华会，并成为很多城市的标志。
妙思乐,妙思乐,妙思乐(MUSTELA)护肤产品是专为新生儿、婴幼儿和儿童提供的专业护肤品，包括每日所需的清洁、沐浴、护肤及护臀系列。妙思乐由专业人士潜心研制，天然成分，配方独特，性质温和，经多年皮肤科临床验证，其低致敏性极为适合婴幼儿娇嫩易损的肌肤。妙思乐香味独特，沁人心脾，在欧洲被誉为婴儿香味，有助于增进母子间的亲密关系。同时也为宝宝的身心健康提供专业的保证。
MUSTELA,慕之恬廊,MUSTELA慕之恬廊(妙思乐)是欧洲知名妇幼婴儿用品品牌，一直致力于开发和生产专业的护肤产品来应对婴儿和孕妇皮肤护理的特殊需求，并将“提供健康和更高的生活水平”作为宗旨。已经行销全球52个国家，在七个国家建立了自己的分公司，是一个具有国际声誉的护肤品牌。含特殊专利份(Sunfloweroleodistillate简称OD*)无皂性清洁基，专为干燥性皮肤及敏感易受刺激。协助改善皮肤干燥，修复受损皮肤。适用婴儿、孩童、孕妇以及老人。
贝瓦,贝瓦,贝瓦是贝瓦网塑造的卡通人物形象——河狸家族中的主人公。他是一只快乐的小河狸，是小朋友们最亲密的小伙伴。
逗儿,逗儿,逗儿是广东雅丽洁集团精细化工有限公司的产品，于2003年，由吕宏喜创立，提供专业儿童洗护品牌服务。
Disney baby,disney baby,《disneybaby》是一款Android平台的应用。
宝升,宝升,1959年12月出生于内蒙古扎赉特旗。男，蒙古族，教授，博士生导师，现为福州大学客座教授在家乡接受初等教育。1982年1月在内蒙古海拉尔蒙师数学系（现呼伦贝尔学院数学科学学院）本科毕业。在内蒙古民族师院获得理学学士学位。毕业后被分配到内蒙古财经学院工作。两年后参加出国留学英语考试。于1986年前往新西兰Otago大学学习·于1988年获得Otago大学理学硕士学位，于1991年获得Otago大学博士学位。于1992年7月回内蒙古财经学院工作，先后被评为讲师，副教授和教授，并先后担任统计系副主任，主任职务·于1999年前往南非Natal大学任教。于2004年被福州大学引进。自2004年7月至今任福州大学数学教授，离散数学研究中心副主任，中国图论与组合数学学会秘书长，副理事长。他也是美国数学会《数学评论》的评论员，大洋洲组合数学学会会员，国际组合数学与应用研究会研究员。现兼职巴基斯坦AbdusSalam数学研究院外籍教授。研究兴趣：正则图中的圈，泛圈性，随机正则图，图的消圈数，图类中的序，图上的函数，软件开发，测试和评价。发表有30多篇学术论文。与内蒙古大学同事斯勤夫教授合作开发的图处理软件包（英文版）于1996年在国家版权局注册。
松达,松达,松达是一名后卫，现在效力于布鲁日足球俱乐部。 
依姿,依姿,二战期间，为了杜绝性病在日军中大面积蔓延，日本天皇授命党卫军司令秘密成立一个机构来研制女性生理结构相仿的充气娃娃，以解日军燃眉之急；这个机构就是后来的日本依姿株式会社。90年代末，21世纪初，依姿研制出了仿真人娃娃，不仅具有真人般的触感，更重要的是手脚灵活，可以配合使用者做任何姿势。
鳄鱼宝宝,鳄鱼宝宝,鳄鱼宝宝是广州丽信化妆品有限公司旗下品牌。20多年来始终致力于婴幼儿肌肤护理的研究，采用优质进口原料。品质纯正，温和无刺激，为婴幼儿娇嫩的肌肤提供专业的呵护，包括沐浴、洗发、润肤等多个品类，全方面地满足婴幼儿护理的需要；并且与华南地区各大经销商和KA客户建立了良好的合作关系为华南地区的知名婴幼儿护理品牌。“绿色安全更健康”是鳄鱼宝宝产品对品质的永远追求。
一帆,一帆,
温莎,温莎,Vinsor温莎时尚连锁于1995年始创于中国东部最优美的海滨城市青岛和中国时尚流行制造中心的广州。依凭其核心创新团队对国际时尚流行的专业敏锐度，以及对中国都市消费者不断提升的品质生活追求的持续关心与关注，历经16年的发展成长，已成为一家整合品牌管理营销、独立创新研发及连锁零售拓展为一体化的颇具影响力的时尚连锁机构。
贝儿欣,贝儿欣,BABISIL品牌是由一队跨国产品设计师和父母们建立的，他们致力于创造出更好的产品给全世界的儿童；品牌依仗经得起考验的创新设计，去改善儿童的成长过程，亦给父母们带来更从容的育儿生活。
双亲之选,双亲之选,
优洋,优洋,优洋是深圳市中怡海科技有限公司出品的LED台灯品牌。优洋是高亮度LED台灯，获得国家专利。是无频闪、无辐射、低压安全的健康护眼台灯产品。
喜尔健,喜尔健,喜尔健是河北义厚成日用品有限公司旗下品牌之一，主要生产护理垫，主要原料为无纺布、绒毛浆、高分子、PE膜。产品适用于失禁人士、妇女产前产后、手术后人士、女性经期、宝宝床使用等。
品度,品度,品度°——中国大陆一家新锐的创意团队。位于中国腹地郑州。
蓓护,蓓护,蓓护CarePlus是来自瑞士的美容品牌。运用最新科技手段来提取植物中精华成天然化妆品。瑞士医学美容第一品牌care+care+从字面理解意为爱护、保护的意思以保护肌肤、加倍呵护肌肤为含义。最新的科技提供肌肤最纯净深层呼吸要素唤醒肌肤使肌肤回复光彩、柔滑和细嫩。种类有：纤体瘦身面部护理和彩妆。系列有：晶彩透亮系列、彩妆系列、精华系列和面膜系列。明星单品有：蓓护妆前霜神奇妆前霜和蓓护花妍亮晶晶熬夜笔。
POLA,POLA,Pola是即拍即现，一次成像相机。1947年，美国人发明了一次成像胶片，并由宝丽来公司生产出一次成像的拍立得相机。这一发明，使得旅游者的摄影变得非常方便，而不用受当时还非常不普及的冲洗服务的影响。这种照相机用特种胶片，拍摄后立即自动冲洗。在拍摄后从相机中拉出或自动弹出的已经是冲洗好的照片。拍摄者即拍即现可以看到刚拍摄的效果。
御宝,御宝,御宝生产企业创建于1985年，1993年经过全面改造成陕西首家公司制乳品企业。西安百跃乳业有限公司是一个有长期从事羊乳制品生产历史的企业，工厂座落在陕西奶山羊基地的正中，为800里秦川天然牧场，非常适合山羊放养，代孕工厂所在地阎良武屯镇，为关中"萨能"奶山羊最佳牧场之一，周围100公里无任何工业污染。天然纯净的代孕平原草地，成就“关中羊奶”的优异品质。
卡乐比,CROBI,CROBI品牌由香港1989洋行（HongKong1989Co.）带入到中国大陆，并授权广州世宗服饰有限公司在中国大陆独家经营。
LG,LG集团,韩国LG集团于1947年成立于韩国首尔，位于首尔市永登浦区汝矣岛洞20号。是领导世界产业发展的国际性企业集团。 LG集团目前在171个国家与地区建立了300多家海外办事机构。事业领域覆盖化学能源、电子电器、通讯与服务等领域。
蜡笔小新,蜡笔小新,《蜡笔小新》是由臼井仪人创作的漫画，1990年8月，在《weekly漫画action》上开始连载。1992年，根据漫画改编的同名动画在朝日电视台播出。2010年7月16日，臼井仪人遗作《蜡笔小新》第50卷发刊，由臼井仪人创作的全部单行本发行完毕，累计发行销量5300万部 。在作者臼井仪人去世后，作品由“臼井仪人&UY工作室”沿袭原作风格继续创作。
巴比象,巴比象,是香港巴比象实业有限公司监制研发的婴儿系列用品品牌
Evangeline,Evangeline,Evangeline伊文捷琳品牌创办人Schuhmacher舒马赫是一位生化学家，他是生于德国拥有着德国贵族血统的希腊籍后裔，出生于六十年代中期的舒马赫从小就天赋秉异，聪明过人，博古通今，教育良好，对于王室的尊贵奢华醉心迷离，对于家族的荣光眷恋不舍，所以年轻时代的舒马赫活力四射，魅力翩翩。
dm,糖尿病,糖尿病是一组以高血糖为特征的代谢性疾病。高血糖则是由于胰岛素分泌缺陷或其生物作用受损，或两者兼有引起。糖尿病时长期存在的高血糖，导致各种组织，特别是眼、肾、心脏、血管、神经的慢性损害、功能障碍。
亲润,亲润,亲润（momface）孕妇护肤品以“提供孕妈妈最安全、有效、专业的孕产期护肤品”为己任，倡导“妆食同源”的产品理念和“自然、健康、安全”护肤理念，同时产品不含酒精、矿物油、重金属等对孕妇及胎儿健康有害的物质，产品性质温和、无刺激的孕产妇专用护肤品品牌。
雅酷,雅酷,
狮王,奥利弗·卡恩,奥利弗·卡恩（OliverKahn）， 全名奥利弗·罗尔夫·卡恩（OliverRolfKahn）， 1969年6月15日出生于德国巴登-符腾堡州卡尔斯鲁厄，德国足球运动员，司职门将。卡恩出自于德甲卡尔斯鲁厄足球俱乐部青训营。1987年，卡恩升入卡尔斯鲁厄一线队开始职业生涯。1994年，卡恩转会至拜仁慕尼黑足球俱乐部，之后帮助拜仁慕尼黑获得8次德甲联赛冠军、6次德国杯冠军、1次欧洲冠军联赛冠军等多项荣誉，个人3次当选IFFHS世界最佳门将、4次当选欧洲最佳门将等。 2008年9月，卡恩正式宣布退役。 1994年，卡恩开始为德国国家队效力。1996年，卡恩跟随德国国家队夺得欧洲杯冠军。 1998年，卡恩在世界杯后成为德国国家队主力门将， 之后成为德国国家队队长，并参加了两届世界杯和两届欧洲杯，帮助德国国家队夺得2002年韩日世界杯亚军，个人荣膺世界杯金球奖和世界杯金手套奖。 
Lion,锂离子电池,锂离子电池：是一种二次电池（充电电池），它主要依靠锂离子在正极和负极之间移动来工作。在充放电过程中，Li+在两个电极之间往返嵌入和脱嵌：充电时，Li+从正极脱嵌，经过电解质嵌入负极，负极处于富锂状态；放电时则相反。锂系电池分为锂电池和锂离子电池。手机和笔记本电脑使用的都是锂离子电池，通常人们俗称其为锂电池。电池一般采用含有锂元素的材料作为电极，是现代高性能电池的代表。而真正的锂电池由于危险性大，很少应用于日常电子产品。
无敏极,无敏极,
misskiss,MissKiss,MissKiss这个品牌诞生于充满艺术和时尚——意大利注重仪表的意大利人民具有与生俱来的优雅气质！一颗善良的心，还必须有一个梳的亮亮的头发一套无可挑剔的服装，一双漂亮的皮鞋和一个名牌手袋，意大利由此诞生众多世界级时尚服饰品牌，MissKiss就是其中之一了。
加菲猫,异国短毛猫,1960年左右，美国的育种专家将美国短毛猫和波斯猫进行交配繁育，期待改进美国猫的皮毛颜色并增加其体重，这样就诞生了异国短毛猫。在1966年被CFA承认为新品种。在育种期间，它还和俄罗斯蓝猫及缅甸猫杂交。1987年以来，该品种的允许杂交品种被限定为波斯猫一种。FIFE在1986年承认了异国短毛猫。该品种在美国已经非常普遍，在欧洲也在逐渐风行起来。异国短毛猫除拥有浓密皮毛外，还保留了波斯猫独特的可爱表情与圆滚滚的体型。性格也如波斯猫般文静、亲切，能慰藉主人的心，体形为中型到大型的短脚型，头部宽而圆，鼻子有明显的凹陷，皮毛有柔和的光泽，性情独立，不爱吵闹。
全因爱,全因爱,全因爱Lovology=Love爱+Ology学问（爱的学问），品牌名称是对品牌精髓的完美写照，也是品牌所诠释的理念和价值主张：不仅爱，更要以科学的健康的方式去爱，倡导用新一代的育婴理念，去呵护最亲爱的宝宝。
亲亲我,亲亲我,东莞亲亲我实业有限公司成立于2007年，是一个集研发、生产、销售及服务于一体的母婴用品公司。
瑞氏品酷,瑞氏品酷,瑞氏品酷是一个商标品牌 。由瑞氏品酷（北京）纸业有限公司注册申请。 
汇泉,汇泉,
温蒂娜,温蒂娜,温蒂娜是在国家商标总局注册的商标名称。主要生产婴儿尿裤、鱼肝油、膳食纤维、营养补充剂、婴儿食品、婴儿奶粉、蛋白质膳食补充剂、净化剂、卫生巾带、消毒纸巾等产品。 
AA,AA,
完达山,黑龙江省完达山乳业股份有限公司,1963年王震将军在上海、北京调运750头奶牛，创办了八五一一农场奶牛示范场；1965年在王震将军的亲切关怀下，完达山乳品诞生了。1997年黑龙江农垦系统10家乳制品生产厂整合组建了完达山企业集团乳品有限公司，2001年6月转制为完达山乳业股份有限公司。从2000年起，完达山乳业连续多年被国家八部委认定为全国农业产业化重点龙头企业。完达山乳业股份有限公司系北大荒集团控股公司，现拥有资产总额32亿元，下辖22家分、子公司，员工近20000名。年加工鲜奶能力100余万吨，可生产奶粉、液态奶、饮料、豆制品、米麦制品及保健食品等11大系列220个品种，销售网络遍及全国，其中原料粉远销东南亚和非洲。从1963年建立首个奶源基地——8511农场奶牛示范场至今，完达山已有近半个世纪的发展历史。
wondersun,wondersun,黑龙江省完达山乳业股份有限公司拥有4家控股公司，14家分公司，38条乳品生产线，10条豆粉、米粉等生产线，可生产乳制品、豆制品、保健品、饮料、麦片、矿泉水、等六大系列70多个品种的产品，日处理鲜奶能力达1000吨以上。
Chiron,Chiron,布加迪推出了威航（Veyron）的继任者Chiron。新车将搭载一台8.0升W16四涡轮增压发动机，最大功率1500马力，最大扭矩1600牛·米，Chiron可以在不到2.5秒的时间内完成0-100km/h加速。
CHIRON,Chiron,布加迪推出了威航（Veyron）的继任者Chiron。新车将搭载一台8.0升W16四涡轮增压发动机，最大功率1500马力，最大扭矩1600牛·米，Chiron可以在不到2.5秒的时间内完成0-100km/h加速。
叮当,谢昀杉,谢昀杉，别名叮当、小叮当。1990年5月5日出生于北京市丰台区，毕业于北京电影学院2009级表演系，演员、导演。1997年，主演《豆丁奇遇记》饰演豆丁而踏入影视圈。2004年，与曾志伟、吴孟达、张默等主演电视剧《少年大钦差》 。2006年，参演由杨若兮等主演的电视剧《人小鬼大刘罗锅》 ，同年加盟以历史文化名城泉州为背景反映中国海峡一家亲的儿童影片《少年双雄》。 2007年，参与拍摄《吴承恩与西游记》，并在其中饰演小恶霸罗庞。 2014年，导演话剧《梦》。 2017，由谢昀杉自导自演的第一部网络电影《灵魂诊所》开播 ；同年7月，主演电影《说走就走之毕业旅行》将在2018年上映 。
kika,KIKA,最时尚、最便捷的宠物训练发声器。由北京宠讯科技文化发展有限公司研发。
绿手指,绿手指,绿手指，著名作家毕淑敏创造出的一个艺术形象。
花香,花香,《花香》是由陈信荣作词，周传雄作曲，美籍华人男歌手许绍洋演唱。歌曲于2002年作为电视剧薰衣草主题曲收录于电视剧《薰衣草》的原声带中。
Member's Mark,Member's Mark,
宝贝妞妞,宝贝妞妞,《宝贝妞妞》是一款装扮类的小游戏，目标是打扮小宝贝。
小蜜蜂,小蜜蜂,小蜜蜂（全称：小蜜蜂拓客、小蜜蜂拓客派单），是房地产行业营销手段中的一种硬广告式推广手段之一，其营销手段具有：准确性高，性价比高，成交率高的三大特性，故有：开盘一月全报广，卖房全靠小蜜蜂的业内说法。
Burt's Bees,Burt's Bees,美国缅因州起家的Burt'sBees以一个“大胡子老爷爷”养蜂人肖像及一只小蜜蜂为标记，几乎所有产品都与蜜蜂有关，质地软滑甜润，宣传却毫不甜言蜜语。价格亲民，是个绿色环保、老少皆宜的护肤品牌。
邦怡,邦怡,邦怡全称为“杭州邦怡日用品科技有限公司”，由杭州老板实业集团投资创立，传承了老板三十年的品质经验，充分利用集团下属的诺邦公司在水刺无纺布行业内的前沿技术，依托自身超前的自主创新意识，耗巨资成立了“邦怡洁肤研究院”。五年以来，“邦怡洁肤研究院”一直专注于皮肤清洁、护理方面的研究，并为日本、美国、英国、澳大利亚等大型国际企业提供有效的皮肤清洁护理方案和ODM、OEM生产配套服务。
贝氏,贝姓,贝姓为中文姓氏之一，在《百家姓》中排名第110位。贝氏人口总数在中国的大陆与台湾省均未进入前一百大姓。
爱卡呀,爱卡呀,爱卡呀（Aikaya）专为亚洲宝宝形体而设计，是韩国的第一品牌座椅，获得韩国严格的安全认证，常年出口欧美，2011年月获得在韩国销售的所有儿童汽车安全座椅品牌评比中消费者最满意品牌奖。爱卡呀不仅强调保护宝宝的乘车安全，更采用纯天然有机棉奥加尼克(Organic有机)面料，高度关注宝宝的安全和舒适度。诠释了全球时下最为流行的新概念生活方式：OrganicLifestyle(有机生活)。
苏菲娜,苏菲娜,苏菲娜SOFINA是日本第一家庭用品厂商花王旗下的化妆主打系列，在日本已经成为继shiseidokanebokose之后又一广受欢迎的化妆品牌。
亲诺,亲诺,新西兰大陆被称为世界上最后一块净土，这里生长着许多未被污染的植物，如麦卢卡树、桫椤、蛤地兰、墨草等，它们中含有许多对人体有用的有效成分，新西兰皇家科学院PROFESSORLIN等科学家长期致力于对这些植物的研究，利用基因工程和其他高科技生物技术，开发出大量能够运用于化妆品、医药、保健品等方面的生物制品。2009年由PROFESSORLIN为首的15位教授、博士、工程师等组成的专家在新西兰成立了“新西兰亲诺生物科技有限公司”，秉承“亲近自然，回馈社会”的理念，将新西兰麦卢卡蜂蜜结合现代尖端科技融入多种天然植物精华成分，独立开发出植物配方体系的母婴护理产品。
贝贝怡,贝贝怡,贝贝怡 （Bornbay）是厦门蓓蕾初华网络科技有限公司旗下的婴幼服装品牌，经过近四年的高速发展，贝贝怡已经成为国内知名的婴幼儿内衣B2C品牌。
Bornbay,贝贝怡,贝贝怡 （Bornbay）是厦门蓓蕾初华网络科技有限公司旗下的婴幼服装品牌，经过近四年的高速发展，贝贝怡已经成为国内知名的婴幼儿内衣B2C品牌。
蜜优可,蜜优可,
妈咪甜心,甜心妈咪,甜心妈咪CuteMami是一款由美国著名纯天然有机孕产护理研发中心研发，纯植物提取、无有害化学成分、绿色天然有机，孕产期安全专用护肤品，有利于改善孕妇肌肤状态并保障胎儿健康生长。
抱抱熊,抱抱熊,抱抱熊是晋江嘉年华婴儿用品有限公司于1995年独立创建的品牌，抱抱熊婴儿用品以其专业化、人性化的态度主要生产研发抱婴腰凳、婴儿背带、学步带、防走失带、妈咪包、哺乳巾、披风等系列产品。 
Baby Boom,婴儿潮,婴儿潮（babyboom），指的是在某一时期及特定地区，出生率大幅度提升的现象。历史上有记载的几次婴儿潮，通常是起因于有振奋人心的因素，像是农作物丰收、打赢战争及赢得体育竞赛等，但也有因为迷信的因素。英文中把在婴儿潮时期出生的婴儿称为“babyboomer”。婴儿潮（babyboom）这个词的首次出现，主要是指美国第二次世界大战后的“4664”现象--从1946年至1964年，这18年间婴儿潮人口高达7800万人。
布朗天使,布朗天使,
Dexter,嗜血判官,《嗜血判官》（Dexter，也译嗜血法医），是Showtime电视网推出，迈克尔·科斯塔，托尼·戈德温等执导，麦克-C-霍尔、朱莉-本兹等主演的电视剧，改编自杰夫·林赛的小说《暗夜噩梦戴克斯特》。该剧讲述的是主角戴克斯特·摩根白天以迈阿密警局法医身份作为掩护，黑夜降临时就去追捕罪犯的故事。该剧于2006年在showtime首播，全剧共八季，于2013年宣告完结。 
尿布熊,尿布熊,尿布熊是佛山市超呵婴幼儿用品有限公司在国家商标总局注册的商标名称，已经注册成功。商标注册号是19910731。 
娇美,娇美,娇美，拼音jiāoměi，出自《天雨花》。
慧苑,慧苑,慧苑，唐代京兆（现今陕西省西安市）人，少年出家，礼法藏为师，深通经义，尤精于《华严》，为同门的上首。法藏在八十卷本《华严经》译成后曾作《略疏》，才写了四分之一就去世了，慧苑和同门宗一分别续写，宗一续满二十卷，其文现已逸失；慧苑所续名为《续华严经略疏刊定记》。
运动宝贝,运动宝贝,GYMBABY运动宝贝专业早期教育品牌始建于2008年运动宝贝 中国区总部成立，标志着GYMBABY运动宝贝这一国际品牌正式入驻中国。
费雪,费雪,费雪，费雪方程式是货币数量说的数学形式，即MV=PQ，该方程式说明在V、Q比较稳定时，货币流通量M决定物价P。
全能宝贝,全能宝贝,全能宝贝由国内著名投资家投资设立，总部将设在上海。全能宝贝专注于3-12岁幼少儿生活英语教育，立志做3-12岁少儿英语教育的领先者，让中国的儿童在12岁之前掌握生活化的英语，能用英语生活。
呵护,呵护,呵护是一个汉语词汇，读音为hēhù，指对某人、某物很在意，要去爱护她、保护她。引申为对亲人呵护、对朋友呵护、对你所爱的一切的呵护。多用于较强的一方对较弱的一方照顾用语。
宝宝金水,宝宝金水,宝宝金水，集“祛痱、止痒、防蚊虫”三种功效为一体，婴幼儿及成人均可使用，无油腻、无刺激。从颜色看，“宝宝金水”的原料中含有野菊花的成分，野菊花经过浸泡，呈现出金黄色且澄清、透明。“金”字在汉语中表达有“珍贵的、宝贵的”等含义，可以寓意母亲对孩子的深深关爱。
美素佳儿,美素佳儿,美素佳儿(Friso)是荷兰皇家菲仕兰旗下的婴幼儿奶粉品牌。美素佳儿，其母公司-荷兰皇家菲仕兰公司创建于1871年，迄今已有140多年的历史，是合作型乳品公司，在全球100多个国家赢得了相当高的声誉。2004年，荷兰皇家菲仕兰公司被荷兰皇室授予“皇家”称号，行业仅此一家。荷兰皇家菲仕兰公司的荷兰自家牧场由欧洲超过20000名左右会员农场主联合经营，共同管理，严格保证了美素佳儿奶粉的稳定品质。 
Friso,Friso,friso是使用c语言开发的一个开源的中文分词器，使用流行的mmseg算法实现。
晨风,国风·秦风·晨风,《国风·秦风·晨风》是中国古代第一部诗歌总集《诗经》中的一首诗。历来对此诗主旨理解有分歧，一说这是妻子思念丈夫的诗，一说这是秦康公不能任用贤人的诗。全诗三章，每章六句。诗歌以重章叠句的形式，反复歌唱心中的思念和忧愁，各章感情的递进轨迹清晰而可信。
如爱初见,如爱初见,如爱初见 是由四川奢呈质品贸易有限公司于2014年3月所创建的高档纸巾品牌。 
卡拉贝熊,卡拉贝熊,起源于北欧的奥登赛，浓郁的异国文化氛围赋予了为全世界最美丽孩子设计服装的无穷灵感与动力。从大自然界的七彩色中精心挑选了可爱的粉色、纯净的米白、活泼的蓝色、轻快的绿色，并推出了适合新生宝宝的温情内衣，周末在户外活动时穿着的裙子、衬衫与优雅的外套·
开丽,开丽,开丽是广州健朗医用科技有限公司旗下的品牌，成立于2004年11月，由中山大学中山医学院科技开发中心投资组建。
HM,HM,Hennes&MauritzAB的简称，由ErlingPersson于1947年在瑞典创立，主要经营销售服装和化妆品。目前，H&M的发展惊人，拥有超过3000家专卖店，足迹遍布28个国家。德国是他的最大市场，其次是瑞典和英国。
七季,七季,七季（英语：CHIKI）是厦门大辰生物科技有限公司的山茶油品牌。
小猴子,小猴子,《小猴子》是由千和世纪出品，小右ft.胡碧文荟演唱的一首歌，是继《你是我的女朋友》后又一首经典作品。
VE,VE,VE(维生素E)又名生育酚或产妊酚，在食油、水果、蔬菜及粮食中均存在，于1938年人工合成成功，现有片剂、注射剂、栓剂等剂型。
婴姿坊,婴姿坊,广东婴姿坊婴童用品实业有限公司位于广东佛山——全国著名的童装生产基地。由罗志忠先生创立于1992年。公司以建立绿色婴童王国，成就社会未来栋梁，把健康和欢乐带给天下母亲作为使命，不断提升品牌的价值，成为行业领航者。现企业凝聚数千高素质员工和管理精英，联动数万行业盟友共创伟业，具有极其前沿与专业的管理、营销、研发、生产团队，拥有3万多平方米的现代化生产厂房。全国一千多家的连锁加盟专卖店及专营店，见证着婴姿坊这颗熠熠新星的崛起，更昭示着企业旗下品牌“婴姿坊”和“舒舒乐”辉煌的前景。未来婴姿坊将继续以呵护宝宝健康成长为己任，引入动漫文化引领婴童品牌新潮流，全面升级品牌价值，用二十年的自我磨砺和市场沉淀，以不断创新、锐意进取的企业精神，以更科学更严谨的经营管理体系，求真务实、精益求精，以更优质的产品更贴心的服务，力创卓越知名品牌！
mothercare,Mothercare,世界第一母婴用品服饰Mothercare来自简约、典雅的英国，创立于1961年。Mothercare品牌早为人所熟知与喜爱，更被视为全球最顶尖、最具代表性的专业婴童用品服饰连锁品牌，因为在英国，各个城镇都有它的足迹，在伦敦热闹的牛津街亦设有全球最大的旗舰店，吸引来自世界各地的品牌拥护者。1996年，Mothercare更荣获英国最高殊荣“女皇奖QUEEN'SAWARD”，成为婴童市场中的第一品牌，至今屹立不摇。mothercare产品类别涵盖母婴服饰、手推车、汽车安全座椅、儿童家具等多个类别，不愧号称母婴一站式购物商店。
喜宝,喜宝,《喜宝》是2002年南海出版公司出版的小说，作者是亦舒。该小说讲述了剑桥圣三一学院的法学高材生姜喜宝，本是炙手可热的俏佳人，尚有高贵文凭压身，却反其道之，决定做富商的情妇的故事。
HiPP,HiPP,喜宝奶粉来自德国，是德国婴幼儿食品第一品牌，全球最大的有机食品生产商，几乎每个德国小朋友都是吃着喜宝的产品长大的。英文名称是HIPP，经欧盟认证，100%纯天然及有机的保证，单纯保留食材最原始的味道，口感自然味道极佳，让宝宝摄取最天然的营养而不会造成肠胃道的负担，绝无任何人工添加香料、色素及化学成份的营养素，100%纯天然、营养的食物就像您给宝宝满满的爱与呵护。
童健,童健,童健，男，现任中共东台市委常委、组织部长。
拉比,拉比,拉比（Rabbi），有时也写为辣彼，是犹太人中的一个特别阶层，是老师也是智者的象征，指接受过正规犹太教育，系统学习过《塔纳赫》、《塔木德》等犹太教（Judaism）经典，担任犹太人社团或犹太教教会精神领袖或在犹太经学院中传授犹太教教义者，主要为有学问的学者。犹太教负责执行教规、律法并主持宗教仪式的人。原意为教师，即口传律法的教师。2～6世纪曾作为口传律法汇编者的称呼。后在犹太教社团中，指受过正规宗教教育，熟悉《圣经》和口传律法而担任犹太教会众精神领袖或宗教导师的人。
小猪蒂若,小猪蒂若,小猪蒂若是由两只浪漫温馨甜蜜的小猪组成，他们既能给你带来福运好运财运，又是博爱的精神传播使者。
KOWA,kowa,KOWA是日本兴和株式会社集团所拥有的品牌。
福音,福音,福音是基督教用语，指有益于众人的好消息。福音指给人们带来幸福的，能让人听了感觉幸福的声音包括语言。“弟兄们，我如今把先前所传给你们的福音，告诉你们知道；这福音你们也领受了，又靠着站立得住；并且你们若不是徒然相信，能以持守我所传给你们的，就必因这福音得救。我当日所领受又传给你们的：第一，就是基督照圣经所说，为我们的罪死了，而且埋葬了；又照圣经所说，第三天复活了”（哥林多前书15：1－4）福音是由三部分组成的：一、基督为我们得罪死了二、基督被埋葬了三、基督第三天复活了以上的三点，就是基督徒所认为的有圣经经文作为理论支持的福音定义。
贝维,贝维,曾学过2年的相声，后在中央戏剧学院预科班学习了一年表演，由于对音乐的炙热追求，最终放弃了在中戏学习表演的机会，先后到中北英皇演艺专修学校、贺冰心欧美流行音乐学院学习声乐。之后，又独自赴韩国，在首尔综合艺术学校声乐系进修。
Oops,oops,开放式课程计划（OpensourceOpencoursewarePrototypeSystem，简称OOPS)，是一个致力于将开放式课程(OpenCourseWare)中文化以及推广的项目。该计划希望借此打破英语语言障碍、贫富差距造成的知识鸿沟，让华人师生能够更便利、全免费接触到世界一流教育资源。
马博士,马博士,马博士®，北京贝特宝科技有限公司注册商标品牌，婴幼儿游泳整体解决方案提供商，秉承“关心婴幼儿健康成长、提高中国儿童智力与体质”的理念，从事业务包括“马博士”品牌婴幼儿游泳产品研发生产和销售、马博士婴幼儿游泳馆品牌连锁经营管理以及婴幼儿早期潜能开发工程，截止2013年10月，全国范围内有数百个城市销售着马博士系列产品，开办马博士婴儿游泳馆直营店及加盟连锁店数百家，马博士系列产品更广泛应用于全国上千家妇幼保健院妇产中心、婴幼儿早教培育中心等机构，数十万家庭的新生宝宝在马博士婴儿游泳产品的“抚浴”下健康快乐得成长着。
贝肯熊,贝肯熊,贝肯熊（Backkom）又叫倒霉熊，这一形象诞生于2002年，是韩国最受欢迎的动漫形象之一，并在世界范围内深受喜爱。2014年其知识产权被深圳市奥飞贝肯文化有限公司收购。《贝肯熊》是三维动画短篇喜剧，已经播出了三季系列片（共156集），另有一个剧场版（《茶杯之旅》）。2015年7月8日，《贝肯熊》动画片首次在中央电视台少儿频道播出，目前其动画片在中国各大视频网站的累计点击量已经超过100亿次，赢得了大量粉丝。
良良,良良,良良，国内婴童睡眠保健用品专家。来自于南昌良良实业有限公司，由李九华先生于2000创建。经过良良人十余年的不懈努力，良良业已成为行内巨头，旗下产品远销东南亚，受到国内外妈妈的青睐。
威尔贝鲁,威尔贝鲁,威尔贝鲁/wellber是常州市威尔纺织品有限公司旗下的原创品牌，是国内母婴纺织品行业的品牌。
IPM,IPM,IPM全称AmericaDamcellInternationalPrivateMedicalGroup（美国戴姆赛尔国际私人医疗集团）是一家全球知名医疗和健康系统解决方案供应商，IPM集合了国际上最先进的生物技术（特别是干细胞技术）和最新的医疗科技，为中国广大客户提供最权威的医疗和健康解决方案。
GRACO,GRACO,GRACO作为美国NewellRubbermaidTM集团下的一家公司，在全球范围内拥有1，500家合资合作单位。主要生产儿童座椅、推车等，源于1942年。
多吉美,多吉美,多吉美（甲苯磺酸索拉非尼片），适应症为1.治疗不能手术的晚期肾细胞癌。2.治疗无法手术或远处转移的肝细胞癌。目前缺乏在晚期肝细胞患者中索拉非尼与介入治疗如肝动脉栓塞化疗（TACE）比较的随机对照临床研究数据，因此尚不能明确本品相对介入治疗的优劣，也不明确对既往接受过介入治疗后的患者使用索拉非尼是否有益（见【临床试验】项）。建议医生根据患者具体情况综合考虑，选择适宜治疗手段。
女主角,女主角,在戏剧、电影等影视、游戏文学作品中饰演主角的女性，或指动漫ACGN作品中在各项活动中起主要作用的女性。其出场率通常贯穿全部剧情，或在剧情发展中起重要推动作用，对作品剧情起推动作用或作品中出场最多的女性。在现代网络小说中多为男主角的妻子。
舒洁,舒洁,舒洁（Kleenex）是全球最知名的面巾纸品牌之一，曾多次被美国《商业周刊》评为全世界100个最有价值的品牌之一。多年来，Kleenex一直致力于提供最优质的产品给广大的消费者，Kleenex舒洁纸巾采用100%原生木浆，并加入特别的柔软纤维，以最柔软细致的纸巾，让心和家人一起舒适起来，始终给自己和家人温暖和关爱。
Kleenex,舒洁,舒洁（Kleenex）是全球最知名的面巾纸品牌之一，曾多次被美国《商业周刊》评为全世界100个最有价值的品牌之一。多年来，Kleenex一直致力于提供最优质的产品给广大的消费者，Kleenex舒洁纸巾采用100%原生木浆，并加入特别的柔软纤维，以最柔软细致的纸巾，让心和家人一起舒适起来，始终给自己和家人温暖和关爱。
H&U,H&U,H&U是源于欧洲宫廷的高端精油护肤品牌，2013年雅缇投资（上海）有限公司与英国H&UCOSMETICSINTERNATIONALCO.LTD进行全球战略合作，正式将此高端品牌引入中国。H&U是以欧洲宫廷护肤秘方为背景，由英国H&U公司提供专业技术、精选国内外天然优质植物精油原料，并结合美容院精油SPA护肤原理，专业从事高端精油护肤产品的深度研发。
琳达妈咪,琳达妈咪,琳达妈咪是上虞金缘贸易有限公司注册的商标名 ，主要有肥皂、洗涤剂、洗面奶、洗衣用织物柔软剂、花露水、化妆品、爽身粉、洗衣粉、非医用漱口剂、去污剂等产品。 
萌宝,萌宝,萌宝是一款育儿软件，你可以在这里方便的记录宝宝的每一个瞬间，每天都写下一篇宝宝专属的日记，陪伴宝宝快乐的成长。或者在这里了解宝宝成长的相关信息、掌上购物、学习知识等等。
Simba,SIMBA,《SIMBA》是一款IOS平台的应用。
佳韵宝,佳韵宝,佳韵宝品牌属于苏州威尔德工贸有限公司。品牌服务包括有哺乳用垫、产包、婴儿尿布等母婴类产品。 
轻羽,轻羽,“轻羽”是一款与“马拉松”等品牌齐名的客车框架改装款豪华旅行车。
BabyBjorn,babybjorn,BabyBjorn是来自瑞典的专业婴儿用品生产商。1961年，BjörnJakobson与他妻子的姐姐Elsa共同在瑞典斯德哥尔摩贝里斯哈姆拉创立了BabyBjorn公司。同年，公司推出了第一款产品——婴儿椅，受到儿科专家的推荐，在多本瑞典杂志中被报道，市场需求剧增。1973年，BabyBjorn推出了第一款婴儿背袋，取名为"贴心关怀"，再次获得父母的青睐。
优乐,优乐,重庆优乐装饰工程有限公司是一家专业从事家庭装修，设计与施工为一体的整装装饰企业。
YOLO,yolo,YOLO，美语新词，是YouOnlyLiveOnce的首字母缩略词，意为你只能活一次，是坏孩子做坏事前的宣言。和拉丁语的“及时行乐”或“死亡警告”相类似，YOLO的寓意是人应该享受人生，即使需要承担风险。就是鼓励人们不怕冒险，想做什么就做什么，享受人生，因为只会活一次。 现在这一句话常常用在青少年的对话和音乐当中。加拿大饶舌歌手德雷克的《TheMotto》使此句普及于网络中。
珍爱,珍爱人生,《珍爱人生》是导演李·丹尼尔斯2009年拍摄的一部剧情片，由加布蕾·丝迪贝、莫妮克主演。影片主要讲述了80年代末的纽约哈林区，家境贫困的非裔胖女孩克拉丽思·琼斯遭受母亲凌虐，又被父亲强暴。她如何在人生逆境中找到定位，从被压迫到觉醒的故事。 
小木马,小木马,小木马是华纳唱片公司歌手张信哲2008年发行的专辑《逃生》中的一首歌，由吴奕纬作词，马奕强作曲，吕绍淳、陈歆儒编曲。
葛莱,葛莱,美国葛莱成立于1942年，作为全球最大婴儿用品生产商之一，拥有近70年婴儿用品设计开发经验。销售至全球80多个国家并广受青睐。一直以来，葛莱将安全、实用、便捷及创新融合于产品研发设计之中。在产品创新方面可以追溯到1953年，葛莱发明了世界上第一台机械动力的婴儿秋千。随后在1987年葛莱又研发了便携式婴儿游戏床。其后葛莱推出TravelSystem（多用途手推车），这一创新型产品第一次实现了汽车安全座椅与推车的整合使用，开创了婴儿出行用品的新纪元，为爸爸妈妈们带来了无限便捷。
柳燕,柳燕,柳燕，同济大学汽车工程硕士、吉林大学技术经济管理博士，现担任吉广国际首席执行官。 
忆爱,忆爱,《忆爱》是一首由季晨诺、苏懒懒演唱的歌曲，苏懒懒作词、作曲。
合生元,合生元,合生元用心专注母婴营养与健康，携手法国IsignySainte-Mere 、Lallemand集团、法国Montaigu乳品公司等全球战略合作伙伴，共同研发高科技含量的优质产品。秉承“把优越做成产品，把责任变成品质”的理念，全面提供益生菌冲剂、婴幼儿奶粉、妈妈奶粉、多种营养食品等母婴营养健康产品，给宝宝聪明IQ、爱心EQ、活力PQ发展的均衡营养。
BIOSTIME,biostime,biostime函数用法：longbiostime(intcmdlongnewtime)功能：计时器控制，cmd为功能号，为0时函数返回计时器的当前值，计时时间从午夜开始，以时钟滴答声为单位，每秒时钟滴答18.2次；为1时将计时器设置为新值newtime。
百寿康,百寿康,百寿康足浴液采用蛋白膜渗透技术萃取还原纯生药性精华，在模拟中老年人体质特征的基础上，平衡配伍李氏38味足浴遗方，综合调理血液循环、神经、内分泌三大系统，从根本上祛除中老年病。
京东来点,京东来点,“京东来点”是京东首款智能购物硬件，于2015年11月26日正式发售 
伊斯卡尔,伊斯卡尔,“伊斯卡尔”是深圳市贝怡乐婴童用品有限公司旗下的婴童用品品牌。”伊斯卡尔”是英文“easycare”的音译，均为注册商标。
佳儿乐,佳儿乐,
日康,日康,日康婴儿用品有限公司是一家专业从事婴儿用品开发、设计、生产的制造商。公司位于台州市黄岩经济开发区，成立于1996年，经过十多年的发展壮大，厂区面积40余亩，厂房建筑面积近3万平方米，厂区环境优美，配套完善，整洁有序，处处显现着现代化企业的精神风貌。
BABY U,Baby U,韩团MBLAQ日专二辑。主打曲“BABYU”同时被选为动漫《恶魔奶爸》（又名《魔王的父亲》）主题曲。 
满趣健,满趣健,满趣健 商标由满趣健公司申请注册品牌。国际分类号（ 第8类） 。
Munchkin,Munchkin,Munchkin，演员，主要作品有1984年上映的《街头浪子》。
十月天使,十月天使,十月天使孕妇护肤品系列，是天津盛世永业有限公司采用来自美国的技术，选择天然成分、应用绿色技术、采用专业配方，特别针对亚洲女性肤质孕产期女性生理变化特制的，专业孕产肌肤护理品牌。
INGRID,Ingrid,Ingrid，瑞典籍电影女演员，曾获得过三次奥斯卡金像奖、两次艾美奖和一次托尼奖，因出演《北非谍影》闻名于世。
施儿佳,施儿佳,施儿佳是上海今古合生命科学研究所有限公司的一个孕婴童营养品品牌。
好保姆,好保姆,“好保姆”是由天津乐陶科技有限公司研发的一款基于移动互联网O2OA第三产业服务行业的手机APP，最大可能性的服务广大用户方便，快速，准确的找到自己所需要的好保姆；同时也为更多的优秀保姆提供一个零投入的求职平台，好保姆每一位成员希望能够帮助需要好保姆的客户找到好保姆；同时也希望为每一位好保姆提供一个平台。
面包超人,面包超人,《面包超人》是1988年10月3日（关东地区）日本TV系列广播电台制作的儿童动画。2008年10月3日纪念本动画播放20周年，成为了长寿番组。同时，2009年8月28日，迎来了本作放送的第1000话。
楚,楚国,楚国（公元前1115年—公元前223年）是先秦时期位于长江流域的诸侯国，国君为芈姓、熊氏。周成王时期，封楚人首领熊绎为子爵，建立楚国。 楚国在周文、武之世开始崛起， 奄有江汉，史称“大启群蛮”。前704年，熊通僭越称王，是为楚武王。楚成王时，楚国在令尹子文的治理下更显强盛。楚庄王时，任用虞邱子、孙叔敖等贤臣，问鼎中原、邲之战大败晋国而称霸，开创春秋时期楚国最鼎盛的时代。进入战国，楚悼王任用吴起变法，一时间兵强马壮，初露称雄之势。楚宣王、楚威王时期，疆土西起大巴山、巫山、武陵山，东至大海，南起南岭，北至今河南中部、安徽和江苏北部、陕西东南部、山东西南部，幅员广阔。楚国至此进入了最鼎盛时期。楚怀王时期灭越国，但因为怀王用人不当以及秦相张仪欺诈导致国势渐衰。前223年，秦军攻破楚都寿春，楚国灭亡。前209年，楚地起义军将领项梁起事，在薛城立楚怀王的孙子“熊心”为新“楚怀王”，重新建立楚国，后项羽自立为西楚霸王，派人杀死楚怀王熊心。项羽在楚汉战争中兵败自杀，刘邦建立汉朝。
minimum,minimum,minimum，英语形容词、名词。形容词意思是最小的；最低的；最少的。名词意思是最低限度；最小量；最低消费；极小值。
东远,东远,东远 ，株式会社东远企业 注册的商标品牌，主要商品服务有金枪鱼、鱼制食品。 
深爱,深爱,她，才30出头，离了婚的女人，没有从前夫那里带走任何物质的藉慰，坚持自己一人带着孩子生活。她，是一个公司的老板，在公司最低潮的时候她接管了烂摊子，就当是创业，一步一步的打拼着自己的事业。她，深爱着自己的孩子，以为不再有女人的魅力，却遇到一个义无反顾深爱他的男人。她，深爱着自己的公司和事业，以为只有自己孤军奋战，却遇到了支持他的团队。这是一个现代女人的都市浮生全纪录，是一位倔强的单身母亲的艰辛创业史，她有点像《上海滩》里面的许文强，带着一股子冲劲在大浪里淘沙在土里挖金，她忘记自己是女人，老天就安排命运遇见一个唤醒她女性魅力的男人，虽然在爱情里我们失败过，但是爱情从未放弃过你。
柏洁,柏洁,柏洁，硕士研究生学位。四川音乐学院绵阳艺术学院教师。
皇家之星,皇家之星,皇家之星婴童用品有限公司创立于2010年，位于昆山，以床垫为主的母婴类商品品牌。
超级爹地,超级爹地,超级爹地是一款纸尿裤品牌。 
LECO,LECO,LECO，翻译成汉语即为力可，是一家总部设在美国的分析仪器公司。
淳一,淳一,程茂全（字淳一），1957年10月出生，北京人，著名书画家，毕业于首都师范大学书法专业。
卡特,詹姆斯·厄尔·卡特,詹姆斯·厄尔·卡特（JamesEarlCarter），也称吉米·卡特（JimmyCarter），1924年10月01日生于佐治亚州普兰斯。曾于1955年至1962年任佐治亚州萨姆特县学校董事会董事长，1962年至1966年任佐治亚州参议员。在此期间还先后担任过平原发展公司、萨姆特县发展公司总经理，佐治亚州中西部计划和发展委员会以及佐治亚州改进作物协会主席等职务。1974年任民主党全国委员会议员竞选委员会主席。1977年任美国第39任总统。1980年争取连任落选。1982年起在亚特兰大的埃默里大学任名誉教授。2002年获诺贝尔和平奖。 《黎明前一小时》是美国第39任总统吉米·卡特撰写的童年回忆录，西北大学出版社获得授权出版中文版。于2017年5月31日在第27届全国图书交易博览会上正式发布。 
carter's,carter's,
康洁,康洁,康洁，国务院副总理张高丽夫人。与张高丽曾是茂名石油公司工作时认识的同事。
POUCH,pouch,
intime,INtime,INtime实时操作系统与Windows的完美结合。
康氏,康姓,康姓，主要出自姬姓。周武王灭商后，把同母幼弟姬叔封在康，故称康叔。武王死后，成王即位，因年幼，由周公摄政，三监（管理商朝旧臣封地的管叔、蔡叔和霍叔）不服，勾结武庚（商纣王后裔）和东方夷族反叛，后被周公平定。之后，便大规模地分封诸侯，把原来商都周围地区和殷民七族分封给当时素负贤名的康叔统治，并改封康叔为卫君，建立卫国，故又称卫康叔。康叔把卫国治理得很好，声誉日益上升，到周成王亲政时被举为司寇，权位高于其他诸侯。他死后谥号是“康”，其后便以谥号为康氏。史称康姓正宗。
纽贝小红帽,纽贝小红帽,纽贝小红帽（NBOLRRH），是中国本土婴童洗护用品。
MIDI,MIDI,MIDI(MusicalInstrumentDigitalInterface)乐器数字接口，是20世纪80年代初为解决电声乐器之间的通信问题而提出的。MIDI是编曲界最广泛的音乐标准格式，可称为“计算机能理解的乐谱”。它用音符的数字控制信号来记录音乐。一首完整的MIDI音乐只有几十KB大，而能包含数十条音乐轨道。几乎所有的现代音乐都是用MIDI加上音色库来制作合成的。MIDI传输的不是声音信号，而是音符、控制参数等指令它指示MIDI设备要做什么，怎么做，如演奏哪个音符、多大音量等。它们被统一表示成MIDI消息(MIDIMessage)。传输时采用异步串行通信标准通信波特率为31.25×(1±0.01)KBaud。
英氏,英氏,英氏是国内知名的婴幼儿食品品牌，旗下产品包括婴幼儿配方奶粉、婴幼儿米粉及清清葆、面条、肉酥、葡萄糖、饼干等多种营养食品。英氏销售网络遍及中国大陆30多个省、市、自治区。英氏以“精致营养”为理念，提供均衡全面的营养补充，为中国宝宝专属定制奶粉，将品质、可全程透明追溯的英氏Smile婴幼儿配方奶粉带给中国宝宝，帮助宝宝健康快乐成长。
千年舟,千年舟,千年舟集团·华海木业有限公司成立于1999年，致力于中国健康居家建材的发展，专业从事细木工板、装饰贴面板、地板、木门、家具等居家环境建材的研发、制造和销售，已成为板材行业领军品牌，并在业内形成“板材真专家”的美誉。千年舟集团拥有自己的品牌、产品和人才优势。在企业战略上，形成“研产供销”一体化的模式，并以健康、环保、人性化作为企业可持续发展的方向；在产品战略上，打造板材、地板、木门、集成吊顶、五金、涂料等建材产品线；在品牌战略上，构建以千年舟、美莱居、缘景居为中高档，千喜鸟、小提琴、吉他为补充的品牌格局。千年舟集团·华海木业有限公司，缔造超越时间的恒久品质，立志服务于人们的健康居室，让更多的人们使用高性价比的优质产品，缔造安全、环保、健康的居室环境，引领品质生活！
W,W-两个世界,《W-两个世界》是韩国MBC电视台于2016年7月20日首播的奇幻爱情悬疑剧，由郑大允执导，宋载正编剧，李钟硕、韩孝周主演 。该剧讲述了现实世界中的女医生吴妍珠偶然地进入了人气漫画《W》的世界，与漫画主人公姜哲相遇后发生的一系列连锁事件 。
智高,智高,智高（CHICCO），意大利CHICCO儿童品牌，是世界上产品线最丰富的儿童用品，从孕妇用品到婴儿类产品，从玩具、用品、童车到服装、童鞋，为妈妈和0-6岁宝宝提供全方位的呵护，产品行销至全球50多个国家，是每个家庭信赖的保证。在欧洲的市场占有率达70%以上。
CHICCO,Chicco,诞生于意大利的Chicco(智高 )，以其十足专业性、高度的安全性及便利性，致力于开发贴心、安全、舒适、方便和可靠的婴幼商品。
包贝儿,包贝儿,包贝儿(BeierBao)，演员，主要作品《国家宝藏之复活的三叶虫》、《愤怒的钢琴》。
本草纲目,本草纲目,《本草纲目》，本草著作，52卷。明代李时珍(东璧)撰于嘉靖三十一年(1552年)至万历六年(1578年)，稿凡三易。此书采用“目随纲举”编写体例，故以“纲目”名书。以《证类本草》为蓝本加以变革。序例(卷1、2)相当于总论，述本草要籍与药性理论。卷1“历代诸家本草”，介绍明以前主要本草41种。次辑录明代以前有关药物气味阴阳、五味宜忌、标本阴阳、升降浮沉、补泻、引经报使、各种用药禁忌等论述，其中又以金元诸家之论居多。卷3～4为“百病主治药”，沿用《证类本草》“诸病通用药”旧例，以病原为纲罗列主治药名及主要功效，相当于一部临证用药手册。卷5～52为各论，收药1892种，附图1109种。其总例为“不分三品，惟逐各部；物以类从，目随纲举。”其中以部为“纲”，以类为“目”，计分16部(水、火、土、金石、草、谷、菜、果、木、服器、虫、鳞、介、禽、兽、人)60类。各部按“从微至巨”、“从贱至贵”，既便检索，又体现出生物进化发展思想。部之下为60类，各类中常将许多同科属生物排列在一起。各药“标名为纲，列事为目”，即一药名下列8个项目(即“事”)。其中“释名”列举别名，解释命名意义；“集解”，介绍药物出产、形态、采收等；“辨疑”(或“正误”)，类集诸家之说，辨析纠正药物疑误；“修治”，述炮炙方法；“气味”、“主治”、“发明”，阐述药性理论，提示用药要点，其下每多作者个人见解；“附方”，以病为题，附列相关方剂。
Delonghi,DeLonghi,De'Longhi（德龙）是意大利主要的小家电生厂商之一，始创于1902年的意大利的特雷维索，20世纪50年代，德龙集团正式成立，主要为其他的公司供应取暖系统的零部件。20世纪70年代公司公司开始推出自己品牌的产品。现已成为中高档生活电器的设计、研发、生产和销售的跨国集团。其产品涉及多个领域：咖啡机系列、厨房电器系列、加热电器系列、空调/空气净化系列、清洁/熨烫系列，业务遍及全球80多个国家。
Bibi,BiBi,BiBi是lovelive企划下的小队分组之一。由绚濑绘里（CV：南条爱乃），西木野真姬（CV：pile），矢泽妮可（CV：徳井青空）组成。
小林,小林,小林，日本著名动漫《龙珠》中的主要角色之一，与孙悟空一同在龟仙人（武天师父）门下习武，是最强的地球人（布欧篇的评价，此时欧布并未登场）。妻子是人造人18号，女儿是玛伦。
贝比乐乐,贝比乐乐,贝比乐乐是盈峰母婴旗下的自有品牌之一， 专注婴儿用品，产品涵盖婴儿湿巾、洗衣液、洗衣皂、奶瓶等数十种， 自2012年诞生以来就树立了“传递快乐和舒适的婴儿用品”的品牌理念。 
啾啾,啾啾,啾啾是一个象声词，读音为jiūjiū，形容鸟儿发出的鸣叫声，也形容许多小鸟一齐叫的声音，泛指像各种凄切尖细的声音。《乐府诗集·木兰诗》等均有相关记载。
CHUCHU,ChuChu,《ChuChu》是大冢爱的音乐作品，收录在《LoveFantastic》专辑中。
Earth's Best,Earth's Best,Earth'sBest品牌生产多款含有机成分的零食，米粉和其他产品。Earth'sBes品牌产品使用的水果，蔬菜和其他成分，天然有机，在种植时严格要求无农药无除草剂使用。
吉普,吉普车,吉普车是越野车的一种，是四轮驱动，稳定性良好的车型。越野车有军用民用两种，作为军用是最普遍的。其他还有专用越野拖炮车，越野测量车等。民用越野车，吉普车也是最常用的。另外还有越野地质探矿车、民用越野敞蓬车等。
JEEP,JEEP,Jeep是一个汽车品牌，而不是一种车型，更不是一款服装。世界上第一辆Jeep越野车是1941年在二战中为满足美军军需生产的。至今已具有75年历史。克莱斯勒公司作为Jeep的鼻祖，单独拥有这一注册商标。因此“不是所有吉普都叫Jeep”。代言人王石、刘强东、谢霆锋。 
贝谷贝谷,贝谷贝谷,贝谷贝谷是由婴童设计师丽春女士创立的隶属于江西优典实业有限公司的育婴品牌。
易优家,易优家,易优家 是烟台白马包装有限公司 于2014年07月10日 向国家工商总局注册的商标。 
利其尔,利其尔,利其尔（Richell）是一个专门生产设计高档生活用品的日本牌子，其产品一直以高质安全著称。成立于1960年7月23日。
康婴健,康婴健,康婴健 是由广州康婴宝贸易有限公司2015年07月06日 申请注册的商标 ，注册号为17366426 。
凯芙兰,凯芙兰,凯芙兰是引领彩妆产业发展的革新性品牌。自巴黎正式问世来，凯芙兰不断融汇名师睿智，不懈进取，融合梦想与科技、生活与艺术，以超群技艺与持续创新的传统，当仁不让地成为全球各地年轻一代女性心仪的品牌。凯芙兰始终注重以法国式的风格、品位为准则，坚持优质路线，力求通过时尚造型与质感内涵完美呈现消费者的内在气质。
莱那珂,莱那珂,莱那珂婴幼儿奶粉100%波兰 原装进口，独创“LNTS”莱那珂-可溯系统（Lait-NacreTraceabilitySystem）全程跟进奶粉生产体系，确保新鲜原材料，6小时鲜奶成粉技术（SixHoursofFreshMilkintoPowderTechnology），由塔莱登科学实验室TaradonLaboratory联合湖南诺曼欧乳品有限公司根据中国宝宝体能状况潜心研制LF红蛋白营养五元配方，特别添加由世界乳铁之父Jean-PaulPerraudin博士研制第二代高活性乳铁蛋白-NFQ（LF-NFQ）。安全纯正，特别不含麦芽糊精、不含果糖，不含蔗糖，不含棕榈油，不含香料香精，不含激素、抗生素、药物活性物质等。确保中国宝宝第一时间享受来自欧洲的莱那珂优质婴幼儿配方奶粉，健康可溯，爱在中国。
麦车车,麦车车,青岛麦车车儿童用品公司主营批发零售童车、童床等系列婴幼儿产品，正规纳税人企业。公司秉承“先做人后做事”的原则，员工团结协作，于6年时间打造了一支全国最大的童车童床经销团队，旗下代理的好孩子、小龙哈彼、笑巴喜、威凯、babymate等51个知名品牌均为全国销量第一。又于2011年新开发了麦车车品牌，并以优秀的企业形象成为美国华特迪士尼的合法授权生厂商，致力于打造童车童床界时尚新模式，为中国的消费者提供高性价比的童车童床寝具产品。
g,g,在古代腓尼基语及希伯来语的字母表里，G是描摹骆驼的头和颈之轮廓的象形字母，其名称为gimel。以后希腊人借用了该符号，作Γ（gamma，伽马）。其实字母G与字母C系源于同一腓尼基字母。原拉丁字母表里本无字母G，含g音和含k音的词都以字母C为表示。公元3世纪以后，古罗马人根据C创造了G，自此C表示k音，G则表示g音。Gg是拉丁字母中的第7个字母。字母G是由罗马人发明的，因为他们感觉到C对于表达发音/k/和/g/来说并不足够。这时G取代了原来的字母Z来表达发音/g/。就如同发音/k/的发展那样，/g/也发展成上腭音以及软腭音的变体。这就是为什么今天G在所有罗马语系的语言和英语中有这么多不同的发音。
碧然德,碧然德,碧然德BRITA，全球领先的饮用水优化品牌，在许多国家它已经成为滤水壶的代名词。自1966年碧然德集团发明首个家用滤水壶以来，这个德国家族企业的业务如今已遍及五大洲的60余个国家，拥有18家国内和国际子公司、股份公司、销售和工业合作伙伴，并在德国、英国和瑞士设有多个制造工厂。 
象宝宝,象宝宝,象宝宝指是江苏象宝宝科技有限公司 （简称ElepBaby象宝宝）、2012年2月6日在苏州市吴中区市场监督管理局登记成立。坐落于素有“人间天堂”之称的历史名城——苏州 ，公司旗下苏州象宝宝服饰厂是一家综合产品开发、设计、生产、销售于一体的生产加工型企业。Elepbaby象宝宝，“象”与“祥”字谐音，寓意专业生产健康、亲肤、高品质的生活的母婴护理用品，带给宝宝更多欢笑与快乐。
迪士尼,迪士尼,全球闻名遐迩的迪士尼，全称为TheWaltDisneyCompany，取名自其创始人华特·迪士尼，是总部设在美国伯班克的大型跨国公司，主要业务包括娱乐节目制作，主题公园，玩具，图书，电子游戏和传媒网络。皮克斯动画工作室（PIXARAnimationStudio）、惊奇漫画公司（MarvelEntertainmentInc）、试金石电影公司（TouchstonePictures）、米拉麦克斯（Miramax）电影公司、博伟影视公司（BuenaVistaHomeEntertainment）、好莱坞电影公司（HollywoodPictures）、ESPN体育，美国广播公司（ABC）都是其旗下的公司（品牌）。迪士尼于2012年11月收购了卢卡斯影业。2017年6月，《2017年BrandZ最具价值全球品牌100强》公布，迪士尼排名第18位。 
Disney,迪士尼,全球闻名遐迩的迪士尼，全称为TheWaltDisneyCompany，取名自其创始人华特·迪士尼，是总部设在美国伯班克的大型跨国公司，主要业务包括娱乐节目制作，主题公园，玩具，图书，电子游戏和传媒网络。皮克斯动画工作室（PIXARAnimationStudio）、惊奇漫画公司（MarvelEntertainmentInc）、试金石电影公司（TouchstonePictures）、米拉麦克斯（Miramax）电影公司、博伟影视公司（BuenaVistaHomeEntertainment）、好莱坞电影公司（HollywoodPictures）、ESPN体育，美国广播公司（ABC）都是其旗下的公司（品牌）。迪士尼于2012年11月收购了卢卡斯影业。2017年6月，《2017年BrandZ最具价值全球品牌100强》公布，迪士尼排名第18位。 
娄东,娄东,太仓位于娄水之东，故有娄东之称。娄东文化与郑和精神，既是中华文化的重要组成部分，又体现着太仓的内在特色的文化。太仓是长江入海口的冲积平原，成陆于五、六千年前，娄东也被誉为中国古法琉璃之乡！2003年6月，考古人员在双凤镇发现了良渚文化、马桥文化维新遗址，并挖掘到了石刀、石镞、石纺轮，以及商代陶罐，填补了太仓境内夏商文化的空白。春秋时吴王在此置仓屯粮，战国时春申君黄歇封地在此，宋时太仓集市兴起，元时漕运使太仓成为“东南之富城”、“天下之良港”，被誉为“天下第一码头”。明时太仓进入鼎盛时期。凌鼎年先生在他的一篇文章中说得好：“即使用整个中国古代文化舞台这个规模来衡量，太仓的文化人对中国传统文化的贡献也是功不可没。”
贝利亚,贝利亚奥特曼,贝利亚奥特曼（日语：ウルトラマンベリアル英语：UltramanBelial）彼列译为恶魔，是圆谷公司制作的《奥特曼》系列作品中的反派角色。剧中设定为昭和系M-78世界观光之国中叛变而堕落的邪恶奥特战士，在2009年上映的电影《大怪兽格斗超银河传说THEMOVIE》首次登场。
iPlay,iPlay,AirMobiiPlay乐路由iPlay是Airmobi品牌推出的一款主打音乐播放的便携式路由器，也是全球首款音乐路由。外观精致小巧，即插即用，非常符合家居和商旅使用。iPlay支持三种路由模式：AP模式，Repeater模式，Router模式，可以通过产品表面的模式切换开关来选择应用模式。在三种应用模式下，iPlay都可以实现音乐推送的功能：1、将iPlay插在电源插座，通过AUDIO端口与立体声音箱或扬声器连接；2、手机，平板电脑或计算机连接上iPlay的无线网络；3、手机，平板电脑通过APP，计算机通过iTunes，将设备本地音乐及iPlay所连接的U盘中的音乐无线推送到iPlay，音乐将从音箱或扬声器中播放出来。iPlay还可以实现U盘数据分享的功能：1、将iPlay插在电源插座，将U盘与iPlay通过USB接口连接；2、手机，平板电脑或计算机连接上iPlay的无线网络；3、手机，平板电脑：通过APP，可以无线浏览、下载iPlay所连接的U盘中的音乐、视频、照片和文件，也可以将手机，平板电脑的文件无线上传到U盘中；计算机：双击打开“我的电脑”，在地址栏中输“ftp://192.168.0.1”，然后回车，即可访问U盘中的所有资料。
海润阳光,海润阳光,海润阳光是由柳州湖大工程项目管理有限公司开发的一个楼盘。海润阳光 地处柳城中央。
Kriti,kriti,KRITI，中文名为克里特，设计源于古希腊文化中心，地中海著名岛屿-克里特岛。克里特岛风景优美，断崖、石质岬角及沙滩构成了美丽的海岸。那里是地中海式气候，风和日丽，四季如春，并种有橄榄、葡萄、柑桔等植物。四周万顷碧波，因而有"海上花园"之称。所以在这种美丽的意境下，我们的设计师集合大自然原生态的美丽，设计出属于KRITI自己独有的清新风格。
启妙,启妙,启妙，是宁波乐诺国际贸易有限公司注册的商标品牌，注册号为16852034，注册完成于2016年07月28日。 
酷时尚,酷时尚,酷时尚是厦门骅翼贸易有限公司旗下的一家韩版女装批发零售网站。可以通过支付宝进行交易。主要经营：上装，裙装，裤装，配饰等。
Zek,zek,前苏联时期，苏联监狱称犯人的黑话，是zaklyuchenyi监狱的简称。
其它,其它,其它，即"其余的它者"，物主代词。在“其他”作人称代词时，其他与其它是区别的；在“其他”表示其余者而用于物称时，二者就可以换用。古汉语里有的也写作“其佗”，佗是物主代词，如《左传·隐公元年》”佗邑唯命“，它也是物主代词，如《后汉书·列女传》”无它异“。佗、它通假而用，类似通假在先秦秦汉是普遍现象。古汉语不区分其他与其它，现代汉语里他作为人称代词而它作为物主代词了，因此，在现代汉语环境，谈物时，用“其他”是继承古代用法，用“其它”是新环境里的合逻辑用法，都可以。
乐透,乐透,乐透，英文lottery(lottery的缩写为lot)，的音译，叫作乐透。英文原指：（发行彩票）抽彩给奖（筹款法）。但乐透只是中国彩票((haobc)的其中一种玩法，而不是彩票的统称。在美国，lottery（彩票）是一种合法的赌博(gambling)形式。
强生婴儿,强生婴儿,强生 婴儿是强生公司全球知名的婴儿护理品牌。100多年以来，强生婴儿受到了几代妈妈的信赖，这个商标，包含着妈妈和宝宝之间奇妙的感情纽带，被众多消费者和保健专家们认为是婴儿护理方面的专业品牌。强生公司1887年成立于美国，至今在全球范围遍布57个国家，是世界最具综合性分布范围最广的健康护理产品制造商、健康服务提供商。其产品畅销于175个国家地区生产及销售产品涉及护理产品、医药产品和医疗器材及诊断产品市场等多个领域。
六甲村,六甲村,杭州六甲村贸易有限公司为美商独资企业，本公司主要从事品牌代理及行销，目前为来之台湾的孕产妇第一品牌“六甲村mammy-village”孕产妇精品的中国大陆地区总代理。
世纪宝贝,世纪宝贝,世纪宝贝（Babyhood）是世纪宝贝集团有限公司旗下知名婴童品牌，致力于0—3岁婴幼儿塑料产品的研发、生产和销售。
babyhood,babyhood,Babyhood（世纪宝贝）是世纪宝贝集团有限公司旗下知名婴童品牌，致力于0—3岁婴幼儿塑料产品的研发、生产和销售。Babyhood的产品主要包括婴儿餐椅、婴儿围兜、儿童座便器、沐浴澡盆、塑料小凳子以及其他辅助洗浴用品等数十种产品。经过多年的发展Babyhood已经在国内外建立了广泛的销售渠道，Babyhood的产品在国内外通过超市、母婴连锁店、商场母婴专柜等方式进行销售，同时也在淘宝等网络平台建立了完善的销售体系。目前，全世界每年超过200万的宝宝使用Babyhood优质、安全、时尚的产品。
路途乐,路途乐,路途乐专注于宝宝出行安全，打造中国宝宝自己的安全座椅。是上海路途乐科技有限公司旗下著名品牌，集儿童安全座椅的生产、销售、服务于一体，致力于为中国宝宝打造安全、舒适的乘车环境，是国内儿童安全座椅领先品牌。
carters,carter's,
贝因美,贝因美,贝因美（Beingmate）初创于1992，贝因美婴童食品股份有限公司成立于1999年。 2011年4月12日贝因美（002570）在深交所挂牌上市。2015年4月17日晚间公告，公司下属全资公司爱尔兰贝因美出资1000万欧元，认购中法（并购）基金开展对外投资。同时，公司以现金1.17亿元收购敦化美丽健乳业有限公司65%的股权，成为其控股股东。 
Beingmate,贝因美,贝因美（Beingmate）初创于1992，贝因美婴童食品股份有限公司成立于1999年。 2011年4月12日贝因美（002570）在深交所挂牌上市。2015年4月17日晚间公告，公司下属全资公司爱尔兰贝因美出资1000万欧元，认购中法（并购）基金开展对外投资。同时，公司以现金1.17亿元收购敦化美丽健乳业有限公司65%的股权，成为其控股股东。 
