光威,光威,光威 ——游戏内存创导者，是全球专业游戏内存生产商，领域内存，畅销全球；光威 ——倾注游戏，释放内存！
GW,gw,gw是gigawatt的缩写，常用来表示发电装机容量。
天元,天元,正规的围棋棋盘形状为正方形，上书横竖各十九道平行线，构成三百六十一个交叉点。其中有九个交叉点用大黑点标识，以方便定位，这九个黑点称之为“星”（或“星位”）。棋盘正中央的星位被称为“天元”（坐标点：K10）。
钓鱼王,钓鱼王,钓鱼王公司是中国渔具行业的领军企业，是一家集钓饵、钓具、户外用品的研发、生产、销售及服务于一体的集团企业。 
美人鱼,美人鱼,《美人鱼》是由中国电影股份有限公司、星辉海外有限公司等出品的爱情喜剧片，由周星驰执导兼编剧，邓超、罗志祥、张雨绮、林允领衔主演 。该片讲述了富豪刘轩与为了拯救同族前往刺杀他的美人鱼珊珊坠入爱河，谱写了一段人鱼爱情童话的故事。该片于2016年2月8日在中国内地、香港同步上映 。
Mermaid,美人鱼,传说美人鱼是以腰部为界，上半身是美丽的女人，下半身是披着鳞片的漂亮的鱼尾，整个躯体，既富有诱惑力，又便于迅速逃遁。她们没有灵魂，像海水一样无情；声音通常像其外表一样，具有欺骗性；一身兼有诱惑、虚荣、美丽、残忍和绝望的爱情等多种特性。有电影、动画片、歌曲等以此为名。一般认为美人鱼的生物原型是儒艮或海牛。2013年6月，以色列海法区亚姆镇频频有人声称在附近海域看到美人鱼。小镇管理者不失时机发出“悬赏令”，以期掀起旅游热潮。尽管关于亚姆镇的美人鱼报道层出不穷，不少人依然对美人鱼的存在持怀疑态度。有些人甚至认为政府悬赏有炒作之嫌。
DAIWA,DAIWA,DAIWA，世界著名的渔具制造公司，公司总部设在日本，渔具业方面的营业额为“世界第一，其所生产的系列渔具产品，被世界各地的广大钓鱼爱好者视为梦寐以求的极品。DAIWA中国，即广州达亿瓦文体用品有限公司创立于2005年。
佳钓尼,佳钓尼,《佳钓尼》 品牌成立于2009年，定位于渔具的研发与生产，从最初的鱼线研发与市场开拓开始，慢慢的建立起集渔具的研发、生产、销售为一体的大型企业，经过多年的积累与发展，佳钓尼集团的实力得到极大的增加，并形成了以客户服务为导向、以企业文化为核心、以专业人才为资源、以坚强组织为保障的发展战略。
小凤仙,小凤仙,小凤仙（1900年8月－1954年），原名朱筱凤，偏房所生，后改名为张凤云、张洗非。原籍浙江钱塘。出生在杭州，父亲是没落的满族八旗武官。在清王朝彻底崩溃前的苟延残喘的年月里，这个八旗武官又突然被解职了。小凤仙的幼年，生活在一个日趋贫困，后母对她很冷漠的家庭中。正史之中并没有关于她的记载，甚至连她的生卒日期都没有能说清楚，但她却曾是名动公卿的名妓。她曾帮助共和名将蔡锷将军逃离袁世凯的软禁，更因为与蔡锷的那段至死不渝的爱情而被人传颂，二十世纪八十年代，这段爱情被拍成名叫《知音》的电影。
民间艺人,民间艺人,民间艺人为继承祖国优秀的民间文化传统，促进民间文艺事业的发展，民间艺人出现在历史的舞台。
达摩,菩提达摩,菩提达摩（Bodhidharma）南北朝禅僧，略称达摩或达磨，意译为觉法，据《续高僧传》记述，南印度人，属刹帝利种姓，通彻大乘佛法，为修习禅定者所推崇。北魏时，曾在洛阳、嵩等地传授禅教。当时对他所传的禅法褒贬不一，约当魏末入寂于洛滨。据《景德传灯录》在民间常称其为达摩祖师，即禅宗的创始人。著作有《少室六门》上下卷，包括《心经颂》、《破相论》、《二种入》、《安心法门》、《悟性论》、《血脉论》6种。还有敦煌出土的《达摩和尚绝观论》、《释菩提达摩无心论》、《南天竺菩提达摩禅师观门》等，大都系后人所托。弟子有慧可、道育 、僧副 和昙林等 ，梁武大同二年圆寂，终年150岁。 
红狼,红狼,红狼是经典rpg游戏《重装机兵》（MetalMax，简称MM）第一部中的一个赏金猎人，孤傲独行，我行我素，为爱执着。人物虽然出场不多，但是形象刻画得很深刻。
RED WOLF,红狼,红狼（学名：Canisrufus）是一种生存在北美洲的犬科动物，毛皮粗短，上体的颜色主要是肉桂红色和黄褐色，灰色或黑色组成的混合色彩，背部则是黑色，吻和四肢黄褐色，尾巴尖黑色，眼睛很亮。以松鸡，浣熊，兔子，老鼠，腐肉和家畜中的动物为主要食物，也会吃腐肉。分布于美国东南部，其祖先是灰狼和郊狼的杂交种。由于数目稀少，红狼常找不到同类繁殖，而与北美大草原的灰狼交配，令纯种红狼的数量下降。1980年在野外灭绝，1989年《美国鱼类和野生动物局》（USFWS）将驯养的狼引入北卡罗来纳州野外放养，至2002年已繁衍到超过50只。此外，还有170多头红狼在美国被圈养。
SHIMANO,禧玛诺,禧玛诺集团创立于1921年，总公司设立在日本大阪府。经历80余年的发展，其子公司遍布全球17个国家，成为一家以专业制造和销售自行车零件、钓鱼具、滑雪板和高尔夫用品的跨国集团公司。创始人：ShozaburoShimano（岛野庄三郎）。禧玛诺之所以在世界各地拥有如此广泛的爱好者及声望，主要是源于其指导自行车零部件生产的功能系统设计思想。禧玛诺打破了以往静态的、以单独零件为核心进行设计的思想，大胆采用了以功能零件为目的、以自行车系统的综合机能为纲的动态式设计方式，树立了其独树一帜的功能系统设计思想，创造了众多的革命性产品。不断推进着自行车的改革与进化。禧玛诺集团创立于1921年，总公司设立在日本大阪府。
牧马人,牧马人,牧马人是克莱斯勒Jeep汽车型号，牧马人是克莱斯勒Jeep牧马人系列的顶极版本。牧马人是吉普系列中最为强悍的品种真正意义上的ORV越野车。
狼王,凯文·加内特,凯文·加内特（KevinGarnett），1976年5月19日出生在美国南卡罗来纳，前美国职业篮球运动员，司职大前锋/中锋，绰号狼王（森林狼时期）、KG（名字缩写）、TheBIGTICKET、DaKid。1995年NBA选秀，凯文·加内特首轮第五顺位被明尼苏达森林狼队选中，2003-04赛季获得常规赛MVP。2007年夏季转会至波士顿凯尔特人，和雷·阿伦和保罗·皮尔斯一起形成了“凯尔特人三巨头”，2008年的总决赛中击败湖人队，获得NBA总冠军。2013年，加内特被交易至布鲁克林篮网队。2015年重回明尼苏达森林狼队。2016年9月24日，凯文·加内特在Instagram上发布视频宣布退役。 凯文·加内特场上技术极为全面，传球出众、防守极具威慑力，曾四次获得NBA篮板王，是历史上最伟大的大前锋之一。
中逵,中逵,中逵（zhōngkuí），是中国汉语词语，指道路交错之处；九通路口，亦指大路，还有中途的意思。
TAB,Tab,键盘上的Tab键位于大小写键（CapsLock）的上面，Tab键是tabulatorkey的缩写，其含义是“作表的人，制表机，（打字机上为制表用的）跳格键”。它最基本的用法就是用来绘制无边框的表格。单词之间的间隔都是按下一次Tab键来实现的。它一般等于8个空格的长度，当它的前面有单词的时候，和单词长度加起来刚好能被8整除，如下图中最后一行
迪佳,迪佳,迪佳早期以达金为名在台湾成立，TICA是达金公司的识别标志由四个英文字母组合各代表一个经营理念的英文单词字首。
北溟鱼,北溟鱼,北溟鱼，典故名，典出《庄子集释》卷一上〈内篇·逍遥游〉。“北冥有鱼，其名为鲲。鲲之大，不知其几千里也。化而为鸟，其名为鹏。鹏之背，不知其几千里也。……鹏之徙于南冥也，水击三千，抟扶摇而上者九万里，去以六月息者也。”后遂以“北溟鱼”等比喻指志向或前程远大。
一味,一味,一味意为盲目，不顾客观条件，或单纯地，隐含贬义的意思；也可意为一种滋味、全部滋味、整个味道、一种食物或是一味菜肴等。也是一种佛教用语，同时也称药方上每一种药为一味。
老鬼,老鬼,
大红狗,大红狗,《大红狗》是2004年上映的一部动画片，由RobertC.Ramirez导演，NormanBridwell编剧。
金龙,金龙,金龙是金龙联合汽车工业（苏州）有限公司的品牌，该公司成立于1998年底，人们简称“苏州金龙”。14年来，苏州金龙艰辛探索，拼搏成长，建成80万平方米的现代化客车制造基地，年销售额突破85亿元，海格客车驰骋全球82个国家和地区，以年均50%的增速迅猛崛起，迅速发展。2011年海格客车销量23388台，销售额85.5亿元。海格客车荣获“中国名牌”，“国家出口免验产品”等称号，以102.38亿元的品牌价值跻身“中国500最具价值品牌”榜，成为中国客车行业发展最快的企业、国家汽车整车出口基地企业、中国企业信息化100强。
云上飘,云上飘,云上飘是一款应用软件，大小为1581KB。
刀客,刀客,刀客：以刀为武器的江湖勇士，在刀法上有所成就并多用此行侠仗义的武人方能当得起“刀客”中的“客”字，称为“刀客”。用剑的侠士称之为剑客，拿刀的侠士自然可以称之为刀客了。剑是礼器，代表正直、仁义等。比如尚方宝剑就是很好的例子。刀不同，刀为凶器。称之为百兵之胆。用刀者舞起刀来，刀风呼呼，寒光逼人，只闻刀风，不见人影，勇猛威武，雄健有力。所以刀客还代表勇者。
海龙王,龙王,龙王是中国古代神话传说中在水里统领水族的王，掌管兴云降雨，属于四灵之一。传说龙能行云布雨、消灾降福，象征祥瑞，所以以舞龙的方式来祈求平安和丰收就成为全国民间各地的一种习俗。道教《太上洞渊神咒经》中有“龙王品”，列有以方位为区分的“五帝龙王”，以海洋为区分的“四海龙王”，以天地万物为区分的54名龙王名字和62名神龙王名字。
阿布,炎亚纶,炎亚纶（Aaron），1985年11月20日出生于台北市，中国台湾男歌手、演员。2005年11月，出演科幻剧《终极一班》 ；12月，作为飞轮海组合成员，正式出道 。2006年，随组合发行专辑《飞轮海首张同名专辑》 。2008年，首次担纲男主角，主演悬疑剧《霹雳mit》 。2010年，主演校园悬疑剧《死神少女》 。2011年，发行个人首张迷你专辑《下一个炎亚纶》 。2012年5月，主演爱情音乐剧《给爱丽丝的奇迹》 ；10月，发行个人首张正规专辑《纪念日》 。2013年，主演浪漫爱情剧《就是要你爱上我》 。2014年，凭借爱情剧《爱上两个我》获得第10届首尔电视剧节亚洲明星奖 。2015年，以英文名“Aaron”在日本正式出道，并发行首张日本单曲《MOISTURIZING》 。2016年3月，主演职业爱情剧《后菜鸟的灿烂时代》；7月，主演都市情感剧《一路繁花相送》 。2017年，主演了都市轻喜剧《亲·爱的味道》 。
ABU,ABU,ABU亚洲—太平洋广播联盟（Asia-pacificBroadcastingUnion缩写ABU、简称亚广联），是亚洲、太平洋地区的国际性广播电视组织。1964年7月1日建立。原名亚洲广播联盟，1976年改用现名，简称亚广联。最高机构是会员大会，每年举行一次。执行机构为理事会，由13名理事组成。由理事会提名、会员大会通过任命秘书长。秘书处设在吉隆坡，另设东京办事处。
隐士,隐士,隐士，是道家哲学术语。指隐修专注研究学问的士人，民间教育家。首先是“士”，即知识分子，否则就无所谓隐士。隐士首先是知识分子，是“士”阶层的成员之一。并不是所有居于乡野山林不入仕途之人都可称为隐士，那些向往入仕但却无机会无能力入仕之人不是隐士，那些没有文化的农夫樵子细民野老也不是隐士；只有那些能保持独立人格、追求思想自由、不委曲求全、不依附权势、具有超凡才德学识、并且是真正出自内心不愿入仕的隐居者，才能被称之为隐士。他们跟庄子一样，崇尚自然无为的人生态度，选择隐修专注研究学问的生活方式。隐士一般是道家人物，而道家代表人物也往往是隐士，比如，许由、巢父、列子、庄子、鬼谷子、张良、黄石公、邓禹、诸葛亮、刘伯温、水镜先生、徐茂公、苗训、陈抟、河上丈人、陶渊明等等，当然，还有很多没有留下著作的隐士，这是因为战乱以致于我们无法了解他们。
黄金眼,007之黄金眼,《007之黄金眼》是一部由马丁·坎贝尔导演，皮尔斯·布鲁斯南、肖恩·宾、伊沙贝拉·斯科鲁普科、法米克·詹森、朱迪·丹奇主演的动作片。该片讲述了邦德找回被前苏联叛变军官劫走的黄金眼，并面对他昔日战友的故事。影片于1995年上映。 
南北,南北,《南北》是民谣组合好妹妹乐队的第二张专辑，由黄立伟担任制作人。该专辑共收录了12首歌曲，外加4首额外的单曲，于2013年5月7日发行。 2014年，好妹妹乐队凭借该专辑获得“2013年度蒙牛酸酸乳MusicRadio中国TOP排行榜”内地年度最佳乐团；专辑中单曲《一个人的北京》获得“2013年度蒙牛酸酸乳MusicRadio中国TOP排行榜”内地年度最佳作词奖。 
Rodman,rodman,RODMAN(罗德曼)吉他是绿洲音乐网，绿洲琴行通过中国商标局(2008年)注册的自主品牌。
刀郎,刀郎,刀郎，原名罗林。1971年6月22日出生于四川省内江市资中县，歌手、音乐人。2004年以单曲《2002年的第一场雪》正式出道，2005年凭借《冲动的惩罚》获全国“金唱片”奖，2006年推出专辑《谢谢你》和《披着羊皮的狼》。2011至2012年间举办“刀郎-谢谢你全国巡回演唱会”，2011年8月10日，推出专辑《刀郎2011-身披彩衣的姑娘》，2012年以《爱是你我》获第十二届“五个一工程”奖。
德岛,德岛县,德岛县旧称阿波，位于日本西南部，四国地区的东部，东接纪伊水道，西邻高知县，南濒太平洋，北连香川县，三面被1000米高的山峦环抱，隔鸣门海峡与兵库县的溃路岛相望，交通便利，是连接四国与近畿、四国与阪神的要冲。土地面积为4145.90平方公里，相当于日本全国的1.1%。山地较多，大约80%为山区。剑山把徳岛县分割为南北两片，南北长度不足100公里，由于地形之影响，形成了复杂多样的气候。农业方面以园艺蔬菜为主，海洋捕鱼和水产养殖业十分发达。
涉水,涉水,涉水，中文词语，意思是脚踏入水中，蹚入河流、海洋等水域。引申义为涉及某事情，开始从事做某事。
泰戈,泰戈,泰戈是动画《超变武兽》的角色，可变身为风虎战神。
伽玛,伽玛,伽玛(注射用重组人干扰素γ)，类风湿性关节炎，肝纤维化。
驴夫,驴夫,
蓝鲨,大青鲨,大青鲨（学名：Prionaceglauca）：鲨鱼的一种，体细长，2-4米。身体近似纺锤形。头宽扁，头长小于全长的四分之一；吻三角形，长而尖突。眼小，圆形。口呈半月形，上颌牙三角形，边缘具有细锯齿；下颌牙较狭而尖。上下颌各有牙28-30枚。无喷水孔。鳃孔有5个。背鳍两个，第一个背鳍不大，上角钝尖形，下角尖突形；第二个背鳍比臀鳍小。尾细长，尾鳍上下方各具有一个凹洼。胸鳍呈镰状。腹鳍小，近似方形。身体背面和上侧面为灰青色，腹面和下侧面为白色。性情凶猛，游泳敏捷。盛产于温带暖海和热带海洋。栖息于大洋上层大型鲨鱼，偶可见于沿海水域，曾有报导出现于河口区。常见于海面，贪食鱼群、鱿鱼和其他鲨鱼。大青鲨以长距离迁徙著称，例如从新英格兰到南美洲。一般情况下其行动较为迟缓，但在必要时能以极快的速度前进。大青鲨为卵胎生，一次可生4-100枚幼鲨。其主要食物来源是鱼和枪乌贼。
行营,行营,行营（xínɡyínɡ），皇帝出巡临时建立的驻跸处所，又名御营。旧时指统帅出征时办公的营帐或房屋，也指专设的机构。
古山,古山,古山，即古山镇，位于永康市东部，距市区17公里。清代古山镇为义和乡，是游仙乡的一部分。民国时期称古雅镇，是仙义乡的一部分。古山镇投资环境优良，工业经济持续快速发展。全镇有工商企业2424家，规模以上企业81家，产值在亿元以上的企业有7家。
法莱,法莱,
FL,FL,飞流（FLmobile）是全球精品移动游戏发行与运营商，公司聚焦在以兴趣为基础的移动娱乐社区平台，向用户提供应用推荐服务、基于兴趣的社区交流以及移动游戏。
打渔郎,打渔郎,打渔郎是位于郑州市的餐馆，人均价格为75元。
老G,拉奥·G,拉奥·G是日本漫画《海贼王》中的人物，是海贼团唐吉诃德家族的干部之一。在鸟笼游戏中，拉奥·G被觉醒力量的八宝水军第13代栋梁老蔡击败打入深渊。
大野,大野,现名：夏和熙真名：蔡翰维（大野）台湾男艺人蔡翰维绰号大野，1988年06月19日出生，籍贯台湾，出道的综艺节目《大学生了没》。
富士,富士,富士市是静冈县东部的城市，特例市。人口数居于静冈县内第三位。也是富士都市圈（约40万人）的行政、商业、工业中心。日本制纸（旧大昭和制纸）、王子制纸等很多造纸工厂都设立于此。
魔眼,魔眼,通常指具有魔力和特殊力量的眼睛，或者以眼睛为主体的怪物。在ACGN和各类影视作品中都有涉及。比较有代表性的作品有《传说中勇者的传说》，《火影忍者》，《叛逆的鲁路修》，《空之境界》等
BKK,BKK,BKK，即黑金刚钓具有限责任公司，是一家拥有百年历史积淀、专业生产鱼钩的民族企业，前身为金锐钓具，自为日本公司OEM，正式更名为黑金刚钓具。黑金刚钓具自创办之日起，从地方性品牌到全国性品牌，逐年稳步发展，历经六代精技传承，秉承“顾客至上、锐意进取”的经营理念，致力于通过创新的科技与技术，向全世界呈现中国鱼钩制造的精湛技术。公司产品包括休闲系列、竞技系列、三角牙系列、手研系列、彩钩系列、凹槽系列、路亚系列、捕捞系列等及部分钓鱼周边产品。
鱼猎人,鱼猎人,
金泉,金泉,韩国庆尚北道的一个重要城市，它位于韩国首都首尔第二大城市釜山之间。人口约16万，面积1005.5平方公里。金泉来历：自古以来这里的泉水和河水遐尔闻名，胜于黄金，故称之为金川或金泉。
海迪,海迪,“海迪”是继章鱼“保罗”后，德国的又一只明星动物。“海迪“是一只斗鸡眼负鼠，大约两岁半，先前与姐妹“奈拉”遭遗弃在美国北卡罗来纳州一家动物收容所外，2010年5月在德国莱比锡动物园安家落户。
猿人部落,猿人部落,猿人部落是一款手机应用软件，程序员的技术问答平台，于2016年8月新版上线 ，支持iPhone、Android平台。 
大力金刚,大力金刚,大力金刚（OmegaSupreme）是《变形金刚》的人物、汽车人成员。他是一名机器卫兵，他总是把责任看得很重。他力量大、火力强劲，防御出色。
小人鱼,海的女儿,《海的女儿》是安徒生的创作的童话，也被译为《人鱼公主》，首次出版于1837年。该作讲述海公主小人鱼为了追求到一个人的高洁的不死的灵魂，放弃了海底自由自在的生活和300年长寿的生命，把美妙的歌喉丢弃在恶毒的巫婆手里，忍受住把鱼尾变成人腿后所带来的巨大痛苦，用她的爱、她的心和她年轻的生命，去追求那永生而崇高的人的灵魂，并通过“善良的工作”去分享人的一切永恒的幸福。作家讴歌了小人鱼对爱情、灵魂、理想的追求，表现了她的善良纯洁的品格、坚强的毅力和牺牲精神。 该童话被多次改编为电影、木偶剧、儿童剧。
唐域,唐域,《唐域》是连载于起点中文网的网络小说，作者是风清竹逸。
蝰蛇,蝰蛇,蝰蛇（Viper）是美国漫威漫画旗下超级反派，又称九头蛇夫人（MadameHydra）。初次登场于《美国队长》（CaptainAmericaComics）第110期（1969年2月），本名欧菲利娅·萨尔基相（OpheliaSarkissian），是九头蛇的高层核心之一。 
英莱特,英莱特,英莱特（Inlett）源自英国英莱特服饰有限公司旗下主力著名品牌之一，英莱特（Inlett）尤以精湛的设计与制作工艺享誉国际，经历史的沉淀与时代的渲染，以及凭借自身强大的实力，成功跻身于国际牛仔裤品牌界知名品牌行列。英莱特（Inlett）制作细腻、经典，并结合中欧文艺复兴以来追求个性发展的大方、优雅、自然为一体，骨髓里透出的是贵族的品味与奢华，进而创造出纯粹个性化的都市生活；英莱特品牌中国商标持有者及电子商务为深圳市简易电子商务有限公司全权全程运作。
神聚,神聚,《神聚》是纵横中文网连载的都市娱乐小说，该书作者是看哪这人。
众信,众信,共为忠信。《汉书·贾谊传》：“岂如今定经制，令君君臣臣，上下有差，父子六亲各得其宜，奸人亡所几幸，而羣臣众信，上不疑惑。”颜师古注：“众信，谓共为忠信也。”
望海钓具,望海钓具,临沂市望海钓具有限公司是一家专门从事渔具、钓箱等休闲垂钓用品集研发、生产、销售一体化企业。
百客,百客,百客网是新一代专业消费服务网站。利用强大的集约采购优势，丰富的电子商务管理服务经验和最先进的互联网技术为您提供最新最好的产品！
黑狼,黑狼,
魔骑士,魔骑士,《魔骑士》是2009年由福州天盟数码有限公司推出的一款西方魔幻题材2DMMORPG。游戏以西方异域文化和魔幻传说为依托，构建了一个充满神秘力量与魔法元素的幻想世界，并重点倾情打造出“幻兽铠化”、“ITB战斗”与“魂契魔宠”三大魅力亮点和八大魔幻特色，成就全球首款幻兽铠化即时回合制网游的完美品质。
野人部落,野人部落,《野人部落》是2005年5月1日上海文化出版社出版的一本图书，作者是中国桃。本书主要收录了一些实用的野外生存技巧。
阿玛迪斯,阿玛迪斯,《阿玛迪斯》是连载于晋江文学城的一本言情类小说，作者是汐海岚。
君东,君东,君东，全名徐君东，男，医学博士，出生在北大荒，当过工人，在空军某医院做过职业医生，现任空政电视艺术中心编剧。代表作品有《炊事班的故事》、《卫生队的故事》等多部情景喜剧。
力丸,力丸,力丸是视频游戏《天诛》系列中的一名虚拟角色，他主演了该系列的全部作品且大部分时候可由玩家直接操作。他被认为是视频游戏中最接近真实历史面貌的忍者角色之一，和最早期的刺客类游戏英雄之一。
乐钓,乐钓,《乐钓》是一款Android平台的应用。
富贵竹,富贵竹,富贵竹（学名：DracaenasanderianaSander），为天门冬科、龙血树属的为多年生常绿小乔木观叶植物。植株细长，直立上部有分枝。根状茎横走，结节状；茎干粗壮、直立，株态玲珑。叶互生或近对生，叶长披针形，有明显主脉，叶片浓绿色。伞形花序有花3-10朵生于叶腋或与上部叶对花，花冠钟状，紫色。浆果近球球，黑色。 富贵竹原产于加利群岛及非洲和亚洲热带地区，自20世纪80年代后期大量引进中国。一般多用于家庭瓶插或盆栽护养，特别是从台湾流传而来的“塔状”造型，又名“开运竹”，观赏价值高。中国有“花开富贵，竹报平安”的祝辞，由于富贵竹茎叶纤秀，柔美优雅，极富竹韵，故而很得人们喜爱。 （概述图参考：中国植物图像库 ）
狂潮,狂潮,狂潮，读音kuángcháo，汉语词语，基本意思为汹涌澎湃的浪潮。
梦达,梦达,梦达，华语男歌手，英文名字Nick，生于1990年6月11日，拥有独特的声线和极佳的唱功，曲风细腻柔和，以抒情的歌曲见长，为华语流行乐注入了新元素，2013年6月，联手著名音乐人小柯推出了第一首单曲《父亲》，小柯老师用简单的歌词，阐述了他一段从叛逆到感恩的人生经历，和以往民族风格的《父亲》不一样，梦达用真挚的情感和纯净的声音，加以流行元素，直达心扉。
尚艺东美,尚艺东美,尚艺东美，成立于1975年，是韩国的钓具品牌，主营矶竿、竞技钓竿、溪流竿。
北极鲸,北极鲸,北极鲸属于哺乳纲，鲸目，露脊鲸科，仅分布于北极海域，已濒临绝迹。一般不成大群，多数成对伴游。游泳速度很快。
LEO,莱昂纳多·迪卡普里奥,莱昂纳多·迪卡普里奥（LeonardoDiCaprio），1974年11月11日出生于美国加利福尼亚州洛杉矶，美国影视演员、制作人。1990年，16岁的他参加了电视剧《成长的烦恼》的拍摄。1993年，他凭借《不一样的天空》中的表演获得了第66届奥斯卡金像奖最佳男配角奖和第51届美国电影电视金球奖最佳男配角的提名 。1995年，拍摄电影《罗密欧与朱丽叶》，荣膺第47届柏林国际电影节最佳男主角。1997年，莱昂纳多主演了《泰坦尼克号》。2002年，莱昂纳多出演了史蒂文斯皮尔伯格导演的《逍遥法外》，并因此获得了金球奖男主角的提名。2004年，和马丁西科塞斯合作的《飞行家》为莱昂迎来一个美国金球奖最佳男演员奖。2006年，凭借《无间道风云》和《血钻》获得金球奖最佳男主角的双提名。2010，他出演了《盗梦空间》。2013年，他主演了电影《了不起的盖茨比》。2014年1月，他凭借《华尔街之狼》中的表演获得了金球奖最佳男主角奖；9月17日，被联合国授予联合国“和平使者”，关注气候变化 。2015年，莱昂纳多·迪卡普里奥收入2900万美元，居福布斯全球演员富豪榜排名第13位。 2016年，凭借电影《荒野猎人》获得第73届金球奖最佳男主角奖和第88届奥斯卡金像奖最佳男主角奖 。
洞庭湖,洞庭湖,洞庭湖，古称云梦、九江和重湖，处于长江中游荆江南岸，跨岳阳、汨罗、湘阴、望城、益阳、沅江、汉寿、常德、津市、安乡和南县等县市。洞庭湖之名，始于春秋、战国时期，因湖中洞庭山（即今君山）而得名。 洞庭湖北纳长江的松滋、太平、藕池、调弦四口来水，南和西接湘、资、沅、澧四水及汨罗江等小支流，由岳阳市城陵矶注入长江。 洞庭湖古代曾号称“八百里洞庭”。20世纪90年代末，据水利部门测算，有面积2579.2平方公里（一说2740平方公里 ）；但它还有湘、资、沅、澧四水和“长江四口”1300多平方公里洪道面积（一说1.878万平方公里 ）。两者合计，仍有3879.2平方公里。湖盆周长为803.2公里，总容积220亿立方米，其中天然湖泊容积178亿立方米，河道容积42亿立方米。洞庭湖是长江流域重要的调蓄湖泊，具强大蓄洪能力，曾使长江无数次的洪患化险为夷，江汉平原和武汉三镇得以安全渡汛。 洞庭湖是历史上重要的战略要地、中国传统文化发源地，湖区名胜繁多，以岳阳楼为代表的历史胜迹是重要的旅游文化资源。也是中国传统农业发祥地，是著名的鱼米之乡，是湖南省乃至全国最重要的商品粮油基地、水产和养殖基地。 名片图：从君山看洞庭湖
丰年,丰年,丰年，指丰硕的年景；丰收之年。
XIAOXIONG,xiaoxiong,《xiaoxiong》是一款壁纸美化类软件，运行环境支持Android2.1。
血狼王,血狼王,《血狼王》是幻剑书盟连载的一部网络小说，作者是堕落の天堂。
Qianshou,qianshou,《qianshou》是一款Android平台的应用。
卡维妲,卡维妲,
顶点,顶点,顶点是数学和计算机科学等领域的术语，在不同的环境中有不同的意义。在几何形状，一个顶点是一个点，其中两个或更多的曲线，线，或边缘相遇。作为这个定义的结果，两条线相遇形成一个角度的点，多边形和多面体的角是顶点。
藤野,藤野,藤野严九郎生于日本福井县，世代为医，藤野严九郎是藤野家第六代医生。他生于1874年7月1日，9岁时父亲亡故，由大哥二哥抚养。
AFW,AFW,经过多年发展AFW已成为国际外汇市场上据有领先地位的跨国公司，其辐射范围涵盖全球。成为其中最大、最完善、最成功的金融机构。
我飞,我飞,我飞林慧玲2011年新专辑《红裙子》主打歌 她的音乐，藏着女孩的浪漫、忧柔，住了女人的自由、坚毅，探测着各种爱的面貌。这张沉潜多年的倾心创作，送给想要勇敢的女孩，也给想呵护她们的男孩。
威和,威和,网站即软件，软件即服务服务出效益威和【Viewhot】是IT外包服务提供商。凭借自身的在线平台和行业渠道，承担企业IT系统或系统之上的业务流程的运营、维护和支持等事务，以帮助客户伙伴降低成本、提高效率、充分发挥自身核心竞争力和外部环境的应变能力，从而快速成长于量身定做的信息化环境。
汉鼎,汉鼎,简介hàndǐnɡ汉鼎（汉鼎）汉代的鼎。为国之重器。亦用以指汉代社稷。唐司空图《杂题》诗之一：“若使只凭三杰力，犹应汉鼎一毫轻。”清沈曰霖《晋人麈·诗话·关侯祠联》：“独乩笔一联云：风袅馀烟悲汉鼎，花开三月忆桃园。”
东岛,东岛,中国西沙群岛东部的东岛，位于宣德群岛东边的东岛环礁（属于宣德群岛），在永兴岛东南约50公里，是西沙群岛中面积第二大岛。名称来源是以七连屿为标准。该岛呈长方形，岛周围有沙堤环绕，岛中部地势低洼，面积1.7平方公里。该岛是上升礁和珊瑚贝壳沙体复合组成的岛屿。属于热带海洋气候，终年高温多雨，是中国水热条件最优越的地区之一。经过疏浚航道，在岛西侧建有码头，中国海军守备队在岛上驻防。东岛的野牛群：是1659年前后40年（明末清初）的时代流亡者从海上出逃，带入东岛的 。行政上隶属于中国海南省三沙市管辖。
健康树,健康树,2012年12月12日徐铮导演的电影人再囧途之泰囧，健康树就是一直在王宝强身边的一棵仙人掌，是王宝强饰演的宝宝为了满足自己患病母亲的愿望带着健康树去泰国为自己的母亲祈福。所以种的是健康树的种子。希望自己的母亲早日康复，身体健康！
京品,京品,京品位于丰台西罗园海户屯西路，小区环境优美，景色宜人，交通便利
太平洋,太平洋,太平洋是世界上最大、最深、边缘海和岛屿最多的大洋。它位于亚洲、大洋洲、南极洲和南北美洲之间。南北最长约15900千米，东西最宽约19000千米，总面积16526万平方千米．平均深度3957米，最大深度11034米。 
康江,康江,康江，男，汉族，大学本科学历。1985年参加工作。四川省泸州市卫生局党组书记、局长。
画中仙,活佛济公第二部,《活佛济公第二部》是由王伟庭执导，陈浩民、林子聪、叶祖新、林江国、张亮、馨子联合主演的古装神话剧。该剧主要讲述了济公带领广亮、赵斌等人为老百姓排忧解难、点化世人的故事，中间穿插降龙尊者降魔除妖，以及济公活佛与地痞恶霸斗智斗勇的故事。
猎魔人,猎魔人,原名：TheWitcher.译名：猎魔人又译作：巫师作者：安德烈·斯帕克沃斯基/AndrzejSapkowski（波兰）共有三本短篇小说集和五部长篇小说。科幻世界译文版2011年04期刊登了其第一部短篇小说集(thelastwish)。
军舰鸟,军舰鸟,军舰鸟 （学名：Fregata）是鹈形目军舰鸟科5种大型海鸟的通称。具极细长的翅及长而深的叉形尾，翅展长约可达2.3米，一般雄性成鸟的体羽全黑，雌性成鸟的下部则为明显白色。两性皆具一个裸露皮肤的喉囊，求偶的雄鸟为了展示，其喉囊会呈鲜红色并鼓起。其他明显特征包括4趾，具蹼，以及长的钩状嘴，可以用来攻击其他海鸟，并抢夺其鱼。 
渔夫乐,渔夫乐,渔夫乐是2011年10月31日发布的敏捷小游戏。
吉泰,吉泰,吉泰连锁酒店是一家商务型酒店连锁管理机构，于2005年5月正式进入市场以来，现已成为行业的标杆之一。公司通过“吉泰”品牌经营的方式管理连锁酒店，并为连锁酒店提供销售、管理、培训、技术、宣传等全方位的支持及服务。
鼎立,鼎立,鼎即古代的一种物品，三足共同支撑一个整体（三足即可理解为三方面，三人等等），而三足站立又是稳固的象征，进而“鼎立”可以引申为以下意思：
春江,春江,春江：春日的江水。出处：唐·张若虚《春江花月夜》诗：“滟滟随波千万里，何处春江无月明。”清代诗人何绍基曾以春江为题做七言绝句一首。
三友,三友,孔子曰：“益者三友，损者三友。友直(1)，友谅(2)，友多闻，益矣。友便辟(3)，友善柔(4)，友便侫(5)，损矣。”
凌汛,凌汛,凌汛，由于下段河道结冰或冰凌积成的冰坝阻塞河道，使河道不畅而引起河水上涨的现象。有时冰凌聚集，形成冰塞或冰坝，大幅度地抬高水位，轻则漫滩，重则决堤成灾。
KAWA,Kawa,Kawa是一门编程语言，用JAVA实现的高级语言，编译出来是JAVA的字节码，在文件系统中，就是.class文件。
Cavalry,铁骑,“铁骑”一词源自古代军事领域，是古代军事战争中骑兵的一种，属重型兵种，又称重骑兵，是古代战争中威力巨大的力量之一。读音，为tiěqí。骑的读音应该读qí。1985年以前，有两个读音。骑，动词，如骑马。jì，名词，如单骑，胡骑。1985年国家语委颁布普通话异读词审音表，废jì，统读qí。应该读qí，原因如下：1、骑：其中一个义项指骑的马，泛指人乘坐的动物，符合坐骑意。2、现代汉语中，只有qí的读音，已经没有jì的读音了。
奔梦,奔梦,《奔梦》是由西安中驰影视传媒有限公司、商洛市委宣传部、丹凤县委、县政府联合制作的剧情励志电影。由周友朝执导，张砚辉、殊晗煜主演。于2015年9月28日在中国电影数字院线上映影片改编自真人真事，讲述了张丹红在退休教练韩翔的帮助下，从一个山里女孩成长为全国冠军的故事。 
傲龙,傲龙,傲龙（艺名）原名：赵龙出生地：青岛市黄岛区傲龙传媒创始人、CG驿站管理员、影视后期制作人、歌手、作曲编曲
仓吉,仓吉,仓吉：女、藏族，1968.7月出生在西藏日喀则，1992年7月参加工作，1992年5月加入中国共产党。
沃特曼,沃特曼,沃特曼（Whatman）是一家全球领先的高端实验室检测和分离技术产品公司。公司于1740年由英国杰出的造纸革新家詹姆斯·沃特曼（JamesWhatman）创立，总部位于英格兰肯特郡首府梅德斯通（Maidstone）
火龙果,火龙果,火龙果（学名：Hylocereusundatus'Foo-Lon'）是仙人掌科、量天尺属量天尺的栽培品种，攀援肉质灌木，具气根。分枝多数，延伸，叶片棱常翅状，边缘波状或圆齿状，深绿色至淡蓝绿色，骨质；花漏斗状，于夜间开放；鳞片卵状披针形至披针形，萼状花被片黄绿色，线形至线状披针形，瓣状花被片白色，长圆状倒披针形，花丝黄白色，花柱黄白色，浆果红色，长球形，果脐小，果肉白色、红色。种子倒卵形，黑色，种脐小。7-12月开花结果。分布中美洲至南美洲北部，世界各地广泛栽培，藉气根攀援于树干、岩石或墙上，海拔3-300米。该种分枝扦插容易成活，常作嫁接蟹爪属，仙人棒属和多种仙人球的砧木，花可作蔬菜，浆果可食，商品名“火龙果”。（概述图参考来源：中国自然标本馆）
松涛,松涛,松涛 ，汉，中国山东泰安人 ，书法家，毕业于南非西开普大学，硕博连读研究生，中央党校建党九十周年，九大书法名家之一，现任非洲中国书画家音乐家联谊会会长；北京松涛书画院院长；北京松涛文化传媒有限公司董事长；国宾礼书法家 
喜钓郎,喜钓郎,
似火,似火,似火出自歌手陈扬杰的专辑【似火】深情歌
赛恩斯,赛恩斯,赛恩斯，英文名：Sainz，生于1937-12-13，球员，国籍：阿根廷。
DCM,DCM,数据通信模块DCM是汽车上使用的网络通信功能模块，只要轻轻一按即可联机，使用户享受高速通讯，不须考虑登入时间及传输量，而且DCM在中断时具有自动联机功能，比如车在过隧道的时候。
蚁王,蚁王,作品讲述了小镇上的江湖故事。终日混迹于街头的小马，给平日对他有恩的达哥复仇，杀死黑疤的时候，却没料到黑疤唯一的儿子也遭害了。这个节外生枝，让他一下子内心陷入了内疚当中。他寻找到杀害黑疤儿子的凶手，一位看上去弱不禁风的小孩，将他拎到黑疤的葬身之地的水库边，同时小马也等来了自己的倒计时…… 
狂剑,狂剑,《狂剑》是网成科技研发的一款2.5D玄幻动作类MMORPG网游，游戏以神剑传人穿越至乱世，从而追随先人寻剑之路为开篇，通过穿梭变幻莫测的异界、纵横交织的地域文化展现气势磅礴的仙侠江湖。 
水密码,水密码,水密码是丹姿集团旗下专业补水护肤品牌；包含海洋源萃、冰川矿泉、雪颜萃、绿茶控油、红石榴新活、透肌水润这六大系列，2013年水密码正式宣布杨幂成为其品牌代言人，双方共同启动了全新海洋源萃系列的发布仪式，最新发布的水密码海洋源萃系列，定位于中高端市场，外形拥有水滴形的立体专利设计，外包装用精致梦幻的蓝色凸显高品质和科技感2017年2月魏晨正式成为水密码的“首席颜值官”。 
蜘蛛,蜘蛛,节肢动物门（Arthropoda）蛛形纲（Arachnida）蜘蛛目（Araneida或Araneae）所有种的通称。除南极洲以外，全世界分布。从海平面分布到海拔5000米处，均陆生。蜘蛛是陆地生态系统中最丰富的捕食性天敌，在维持农林生态系统稳定中的作用不容忽视。 体长1～90毫米，身体分头胸部（前体）和腹部（后体）两部分，头胸部覆以背甲和胸板。头胸部有附肢两对，第一对为螯肢，有螯牙、螯牙尖端有毒腺开口；直腭亚目的螯肢前后活动，钳腭亚目者侧向运动及相向运动；第二对为须肢，在雌蛛和未成熟的雄蛛呈步足状，用以夹持食物及作感觉器官；但在雄性成蛛须肢末节膨大，变为传送精子的交接器。蜘蛛多以昆虫、其他蜘蛛、多足类为食，部分蜘蛛也会以小型动物为食。跳蛛视力佳，能在30厘米内潜近捕获猎物。人们普遍认为蜘蛛是一种昆虫，但它们和蝎子、蜈蚣一样，不属于昆虫。因为昆虫的基本特征是体躯三段头、胸、腹，2对翅膀与6只足。
波腾,波腾,波腾是汉语词汇，读音为bōténg，意思是波浪涌起貌多比喻众议激烈。
RAPALA,rapala,RapalaVMC集团是一家世界领先的渔具企业，在路亚、三锚钩、渔刀及钓鱼工具等产品领域是全球市场的领导者。集团在其他渔具产品的全球市场中也占有重要地位，同时RapalaVMC集团也是北欧市场户外产品、狩猎用品以及冬季运动产品市场的领先销售商。集团拥有业内最庞大的销售网络以及遍布全球的下属制造企业，在芬兰、法国、爱沙尼亚、俄罗斯和中国都有独资的现代化工厂。
仙道,仙道彰,仙道彰(SendohAkira)是日本动漫《灌篮高手》中的人物。神奈川县陵南高中篮球队的主力兼王牌球员，司职小前锋，同时可出任控球后卫。仙道运动能力优秀，在得分的同时也能够组织串联全队，是全方位的一名球员。仙道笑起来阳光灿烂，加之沉着冷静的性格，深受广大漫友喜爱。仙道毫无疑问是灌篮高手画龙点睛的一笔。
渔家傲,渔家傲,渔家傲，词牌名，又名“渔歌子”“渔父词”等。以晏殊词《渔家傲·画鼓声中昏又晓》为正体，双调六十二字，前后段各五句，五仄韵。另有六十二字四仄韵一叠韵，六十二字两平韵三叶韵，六十六字五仄韵的变体。代表作有范仲淹《渔家傲·秋思》等。
CANAAN,迦南,《迦南（CANAAN）》是根据2008年日本CHUNSOFT公司所发售的文字解谜冒险游戏《428～被封锁的涩谷～》改编的电视动画。动画由P.A.Works制作，ProductionI.G协力，原发表标题为《428theanimation》，于2009年7月4日在TOKYOMX首播，全13话。同名漫画也于2009年8月－2011年在《月刊CompAce》上连载。
御,御,御是会意字。甲骨文字形。左为“行”的省写中为绳索形，右是“人”形。意为人握辔行于道中即驾驶车马。本义:驾驶车马御，读作yù，御字的基本含义：1.驾驶车马：～车。～者。2.封建社会指上级对下级的统治、治理：“百官～事”。～下。～众。3.对帝王所作所为及所用物的敬称：～用。～览。～旨。～赐。～驾亲征。4.抵挡：防～。～敌。～寒。
乐疯,乐疯,乐疯是支持android1.6的其他软件类软件。
万川,万川,万川，男，湖北仙桃人，毕业于华中师范大学，现任北京市社会科学院综治研究所教授。
浮烟山,浮烟山,浮烟山为泰沂山脉尾闾，呈西南、东北走向，位于潍城区西南12公里处，南北长3公里，面积114平方公里，海拔161.5米。1993年，在山顶建成的潍坊教育电视台发射塔，高耸云霄，巍巍壮观。省级交通干线潍蒋路从东南侧经过，1995年又建成6000多米的环山公路。浮烟山南北列嶂，横际平野，郁郁葱葱，崖涧幽深，泉水淙淙，景色优美。虽无崇峰岩崖，但层峦叠嶂，仍不失绮丽幽雅，苍茫雄浑。按照潍坊市委、市政府的总体规划，浮烟山将逐步建成山水一体化的大园林格局。
科锐,科锐,科锐成立于1987年，是美国上市公司（1993年，纳斯达克：CREE），为全球LED外延、芯片、封装、LED照明解决方案、化合物半导体材料、功率器件和射频于一体的著名制造商和行业领先者。科锐针对不同的照明细分市场和实际应用开发相应的产品并不断优化产品性能。科锐照明级LED系列产品应有尽有，实现更高的性价比，进一步降低系统成本，方便终端设计使用，加快客户新产品上市速度。同时科锐希望通过卓越的产品与服务，不断满足客户需求，成为客户坚强可靠的长期合作伙伴，为客户“智”造更大价值，共同推动LED照明变革。
三分钟,三分钟,《三分钟》由香港导演陈可辛指导，孔令美主演的贺岁短片，全程使用iPhoneX拍摄。影片讲述了一位列车员母亲过年期间在列车上值班，无法与孩子团聚，仅凭列车靠站的三分钟与儿子相聚的故事。2018年2月1日，贺岁短片在北京举行首映。 
kawa,Kawa,Kawa是一门编程语言，用JAVA实现的高级语言，编译出来是JAVA的字节码，在文件系统中，就是.class文件。
怡然,怡然,怡然，汉语词汇。拼音：yírán释义：安适自在的样子。“在四山暮色之中，团团坐在屋前一棵大榆树下，端出茶果来，告诉我今夜要过中国的瓜果节。我不禁怡然一笑
清水,清水,清水，地名。全国有多处名叫“清水”的地点。作为河流名称的清水，古今也有多条。主流的两条叫清水的河流分别是：清水，古地名，是古济水自钜野泽以下的那一段河流，发源于古代的清河郡，大致流经于今河北、山东、河南境内，今已被黄河占道。 清水，今地名，青弋江、水阳江两江之水在此交汇，位于青弋江下游，芜湖市城东，形成清浑分明两种水色。
马牌,德国大陆轮胎（马牌轮胎）公司,德国大陆集团（ContinentalAG）始建于1871年，总部位于德国汉诺威市，是世界第三大轮胎制造企业、欧洲最大的汽车配件供应商。
TZ,tracy zych,TRACYZYCH，由美国好莱坞著名独立设计师Tracy姐妹于2005年创立的手包品牌，专业设计、制作高档女性皮具箱包，产品材质精良，设计特立独行，秉持品质与设计的核心理念和绝不量产的经营思路，让TRACYZYCH手包成为了品味与时尚的新代名词。Edie是TRACYZYCH品牌的经典款式，这款包包成功将TRACYZYCH推到了公众视野之中，成为好莱坞众女星的新宠。如今T·Z这个名字所到之处，无不让时尚弄潮儿如雷贯耳。凭借品牌独特的风格和与众不同的个性两把利刃，TRACYZYCH迅速奠定了自己在时尚界的地位，跻身欧美奢侈品牌王国之中并绽放光芒。
奥林巴斯,奥林巴斯,奥林巴斯（OlympusCorporation），创立于1919年。1920年在日本成功地将显微镜商品化，在癌症防治领域起着极其重要作用的内窥镜，1950年由奥林巴斯在世界上首次开发。迄今为止，奥林巴斯株式会社已成为日本乃至世界精密、光学技术的代表企业之一，事业领域包括医疗、影像、生命科学产业三大业务领域。2018年5月7日，奥林巴斯（深圳）工业有限公司正式宣布停产停工。 
OLYMPUS,奥林巴斯,奥林巴斯（OlympusCorporation），创立于1919年。1920年在日本成功地将显微镜商品化，在癌症防治领域起着极其重要作用的内窥镜，1950年由奥林巴斯在世界上首次开发。迄今为止，奥林巴斯株式会社已成为日本乃至世界精密、光学技术的代表企业之一，事业领域包括医疗、影像、生命科学产业三大业务领域。2018年5月7日，奥林巴斯（深圳）工业有限公司正式宣布停产停工。 
水帝,水帝,水帝，指颛顼。中国古代传说中五帝之一。颛顼以水德王﹐死后祀为北方水德之帝﹐故称。
钓鱼郎,遗鸥,遗鸥（学名：Larusrelictus）鸥科鸥属濒危候鸟，中型水禽，体长为40厘米左右。成鸟夏羽：整个头部深棕褐色至黑色，上沿达后颈，下沿至下喉及前颈，深棕褐色由前向后逐渐过渡成纯黑色，与白色颈部相衔接。眼的上、下方及后缘具有显著的白斑，颈部白色；背淡灰色；腰、尾上覆羽和尾羽纯白色。繁殖地集中在蒙古国、哈萨克斯坦、俄罗斯和中国，其越冬地在中国和韩国亦有发现。遗鸥栖息于海拔1200-1500m的沙漠咸水湖和碱水湖中，繁殖期在5月初至7月初，杂食性，繁殖期以水生昆虫等动物性食物为主。10月南迁。
京派,京派,京派是30年代前后新文学中心南移上海后继续留在北京活动的一个自由主义作家群的一个独特的文学流派，主要成员有周作人、废名、沈从文、李健吾、朱光潜等。称之为"京派"，是因为其作者在当时的京津两地进行文学活动。其作品较多在京津刊物上发表，其艺术风格在本质上较为一致。主要刊物有《文学杂志》、《文学季刊》、《大公报·文艺》。"京派"的基本特征是关注人生，但和政治斗争保持距离，强调艺术的独特品格。他们的思想是讲求"纯正的文学趣味"所体现出的文学本体观，以"和谐"、"节制"、"恰当"为基本原则的审美意识。沈从文是京派作家的第一人。使小说诗化、散文化，现实主义而又带有浪漫主义气息。
泛宇,泛宇,《泛宇》是连载于起点中文网的网络小说，作者是鬼屠刀。
赤烈,赤烈,赤烈，汉语词汇，拼音chìliè，意指酷热。
天问,天问,《天问》是中国最伟大的浪漫主义诗人屈原除《离骚》之外的另一篇长诗，有浓厚的道家色彩 。也是其代表作之一，收录于西汉刘向编辑的《楚辞》中。《天问》通篇是屈原对于天地、自然和人世等一切事物现象的发问。诗篇从天地离分、阴阳变化、日月星展等自然现象，一直问到神话传说乃至圣贤凶硕和战乱兴衰等历史故事，表现了屈原对某些传统观念的大胆怀疑，以及他追求真理的探索精神。《天问》是中国古典诗坛上的一朵奇葩，被誉为是“千古万古至奇之作”。
开心虎,开心虎,开心虎是扬州开心虎玩具有限公司所持自主玩具品牌，目前以开心虎毛绒分店商城已经遍布大半个南方市场。
明治,明治大学,明治大学（MeijiUniversity），简称明大，是本部设在东京都千代田区的日本著名私立大学 ，前身为曾留学法国的岸本辰雄宫城浩蔵矢代操于1881年1月17日设立的明治法律学校。明治大学以“权力自由”、“独立自治”为基本理念，迄今为止已向社会输送了超过50万名的毕业生，为日本的发展做出了巨大贡献。 明治大学是日本极富盛名的一流难关私立大学，东京都内五大名门学府“MARCH”之一（分别为M明治大学、A青山学院大学、R立教大学、C中央大学和H法政大学），日本文部科学省选定的“超级国际化大学计划”大学之一，在日本国内享有极高的声誉。明大常年稳居日本私立大学TOP5， 与东京大学、庆应义塾大学、早稻田大学、立教大学、法政大学共同组成了“东京六大学”。作为一座文科一流的大学，明治大学的法学部、政治经济学部与商学部是其看板学部，偏差值处于日本大学排名的顶端。此外，明治大学培养出2位内阁总理大臣——三木武夫（第66任）和村山富市（第81任）。现在有15名毕业生担任国会议员（参议院、众议院）。明治大学的毕业生校友群广泛，其中不乏著名的政治家以及财经界的人才。中国著名领导人周恩来总理亦曾在该校政治经济科（现政治经济学部）求学。在日本RecruitMarketingPartners发布的大学品牌排行榜“升学”品牌力调查2016”中，明治大学连续8年位列关东地区高中生想报考的大学中首位。在2016年日本大学就职力排行中，明治大学排名第2，仅次于早稻田大学。
joint,JOINT,I've歌姬川田まみ（川田麻美）为大人气TV动画《灼眼的夏娜Second》演唱的片头曲。作为川田麻美本人同《灼眼的夏娜》系列第三次合作的产物，《JOINT》依旧是由川田麻美本人填词，并再度请来善于将浓重的摇滚风与I've象征性的电子乐结合在一起的中泽伴行与尾崎武士参与制作，从而被业界评价“更好地将《夏娜》原本带有的魔幻氛围展现出来”，为《灼眼的夏娜Second》最先添上了大气磅礴的一笔。
费洛蒙,信息素,信息素，也称做外激素，指的是由一个个体分泌到体外，被同物种的其他个体通过嗅觉器官（如副嗅球、犁鼻器）察觉，使后者表现出某种行为，情绪，心理或生理机制改变的物质。它具有通讯功能。几乎所有的动物都证明有信息素的存在。1959年发表雌蚕蛾会分泌性信息素，是科学界首次证明了性信息素是存在的。信息素一词源于希腊文的“φέρω”（意指“我携带”）与“ὁρμή”（意指“刺激”），合起来意思是“我携带刺激物”的意思。信息素一词是于1959年，由科学家彼得·卡森（PeterKarlson）与马林·路丘（MartinLüscher）共同提出的，用来形容动物利用化学分子传递讯息的沟通方式。1980年代，科学家大卫·白林纳（DavidBerliner）以及其科学团队首次探索人类是否也具有与昆虫及动物相同的神奇沟通能力。直到1991年，他的科学团队才在类固醇生物化学与分子生物学期刊上发表其研究成果：发现了可能的人类信息素雄二烯酮与雌四烯醇的存在，并发现人类信息素也具有男女的性别区分，对人类负责性行为与内分泌的下丘脑具有活化作用，自此开启了人类性信息素研究的序幕。2000年大卫·白林纳进行犁鼻器神经电位的检定以及对电生理的影响，确定只要极低剂量，约10皮克（10负11次方克）的人类信息素就可以启动犁鼻器的电位反应并造成生理现象的改变。
PHEROMONE,信息素,信息素，也称做外激素，指的是由一个个体分泌到体外，被同物种的其他个体通过嗅觉器官（如副嗅球、犁鼻器）察觉，使后者表现出某种行为，情绪，心理或生理机制改变的物质。它具有通讯功能。几乎所有的动物都证明有信息素的存在。1959年发表雌蚕蛾会分泌性信息素，是科学界首次证明了性信息素是存在的。信息素一词源于希腊文的“φέρω”（意指“我携带”）与“ὁρμή”（意指“刺激”），合起来意思是“我携带刺激物”的意思。信息素一词是于1959年，由科学家彼得·卡森（PeterKarlson）与马林·路丘（MartinLüscher）共同提出的，用来形容动物利用化学分子传递讯息的沟通方式。1980年代，科学家大卫·白林纳（DavidBerliner）以及其科学团队首次探索人类是否也具有与昆虫及动物相同的神奇沟通能力。直到1991年，他的科学团队才在类固醇生物化学与分子生物学期刊上发表其研究成果：发现了可能的人类信息素雄二烯酮与雌四烯醇的存在，并发现人类信息素也具有男女的性别区分，对人类负责性行为与内分泌的下丘脑具有活化作用，自此开启了人类性信息素研究的序幕。2000年大卫·白林纳进行犁鼻器神经电位的检定以及对电生理的影响，确定只要极低剂量，约10皮克（10负11次方克）的人类信息素就可以启动犁鼻器的电位反应并造成生理现象的改变。
SD,SD,SD：（英文stabledisease的缩写）指病情稳定，基本已控制。
HERON,Heron,海伦（Heron），古希腊数学家生卒于亚历山大城他擅长测量，给出了多种求图形面积和体积的定理和公式，最著名的是已知三边长求三角形面积的海伦公式海伦有许多学术著作，都用希腊文撰写，但大部分已失传主要著作有《量度论》，《体积求法》，《几何》等。
超感觉,超感觉,超感觉是ESP是英文ExtraSensoryPerception的简称，意指“超感觉”，通常用做心灵感应和特异功能等的总称。许多人认为直觉（第三感觉）是一种精神力量形式，可获得有关世界与未来的神秘或特殊知识。
RTI,RTI,软件的Internet发布版本汽车的高级导航系统，比如Volvo的C30就装备了RTI导航系统RealTimeIntegrationDataStage控件
力飞士,力飞士,力飞士（LIFIX)集团公司成立于1995年，总部设立在澳洲墨尔本南部的Frankston，早期经营户外绳索，力飞士户外绳索被广泛应用户外活动中，之后因澳洲钓鱼运动的兴起，公司决定开始进入渔线市场，专门成立部门研发并在海外生产渔线产品。
三美,三美,“三美”：新月派的新诗主张，闻一多提出了“三美”即“音乐美、绘画美、建筑美”，奠定了新格律诗派的理论基础。它在一定程度上克服并纠正了五四运动以来白话新诗过于松散、随意等不足，对中国现代新诗的健康发展做出了特有的贡献。具体而言，“音乐美”强调“有音尺、有平仄，有韵脚”；“绘画美”强调词藻的选择要秾丽、鲜明，有色彩感；每一句诗都可以形成一个独立存在的画面。“建筑美”强调“有节的匀称，有句的均齐”。其主要目的是在诗的内容和诗的格式上都拥有美。
森林狐,森林狐,森林狐是美国渔具户外品牌，2002登陆中国并在中国注册成功，开始品牌运营。产品覆盖登山远足、露营自驾、旅行休闲、运动健身、垂钓狩猎等领域
爱森,爱森,【中文名】爱森【产品英文名】Paracetamolchewabletablets【药品性状】本品为着色片，味甜，有水果香气。【产品规格】80mg*20s【贮藏方法】密封
策马,策马,策马是一个汉语词汇。拼音：cèmǎ，释义：1、用马鞭驱马、使马快跑。2、古占星家用语。出自《东周列国志》。
EU,欧洲联盟,欧洲联盟（德语：EuropäischeUnion，法语：Unioneuropéenne），简称欧盟（EU），总部设在比利时首都布鲁塞尔（Brussel），是由欧洲共同体发展而来的，创始成员国有6个，分别为德国、法国、意大利、荷兰、比利时和卢森堡。该联盟现拥有28个会员国，正式官方语言有24种。 1991年12月，欧洲共同体马斯特里赫特首脑会议通过《欧洲联盟条约》，通称《马斯特里赫特条约》。1993年11月1日，《马斯特里赫特条约》正式生效，欧盟正式诞生。2012年，欧盟获得诺贝尔和平奖。欧洲理事会主席为图斯克，欧洲议会议长为安东尼奥·塔亚尼。 卢森堡前首相容克为欧盟委员会主席。 欧盟的条约经过多次修订，运作方式依照《里斯本条约》。政治上所有成员国均为民主国家（2008年《经济学人》民主状态调查），经济上为世界上第一大经济实体（其中德国、法国、意大利为八国集团成员），军事上绝大多数欧盟成员国为北大西洋公约组织成员。 
bibo,Bibo,2002年，加拿大CS玩家Kreedz创造了世界上第一张KZ地图，也开创了CS极限跳跃的纪元。为了纪念他，以后大多的CS跳跃地图都冠以KZ的标记来命名。
EAST,全超导托卡马克核聚变实验装置,全超导托卡马克核聚变实验装置装置，其运行原理就是在装置的真空室内加入少量氢的同位素氘或氚，通过类似变压器的原理使其产生等离子体，然后提高其密度、温度使其发生聚变反应，反应过程中会产生巨大的能量。2009年，世界上首个全超导非圆截面托卡马克核聚变实验装置（EAST）首轮物理放电实验取得成功，标志着我国站在了世界核聚变研究的前端。2016年2月，中国EAST物理实验获重大突破，实现在国际上电子温度达到5000万度持续时间最长的等离子体放电。 
疾步,疾步,疾步是一个汉语词语，意思是很快的步伐。
青铜时代,青铜时代,青铜时代（或称青铜器时代或青铜文明），在考古学上是以使用青铜器为标志的人类文化发展的一个阶段；因金属具有易腐蚀的特性，四五千年以上的青铜遗存发现往往为数不多。青铜时代必须具备这样一个特点：青铜器在人们的生产、生活中占据重要地位，偶然地制造和使用青铜器的时代不能认定为青铜时代 。青铜时代是以使用青铜器为标志的人类物质文化发展阶段。青铜是红铜(纯铜)与锡或铅的合金，因为颜色青灰，故名青铜，熔点在700～900℃之间，比红铜的熔点(1083℃)低。含锡10%的青铜，硬度为红铜的4.7倍，性能良好。青铜时代初期，青铜器具比重较小，甚或以石器为主；进入中后期，比重逐步增加。自有了青铜器和随之的增加，农业和手工业的生产力水平提高，物质生活条件也渐渐丰富。青铜出现后，对提高社会生产力起了划时代的作用。 
帕莱蒙,帕莱蒙,帕莱蒙（英语：RemmiusPalaemon）。约活动于公元1世纪前后。曾在罗马为奴，后成为著名的文法学家和教师。
姜太公,姜子牙,姜子牙（约前1156年—约前1017年），亦作姜尚，中国著名历史人物，商末周初人。姜姓，吕氏，名尚，一名望，字子牙，或单呼牙，别号飞熊，因其先祖辅佐大禹平水土有功被封于吕，故以吕为氏，也称吕尚。相传姜子牙72岁时在渭水之滨的磻溪垂钓，遇到了求贤若渴的周文王，被封为“太师”（武官名），称“太公望”，俗称太公，被周武王尊为“师尚父” 。姜子牙辅佐武王伐纣建立了周朝， 是齐国的缔造者，周文王倾商，武王克纣的首席智囊、最高军事统帅与西周的开国元勋，齐文化的创始人，亦是中国古代的一位影响久远的杰出的韬略家、军事家与政治家。历代典籍都公认他的历史地位，儒、法、兵、纵横等诸子百家皆追他为本家人物，被尊为“百家宗师”。 
夜行者,夜行者,夜行者（Nightcrawler）是美国漫威漫画旗下超级英雄，初次登场于《Giant-SizeX-Men》第1期（1975年5月）。本名科特·瓦格纳（KurtWagner），是魔形女和红魔鬼的儿子，出生于德国，为一名变种人，手脚可附着于各种固体表面，高度敏捷，擅长剑术，拥有对自己和他人进行瞬间传送的能力。因为有着蓝色的皮肤、尖耳朵、獠牙和长尖尾，被普通人类视为恶魔，时常遭到攻击，后来他来到美国遇到X教授，被其邀请加入了X战警。 
福斯特,朱迪·福斯特,朱迪·福斯特（JodieFoster），1962年11月19日出生于美国加利福尼亚州，美国影视演员。1965年，福斯特因拍水宝宝防晒霜广告进入演艺圈。1970年，首次参演电影《山中恶徒》。1976年，14岁的朱迪·福斯特凭借在《出租汽车司机》的表演获得奥斯卡最佳女配角提名 。之后，她凭借1989年上映的《暴劫梨花》获得了第61届奥斯卡最佳女主角奖。1991年上映的《沉默的羔羊》使朱迪·福斯特获得了自己的第二座奥斯卡最佳女主角奖杯 。1991年，她自编自导自演的第一部电影《锦绣童年》上映。2013年1月，50岁的朱迪·福斯特获得金球奖终身成就奖 。2014年，朱迪·福斯特加盟电视剧《纸牌屋》第二季 。
四方达,四方达,河南四方达超硬材料股份有限公司本公司是由河南四方超硬材料有限公司以截至2008年3月31日经利安达信隆审计的净资产66380305.45元，按1.1:1的比例折为60000000股，整体变更设立的股份有限公司。2008年9月28日，公司在郑州市工商行政管理局变更设立为股份有限公司，工商注册号为410000100017807，注册资本为6000万元，法定代表人为方海江。
天窗,天窗,
美顿,美顿,美顿是一款适合东方人气息的香水，美顿香水品牌经历了十几年的历练，见证了中国香水品牌的发展和崛起。
虞美人,虞姬,虞姬，是楚汉之争时期西楚霸王项羽的美人，名虞（yú） （一说姓虞） ，生卒年、出生地、结局等均无定论，曾在定四面楚歌的困境下一直陪伴在项羽身边，项羽为其作《垓下歌》。相传虞姬容颜倾城，才艺并重，舞姿美艳，并有“虞美人”之称。后人曾根据《垓下歌》，以及相传是虞姬所作的《和垓下歌》，臆想她的结局是在楚营内自刎，由此流传了一段关于“霸王别姬”的传说。
MiKi,杨爱瑾,杨爱瑾（MikiYeung），1985年出生于香港，香港女演员、歌手，前女子演唱组合Cookies成员之一。2002年开始以歌手身份正式被模特儿公司推荐加入香港百代唱片道。2002年参与拍摄电视剧《争分夺秒》 。2005年独立发展之后，Miki暂别乐坛，正式全面转型为电影演员。2011年参与拍摄电影《喜爱夜蒲》 。2012年签约电影公司悦目映画，并跨足电视圈拍摄TVB电视剧。2013年推出个人发展以来第一首单曲《绵羊》，并推出散文集《Mikitopia》 ；参与拍摄《神枪狙击》 。
老翁,老翁,老翁是汉语词汇，拼音lǎowēng，解释为中国古代对老年男人的称呼。
Megabass,mega bass,megabass是索尼公司开发的重低音音效，是一个低音补偿机能。所有SE（索爱）手机W系列都有此音效。
扬道,扬道,《扬道》是连载于起点中文网的仙侠异侠小说，作者是勿忘忧。
YD,YD,
施琅,施琅,施琅（1621年—1696年），字尊侯，号琢公，福建省泉州府晋江县（今晋江市龙湖镇衙口村）人，祖籍河南固始，明末清初军事家，清朝初期重要将领。 施琅早年是郑芝龙的部将，1646年（顺治三年）随郑芝龙降清。不久又加入郑成功的抗清义旅，成为郑成功的得力助手。 郑成功手下曾德一度得罪施琅，施琅借故杀曾德而得罪郑成功，郑成功诛杀施琅家人，父亲与兄弟被杀。由于亲人被郑成功杀害的大恨，施琅再次降清。 施琅投降清朝后被任命为清军同安副将，不久又被提升为同安总兵、福建水师提督。 1681年（康熙二十年），康熙帝采纳了李光地的意见，授施琅福建水师提督，施琅积极进行攻讨台湾的部署准备。1682年（康熙二十一年），康熙帝决定攻台，命施琅与福建总督姚启圣一起进取澎湖、台湾。1683年（康熙二十二年）六月，施琅指挥清军水师先行在澎湖海战对台湾水师获得大胜。上疏吁请清廷在台湾屯兵镇守、设府管理，力主保留台湾、守卫台湾。因功授靖海将军，封靖海侯。1696年（康熙三十五年）施琅逝世，赐谥襄庄，赠太子少傅衔。施琅死后与其妻王氏、黄氏合葬。泉州城内有靖海侯府和施氏大宗祠。在同安东郊有绩光铜柱坊，现为福建省文物保护单位。
绝弦,绝弦,“绝弦”这个典故出自于《吕氏春秋.本味》，也称之为“伯牙绝铉”。绝，断绝。伯牙因为子期死了，就把琴摔碎，再也不弹琴。比喻知己丧亡后，弃绝某种专长爱好，表示悼念。
荷韵,荷韵,《荷韵》是连载于烟雨红尘网的小说，作者是精致。
乐琦,乐琦,乐琦，男，湖北黄石人，管理学博士，华南师范大学经济与管理学院副研究员。
太极虎,太极虎,1986年首尔亚运会吉祥物太极虎多里（Hodori），虎在朝鲜民族的心目中是神兽，是朝鲜民族的民族象征，韩国对其官方称呼为朝鲜虎。
盛乐,盛乐,盛乐或称盛乐古城，是拓跋鲜卑代时的北都。具体地址由年代久远而无法确定，经考古证明，位于今内蒙古自治区和林格尔县之北的和林格尔土城子遗址，为盛乐城遗址。拓跋鲜卑迁居盛乐，由游牧民族崛起，建立代国和北魏，盛衰延续长达将近300年。自始祖拓跋力微以下，有十几位首领和皇后在盛乐去世。盛乐城延续使用时间长达一千多年，到隋朝筑起为突厥民族居住的大利城，唐朝先后改置为云中都护府、单于大都护府、振武军城。辽置振武县，金改镇。盛乐古城穿越多个朝代，承载着各民族多姿多彩的古代文明。
吉米兔,吉米兔,吉米兔属于英国爱丁堡影业集团有限公司旗下品牌班克斯经典卡通形象之一。
樱川,樱川,樱川（日语：桜川/さくらがわ）是东京都板桥区的町名。现行行政地名为樱川一丁目至樱川三丁目。
idg,IDG,美国国际数据集团（InternationalDataGroup）是全世界最大的信息技术出版、研究、发展与风险投资公司。IDG公司2005年全球营业总收入达到26.8亿美元。IDG集团公司创建于1964年，总部设在美国波士顿。
卡西欧,卡西欧,卡西欧（CASIO，カシオ计算器株式会社）是日本一家生产电子仪器、电子计算器公司旗下的品牌。该品牌于1946年4月由樫尾忠雄创立，他是一名精通装配的工程师。品牌的名字来自樫尾的日语读音Kashio。 卡西欧TR系列的初衷也是为女性打造TOP的美颜拍摄感受，最新的光影美颜功能即便在暗处拍摄也能展现自然肌肤状态。 2018年5月9日，卡西欧公司宣布，将退出小型数码相机市场。 
CASIO,Casio,CASIO中文名称卡西欧，卡西欧品牌源于日本，创立于1957年，创业之始是为计算机制造商的卡西欧计算机股份有限公司，现已发展拥有计算器、电子表、电子乐器、液晶电视等产品。这些产品帮助世界各地的人们获取信息、卡西欧的经营理念是“贡献、创造”。
渔钓徒,渔钓徒,渔钓徒是一个汉语词语，读音是yúdiàotú，是指隐士。
凯速,凯速,凯速是一个网站，创立于2009年，于2011年获得上海巨融集团数千万元的投资，于2011年8月18号进驻浦东张江软件园，正式被立项为受政府支持的高科技创业项目。
秀夫,秀夫,电视剧《烽火英雄传》中的秀夫是演员骆达华饰演，他是日军高级将领，也是甘愿的杀兄仇人。
杰克船长,杰克,杰克，日本漫画《航海王》及其衍生作品中的角色，四皇之一凯多的心腹，名声远播的“三大灾害”之一，外号“旱灾”，百兽海贼团大招牌、猛犸象号船长，其赏金高达10亿贝里，是动物系古代种象象果实猛犸象形态能力者 。实力非常强大，面对犬岚公爵和猫蝮蛇老大的“车轮战”，不眠不休的大战5天5夜不分胜负 。之后又紧接着前去营救“多弗朗明哥”，面对载有海军大将藤虎、前元帅战国、中将鹤的四艘军舰依然毫不犹豫的发动攻击，击沉其中两艘军舰 。随后其率领残部再次来到佐乌岛，准备杀掉象主，不料象主反击，杰克被打落海底 。
captain jack,Captain Jack,CaptainJack乐队组合于1995年成立，源自德国达姆斯塔特。该乐队于2008年发行流行英语专辑《CaptainJack》单曲而成名，现乐队成员主要有：BruceLacy和MichelleStanley。
拓宇,拓宇,
柳岸,柳岸,柳岸，本名王相勤，河南淮阳人，中国作协会员，鲁迅文学院第十一期高研班学员，河南作协理事，河南省文学院签约作家，周口市作协主席，淮阳县农开办主任。历任镇妇联主席、镇长、科技局长。作品曾发《中国作家》、《十月》、《北京文学》、《青年文学》、《长城》、《莽原》、《清明》等文学期刊，多次被《小说选刊》、《中篇小说选刊》、《小说月报》转载，并收入文学选本。出版小说集《燃烧的木头人》、《八张脸》，长篇小说《我干娘柳司令》。《燃烧的木头人》获河南省文艺成果奖；《我干娘柳司令》获河南省五个一工程奖、河南省文鼎中原长篇小说精品工程优秀作品奖、河南省优秀图书奖。柳岸作品涉及多种题材领域，通过多种话语方式和叙述方式，描述了中国当代社会中的乡场之奇、官场之病和情场之痴，充满了通俗的乡土和文雅的现代气息。
金范,金范,金范（KimBeom），本名“金尚范”，1989年7月7日出生于韩国首尔市。韩国男演员，毕业于韩国首尔中央大学。2006年，参演情景喜剧《无法阻挡的Highkick》，正式荧幕出道 。2008年，8月参演恐怖片《考死》，该片累计150万名观影人数 。同年参演爱情剧《伊甸园之东》 。2009年，5月参演校园剧《花样男子》，该剧最高收视达到35.5% 。同年还凭借爱情剧《Dream》获得SBS演技大赏新人奖 。2010年，拍摄韩国旅游观光短剧《一天》 。2011年，主演爱情剧《吧嗒吧嗒：他和她心跳的声音》 。2013年，2月参演爱情剧《那年冬天，风在吹》 。7月主演古装剧《火之女神井儿》 。同年进军中国内地市场，参演动作片《狄仁杰之神都龙王》 。2014年，参演青春剧《微时代之恋·初恋篇》 。2015年，主演爱情片《重生爱人》和动作剧《隐藏身份》 。2016年，参演电视剧《警察夫人2》。2018年，参演悬疑片《朝鲜名侦探：吸血怪魔的秘密》。
境界,境界,境界是在感知力上感知的主观上的广义的名词。境界是指人的思想觉悟和精神修养，即修为，人生感悟，对于境界来说在各个不同的领域有着不同的看法和见解，故境界是一种很微妙的感觉。多数时把境界楞划分几种，以质来区分；度来衡量。如主体在某件事物上所处于的水平。日本漫画《BLEACH》中少动漫的大陆翻译本将题目译为境界。清代鸿儒王国维在其著作《人间词话》里谈到：“古之成大事业，大学问者，必经过三种之境界。”
靠谱,靠谱,靠谱是一个汉语词汇，拼音是kàopǔ，表示可靠，值得相信和托付的意思。是北方方言，后现代流行词汇。近义词是可靠、相信；反义词是离谱、怀疑，疑惑、玄乎。
里手,里手,里手：1、指（车）左边；2、内行、行家等，如著名科学家袁隆平是中国研究水稻杂交领域的行家里手。
喜马拉雅,喜马拉雅,喜马拉雅FM是国内音频分享平台，2013年3月手机客户端上线，两年多时间手机用户规模已突破2亿 ，成为国内发展最快、规模最大的在线移动音频分享平台。2014年内完成了2轮高额融资，为进一步领跑中国音频领域奠定了雄厚的资金实力。截至2015年12月，喜马拉雅fm音频总量已超过1500万条，单日累计播放次数超过5000万次。 喜马拉雅fm同时支持IPhone、IPad、Android、WindowsPhone、车载终端、台式电脑、笔记本等各类智能手机和智能终端。 2017年11月8日，喜马拉雅入选时代影响力·中国商业案例TOP30。 
海豹,海豹,海豹是对鳍足亚目种海豹科动物的统称。海豹体粗圆呈纺锤形。全身披短毛，背部蓝灰色，腹部乳黄色，带有蓝黑色斑点。头近圆形，眼大而圆，无外耳廓，吻短而宽，上唇触须长而粗硬，呈念珠状。四肢均具5趾，趾间有蹼，形成鳍状肢，具锋利爪。后鳍肢大，向后延伸，尾短小而扁平。毛色随年龄变化：幼兽色深，成兽色浅。共11种海豹。
宝得适,宝得适,宝得适集团儿童安全用品公司是设计、制造和销售汽车儿童安全座椅，手推车和旅行用品的专业公司。
迪恩,迪恩,迪恩，《赛尔号》动画角色。喜欢报复人类的欧比组织二号人物，称号为“银蝎将军”。实力非常强大，冷静沉稳且足智多谋，但脾气古怪。虽然身为海盗，内心却保留一丝正义感，特别是关系到精灵的命运时。十分重视萨格罗斯，有自己的原则和底线，但有时也会不择手段地达到自己的目的。宇宙海盗欧比组织集团四魔将中排行第一，也是四魔将中实力最强的。善战而不恋战，自尊但不好强。
风沙渡,风沙渡,“风沙渡”是江苏宜兴宜兴阳羡路上的一家小吃店。2011年6月红遍全国，这都要归功于一篇今年江苏高考的满分作文《拒绝平庸》。
品将,品将,品将APP是品将（北京）网络科技有限公司发布的一款职场展示应用软件，致力于为各行各业的奋斗者搭建一个可以通过网络展现自己价值并快速变现的社交平台，帮助每个认真工作的人塑造个人职业品牌。
阿里郎,阿里郎组合,阿里郎组合又称阿里郎，被誉为“内地音乐第一组合”，现组合成员为权赫（大头）、崔金水、金君龙，三人均是吉林延边人。2002年，一曲改编自家喻户晓的朝鲜族民歌《阿里郎》，让阿里郎组合在内地歌坛异军突起，一炮走红，发展势头强劲。阿里郎扎实深厚的演唱功底、独具特色的三部和声、劲爆震撼的舞台表现力、国际化多元的音乐风格与时尚造型让他们的专辑获得了非常广泛的好评和认可。原组合成员张晋佑于2010年退出组合 ，金泽男、金润吉、权赫（大头）“三人行”组合形式在2013年宣布解散 。2017年阿里郎以权赫（大头）、崔金水、金君龙三人组合形式复出。 代表作品：《兰花指》 《忘记你太难》《戴着面具的女郎》等电视剧主题曲：《不求名来名自扬》经典作品：《无论何时》《情侣酒吧》《兄弟》《我们一起飞》《最爱》《朋友》《大明星》《我想回家》《放肆温柔》《飞起来》《龙的精神》《没问题》等优秀作品：《云雾中的高速路》《我愿意》《再次爱上你》《错爱》《多爱她一点》《爱活着》《给我一个梦想》《天与地》。舞台表现作品：《三人行》《猜不透》《出人头地》等民歌作品：《阿里郎》《桔梗谣》《茉莉花》《泰州情》等红歌作品：《走进新时代》《红太阳照边疆》《东方红》《美丽的岳西》等
开天斧,开天神斧,开天神斧，又名盘古斧，洪荒流小说中一件的物品，混沌至宝之一。盘古大神的证道至宝。因盘古开天，开天斧应运化为三大先天至宝：斧刃化成了盘古幡、斧背化成了太极图、斧柄化成了混沌钟。
战将,战将,《战将》是由中央电视台、中国电视剧制作中心有限责任公司联合出品，宁海强执导，徐洪浩、宁宁、刘鹏、沙杰、曹凯等领衔主演的革命历史题材类电视剧。 该剧讲述了韩先楚从1926年参加革命开始，先后在土地革命、长征、抗日战争、解放战争及抗美援朝中浴血奋战的英雄故事。 2017年2月，该剧获得第十一届电视制片业“电视剧优秀作品”奖。 
名门之秀,名门之秀,名门之秀总建筑面积44000平方米，小区规划有三栋12层电梯洋房和两栋16层电梯洋房组成，小区采用环保节能材料和最先进的施工工艺。 
巴塔哥尼亚,巴塔哥尼亚,巴塔哥尼亚地区主要位于阿根廷境内，小部分属于智利。几乎包括阿根廷本土南部的所有土地。面积约673000平方公里(260000平方哩)，由广阔的草原和沙漠组成，从南纬37°伸展到南纬51°。其边界大约西抵巴塔哥尼亚安地斯山脉，北滨科罗拉多河，东临大西洋，南濒麦哲伦海峡；海峡南面的火地岛分别隶属于阿根廷和智利，通常也划入巴塔哥尼亚的范围内。
Patagonia,Patagonia,巴塔哥尼亚，世界顶级户外奢侈品牌，全球功能与生活方式服饰的设计和营销的全球领导者，是美国户外品牌中的Gucci，裁剪和做工堪称完美。30多年来，Patagonia公司一直在引领着环境意识型和创新式户外功能产品以及制造技术的开发，作为全球第一流的户外装备生产商，Patagonia从来似乎都只为那些户外狂热的爱好者和登山家服务，其突出特点为精湛的细节设计。
南山湖,南山湖,南山湖全长11公里，湖面面积4000余亩．四周古木参天，山清水秀．湖西南是历史上有名的双溪江，南宋大诗人李清照曾在此地居住和泛舟，留下了脍炙人口的诗篇《武陵春》：“只恐双溪舴艋舟，载不动许多愁．”朱熹与吕规叔曾在此创办鹿门书院讲学，是南宋理学的发祥地之一．湖区集密林、丽湖、陡岩、怪石、飞瀑、幽潭、秀峰、悬崖于一身，是优秀的山水风光型旅游胜景。
龙涎,龙涎,龙涎，是古人传说中的龙的唾液，亦有龙涎香（抹香鲸消化系统所产生）龙涎井和龙涎酒等。与中国古代神话与传说有关，古代人民认为龙是一种神异动物，比较美好的象征含义。
洞察秋毫,洞察秋毫,洞察秋毫是一个成语，读音是dòngcháqiūháo，形容人目光敏锐，任何细小的事物都能看得很清楚。
鱼不吃,鱼不吃,鱼不吃，是目前中国公认的唯一顶级竞技诱鱼剂的品牌，专用于高端垂钓领域，特别是职业竞技钓鱼圈。能使鱼产生强烈的就食欲望，而且一旦诱鱼进窝，就长久不离开，直到钓完一窝的鱼。
天刀,笑剑钝,笑剑钝，霹雳布袋戏虚拟人物。身披飘逸黑羽氅，潇洒倜傥、温文优雅的翩翩贵公子，谈吐有礼且略带幽默，与身旁一群红粉知己流连临山古照，吟诗享乐，好不惬意。看似文风雅致，实则刀法深藏不露，难逢敌手 。诗号：鹏抟九万，腰缠万贯，扬州鹤背骑来惯。事间关，景阑珊，黄金不富英雄汉。一片世情天地间。白，也是眼。青，也是眼 。
路盛,路盛,路盛：2013年3月8日，华泰汽车召开新闻发布会宣布，代号为华泰B21的轿车将于本月18日正式上市销售，该轿车最终定名“路盛E70”。
森普,森普,森普是一名英格兰籍足球运动员，场上位置是中场。
生花,生花,
维氏,维氏,维氏（Victorinox）是瑞士的一个军刀品牌。Victorinox中文名维氏军刀1884年1月1日，维氏的始创人卡尔．埃尔森纳先生(Mr.KarlElsener)在瑞士施夫州(Schwyz)伊巴赫(Ibach)开办了他的刀具工场。
马特尔,马特尔,马特尔，一是突尼斯北部城镇，二是兴和县委宣传部副部长、党支部书记。
sns,SNS,SNS，专指社交网络服务，包括了社交软件和社交网站。也指社交现有已成熟普及的信息载体，如短信SMS服务。SNS的另一种常用解释：全称SocialNetworkingServices，即“社交网站”或“社交网”。SNS也指SocialNetworkSoftware，社交网络软件，是一个采用分布式技术，通俗地说是采用P2P（PeertoPeer）技术，构建的下一代基于个人的网络基础软件。
牧鱼人,牧鱼人,《牧鱼人》，同《牧渔人》，是2011年上映的中国剧情电影，由沙丽琼导演，巴多、元琛主演。《牧鱼人》讲述了哈萨克族牧民哈斯木世代过着逐水草而居的游牧生活，有一天，政府给牧民们下达了一份下山定居通知。哈斯木成为了钉子户，在村长的多次帮助和说教下，哈斯木同意下山并定居了下来并学习养鱼，最终哈斯木由一个牧羊人成长为当地第一位哈萨克族的养鱼专业户。 
干巴,干巴,干巴，指因脱水而收缩变硬；形容人的胖瘦。
spike,斯派克,斯派克是美国动画片《猫和老鼠》及其衍生作品中的角色，在番外篇《斯派克和泰克》中为主要角色。
MFREE,MFREE,
白雪公主,白雪公主,白雪公主（SnowWhite）是广泛流行于欧洲的一个童话故事中的人物，其中最著名的故事版本见于德国1812年的《格林童话》。讲述了白雪公主受到继母皇后（格林兄弟最初手稿中为生母）的虐待，逃到森林里，遇到七个小矮人的故事。历史学家巴特尔思据称白雪公主的历史原型是1725年生于德国西部美茵河畔洛尔城的玛利亚·索菲亚·冯·埃尔塔尔。 美丽的白雪公主受继母的嫉妒而被多次置于死地，最后在七个小矮人和王子的帮助下获得新生。爱慕虚荣、贪恋美貌的王后总是爱问镜子：“魔镜魔镜，谁是这个世界上最美的女人？”当镜子说是白雪公主时，王后就伪装成巫婆，骗白雪公主吃下毒苹果。吃下毒苹果的白雪公主被随后出现的王子救了，最终王子和公主幸福地生活在一起，王后得到了应有的惩罚。 
无空,无空,无空是《霹雳布袋戏》游戏中的人物，身份为三摩使之一。
凹凸,凹凸,凹凸，指(路面）高低不平，常用作成语凹凸不平。 
AOTU,AOTU,AOTU病毒群卷土重来磁碟机病毒在各安全厂商和媒体的一致喊打声中突然销声匿迹，但这仅仅是盗号集团的暂时退却，很快，我们发现又一类利用配置autorun.inf配置自动运行的木马下载者蜂拥而至，同样，这些疯狂的下载者，可一次性下载20-30个盗号木马，用户的电脑将面临又一次蹂躏。
bei,bei,bei是著名网络耽美写手，目前只在露西弗上连载其作品。另外"行为事件访谈法"（BehavioralEventInterview简称BEI）。
创途,创途,《创途》是指尖生花创作的网络小说，发表于起点网。
希格曼,希格曼,希格曼(HigmanGraham1917-)，英国数学家。早年就读于牛津大学，获硕士学位。
山海行,山海行,
偶神,偶神,
川泽,川泽,川泽，读音为chuānzé，是汉语词语，解释为河川和湖沼。
潮汐,潮汐,潮汐现象是沿海地区的一种自然现象，指海水在天体（主要是月球和太阳）引潮力作用下所产生的周期性运动，习惯上把海面垂直方向涨落称为潮汐，而海水在水平方向的流动称为潮流。我们的祖先为了表示生潮的时刻，把发生在早晨的高潮叫潮，发生在晚上的高潮叫汐。这是潮汐的名称的由来。
Napoleon,Napoleon,《Napoleon》，是AlbertPyun执导的一部电影，于2015年10月12日在美国上映。
真言,真言,真言是道家名词，先有真人，后有真言。真言是指真人所说的金言。
初炼,初炼,初炼是漂流木创作的，连载于晋江文学城的小说。
野村,野村,《野村》引是农民作者断欲的处女作，一部描写农民生活和苦难的社会大背景小说，气势辉煌大气磅礴，很有感染力，全书46万字166章节。《野村》最初的原稿是一部长达120W字的网络纪实小说，经作者三年修改，成就现在的《野村》该书自参加“长江杯”网络小说大赛以来，受到各界文化人士的褒奖，点击率也节节攀升。
海盗旗,图-160轰炸机,图波列夫图-160（俄文：ТуполеваТу-160，英文：TupolevTu-160，轰炸机项目编号70，Uзделие«70»）是苏联图波列夫设计局（现俄罗斯联合航空制造集团）研制的超音速变后掠翼远程战略轰炸机，北约赋予的代号为海盗旗（英文：Blackjack），同时其优雅的外形和俄罗斯空军的白色涂装使其也被赋予“白天鹅”的美称。 图-160是世界上最大的轰炸机，同时也装备着世界上推力最强劲的军用航空发动机；图-160旨在替换图-22M轰炸机，并与美国空军的B-1轰炸机相抗衡，后起之秀的图-160速度比美国B-1轰炸机快80%，比B-1轰炸机大将近35%。图-160的航程比B-1轰炸机多出将近45%。1987年5月，图-160开始进入部队服役，1988年形成初始作战能力。图-160的作战方式以高空亚音速巡航、低空亚音速或高空超音速突袭为主，在高空时可发射长程巡航导弹在敌人防空网外进行攻击；担任防空压制任务时，可以发射短距离导弹。此外，图-160还可以低空突袭，用核弹头的炸弹或是发射导弹攻击重要目标。 
水印,水印,水印，是指在造纸过程中形成的，“夹”在纸中而不是在纸的表面，迎光透视时可以清晰看到有明暗纹理的图形、人像或文字，它是纸张在生产过程中用改变纸浆纤维密度的方法而制成的。通常人民币、购物卷、粮票、证劵等等，都采用此方式，以防止造假。
KASE,KASE,英文缩写，有多重含义。概括是形成概念的一种思维过程和方法。即从思想中把某些具有一些相同属性的事物中抽取出来的本质属性，推广到具有这些属性的一切事物，从而形成关于这类事物的普遍概念。
缔造,缔造,缔造是一个汉语词语，拼音dìzào，作动词用，意思是造业、建造、创立、建立（多指伟大的事业）。经营创建。出自《宋书·谢庄传》：“使弛坠之构，更获缔造。”清·俞樾《春在堂随笔》卷二：“乘篮舆，度六桥，先至理安，时已尽毁於贼，正在缔造。”
哈拿,哈拿,哈拿是旧约圣经中的人物，其掀开了以色列民族崭新的历史时期。
佳宁,佳宁,《佳宁》是晋江文学城连载的近代现代小说，作者是柒小朱。
楚乔,楚乔,楚乔，风云令主，电视剧《楚乔传》女主角，由当红小花旦赵丽颖饰演。 
踏雪寻梅,踏血寻梅,《踏血寻梅》是由美亚电影制作有限公司出品的惊悚犯罪电影，由翁子光自编自导，郭富城、春夏、白只、金燕玲等主演。该片为第三十九届香港国际电影节闭幕电影，于2015年4月6日在香港首映。 影片以真实的肢解凶杀案改编，以警察的视点讲一个人性的故事。片中主要的三个人物分别是内地移民少女、失业货车司机及工作狂警察。获得第52届台湾电影金马奖9项提名 ，第35届香港电影金像奖7项奖项。 
动真格,特工争风,《特工争风》是由约瑟夫·麦克金提·尼彻执导，瑞茜·威瑟斯彭、克里斯·派恩、汤姆·哈迪等主演的喜剧爱情电影。该片讲述美国中情局的两位顶尖探员与一个事业有成女强人之间的爱情故事 。该电影于2012年6月19日在中国大陆上映。
仕途,仕途,仕途是汉语词汇，汉语拼音为shìtú，就是指知识分子通过学习和应试等方式，转变成国家管理者的过程；也可叫做官的途径、做官的道路、做官的生涯、做官的过程。另有图书仕途。
骆驼,骆驼,骆驼，头较小，颈粗长，弯曲如鹅颈。躯体高大，体毛褐色。极能忍饥耐渴。骆驼可以在没有水的条件下生存3周，没有食物可生存一个月之久。骆驼是骆驼科骆驼属的动物，只有两种。生活在沙漠边缘的人类早在公元前3000年已经开始驯养骆驼，作为役畜，以供驮运和骑乘，有许多国家有倚赖骆驼为生的骆驼牧民，甚至有骆驼骑兵。单峰骆驼毛短，主要生活在北非洲和西亚洲、印度等热带地域，生活在沙漠地带的牧民以骆驼奶甚至骆驼血作为食物，目前全世界只有1400万头，全部都是家畜。骆驼由于胃内附生有水俘，作储水用，故能耐渴。骆驼鼻子构造异常特别，鼻腔内布满弯曲微小气道。当骆驼大量消耗水分时，其分泌物变得干燥，形成硬膜。骆驼呼气时，这种硬膜能吸收来自肺部的水分；当它吸气时......
环岛,环岛,环岛，指在道路交叉口建设的一座圆形地物，多在多个交通路口交汇的地方设置的交通设施，因多为圆形的岛状，故称环岛。环岛能使车辆按同一方向行驶，将冲突点转变为通行点，能有效地减少交通事故的发生。有让车辆减速转弯的作用，目的是为了减少车辆行驶冲突。
静守时光,静守时光,《静守时光》是静守时光123创作的网络小说，发表于17K小说网。
极目,极目,极目，汉语词汇。拼音：jímù指满目；远望。语出汉王褒《四子讲德论》：“含淳咏德之声盈耳，登降揖让之礼极目。”
EASYDO,EasyDo,《EasyDo》是一款Android平台的应用。
妖怪,妖怪,妖怪是指除人类和神以外存在于天地中的超自然生命，即由于认知限制，人们暂时难以以科学解释的现象或事物。研究这方面的学问，称之为妖怪学，包含在民俗学、民族学、文化人类学、语言社会学等学科研究里，虽不属于独自发展的学问，亦是一门有系统的学说。 
无花果,无花果,无花果（FicuscaricaLinn.）是一种开花植物，隶属于桑科榕属，主要生长于一些热带和温带的地方，属亚热带落叶小乔木。无花果目前已知有八百个品种，绝大部分都是常绿品种，只有长于温带地方的才是落叶品种。果实呈球根状，尾部有一小孔，花粉由黄蜂传播。又名阿驲（《酉阳杂俎》、译自波斯语：anjir），无花果除鲜食、药用外，还可加工制干、制果脯、果酱、果汁、果茶、果酒、饮料、罐头等。无花果干无任何化学添加剂，味道浓厚、甘甜。无花果汁、饮料具有独特的清香味，生津止渴，老幼皆宜。无花果树枝繁叶茂，树态优雅，具有较好的观赏价值，是良好的园林及庭院绿化观赏树种。它当年栽植当年结果，是最好的盆栽果树之一。如果大力开发无花果盆景，效益将十分明显，是目前利润率最高的盆栽果树之一。在《圣经》（新约）中也有无花果与耶稣的故事（四福音）。
宁威,宁威,宁威，男，1977年出生，现任北京工商大学保险学系副主任，国家级精品课程《保险学》主讲教师。
白领公社,白领公社,白领公社是中国首家白领群主题的综合型B2C电子商务门户级购物网站，也是目前网购平台中最早集渠道拓展、在线订购、售后服务、会员之家于一体的知名品牌。产品涵盖女装、男装、袜子、丝巾、领带、首饰、配饰、创意办公桌面用品和便携用品等九大领域。支持14天退换货保障，100%正品保障，以及独家“六星评级”商品质量保障体系，力求打造360度全方位“品质网购”的购物体验环境。自白领公社上线以来，已凭借简单、快捷、人性化的购买方式和物美价廉的性价比优势，带给白领群体前所未有的新型购物体验，并已成为白领群体网购首选对象。
嘉德威,嘉德威,杭州嘉德威钢琴有限公司创意园总投资4亿，厂房面积8.5万平方米，拥有世界高端的专业化数控和全自动设备，是一家专业制造中、高端钢琴的现代化钢琴企业，设计年产量将达到8万台。
洛凌,洛凌,《洛凌》是在红袖添香网连载的古装言情小说，作者是蓝若玫瑰琳。
蜥甲龙,蜥甲龙,蜥甲龙（学名Sauroplites）又名重装甲龙，是甲龙下目的一属恐龙，生存于下白垩纪的中国。模式种是结节蜥甲龙（S.scutiger），于1953年由Bohlin所描述，由于化石材料是碎片，而通常被认为是疑名。蜥甲龙的化石是于中国甘肃省发现，被估计是属于巴列姆阶至阿普第阶之间。一些学者认为它可能其实是沙漠龙的一个标本。
OWNER,owner,owner，英语名词，意思是物主，所有人。
文才,文才,文才（1241～1302）元代僧。俗姓杨。字仲华。博通古今坟典史籍，尤精性理之学。
猎尊,猎尊,《猎尊》是起点中文网连载的一部作品，作者是十二月雨季。
遇见幸福,遇见幸福,《遇见幸福》为由陈奕与沈建宏组成的AK组合于2013年发行的专辑《Gentleman》中的一首歌曲。AK的《遇见幸福》这首歌是以第三人献上祝福为基调的一首歌，歌词很口语却又不落俗套，易懂也很有深度。为婚礼填满甜蜜幸福，将是最能见证新人间幸福宣言的代表作。
华佗,华佗,华佗 （约公元145年－公元208年），字元化，一名旉，沛国谯县人，东汉末年著名的医学家。华佗与董奉、张仲景并称为“建安三神医”。少时曾在外游学，行医足迹遍及安徽、河南、山东、江苏等地，钻研医术而不求仕途。他医术全面，尤其擅长外科，精于手术。并精通内、妇、儿、针灸各科。 晚年因遭曹操怀疑，下狱被拷问致死。华佗被后人称为“外科圣手” 、“外科鼻祖”。被后人多用神医华佗称呼他，又以“华佗再世”、“元化重生”称誉有杰出医术的医师。
驰为,驰为,驰为是深圳市漫音科技有限公司的品牌。
鱼乐圈,鱼乐圈,《鱼乐圈》是陈楚生演唱的歌曲，是由陈楚生本人填词谱曲创作的，收录于陈楚生2009年12月26日发表的专辑《春去冬来》中。
MONKEY MAGIC,Monkey Magic,《MonkeyMagic》是沼仓爱美&原由実的音乐作品，收录在《TheIdolm@SterStation!!+MondayNightFever☆(动画《偶像大师》)》专辑中。
金百利,金百利,金百利，加拿大冰球女运动员。
蓝族,蓝族,《蓝族》，作者幻影灵枫，连载网站17k小说网。
雀鹰,雀鹰,雀鹰（学名：Accipiternisus）属小型猛禽，体长30-41厘米。雌较雄略大，翅阔而圆，尾较长。雄鸟上体暗灰色，雌鸟灰褐色，头后杂有少许白色。下体白色或淡灰白色，雄鸟具细密的红褐色横斑，雌鸟具褐色横斑。尾具4-5道黑褐色横斑，飞翔时翼后缘略为突出，翼下飞羽具数道黑褐色横带，通常快速鼓动两翅飞一阵后接着又滑翔一会。栖息于针叶林、混交林、阔叶林等山地森林和林缘地带。日出性。常单独生活。或飞翔于空中，或栖于树上和电柱上。以雀形目小鸟、昆虫和鼠类为食，也捕食鸽形目鸟类和榛鸡等小的鸡形目鸟类，有时亦捕食野兔、蛇、昆虫幼虫。分布于欧亚大陆，往南到非洲西北部，往东到伊朗、印度和中国及日本。越冬在地中海、阿拉伯、印度、缅甸、泰国及东南亚国家。
惠维,惠维,字书乡人，号墨韵轩主，一九五四年生于西安灞桥。自幼酷爱书画，其作品特点是：“大气磅礴，抱朴藏拙”。
STEPHANIE,Stephanie,Stephanie（ステファニー），1987年8月5日出生于美国加州，日本歌手。她住在东京都，青山学院大学法学部在读。父亲是美国人，母亲是日本人。因为练得五个高八度的音域，受到注明而被发掘出来。同模特儿太田莉菜及歌手矢住夏菜关系友好。
战猫,战猫,战猫讲述了伟诺，他是一名高中生，是青妍的药水使得他获得了超能力。变身后为猫的外表，技能是双手喷出火焰。曾经以为高中生活枯燥的他，因为群魔出笼，从而与魔族奋战，带领幸存者冲出围困。出自于小说《战猫传奇》 
沃尔玛,沃尔玛百货有限公司,沃尔玛百货有限公司，即沃尔玛公司（WalMartInc.）（NYSE：WMT），是一家美国的世界性连锁企业，以营业额计算为全球最大的公司，其控股人为沃尔顿家族。总部位于美国阿肯色州的本顿维尔。沃尔玛主要涉足零售业，是世界上雇员最多的企业，连续4年在美国《财富》杂志世界500强企业中居首位。沃尔玛公司有8500家门店，分布于全球15个国家。沃尔玛在美国50个州和波多黎各运营。沃尔玛主要有沃尔玛购物广场、山姆会员店、沃尔玛商店、沃尔玛社区店等四种营业方式。2013年11月25日，任命国际业务部主管董明伦（DougMcMillon）接任杜克（MikeDuke）为沃尔玛总裁兼首席执行官，该任命从2014年2月1日起正式生效。 2014年12月11日，海外媒体称沃尔玛将关闭约30%的中国门店。沃尔玛12月2日对中国区管理层以重组进行了裁员。 2014年12月沃尔玛非常重视对其公司不当行为的指控。 2016年6月29日，沃尔玛表示将向美国所有消费者开放两日达免费送货服务，这是沃尔玛在这一服务上的再一次拓展。 北京时间2016年7月20日晚与全球同步发布了最新的《财富》世界500强排行榜 。2017年6月7日发布的2017年《财富》美国500强排行榜，沃尔玛连续第五年蝉联榜首。2017年7月20日发布的《财富》世界500强排行榜，沃尔玛连续四年排名第一位。 
猴王,孙悟空,孙悟空是中国著名的神话人物之一，出自四大名著之《西游记》。祖籍东胜神州，由开天辟地以来的仙石孕育而生，因带领群猴进入水帘洞而成为众猴之王，尊为“美猴王”。后经千山万水拜须菩提祖师为师学艺，得名孙悟空，学会地煞数七十二变、筋斗云、长生不老等高超的法术。神通初成的孙悟空先大闹龙宫取得如意金箍棒，又大闹地府勾去生死簿，后被天界招安，封为弼马温。得知职位低卑后生气返回花果山，并战胜托塔天王和三太子的讨伐，迫使玉皇大帝封其为齐天大圣，并在天庭建齐天大圣府，奉旨管理蟠桃园。因醉酒搅乱王母的蟠桃盛会，偷吃太上老君的金丹，炼成了金刚不坏之躯，阴差阳错间在太上老君的炼丹炉中炼就火眼金睛。之后大闹天宫，十万天兵天将、四大天王、二十八星宿对其围剿亦不能将其打败，后来在与如来的打赌斗法中失利，被压在如来舍去一手化作的五行山（唐时更名两界山）下五百余年悔过自新。后经观音点化，被唐僧救出，法号行者，保护唐僧西天取经，一路降妖除魔，不畏艰难困苦，历经九九八十一难，最后取得真经修成正果，被封为斗战胜佛。孙悟空生性聪明、活泼、忠诚、嫉恶如仇，在民间文化中代表了机智、勇敢。自唐代出现西游传说，一直延续至明清，明代出现这些传说的集大成本《西游记》。孙悟空在历代的这些民间神话里，被中国人奉为神明。
守护者,守护者：世纪战元,《守护者：世纪战元》是由萨里·奥德赛耶执导，塞巴斯蒂安·斯萨克、瓦谢斯拉夫·拉贝戈耶夫、桑扎尔·马季耶夫、艾琳娜·拉尼娜联合主演的科幻动作片。该片讲述了俄罗斯为了应对野心勃勃的邪恶博士颠覆国家的恐怖袭击，重启冷战时期爱国者超级英雄计划的故事。该片于2017年2月23日在俄罗斯上映。2017年5月19日在中国内地上映 。
迪士尼,迪士尼,全球闻名遐迩的迪士尼，全称为TheWaltDisneyCompany，取名自其创始人华特·迪士尼，是总部设在美国伯班克的大型跨国公司，主要业务包括娱乐节目制作，主题公园，玩具，图书，电子游戏和传媒网络。皮克斯动画工作室（PIXARAnimationStudio）、惊奇漫画公司（MarvelEntertainmentInc）、试金石电影公司（TouchstonePictures）、米拉麦克斯（Miramax）电影公司、博伟影视公司（BuenaVistaHomeEntertainment）、好莱坞电影公司（HollywoodPictures）、ESPN体育，美国广播公司（ABC）都是其旗下的公司（品牌）。迪士尼于2012年11月收购了卢卡斯影业。2017年6月，《2017年BrandZ最具价值全球品牌100强》公布，迪士尼排名第18位。 
Disney,迪士尼,全球闻名遐迩的迪士尼，全称为TheWaltDisneyCompany，取名自其创始人华特·迪士尼，是总部设在美国伯班克的大型跨国公司，主要业务包括娱乐节目制作，主题公园，玩具，图书，电子游戏和传媒网络。皮克斯动画工作室（PIXARAnimationStudio）、惊奇漫画公司（MarvelEntertainmentInc）、试金石电影公司（TouchstonePictures）、米拉麦克斯（Miramax）电影公司、博伟影视公司（BuenaVistaHomeEntertainment）、好莱坞电影公司（HollywoodPictures）、ESPN体育，美国广播公司（ABC）都是其旗下的公司（品牌）。迪士尼于2012年11月收购了卢卡斯影业。2017年6月，《2017年BrandZ最具价值全球品牌100强》公布，迪士尼排名第18位。 
相信,相信,《相信》是由吴依铮作词，小硕、吴庆隆作曲，孙燕姿演唱的一首歌曲，收录在孙燕姿的专辑《我要的幸福》中。《相信》是一首燕姿式的歌，歌词富有意味。歌曲中钢琴加摇铃的搭配再加上间奏的弦乐，受到了很多人的喜欢。
门扉,门扉,《门扉》是一首歌，由竹内顺子演唱。
HIMEN,himen,HIMEM是一个扩展内存管理程序，该程序协调计算机扩展内存（其中包括高端内存区HMA）的运行，令同一时间内没有两个程序或设备驱动程序使用相同的内存。
蓝航,蓝航,东莞蓝航电子是一家以设计研究、产品开发为龙头，集生产、销售、服务于一体的变压器生产多元化公司，厂房面积1200平方米，位于广东省东莞市联成工业区。
秦火,秦火,秦火指秦始皇焚书事。唐孟郊《秋怀》诗之十五：“秦火不爇舌，秦火空爇文。”宋陆游《鼠败书》诗：“坐令汉箧亡，不减秦火厄。”明方孝孺《有子》：“不幸重之以秦火，孔子之微言几不复存。”瞿秋白《赤都心史》三五：“心与智不调，请寻一桃源，避此秦火。”
骑兵连,骑兵连,骑兵连是电视剧《亮剑》中的部队编制。
cavalry,铁骑,“铁骑”一词源自古代军事领域，是古代军事战争中骑兵的一种，属重型兵种，又称重骑兵，是古代战争中威力巨大的力量之一。读音，为tiěqí。骑的读音应该读qí。1985年以前，有两个读音。骑，动词，如骑马。jì，名词，如单骑，胡骑。1985年国家语委颁布普通话异读词审音表，废jì，统读qí。应该读qí，原因如下：1、骑：其中一个义项指骑的马，泛指人乘坐的动物，符合坐骑意。2、现代汉语中，只有qí的读音，已经没有jì的读音了。
原始人,原始人,1938年，中国考古学家纪蒲泰等人到青海南部的巴颜喀拉山地区考察时，在一个不太显眼的山洞里共挖出716块花岗石圆形体，中间稍四无孔，每块厚度约2厘米，从中间向四周辐射出许多十分规则的水波纹线条，极似现代的镭射唱片，上面还刻有许多现代人无法解读的各种符号。经过测定，这些石盘大约是五万多年以前的东西。后来，石盘几经辗转到达苏联，在莫斯科所作的各项科学分析表明，这些石盘含有大量的钻金属和其他金属元素，而且石盘的振荡频率特别高，这说明它长期用于高电压之中，仿佛石盘曾经带电，或者是某种电路的组成部分。
引路人,引路人,引路人，代表人物孙中山为中华民国的引领者;毛泽东为中华人民共和国的引路者领航人!
黑街,黑街,GANGSTA，是日本漫画家コースケ所著的青年漫画。2011年3月号（创刊号）在新潮社《月刊Comic@BUNCH》上开始连载。于2014年7月宣布TV动画化，同年8月宣布与TV动画化声优一致参与的广播剧于漫画第六卷一起发售。动画于2015年7月播出，全12话。
菲戈,路易斯·菲戈,路易斯·菲戈（LuísFigo），1972年11月4日出生于葡萄牙里斯本，前葡萄牙足球运动员，葡萄牙国家男子足球队中场，葡萄牙黄金一代的领军人物，6届葡萄牙足球先生，曾经效力的球队有葡萄牙体育、巴塞罗那、皇家马德里、国际米兰等。菲戈的足球生涯开始于葡萄牙劲旅葡萄牙体育俱乐部，2000年7月以当时世界最高身价从巴塞罗那转会皇家马德里。2000年凭借出色的发挥当选欧洲足球先生，2001年被评为世界足球先生。2001/02赛季随皇马获得欧冠冠军，2006年转会国米也帮助国米获得意甲等冠军。2009年5月31日，路易斯·菲戈宣布退役。菲戈是葡萄牙“黄金一代”的领袖人物之一。在1989年和1990年，菲戈率领葡萄牙青年队先后夺得了国际足联世界少年足球锦标赛季军和国际足联世界青年足球锦标赛的冠军。菲戈是2001年世界足球先生得主 。
赛影,赛影,赛影，长城汽车的一款RUV（多功能商务车）。赛影系列商务车是以全新美学观念打造的时尚车体，个性不羁，大胆前卫。线条简洁有力，动感雄浑。宽距车身、一体式中网、前保险杠和谐搭配，铝合金轮毂、顶置框式行李架、豪华背负式备胎等彰显赛影的粗犷、豪放。
狂侠,狂侠,狂侠，拼音为kuángxiá，放荡狭邪。侠，通“狭”。
猎牙,猎牙,《猎牙》是连载于云中书城的网络小说，作者是袁中侠。
阿里木,阿里木,阿里木·哈力克，中国民间慈善家。1971年生于中华人民共和国新疆维吾尔自治区和静县乃门莫墩乡农村，维吾尔族人。1989年至1992年在中国人民解放军服役。2002年来到贵州省毕节市，以烤羊肉串为生。从2006年起，用烤羊串挣来的钱在毕节学院设立“阿里木奖学金”，专门资助贫困学生。被评为2007年贵州都市十大人物、贵州省第二届“助人为乐”道德模范，2011感动中国人物获得者。
HE,氦,氦（Helium），为稀有气体的一种。元素名来源于希腊文，原意是“太阳” 。1868年法国的杨森利用分光镜观察太阳表面，发现一条新的黄色谱线，并认为是属于太阳上的某个未知元素，故名氦。氦在通常情况下为无色、无味的气体，是唯一不能在标准大气压下固化的物质。氦是最不活泼的元素。氦的应用主要是作为保护气体、气冷式核反应堆的工作流体和超低温冷冻剂。2017年2月6日，中国南开大学的王慧田、周向锋团队及其合作者在《NatureChemistry》上发表了有关在高压条件下合成氦钠化合物——Na2He的论文 ，结束了氦元素无化合物的历史，这标志着我国在稀有气体化学领域走向了最前端。
阿克西亚,阿克希亚,阿克希亚是开发商淘米公司，发布的专门为中国18岁以下儿童开发设计的第二款主题社区游戏《赛尔号》中的一个角色。在赛尔号1中出现。
潮流,潮流,本义指由潮汐引起的水流运动，引申义为流行趋势的动向，比喻社会变动或发展的趋势，在电力工程中特指电网各处电压（包括幅值与相角）、有功功率、无功功率等的分布。
TIDE,Tide,Tide是英文单词。英n.趋势；潮流；潮汐；潮水v.渡过；（使）随潮漂流
新朝,新朝,新朝（8年—23年），是继西汉之后由西汉外戚王莽建立的朝代。公元8年腊月，王莽废汉孺子（刘婴）为安定公，改国号为新，建都常安（今西安汉长安城遗址），史称新莽。 王莽称帝后进行了多项改革，包括：推行王田制，限制私有土地持有，超出部分为国有，无土地者由国家分配，一夫百亩，目的是解决西汉后期以来土地兼并严重的问题，但是完全无法执行；禁赏奴婢；推广国营事业；改革币制等。唯新朝政令繁琐，且朝令夕改，改革最终失败，导致新朝急速灭亡。 地皇四年（23年），新朝被绿林军推翻；共1帝、15年国祚。历农民战争后，刘玄建立玄汉政权。 新朝开创了中国历史上通过禅让称帝成功的先河，因为传统史观相对于通过战争革命取得政权，比较鄙弃禅位这种移转政权的方式，所以王莽一直被中国史学家误认为是“伪君子”。中国古代史学家对新朝的评价几乎都是负面的，尤其是《汉书》视王莽为逆臣贼子。后世亦是按汉书观点评价王莽，直到清末之后，评价才有所改变。
闪雷,闪雷,《闪雷》是作者小米发表在3G书城连载网站的一本小说。
DMK,dmk,Dmk魔兽世界游戏。曾经是国F3区熊猫酒仙的一个男亡灵法师，中国人，DMK是魔兽世界这款风靡全球的网络游戏中比较著名的一个法师，年仅13岁，以平民化的装备，出色的意识，神奇的工程、饰品运用，高超的魔兽视频制作水平而出名。
海伯,海伯,
博远,博远,博远，读音bóyuǎn，汉语词语，指广大而深远。
三奇,三奇,三奇是一个词语，在奇门遁甲中指“丙、乙、丁”三天干。乙乃甲之妹，甲以妹乙嫁于庚，乙与庚合而能救甲，故乙为一奇。丙为甲之子，丙火能克庚金而救甲，故丙为二奇。丁为甲之女，丁火亦能克庚金而救甲，故丁为三奇。三奇者，乃乙丙丁，然不如见卯巳午为贵。查法：天干有乙丙丁或地支有卯巳午，顺行为妙。
大鲨鱼,沙奎尔·奥尼尔,沙奎尔·奥尼尔（ShaquilleO'Neal），1972年3月6日出生于美国新泽西内瓦克，前美国职业篮球运动员，司职中锋，小名“沙克”（Shaq），绰号“大鲨鱼”。沙奎尔·奥尼尔在1992年NBA选秀中于第1轮第1位以状元秀的身份被奥兰多魔术队选中 ，职业生涯曾效力于奥兰多魔术队、洛杉矶湖人队、迈阿密热火队、菲尼克斯太阳队、克里夫兰骑士队以及波士顿凯尔特人队，新秀赛季当选NBA年度最佳新秀，4次夺得NBA总冠军 ，2000年当选NBA常规赛MVP ，3次当选NBA总决赛MVP（FMVP） ，15次入选NBA全明星阵容并3次当选NBA全明星MVP ，8次入选NBA最佳阵容一阵，4次入选NBA最佳阵容二阵 ，2次入选NBA最佳阵容三阵 ，3次入选NBA最佳防守阵容二阵 ，2次当选NBA得分王 。1996年，沙奎尔·奥尼尔入选NBA50大巨星 。2011年6月2日，“大鲨鱼”沙奎尔·奥尼尔在推特上宣布退役 。 沙奎尔·奥尼尔的NBA生涯场均得到23.7分、10.9个篮板、2.3次盖帽；生涯共得到28596分，13099个篮板球，以及拥有58.2%的投篮命中率，是NBA实力最强的中锋之一 。2013年4月3日，湖人队在主场迎战小牛队比赛的中场时间，为沙奎尔·奥尼尔的34号球衣举办了球衣退役仪式 。2016年4月4日，沙奎尔·奥尼尔正式入选2016年奈·史密斯篮球名人纪念堂。 同年12月23日，热火主场迎战湖人，在中场休息期间为奥尼尔的32号球衣举办了球衣退役仪式 。
猎鲨,猎鲨,《猎鲨》是2003年上映的美国电影，由丹尼·勒纳执导，迪安·克朗，艾伦·奥斯汀等主演。《猎鲨》讲述一名潜水员看到他的父亲和其他几个潜水员活生生地被几条大白鲨吃掉。十年过去了，他自己也陷入了同样的困境。这一次他的妻子和儿子也同样陷入了危险，而危险不止来自凶悍的鲨鱼，还来自可恶的走私犯。
公狼,公狼,公狼，狼群中的雄性群体统称，体态较母狼较庞大且更凶猛，在狼群中最重要起保护母狼及幼崽的作用。公狼中最优秀的个体又称头狼，在群体中主要起领导及指挥作用，拥有非凡的信念、野心、胆识、霸气、谋略等。
锋锐,锋锐,锋锐（克拉霉素分散片），适应症为本品适用于克拉霉素敏感菌所引起的下列感染：鼻咽感染：包括扁桃体炎、咽炎、副鼻窦炎；下呼吸道感染：包括支气管炎、细菌性肺炎、非典型肺炎；皮肤感染：脓疱病、丹毒、毛囊炎、疖和伤口感染。
圣汐,圣汐,一、Sunseeker品牌于1970年诞生于澳洲西海岸斯卡伯勒郊外的阳光海滩，40多年以来已改写了澳大利亚甚至全球的泳装时尚风潮。时尚的设计、合身的剪裁以及舒适的布料令其在全球有口皆碑，也赋予消费者宛若「第二层肌肤」的极致穿着感。作为以女款泳装起家的品牌，Sunseeker始终深谙女性需求，与时俱进地不断打造出舒适与美感兼备的时款泳衣，令女士们尽现婀娜多姿的优雅身段。发展至今，Sunseeker也特别提供高品质的男款和趣致的儿童款泳装，让全家共享阳光沙滩的时尚魅力。自1973年起，Sunseeker开始开发自己的泳装材质，这一源于欧洲的出色微纤维材质触感柔软，具有快干、耐氯性、抗紫外线等领先功能设计，并成为其产品的制胜之本。Sunseeker始终力求通过顶级材质与前卫设计打造与身材完美契合的泳装单品，确保入水和出水时轻松舒适。同时，作为作为全球最早开发出分体式泳衣的品牌之一二、1968年，在英国多塞特郡（Dorset）的普尔（Poole），RobertBraithwaite开始涉足制造第一艘游艇的时候，他并不知道，从此，“豪华游艇”的定义将被他彻底改变。SunseekerInternational有限公司的董事RobertBraithwaite和JohnBraithwaite俩兄弟，于1962年开始在英格兰南部靠近南安普敦的普尔建造最好最高级的游艇。直到今天，他们建造的游艇也始终比其他同类产品更大、更好、速度也更快。
Sunseeker,圣汐,一、Sunseeker品牌于1970年诞生于澳洲西海岸斯卡伯勒郊外的阳光海滩，40多年以来已改写了澳大利亚甚至全球的泳装时尚风潮。时尚的设计、合身的剪裁以及舒适的布料令其在全球有口皆碑，也赋予消费者宛若「第二层肌肤」的极致穿着感。作为以女款泳装起家的品牌，Sunseeker始终深谙女性需求，与时俱进地不断打造出舒适与美感兼备的时款泳衣，令女士们尽现婀娜多姿的优雅身段。发展至今，Sunseeker也特别提供高品质的男款和趣致的儿童款泳装，让全家共享阳光沙滩的时尚魅力。自1973年起，Sunseeker开始开发自己的泳装材质，这一源于欧洲的出色微纤维材质触感柔软，具有快干、耐氯性、抗紫外线等领先功能设计，并成为其产品的制胜之本。Sunseeker始终力求通过顶级材质与前卫设计打造与身材完美契合的泳装单品，确保入水和出水时轻松舒适。同时，作为作为全球最早开发出分体式泳衣的品牌之一二、1968年，在英国多塞特郡（Dorset）的普尔（Poole），RobertBraithwaite开始涉足制造第一艘游艇的时候，他并不知道，从此，“豪华游艇”的定义将被他彻底改变。SunseekerInternational有限公司的董事RobertBraithwaite和JohnBraithwaite俩兄弟，于1962年开始在英格兰南部靠近南安普敦的普尔建造最好最高级的游艇。直到今天，他们建造的游艇也始终比其他同类产品更大、更好、速度也更快。
荷马,荷马,荷马（Ὅμηρος/Homer，约前9世纪—前8世纪），古希腊盲诗人。相传记述了公元前12～前11世纪特洛伊战争，以及关于海上冒险故事的古希腊长篇叙事代表作——史诗《伊利亚特》和《奥德赛》，即是他根据民间流传的短歌综合编写而成。他生活的年代，当在公元前10～9、8世纪之间。他的杰作《荷马史诗》，在很长时间里影响了西方的宗教、文化和伦理观。“荷马”一词的希腊原文含义多样，至今未能确定。
LYKAN,lykan hypersport,LykanHypersport是由成立于2012年的黎巴嫩的公司WMotors所限量生产的跑车，全球限量生产7台。LykanHypersport大量运用奢华材质，车上很多地方采用钛合金金属与碳纤维材料，头灯还是采用钻石涂层的LED大灯，座椅则采用金线缝制。此外，在2015年的天津车展上，该车售价高达1077万美元（约合人民币7000余万元）。
i酷,爱酷,爱酷是优酷旗下一款小巧的客户端软件。提供下载，转存，播放，搜索，上传视频五大功能。
IKU,iku,iku，女，日本人，歌手。2006年开始现场演唱以及发售歌曲，引起了高濑一矢的注意。
康尔,康尔,康尔，南京大学艺术研究院教授、博导、副院长，国家教育部艺术教育委员会委员；国家教育部戏剧、影视、广播类专业教学指导委员会委员；国家教育部全国高校艺术教育专家讲学团特聘专家；中央"马工程"重点教材《艺术学概论》编写专家；江苏省传媒艺术研究会副会长；江苏省高校艺术教育研究会副会长。2007年10月26至29日中央电视台的百家讲坛栏目播出由康尔主讲的四集讲座《传奇紫砂壶》。2014年9月获“中国曲艺牡丹奖·理论奖”。 
KingCamp,KingCamp,KingCamp，是一个家庭户外自驾露营装备品牌，创立于2002年，产品涵盖露营、徒步、旅行、休闲等方面，旨在为全球提供高性价比的专业户外用品。KingCamp始终致力于向全世界推广户外生活方式，以其“舒适、轻松、分享、环保”的户外理念、独特的设计、专业的品质和优质的服务赢得全世界户外爱好者的青睐，产品畅销全球30多个国家。
何金昌,何金昌,董事长何金道（字金昌）先生把内增高鞋这一当初的想法付诸行动，申请获得国家专利，且以自己的名字命名。由此，中国第一双内增高鞋诞生。年底，由于对品质、舒适度的高要求，“何金昌”自建工厂。2000年7月，由于规模的不断扩大，广州市畅丰鞋业有限公司进行了第一次扩厂。2002年何金昌品牌正式从传统批发向专柜、专卖店加盟销售模式转变；同年，被评为“十大商场百佳品牌”、“广州万民铸诚信荣誉品牌”。
禾场,禾场,禾场（hécháng），是一个汉语词汇，意思是指脱粒和扬晒庄稼的场地。
徐健,徐健,徐健，男，汉族，1975年6月出生，江苏泰州人，1997年1月加入中国共产党，2001年3月参加工作，同济大学经济与管理学院管理科学与工程专业毕业，硕士研究生学历。曾任甘肃省陇南市人民政府副市长。 
万多,万多,万多是一名巴西籍足球运动员，球场位置是前锋。
网侠,网侠,网侠与网商的区别，不只是网商，也包括了其它从事或爱好互联网创业的人群。同时，网侠也包括了行迹于互联网的各色人群，包括，学生，黑客，新闻媒体人，各色泡论坛，泡社区，以及游戏人群。网侠的并不以职业来划分，而是基于网侠的一些公共定义形成的人群。
哈尔滨,哈尔滨,哈尔滨，简称“哈”，别称“冰城”，是黑龙江省省会、副省级市、特大城市、中国东北地区中心城市之一，哈尔滨都市圈核心城市，是东北北部交通、政治、经济、文化、金融中心，也是中国省辖市中陆地管辖面积最大、户籍人口居第三位的特大城市，地处中国东北平原东北部地区、黑龙江省南部，国家重要的制造业基地 。截至2015年，哈尔滨总面积5.31万平方公里，市辖区面积10198平方公里，辖9个市辖区、7个县，代管2个县级市，常住人口1066.5万人。哈尔滨地处东北亚中心地带，被誉为欧亚大陆桥的明珠，是第一条欧亚大陆桥和空中走廊的重要枢纽，也是中国历史文化名城、热点旅游城市和国际冰雪文化名城。是国家战略定位的“沿边开发开放中心城市”、“东北亚区域中心城市” 及“对俄合作中心城市”。 2015年，哈尔滨实现地区生产总值5751.2亿元，比上年增长7.1%。其中，第一产业实现增加值672.6亿元，增长7.2%；第二产业实现增加值1862.8亿元，增长4.1%；第三产业实现增加值3215.8亿元，增长9.3%。三次产业结构由上年的11.7：33.4：54.9调整为11.7：32.4：55.9。 2017年11月，复查确认继续保留全国文明城市荣誉称号。 2017年中国百强城市排行榜排第23位。 2017年12月，获得“厕所革命优秀城市奖”。 2017年12月，当选中国十佳冰雪旅游城市。 
梦芭莎,梦芭莎,梦芭莎为时尚供应链管理机构衣路集团旗下核心网络零售平台，2006年12月创立，是中国地区拥有自主品牌的垂直电商平台和时尚产品购物平台。梦芭莎拥有产品设计、品牌推广、供应链全球化、全方位采购、品牌管理、物流配送等综合能力，在美国洛杉矶、纽约，中国香港、上海、广州和北京设有多个设计及产品管理中心，覆盖男装、女装、童装、内衣及化妆品事业等多个领域。梦芭莎致力于为中国消费者提供国际化的时尚产品，环球时尚梦想成真。 
猎途,猎途,《猎途》是原创奇幻魔法类网络小说，作者书言，小说目前处于连载中。
天火,天火,天火是在《变形金刚G1》中登场的虚拟角色，汽车人，早期的探险者是一个传奇人物，战斗力不亚于领袖。汽车人可靠的空中战斗、运输力量。
skyfire,skyfire,Skyfire是国外比较流行的一款全功能浏览器（免费，非开源），由多个平台版本，我们通过E71来体验SymbianOS平台版本的Skyfire。Skyfire的特性是可以完美还原网页内容，特别是Flash视频，同时还支持AJAX技术。
FN,FN,比利时FN公司位于比利时列日市附近的赫斯塔尔（B-4400）区列日路33号，始建于1889年，至今已有百年历史。它的法文全称为“FabriqueNationaled'ArmesdeGuerre，HerstallezLiége”，直译是“列日市赫斯塔尔国家兵工厂”，取前两个法文词首简称FN公司。
探拓,探拓,探拓 （TECTOP）是宿州盈德服装有限公司 在中国商标局注册的品牌，商标注册号：18208607 。
领路者,领路者,领路者是北京中鼎利宏文化发展有限公司旗下品牌，于2009年09月14日正式注册。 
逐波,逐波,《逐波》是连载于晋江文学城的小说，作者是囧囧老愚。
夜眼,夜眼,夜眼，读音yèyǎn，汉语词语，指马膝上所生皮肤角质块或视力很强能夜间视物者。
呈瑞,呈瑞,呈瑞，汉语词语，拼音：chéngruì，释义：指呈祥。
信天翁,信天翁,鸟纲，信天翁科各种类的通称。体长约70—140厘米，为大型海鸟。嘴前端钩曲。鼻孔呈管状，左右分开。翅较长，尾较短。腿短，位于身体后部。后趾缺少或退化，前三趾具全蹼。集群营巢于海岛上。主食鱼类及头足类。全世界有14种，南北半球均有分布。其中短尾信天翁体长约95厘米，嘴肉红色，先端白色。体羽主要为白色，颈部淡黄色。初级飞羽和尾端褐色。繁殖于中国南部海域，冬季见于中国山东、台湾等沿海。为稀有种类。 
狼岩,狼岩,狼岩（wolfrock）是杭州岩途户外用品有限公司旗下户外运动品牌。是一家集自主生产、销售等客户服务，创立于2008年，位于杭州市余杭区，拥有30余名员工。
WOLFROCK,狼岩,狼岩（wolfrock）是杭州岩途户外用品有限公司旗下户外运动品牌。是一家集自主生产、销售等客户服务，创立于2008年，位于杭州市余杭区，拥有30余名员工。
佐贺,佐贺县,佐贺县位于日本九州岛西北部，肥前半岛根部，东邻福冈县，西界长崎县，南濒有明海，北面有玄海滩，是九州七个县中最小的县。总面积2439.54平方公里，森林覆盖面积占45.1%，耕地面积23.9%，其主要经济结构为服务业、制造业、建筑业、农林水产业，以渔业和农业为中心产业，海苔的产量居日本全国首位，蜜橘、糯米、小麦也产量丰富，是日本的重要产稻地方。特色产业为陶瓷，最有名的是称为唐津烧、有田烧和伊万里烧的陶器，是日本的“陶瓷工艺之乡”。历史文化底蕴丰厚，文物古迹众多。
川跃,川跃,川跃源自于北欧著名登山运动户外专家winpolar团队创立于1988年，起源于瑞典的斯德哥尔摩城，他一度成为瑞典皇室户外运动的指定产品，在这个被誉为森林王国和北欧雪国的瑞典，户外运动成为全民运动，winpolar团队根据28年的专业户外经验，秉承挑战极限，超越自我的理念，结合多位北欧设计大师独特的设计，上乘的品质，享誉欧洲，旗下产品引领全球的户外运动理念和功能趋势，其凭借产品强大的功能效果，和前沿的款式，深受全球户外爱好者的追捧！
CGF,CGF,CGF是移动通信离线计费过程中的一个重要逻辑功能实体，是3GPP网络与BD（BillingDomain，计费域，通常为运营商的营帐系统）之间的网关。CGF完成话单的分拣、合并、过滤、解码、路由、分发等功能。
研祥,研祥,研祥智能科技股份有限公司简称，一家集特种计算机研究、开发、制造、销售和系统整合于一体的高科技企业。
ANTARCTICA,Antarctica,南极洲，位于地球最南端，土地几乎都在南极圈内，四周濒太平洋、印度洋和大西洋。是世界上地理纬度最高的一个洲。总面积约1400万平方千米，约占世界陆地总面积的9．4%。在世界七大洲中居第五位，南极大陆面积1239万平方千米，陆缘冰面积158万平方千米、岛屿面积7．6万平方千米。南极洲仅有一些来自其它大陆的科学考查人员和捕鲸队，无定居居民。
MAC,MAC,Mac 它是苹果公司自1984年起以“Macintosh”开始开发的个人消费型计算机，如：iMac、Macmini、MacbookAir、MacbookPro、Macbook、MacPro等计算机。使用独立的MacOS系统，最新的OSX系列基于NeXT系统开发，不支持兼容。是一套完备而独立的操作系统。
蜂王,蜂王,蜂王是一种膜翅目、蜜蜂科类生物，蜂王也叫“母蜂”、“蜂后”，是生殖器官发育完全的雌蜂，由受精卵发育而成。分布于世界各地。蜂王和工蜂虽然都是由受精卵发育而来的二倍体雌蜂，但它们是2种级型的雌性蜂，不仅在形态结构不同。而且在生理功能上也有巨大差异。如蜂王寿命长，个体大，处女王能外出交配，卵巢发育完全，具产卵能力，能分泌蜂王物质维持蜂群的次序；而工蜂寿命短，个体小，具有蜜囊和采粉器官，能外出采集食物，能分泌报警信息素等
世纪曙光,世纪曙光,世纪曙光是位于江东江东区惊驾路27号的楼盘。
特宝儿,特宝儿,
西奇,西奇,西奇，又名佃佐，1976年出生于山东省临沂市河东区，画家。
探索者,探索者,"探索者”全称“探索者创新平台”。是一套机器人创新套件，由机器时代科技有限公司结合了机械、电子、传感器、计算机软硬件、控制、人工智能和造型技术等众多的先进技术研发的教育机器人平台。
Discover,discover,Discovery探索频道自一九八五年起在美国播出，自一九八九年起在北欧播出此外，在非洲、亚洲、澳大利亚、新西兰、加拿大、德国、印度、意大利、日本、拉丁美洲、西班牙、葡萄牙、土耳其和中东，也都收看得到Discovery探索频道。
比纳,比纳,比纳（bǐnà），智力测验的创始人。1889年创立法国第一个心理实验室。
GOLF,golf,传说很久以前，有一名苏格兰牧羊人在一次偶然用牧羊棍的把手将一颗圆石子击入兔子洞中，从而得到启发，发明了高尔夫这项运动。而据考证，高尔夫这个词最早出现在1457年苏格兰议会文件中，当时由于高尔夫球盛行，将许多年轻人从射箭运动中吸引了过来。因此政府下令禁止。1457年3月，苏格兰王室颁布了一项“完全停止并且取缔高尔夫球”的法令。原因是这项消遣性极强的运动，妨害了苏格兰青年演练苏格兰“国术”——射箭。但实际上，连主持制定1491法规的苏格兰国王詹姆士四世自己最终也嗜高尔夫球成癖，成了高尔夫球场的狂热的常客。而詹姆士五世国王及其王后，也效法詹姆士四世打起了高尔夫球。
人民的名义,人民的名义,《人民的名义》是最高人民检察院影视中心、中央军委后勤保障部金盾影视中心出品的检察反腐电视剧，由李路执导、周梅森编剧、李学政等担任总监制，陆毅、张丰毅、吴刚、许亚军、张志坚、柯蓝、胡静、张凯丽、赵子琪、白志迪、李建义、王丽云、高亚麟、丁海峰、冯雷、李光复、陶慧敏、张晞临等联袂主演，黄俊鹏、侯勇、许文广、徐光宇、沈晓海、侯天来、周浩东、黄品沅、刘伟、赵龙豪、李学政等特别出演。该剧以检察官侯亮平的调查行动为叙事主线，讲述了当代检察官维护公平正义和法制统一、查办贪腐案件的故事，于2017年3月28日在湖南卫视“金鹰独播剧场”播出 。2017年4月27日，该剧在GMICX2017非凡盛典上获得"互联网时代最具影响力影视作品"奖 ；5月，该剧总监制、总发行人李学政获得最具工匠精神发行奖和特别贡献奖 。6月16日，吴刚和张志坚凭该剧荣获第23届上海电视节白玉兰最佳男配角奖 。2018年3月26日，该剧入围第31届中国电视剧飞天奖提名 。同年4月，该剧入围2017中国电视剧行业新标杆品牌奖 。
诺可文,诺可文,美国RoadCampSportswearCompany旗下Rocvan（诺可文）户外品牌，产品覆盖：帐篷、睡袋、防潮垫\地垫、充气垫\充气床\打气筒、背包、其他包\袋、户外休闲桌椅、烧烤用品、照明用具、防护用品、登山杖\指南针、冲锋衣、抓绒衣裤、速干衣裤、功能内衣、羽绒/棉服、户外休闲服装、帽子/围巾、马甲、户外手套、服装辅配件、登山鞋/徒步鞋、户外休闲鞋等。
ROCVAN,rocvan,美国RoadCampSportswearCompany旗下rocvan（诺可文）户外品牌，品牌logo设计由两个展开的帐篷为图形，象征着展翼翱翔的翅膀。
速胜,速胜,
Aplus,APlus,
淡泊,淡泊,淡泊，是一个汉语词语，拼音是dànbó，是指对于名利冷淡，不看重；也指家道清贫；恬淡寡欲。分别出自曹植的《蝉赋》、《梼杌闲评—明珠缘》、诸葛亮的《诫子书》。
炫云,炫云,“炫云”是由”北京炫我科技有限公司”研制的一款3DMAX/MAYA/Blender的云渲染平台。通过简单的安装客户端以及插件后，在制作完成的场景中配置好需要的渲染参数如镜头、帧数等，之后便可打开炫云一键提交。提交之后，“炫云”客户端会进行全自动的打包上传到云端渲染农场进行渲染，待渲染结束之后客户端也会自动下载渲染结果到本地，这期间也不会影响到本地电脑的正常使用。
Bestway,Bestway,BESTWAY（荣威国际） ，创办于1994年，专业从事充气娱乐用品和水上运动产品，打造成为地上水池等户外休闲用品产业链。集研发、制造、销售和物流垂直一体化的运营模式。在行业内的全球市场占有率约25%。 
福伦,福伦,《还珠格格》中的人物，福尔康、福尔泰的父亲。妻子是令妃的姐姐。第一部官职户部尚书，从一品。第二部官职保和殿大学士，正一品。
黑鹿,水鹿,水鹿（学名：Rusaunicolor）体型粗壮接近马鹿。成年雄鹿体高130厘米左右，体长130～140厘米，体重200～250千克。雌鹿较矮小。水鹿泪窝较大，鼻镜黑色，颈毛较长，尾端部密生蓬松的黑色长毛。被毛黑褐色，冬毛深灰色。有黑棕色背线，臀周围呈锈棕色，无臀斑。茸角为单门桩，眉枝。喜水，常活动于水边，栖息于阔叶林、混交林、稀树的草场和高草地带，清晨、黄昏觅食。雨后特别活跃。平时单独活动，有一定的行动路线。分布于中国、斯里兰卡、印度、尼泊尔、中南半岛以及东南亚等地区。该物种已列入《世界自然保护联盟》（IUCN）2013年濒危物种红色名录ver3.1—-濒危（EN）。
汽车人,博派,博派（Autobots）是长篇动画《变形金刚》系列中的重要派别，其他译名为“汽车人”。博派是《变形金刚》系列中的正面角色，是地球人的朋友，胸怀保卫生命、追求和平的理想。死敌是以威震天、惊破天、为首的狂派（即霸天虎）。观众熟知的博派角色主要有擎天柱（OptimusPrime）、大黄蜂(Bumblebee)、爵士、铁皮（Ironhide）等。
钩尖江湖,钩尖江湖,《钩尖江湖》是北广传媒数字电视四海钓鱼频道一档全国大型户外钓鱼纪录片栏目。也是四海钓鱼频道一档王牌栏目，收视率连续10年榜首。开创了中国钓鱼户外纪录片的先河，更受到了千千万万钓鱼人的喜爱。
银玉,银玉,一年生草质藤本（蔓生），有矮生、半蔓生、蔓生三大品系。多数品种主蔓优势明显，侧蔓少而弱。主蔓长度：矮生品种节间短，蔓长通常在50㎝以下，在日光温室中有时可达1m（因生长期长）；半蔓生品种一般约80cm；蔓生品种一般长达数米。
威盛,威盛电子股份有限公司,威盛电子股份有限公司(VIATechnologies)，是台湾地区的集成电路设计公司，主要生产主机板的晶片组、中央处理器(CPU)、以及记忆体。它是世界上最大的独立主机板晶片组设计公司。作为一个无晶圆厂半导体厂商（fabless），VIA主要在研究与发展他的晶片组，然后将晶圆制造外包给晶圆厂进行(像是台湾积体电路制造股份有限公司en:TSMC)。
探路者,探路者,北京探路者（TOREAD）户外用品股份有限公司创立于1999年，探路者（TOREAD）通过自主知识产权的品牌塑造与推广、产品研发设计、营销网络建设与优化、供应链整合与管理。在全国建立连锁零售网络及电子商务销售系统，向广大消费者提供安全舒适的户外运动装备。
TOREAD,TOREAD,
尚烤佳,尚烤佳,尚烤佳（SUNCOJIA）隶属于济南尚客户外用品有限公司，成立于2014年，是集研发、生产、销售为一体的专业户外用品供应商。在全国建立连锁零售网络及电子商务销售系统，向广大消费者提供安全舒适的户外烧烤、家庭烘焙、传统火锅。 
英派,英派,
夏诺多吉,夏诺多吉,恰郎多吉，又名夏诺多吉，位于四川省凉山州木里藏族自治县和甘孜州稻城县的交界处。意为“金刚手菩萨”是“三怙主”雪山的东峰，海拔5958米，在“三怙主雪山”佛位第三，夏诺多吉山峰耸立在天地之间，在佛教中除暴安良的神甚，他勇猛的刚烈，神采奕奕，跨下围斑斓的虎皮，腰间绕着罪恶的大蟒，洛克先生把它形容为展开巨翅蓄抛待飞的蝙蝠，将它比喻成西腊神话中的雷神，神山左边绿色，大理石山头为布鲁财神，右下方为马头金刚，马头金刚下方“丹霞地貌风林为八百罗汉”，神山脚下洛绒牛场是当年洛克先生宿营处。
飞悦,飞悦,飞悦，即中国移动手机阅读客户端2011飞悦版，是中国移动手机阅读平台的最新版客户端，提倡“悦读”，通过听书、互动、离线阅读等新功能，依托原有海量书库、在线阅读、免流量费等优势功能，为用户打造完美的阅读享受。
思凯乐,思凯乐,北京思凯乐旅游用品有限公司是一家专注户外，以提升户外生活品质和体验为目标的户外用品公司，成立于2003年，总部在北京。公司致力于为亲自然、爱进取的户外爱好者提供一站式时尚户外用品采购及服务，全方位满足消费者及企业用户的户外需求。
努比,努比,阿曼足球运动员，场上位置：后卫。
去路亚,去路亚,去路亚致力于打造路亚爱好者专业交流平台'健康环保爱路亚'是我们的理念，快加入我们吧！ 
狂流,狂流,我是歌手中胡海泉和陈羽凡，将这首齐秦的《狂流》作为竞演曲目，该歌原出自齐秦《狼Ⅱ》这张专辑。
Qomolangma,珠穆朗玛峰,珠穆朗玛峰（珠峰）是喜马拉雅山脉的主峰，是世界海拔最高的山峰，位于中国与尼泊尔边境线上，它的北部在中国西藏定日县境内（西坡在定日县扎西宗乡，东坡在定日县曲当乡，有珠峰大本营），南部在尼泊尔境内，而顶峰位于中国境内，是世界最高峰。是中国跨越四个县的珠穆朗玛峰自然保护区和尼泊尔国家公园的中心所在。藏语中“珠穆”是女神的意思，“朗玛”是第三的意思。因为在珠穆朗玛峰的附近还有四座山峰，珠峰位居第三，所以称为珠穆朗玛峰。两种高度：登山者登上的是总体高度，尼泊尔等使用登山者采用的雪盖高（总高）8848米（29029英尺），2005年中国国家测绘局测量的岩面高（裸高即地质高度）为8844.43米，2010年起承认两种高度的测量数据。除了是海拔最高的山峰之外，它也是距离地心第五远的高峰 。
星声,星声,《星声》是连载于晋江文学城的小说，作者是微生夏天。
念青,念青,《念青》是苏永恒创作的网络小说，发表于小说阅读网。
santo,Santo,《Santo》是一款Android平台的应用。
爱威亚,爱威亚,爱威亚品牌成立于1979年，AVIA喻示着航空飞行（AVIATION），此字源于古老的拉丁语“TOFLY（飞行）”是AVIA创始人JerryStubblefield有一天在喷气工飞机上飞行时突发奇想而创造出来的。1979年，(美国)爱威亚运动器材有限公司（avia）于美国创立，迄今已有四十多年的悠久历史，如今全球50多个国家拥有数千个销售网点。AVIA喻示着航空飞行（AVIATION），此字源于古老的拉丁语“TOFLY（飞行）”是AVIA创始人JerryStubblefield有一天在喷气工飞机上飞行时突发奇想而创造出来的。
AVIA,avia,品牌类型：时尚运动25年前JerryStubblefield实验研发出“Cantilever避震系统”，打造出黄金鞋款830，开创出前所未见的运动鞋领域新纪元开始，秉持着大胆灵活精神的美国品牌AVIA先后开发出DCS、ECS、LTS等十大专利技术，五大运动功能系统。成为了继NIKE、ADIDAS、REEBOK之后拥有专利技术最多的运动专业品牌之一。涵盖领域更是遍布跑步，健步，篮球，健美，户外，网球等多项运动，产品线包含运动鞋，运动服，运动背包，运动袜及运动保护配件。近年来AVIA在不断开发专利运动产品的同时，也开始触及运动时尚领域。将21世纪炙手可热的复古流行元素作为双重引信，以AVIA25年来数百款经典鞋款为基础，注入变化无穷的新奇创意。AVIA将告诉他的忠实支持者们，关于AVIA穿着态度与其融入生活后的连锁反应，让鞋款不再只是鞋款，而是一种精神文化的表现与象征。正是因为AVIA不断坚持开发新品及宣扬贴进大众内心的运动理念，AVIA在创新之初便迅速在美国市场受到了消费者的瞩目与喜爱。AVIA品牌在美国随之建立起很高的“专业品牌”美誉度。美国销量不断上升，到1988年品牌创立未到10年时，AVIA已经进入美国销量仅次于NIKE，REEBOK，ADIDAS，NEWBALANCE，排名第五位，一年总销量超过2000万双。
日月潭,日月潭,日月潭位于台湾省阿里山以北、能高山之南的南投县鱼池乡水社村，旧称水沙连、龙湖、水社大湖、珠潭、双潭，亦名水里社。日月潭湖面海拔748米，常态面积为7.93㎞²（满水位时10㎞²），最大水深27米，湖周长约37千米，是台湾外来种生物最多的淡水湖泊之一。它以光华岛为界，北半湖形状如圆日，南半湖形状如弯月。2009年，日月潭入选世界纪录协会“台湾最大的天然淡水湖”，在清朝时即被选为台湾八大景之一，有“海外别一洞天” 之称。
魔铁,魔铁,《魔铁》是死亡魔瞳创作的网络小说，发表于17K小说网。
夏乐,夏乐,夏乐，男，汉族，1980年11月09日出生，艺人保镖。
神州行,神州行,“神州行”是中国移动推出的三大客户品牌之一，“神州行”品牌面向大众市场，包括六大产品系列。“神州行”品牌客户规模庞大。“神州行”客户数已占中国移动客户总数的27.6%以上，收入占比超过了17.0%，成为中国移动客户品牌体系中极其重要的一部分。
梦花园,梦花园,灵感音乐–《梦花园GardenofDreams》，班得瑞邀集当代最具代表性的新世纪名家名作，卸去繁复的商业编曲，还以大师创作最纯净的原色，14首曲子洋溢花香般的优雅芬芳，全收录在第7章专辑《梦花园》里。
天雾,天雾,天雾是天文学专有名词，来自中国天文学名词审定委员会审定发布的天文学专有名词中文译名，词条译名和中英文解释数据版权由天文学名词委所有。
TW,tw,TW，Internet网络域名，地区顶级域名，TW作为台湾的英文简称，英文全称TAIWAN。
艾瑞斯,艾瑞斯·韦斯特,艾瑞斯·韦斯特（IrisWest）是美国DC漫画旗下人物，初次登场于《展示橱》（Showcase）第4期（1956年9月），是一名摄影记者，新52重启前，她是二代闪电侠巴里·艾伦妻子，三代闪电侠沃利·韦斯特的姑姑，四代闪电侠巴特·艾伦的奶奶。她和沃利·韦斯特的女儿小艾瑞斯·韦斯特同名。 
aroose,aroose,aroose(艾瑞斯)一个源自德国的运动装备品牌。
火拳,火拳,火拳：一款有趣的动作闯关小游戏。
耐维,耐维,耐维（Niceway）是杭州耐维休闲用品有限公司NICEWAY（HANGZHOU）LEISUREPRODUCTSCO.LTD旗下的休闲品牌，生产各种高级休闲折叠家具、帐篷、折叠椅等旅游休闲制品及其配件。
Niceway,Niceway,Niceway品牌中文名为耐维，是杭州耐维有限用品有限公司NICEWAY（HANGZHOU）LEISUREPRODUCTSCO.LTD旗下的休闲品牌。
逍遥客,逍遥客,从一位人人鄙弃的废材少年王圣振到掌管天下的大帝再到游遍衡宇的绝世天才尊者看他怎么一步步成长……
ED,英雄传说,《英雄传说》是由日本falcom公司开发制作的一款角色扮演类系列游戏，以指令型RPG为特色，与伊苏系列同为Falcom公司两大看家作品。于1989年12月10日发行首部作品。
INTEX,intex,intex系列塑胶休闲产品主要包括水上用品、运动用品、休闲用品、充气家具、室内外游戏用品等几个大类共300多种产品。INTEX系总部位于美国洛杉矶的大型跨国企业，集团在北美，欧洲，中国香港，福州，厦门，上海，成都，武汉及台湾等地均有多种行业的大规模投资。
Jared,杰瑞德·莱托,杰瑞德·莱托（JaredLeto），1971年12月26日生于美国路易斯安那州，美国摇滚歌手、演员、导演及制片人，硅谷风投家 ，极限运动高端玩家，攀岩爱好者，摇滚乐队30SecondsToMars（三十秒上火星乐队）的主唱兼吉他手与词曲作者。1992年，21岁的杰瑞德·莱托在电视剧集《CampWilder》中首次出镜，正式出道。1994年，在电视剧《我所谓的生活》获得正式角色。1995年，从电视荧幕转向大银幕，配角出演首部电影《恋爱编织梦》 。1996年，首次主演电影《告别十七岁》。1998年与其兄香侬·莱托组建摇滚乐队30SecondsToMars。1999年，参演大卫·芬奇执导的电影《搏击俱乐部》。2000年，参演电影《美国精神病人》和《梦之安魂曲》。2007年，增重67磅出演传记电影《第27章》中马克·大卫·查普曼一角 。2012年，杰瑞德·莱托减重30磅出演《达拉斯买家俱乐部》中罹患艾滋病晚期的跨性别女孩。2014年凭《达拉斯买家俱乐部》中表演获得第71届金球奖剧情类最佳男配角奖和第86届奥斯卡最佳男配角。
戈多,神乃木庄龙,神乃木庄龙是在《逆转裁判》中登场的虚拟人物，原为星影法律事务所里的王牌律师，同时也是绫里千寻的恋人。在《逆转裁判3》中，担任检察官与律师成步堂龙一对决。
星野,星野,「守护星野」里面的人物。性别：变身前男，变身后女（因为这部动漫名叫美少女战士，不是美少男战士=口=）变身口号：FighterStarPowerMakeUp（中文译作：战斗者流星力量，变身！）必杀技：StarSeriousLaser（中文译作：星星真我镭射光）
顿巴纵队,顿巴纵队,顿巴纵队户外运动品牌，源自美国，2002年进入亚洲市场。品牌拥有世界上最新专利生产技术和西方一流的设计理念，对户外休闲背包品类进行研发与生产！长久以来，品牌致力于传承巴顿将军精神，倡导平安户外，追求个性进取，享受人生的积极态度。
吉龙,吉龙,吉龙，江苏省发展和改革委员会纪检组组长、党组成员，辽宁沈阳人，1956年生，中共党员，研究生学历。
双牌,双牌县,双牌县，故称泷泊，1969年析零陵、道县、宁远县三地山区建立，为湖南省永州市所管辖的一个县。双牌县位于湖南省南部，地处潇水中游，207国道、永连公路和二广高速公路贯穿南北。双牌县森林覆盖率在80%以上，是全国重点林区县。双牌旅游资源丰富，是湖南省旅游强县。阳明山国家森林公园和双牌水库大坝均位于双牌县境内。 
飞虎神鹰,飞虎神鹰,《飞虎神鹰》是由钱雁秋执导，张子健、梁冠华领衔主演，曲栅栅、苑冉、须乾等联袂主演的谍战剧 。讲述了上海解放初期，中共党员燕双鹰只身打入敌人内部，成功粉碎军统特务阴谋的故事。该剧于2012年3月9日在福建综合频道首播。
奥索卡,奥索卡,奥索卡为户外运动品牌，并建立了西藏登山学校、CMDI中国登山高级人才培训班，使中国攀登运动融入世界前沿理念，持续进取。英文名称：ozark中文名称：奥索卡
OZARK,奥索卡,奥索卡为户外运动品牌，并建立了西藏登山学校、CMDI中国登山高级人才培训班，使中国攀登运动融入世界前沿理念，持续进取。英文名称：ozark中文名称：奥索卡
阿斯卡利,阿斯卡利,英伦手造跑车品牌ASCARI，在迁址到英国Banbury的工厂之后推出全新的超级跑车KZ-1。
ASCARI,阿斯卡利,英伦手造跑车品牌ASCARI，在迁址到英国Banbury的工厂之后推出全新的超级跑车KZ-1。
神火,神火,（概述图参考资料 ）
葛莱,葛莱,美国葛莱成立于1942年，作为全球最大婴儿用品生产商之一，拥有近70年婴儿用品设计开发经验。销售至全球80多个国家并广受青睐。一直以来，葛莱将安全、实用、便捷及创新融合于产品研发设计之中。在产品创新方面可以追溯到1953年，葛莱发明了世界上第一台机械动力的婴儿秋千。随后在1987年葛莱又研发了便携式婴儿游戏床。其后葛莱推出TravelSystem（多用途手推车），这一创新型产品第一次实现了汽车安全座椅与推车的整合使用，开创了婴儿出行用品的新纪元，为爸爸妈妈们带来了无限便捷。
GRACO,GRACO,GRACO作为美国NewellRubbermaidTM集团下的一家公司，在全球范围内拥有1，500家合资合作单位。主要生产儿童座椅、推车等，源于1942年。
尔康,福尔康,福尔康，是电视剧《还珠格格》中的男主角。老版由周杰饰演，新版由李佳航饰演。在剧中的身份：御前侍卫、夏紫薇丈夫、乾隆帝额驸、福家大公子。其父福伦为内阁大学士、一等忠勇公；其弟福尔泰为西藏驸马。
海岩,海岩,海岩，本名侣海岩 ，1954年11月7日出生于北京，中国作家、编剧。1985年，出版人生第一部长篇小说《便衣警察》，并首次改编为电视剧呈现荧屏。1994年，创作《永不瞑目》，并获得第二届中国人口文化奖。2000年，因改编电视《永不瞑目》开始受人关注。2002年，海岩《拿什么拯救你，我的爱人》被改编为电视剧，并凭此获得北京电视春燕奖最佳编剧奖。2003年，他告别海润公司，加盟世纪英雄电影公司，并成立了“海岩影视工作室”。2004年，凭借编著《玉观音》改编的同名电视剧获得中国电视金鹰节最佳编剧奖；同年，入选“福布斯中国名人榜”第62名。2005年，获选“福布斯中国名人榜”第100名。2006年，以380万元版税的收入占据第一届中国作家富豪榜第16位。2007年，再次名列第二届中国作家富豪榜，排名第17位。2008年，获得《国剧盛典·回响30年》最具影响力人物奖 ；同年，斩获第三届中国作家富豪榜第20位。2009年，获得“新浪网络盛典60年专场”时代影响力文化人物奖 ，2010年，海岩获得“2009中华文化人物”终身成就称号 。2013年，获得第八届中国作家富豪榜编剧作家第4名 。
万磁王,万磁王,万磁王（Magneto）是美国漫威漫画旗下超级反派，初次登场于《X战警》第1期（1963年9月），是X战警的头号死敌。本名马克思·艾森哈特（MaxEisenhardt），曾化名埃里克·兰谢尔（ErikLensherr），是一名变种人，可以控制地球磁场、并且利用磁场让自己飞起来，与X教授是多年好友，因人类原因与X教授分道扬镳，创建了变种人兄弟会。因为经历过二战的残酷，和人类对变种人的疯狂打击，使得万磁王极度憎恨人类，并屡次与阻止他的X战警、复仇者联盟等超级英雄团队为敌。 
LONGER,LONGER,LONGER，歌手：Babyface所属专辑：《Playlist-Mecury》发行时间：2007-09-18
古达,古达苗族彝族乡,隶属贵州省赫章县，与毕节、纳雍两县相接壤，古境内峰峦重叠，沟壑纵横。地势西高东低，最高海拔2350米，最低海拔1230米。古达有着丰富的植物资源、水能资源、矿产资源和旅游资源，古达还有着厚重的历史文化和文物古迹。
ML,ML,mL，当计量单位用字母表达时，一般情况单位符号字母用小写；当单位来源于人名时，符号的第一个字母必须大写。只有体积单位“升”特殊，这个符号可写成大写L，又可写成小写的l。这是因为“升”的符号最早是小写的，由于小写l与阿拉伯数字1难以分辨，后来国际计量大会作出决议，“升”的符号可以写成大写L，这样在小写尚未废除的情况下，大小写并用。这是国际单位制中唯一并非来源于科学家名字命名而可以使用大写的符号。按照国际单位书写要求，用于表示毫（10^-3）的字母为“m”，不得与表示兆（10^6）的字母“M”混用。
锦罗,锦罗,《锦罗》是我乃一平民创作的网络小说，发表于起点网。
悠度,悠度,悠度引是一种产品，悠度”系列产品秉持“休闲、健康、自然、环保”的品牌理念。悠度是一个品牌，悠度是一个品牌简介，休闲、健康、自然、环保是悠度品牌坚持不懈的追求。悠度是一个网站，悠度是国内首家在线直销野餐包、冰袋、地毯等休闲产品的专业网站，拥有专业的团队7×24小时全天候为客户提供服务。悠度是一个一种生活方式。
YODO,YODO,yodo是国内首家在线直销各种户外休闲用品的品牌，该品牌倡导健康、自然的野外生活理念，YODO品牌的持有者是厦门恒好旅游用品有限公司，本词条首先对yodo的名称来源及理念进行了介绍，并详细介绍了厦门恒好旅游用品有限公司的详细情况、主要经营产品项目及品牌优势、特征等。
兵之梦,兵之梦,
牛头酋长,牛头酋长,牛头酋长·阿利斯塔是竞技游戏《英雄联盟》中的英雄角色之一。游戏中的牛头是一个控制能力十足、非常耐打的坦克型英雄，并且他还有着不俗的恢复能力，出色的控制和保护能力能让他胜任各种位置，但缺点是技能冷却时间长，蓝耗高，连招比较考验操作。
TBA,tba,硫代巴比妥酸(TBA)法：TBA法的原理是脂质过氧化的降解产物之一一丙二醛(MDA)，可以与硫代巴比妥酸成色。在520nm处进行比色测定，可检测丙二醛相对含量的变化，以了解生物膜质过氧化的情况。TBA法是一非常简便的方法，一般实验室均可进行。此法与荧光法、化学发光法等有较好的相关性，但不足之处是灵敏度较差，某些因素应加以控制，如线粒体污染，样品中的铁离子等。
成功,成功,成功，是一个动宾结构的汉语名词。同“胜利”。释义：它指达到或实现某种价值尺度的事情或事件，从而获得预期结果叫做成功。每个人的成功都需要经历许多次人生的考验，只有通过了不同的考验人才能证明你的实力，成功包括精神与物质两方面，它需要天时、地利、人和相互配合，其实只要每个人根据自己的目标，不断的去奋斗，体现出自我的价值，无论结局如何你都是成功的人。而成功后你会觉得成功路上的考验都是值得的，你会笑着向它们致敬！
戈顿,戈顿,戈顿，即澳大利亚国会选区（英语：DivisionofGorton）。它是澳大利亚维多利亚州的下议院选区，位于该州首府墨尔本西郊。面积156平方公里。
兵行者,兵行者,兵行者是国内专注于野战和户外条件下装备和服装服饰的民营自主品牌。力争为部队和户外军迷打造最完美的装备和服装服饰，保证其户外运动的实用性和舒适度。产品涉及军锹工具类，伪装器材类，战术眼镜类，照明类，战术背包类，野营桌椅类，帐篷睡袋类，腰带手套类，头盔帽子类，服装类，战术鞋类800多种产品。
沙漠之狐,埃尔温·隆美尔,埃尔温·隆美尔（德语：ErwinRommel，1891年11月15日—1944年10月14日），出生于符腾堡邦海登海姆市，纳粹德国陆军元帅，世界军事史上著名的军事家、战术家、理论家。隆美尔绰号“沙漠之狐”、“帝国之鹰”，与曼施坦因与古德里安一起被后人并称为第二次世界大战期间纳粹德国的三大名将 。1910年7月从军，一战时随军开赴法国，后又在东线与罗马尼亚人和意大利人作战，被德皇授予蓝马克斯勋章。一战后曾担任过步兵营长、陆军学院教官。1938年隆美尔少将任元首大本营司令。1940年2月任德军第7装甲师师长，使该师赢得了“魔鬼之师”的称号。1941年1月希特勒挑选隆美尔中将任驻非洲军团军长。他到达北非后，不到两个月，就迅速扭转了北非战局的初期局势，被提拔为上将，1942年6月被晋升为德国陆军元帅。二战期间，隆美尔被卷进了密谋推翻希特勒的计划中，在希特勒的逼迫之下，隆美尔被迫于在1944年10月14日在卡车上服毒自尽，时年53岁。 在第二次世界大战的璀璨将星中，能够做到生前声名显赫，身后殊荣不断，特别是被敌对双方都认可的，只有隆美尔一人。对他的评价也逐渐趋于两极化，支持的人将其称为纳粹战神，他高明的军事素质和出色的战术指挥才能，受到了许多军事爱好者的尊崇，甚至是著名军事家的尊敬和崇拜；反对的人根据他战略的失误，将其称为“战术上的巨人，战略上的矮子”；但鉴于隆美尔既曾经是希特勒麾下最得力的将领之一，又是纳粹政权的侵略工具，因此也被称为“二战纵火犯”。
人一,人一,人一，女，网络连载曾用雨停，梵茀等笔名。大学历史专业，作过编辑、公司职员、农民、教师。出版散文《金陵遗梦》《在云台山的日子》若干。网络连载多部小说，《祭台上的女奴》点击过千万。2011年创作小说《步步生花》，现于磨铁中文网连载。
出走,精武战士,《精武战士》是由Pt.MerantauFilms公司推出的一部动作类型影片，该片由加雷斯·埃文斯执导，伊科·乌艾斯、希斯卡·杰西卡主演。影片主要讲述了尤达背井离乡，想在雅加达这个繁华但是肮脏的大城市里打拼出自己的一片天下的故事。 
VANWALK,vanwalk,VANWALK，著名时尚男士新锐品牌，中文译称“出走”，VANWALK崇尚愉快、轻松和自由，融合了西方与东方的魅力。不论是以西方的角度或是以东方的观点，都可以感受到对于世界融合的热情与渴望。或者年轻、性感与真实不仅仅是一种生理、心灵的状态，而是一种崇尚自由的时尚精神，VANWALK就是最好的印证！
龙抬头,龙抬头,臧月（二月二）又被称为“春耕节”、“农事节”、“春龙节”，是中国民间传统节日。龙抬头是每年，农历二月初二，传说是龙抬头的日子，它是中国的一个传统节日。庆祝“龙头节”，以示敬龙祈雨，让老天保佑丰收。二月二，传说是尧王的诞辰。在南方，如客家地区等，是土地公公的生日，称“土地诞”，为给土地公公“暖寿”，有的地方有举办“土地会”的习俗：家家凑钱为土地神祝贺生日，到土地庙烧香祭祀，敲锣鼓，放鞭炮。同时，北方地区在节日期间也有吃猪头肉、理发（剪“龙头”）的习俗。
水天一色,水天一色,水天一色，读音shuǐtiānyīsè，汉语成语，是指水面好像和天相接，同为一色。形容水天相接的辽阔景象。出自《滕王阁序》。
百诺达,百诺达,百诺达，英文名Belords寓意是成为自信优雅时尚品味的主人，表达了现代都市女性内心自信，并由内而外散发的优雅品味的气质。
伯希和,伯希和,
Pelliot,PELLIOT,
宇星,宇星,宇星男，1954年3月生，内蒙古自治区赤峰人。赤峰市松山区太平地乡第一中学中学一级教师。《诗迷报》特邀主持人，中华硬笔书协会员，中华青年诗词学会会员，松山诗词学会会员，陕西文学创作研究会会员，中国当代作家代表作收藏陈列馆创作员。
黑金刚,印度榕,印度榕（学名：FicuselasticaRoxb.exHornem.）：乔木，高达20-30米，胸径25-40厘米；树皮灰白色，平滑。小枝粗壮。叶厚革质，长圆形至椭圆形，全缘，表面深绿色，光亮，背面浅绿色，侧脉多，不明显，平行展出；榕果成对生于已落叶枝的叶腋，卵状长椭圆形，黄绿色，基生苞片风帽状，脱落后基部有一环状痕迹；雄花、瘿花、雌花同生于榕果内壁。瘦果卵圆形，表面有小瘤体，花柱长，宿存，柱头膨大，近头状。花期冬季。在中国云南海拔800-1500米处有野生。产不丹、锡金、尼泊尔、印度东北部（阿萨姆）、缅甸、马来西亚、印度尼西亚和中国云南。世界各地有栽培。（概述图片参考资料来源： ）
满趣健,满趣健,满趣健 商标由满趣健公司申请注册品牌。国际分类号（ 第8类） 。
Munchkin,Munchkin,Munchkin，演员，主要作品有1984年上映的《街头浪子》。
桑森,桑森,英格兰足球运动员
无影手,无影手,MichaelAngelo（无影手），1956年2月23日出生于美国芝加哥，世界上速度最快的吉他大师！他使用的是四把吉他的十字魔琴！他左手右手互换同时演奏蝴蝶手！他是重金属吉他史上最炫的六弦传说！他就是：MichaelAngelo！世界上最快的手指MichaelAngelo——号称披着人皮的机器！ 
网友,网友,网友，是一种特殊的朋友。与一般意义上的朋友的不同在于：是通过网络媒介物而相识乃至相知的，即现实中见面较少或根本没有见面仅仅通过互联网认识的虚拟世界的人。
蓝鲸,蓝鲸,蓝鲸（学名：Balaenopteramusculus）是一种海洋哺乳动物，属于须鲸亚目。共有四个亚种。蓝鲸被认为是已知的地球上生存过的体积最大的动物，长可达33米，重达181吨。蓝鲸的身躯瘦长，背部是青灰色的，不过在水中看起来有时颜色会比较淡。与其他须鲸一样，蓝鲸主要以小型的甲壳类（例如磷虾）与小型鱼类为食，有时也包括鱿鱼。通常蓝鲸白天需要在超过100米深度的海域来觅食，在夜晚才能到水面觅食。蓝鲸在晚秋开始交配，并一直持续到冬末，雌鲸通常2-3年生产一次，在经过10-12个月的妊娠期后，一般会在冬初产下幼鲸。四大洋均有分布。
Babytrend,BabyTrend,babytrend要经营婴幼儿产品，主要产品有：婴童汽车安全座椅，童车，三轮车跑步车，站立车，游戏床，高餐椅，秋千，尿布桶，学步车等等。
BRS,黑岩射手,黑岩射手（BLACK★ROCKSHOOTER，ブラック★ロックシューター），简称BRS。最初为V家同人社团supercell的成员Huke于2007年12月26日发表到Pixiv上的一位原创插画角色。不久后该组合的另一成员ryo以该角色的造型写了一首初音未来合成的原创歌曲，在Niconico动画上走红。goodsmilecompany收购其开发权后出品了人物模型，并于2010年7月24日免费发放由Ordet制作的OVA作品。2010年11月14日在AFAX上GSC社长安艺贵范亲自宣布《Black★RockShooter2》正式制作决定，2012年2月TV共计8话动画放送开始。
VMC,vmc,VMC是韩国服装巨头CRE-BIG株式会社金载旻社长创办的上海维玛西服饰有限公司打造的时尚休闲服装品牌。
乐颂,乐颂,乐颂是一个汉语词语，读音lèsòng，是指一些王朝祭祀的乐歌。
赫斯提亚,赫斯提亚,赫斯提亚（希腊语：Ἑστία、英语：Hestia，意为“炉”或“炉边”），是古希腊神话中的灶神、炉之女神和火焰女神，奥林匹斯十二神之一。她来源于克里特岛上壁炉、炉子的人格化。赫斯提亚的信仰起源较晚，关于其传说在希腊神话里并不多，导致其形象模糊。 赫斯提亚是奥林匹斯山上最神圣、最古老的神明，与侄女阿尔忒弥斯、雅典娜被视为奥林匹斯山上的三处女神。赫西奥德认为她是第二代神王神后克洛诺斯和瑞亚的第一个孩子，得墨忒尔、赫拉、哈迪斯、波塞冬和宙斯的大姐。赫斯提亚因为躲避波塞冬和阿波罗的追求，于是便向宙斯要求得到主掌人间所有家灶的权力，宙斯应允了她，并使赫斯提亚成为奥林匹斯所有女神的首席。
龙之火,龙之火,《龙之火》是一款休闲益智类游戏，支持Android1.5运行环境。
龙江源,龙江源,龙江源由江南作词，张也演唱。
李宁,李宁,李宁，壮族，男，生于1963年3月10日，奥运冠军，原中国著名体操队运动员，家乡广西壮族自治区来宾市兴宾区南泗乡人，祖籍广东省佛山市顺德区，曾祖父辈迁至广西谋生， 中国著名男子体操运动员。李宁毕业于北京大学法学院，获得法学士学位及北京大学光华管理学院EMBA。他创造了世界体操史上的神话，先后摘取十四项世界冠军，赢得一百多枚金牌。1982年12月22日，李宁在南斯拉夫萨格勒布举行的第6届世界杯体操比赛中，李宁一人夺得男子全部7枚金牌中的6枚，获单杠、自由体操、跳马、鞍马、吊环和全能6项冠军，创造了世界体操史上的神话，被誉为“体操王子”。1984年获第23届洛杉矶奥运会男子体操单项比赛中夺得男子自由体操、鞍马和吊环3项冠军，一举夺得三金两银一铜，接近中国代表团奖牌总数的1/5，成为该届奥运会中获奖牌最多的运动员。1988年退役后，李宁以其姓名命名创立了“李宁”运动品牌。运动品牌涉足广泛，从生产运动服装、运动鞋到生产篮球、足球等。
LI-NING,LI-NING,LI－NING（李宁），整体设计由汉语拼音"LI"和"NING"的第一个大写字母"L"和"N"的变形构成主色调为红色造型生动、细腻、美观，富于动感和现代意味，充分体现了体育品牌所蕴涵的活力和进取精神。
乐游,乐游,乐游于2013年8月24日正式上线，是中国领先的基于二维码技术的智慧旅游信息服务平台，以二维码为载体，将游客旅游过程中与“吃、住、行、游、购、娱”有关的景物佩戴乐游二维码，到访游客通过随手携带的智能手机扫描旅游景点景物的乐游二维码，即可获取该景物的详细信息，包括图片、文字（中英文）、语音等，同时还可以将这些信息分享到QQ空间、腾讯微博、新浪微博、网易微博、人人网等，进一步提高旅游景点的知名度和美誉度，吸引更多游客观光旅游。作为行业领先的智慧旅游信息服务平台，乐游拥有先进的管理理念与完善的服务体系，国际领先的信息化技术研发团队，组建了实力雄厚的技术研发与支持中心。在陆续为各旅游景点提供智慧旅游解决方案的过程中，其独创的5A服务模式得到了业界的广泛赞誉。乐游本着“客户至上、服务市场”的宗旨，凭借强大的研发队伍、丰富的应用经验、优质的服务和一流的品质，业务遍布全国及海外市场，赢得了广大用户的衷心支持和信赖。乐游将持续创新，不断巩固和完善服务体系，致力于成为中国智慧旅游行业信息科技应用领域的领导企业与行业标杆，整合优质的行业资源，为客户提供更好的产品与服务。
京东众筹,京东众筹,2014年7月1日，京东众筹正式诞生，在新消费升级时代下，京东众筹不仅是一个为用户提供“与众，不同”的趋势性产品体验的品质生活平台，更是一个为创新创业企业发展提速的筹资与孵化平台。 
小野人,小野人,Crumpler澳洲小野人的logo来自于澳洲的原驻民形象、它们来自澳大利亚生产各式各样的便携背包。它们的共性是具有超酷的造型、多变的色彩搭配以及良好的防护性，是潮流一族的必然之选。它款式时尚，缝纫精细。有独特的设计和醒目的颜色，用料及手工也是十分讲究，特别耐用。
得朋,得朋,中国古代词语，意思为获得同类或同道者。
驭波者,驭波者,驭波者，即X-51A飞行器，是美国空军研究实验室（AFRL）与国防高级研究计划局（DARPA）联合主持研制的超燃冲压发动机高超音速验证机——代号：乘波者（SED-WR，ScramjetEngineDemonstrator-Waverider）。该飞行器由波音公司与普拉特·惠特尼（简称普惠）公司共同开发，由一台JP-7碳氢燃料超燃冲压发动机推动，设计飞行马赫数在6～6.5之间。这个计划的终极目标是要发展一种比美国现有武器库中任何一种导弹的速度都要快5倍以上，可以在1小时内攻击地球任意位置目标的新武器。
天斩,天斩,《天斩》是连载于纵横中文网的一本仙侠异侠类小说，作者是迷谷。
