欧莱雅,欧莱雅（法国）化妆品集团公司,欧莱雅集团是法国的化妆品公司，创办于1907年。欧莱雅集团是美妆品行业中的领导者，经营范围遍及130多个国家和地区，在全球拥有283家分公司、42家工厂、100多个代理商，以及5万多名的员工，是总部设于法国的跨国公司，也是财富全球500强企业之一。2016年6月8日，《2016年BrandZ全球最具价值品牌百强榜》公布，欧莱雅排第36名。 
妮维雅,妮维雅,妮维雅（NIVEA)德国拜尔斯道夫公司所有的大型全球护肤品与身体护理品品牌。1911年拜耳斯道夫拥有EUCERIT的油基乳剂皮肤软膏后成立了该公司，该乳剂为同类产品中第一种稳定的乳剂。该公司所有人OskarTroplowitz将公司命名为NIVEA，其中的灵感来自于拉丁语niveus-a-um(雪白之意)。30年代，拜耳斯道夫开始生产防晒油，剃须膏，洗发水和面部护理产品。“NIVEA”商标在第二次世界大战后被许多国家没收，但是拜耳斯道夫最终于1997年购回所有商标权。今天，在全球公认的最具权威性的肌肤及医学研究中心——BDF公司的PGU研究中心，有一百多位博士正在研发自然，高效的产品，其成果已使妮维雅(Nivea)成为全球最大的护肤用品品牌。其品牌形象——“妮维雅能给肌肤最温和的呵护”已深入人心。在欧洲，妮维雅(Nivea)更已成为皮肤保养的代名词。妮维雅(Nivea)产品在身体保养，脸部保养，防晒，唇部保养，个人清洁，男士护肤等品类已稳居欧洲市场排名第一。
NIVEA,nivea,妮维雅（NIVEA）是一个由德国公司Beiersdorf所有的大型全球性护肤品与身体护理品品牌。1911年Beiersdorf硏发了拥有Eucerit的油基乳剂皮肤软膏后成立该公司，该乳剂为同类第一种稳定的乳剂。该公司所有人OskarTroplowitz将公司命名为NIVEA，灵感来自拉丁语nivius（意为雪白）。
曼秀雷敦,曼秀雷敦,曼秀雷敦(Mentholatum)公司1889年在美国创立，创办人希尔先生成功创制曼秀雷敦薄荷膏，迅即成为家喻户晓的必备良药，曼秀雷敦(Mentholatum)的英文名字“Mentholatum”是由“MENTHOL”(薄荷醇)及“PETROLATUM”(石腊油)组合而成。 曼秀雷敦除生产薄荷膏外，还推出润唇膏、男士护肤、女士护肤、防晒、抗痘、手霜、面膜等护肤品，以及眼药水、摩擦膏等OTC药品，畅销世界150多个国家和地区。 
Mentholatum,曼秀雷敦,曼秀雷敦(Mentholatum)公司1889年在美国创立，创办人希尔先生成功创制曼秀雷敦薄荷膏，迅即成为家喻户晓的必备良药，曼秀雷敦(Mentholatum)的英文名字“Mentholatum”是由“MENTHOL”(薄荷醇)及“PETROLATUM”(石腊油)组合而成。 曼秀雷敦除生产薄荷膏外，还推出润唇膏、男士护肤、女士护肤、防晒、抗痘、手霜、面膜等护肤品，以及眼药水、摩擦膏等OTC药品，畅销世界150多个国家和地区。 
吉列,吉列,吉列（Gillette）是国际知名的剃须护理品牌，由“吉列之父”金·吉列（KingC.Gillette）创办于1901年。到1917年，吉列品牌在美国国内的市场占有率已达80%，奠定了其在刮胡刀领域的领导地位。自20年代开始，吉列逐渐进入国际市场，并迅速成长为国际知名品牌。吉列一直是世界剃刀和刀片领域的领先品牌，其在全球市场的占有率高达65%，处于绝对领先的地位。2005年宝洁（P&G）以570亿美元并购吉列公司。2016年6月6日，《2016年BrandZ全球最具价值品牌百强榜》公布，吉列排第61名。 
高夫,高夫,高夫品牌诞生于1992年市场上第一个男士护理品牌，也是目前国内领先的专业男士护理品牌，产品线跨越了护肤，护发，香水三大领域，高夫致力于为年轻中国男士提供最佳的个人护理解决方案。
大宝,北京大宝化妆品有限公司,北京大宝化妆品有限公司成立于1999年，是北京市三露厂（国家二级企业，北京市先进福利企业）成功进行股份制改造的结果。位于北京经济技术开发区荣华中路12号，占地面积25，070平方米，建筑面积44，871平方米。“大宝”系列化妆品1985年诞生至今，适应了不同时期、不同层次的消费需求，已陆续形成护肤、洗发、美容修饰、香水、特殊用途共五大类100多个品种。
Dabao,Dabao,
资生堂,资生堂,资生堂（Shiseido），是日本著名的化妆品品牌。取名源自中文《易经》中的“至哉坤元，万物资生”，资生堂的涵义为孕育新生命，创造新价值。“至哉坤元，万物资生”意为“赞美大地的美德，她哺育了新的生命，创造了新的价值。”这一名称正是资生堂公司形象的反映，是将东方的美学及意识与西方的技术及商业实践相结合，将先进技术与传统理念相结合，用西方文化诠释含蓄的东方文化。资生堂是株式会社资生堂（ShiseidoCompanyLimited）旗下品牌，总部在东京都中央区银座7丁目5番5号(104-0061)，于1872年创立，注册资金645亿日元。总经理兼董事长末川久幸，销售额6442亿日元（截止2010年3月），集团员工人数约29000名（截止至2010年3月）。
Shiseido,资生堂,资生堂（Shiseido），是日本著名的化妆品品牌。取名源自中文《易经》中的“至哉坤元，万物资生”，资生堂的涵义为孕育新生命，创造新价值。“至哉坤元，万物资生”意为“赞美大地的美德，她哺育了新的生命，创造了新的价值。”这一名称正是资生堂公司形象的反映，是将东方的美学及意识与西方的技术及商业实践相结合，将先进技术与传统理念相结合，用西方文化诠释含蓄的东方文化。资生堂是株式会社资生堂（ShiseidoCompanyLimited）旗下品牌，总部在东京都中央区银座7丁目5番5号(104-0061)，于1872年创立，注册资金645亿日元。总经理兼董事长末川久幸，销售额6442亿日元（截止2010年3月），集团员工人数约29000名（截止至2010年3月）。
相宜本草,相宜本草,相宜本草——诠释“本草养肤”理念将汉方本草和现代科技相结合加强有效成份渗透和吸收，开发出一系列美白、保湿、控油的产品让肌肤内在重获健康，自然、主动而且持久地筑起肌肤外在的美丽。
百雀羚,百雀羚,“百雀羚”是上海百雀羚日用化学有限公司（英文缩写：SPDC）旗下品牌，2008年曾获“中国驰名商标”称号此前“百雀羚”已连续两次获“上海市著名商标”。百雀羚创立于1931年，是国内屈指可数的历史悠久的著名化妆品厂商。悠久的历史，承载着光辉的业绩，成就了百雀羚品质如金的美誉。品牌曾被多次评选为“上海著名商标”，并荣获“中国驰名商标”等称号。公司先后与美国Disney、日本ASTROBOY等国际公司合作，推出了迪士尼、阿童木等儿童护理产品系列。传承经典，勇于创新，公司致力于为消费者创造天然温和的优质护肤品，完美演绎“中国传奇，东方之美”。上海百雀羚日用化学有限公司是一家集研究、开发、生产、销售服务为一体的具有七十多年历史的化妆品专业生产企业。公司拥有知名品牌如：百雀羚、凤凰、小百羚、Disney，主要生产的大类产品有：护肤用品、洗护发用品、个人清洁用品、花露水和美容化妆用品等优质的产品。百雀羚创立于1931年，是国内屈指可数的历史悠久的著名化妆品厂商。
杰威尔,杰威尔音乐有限公司,杰威尔"(JVR)”是由周杰伦(JAYCHOU)个人于2007年创立的个人娱乐有限公司，该公司除了2007年参与投资周杰伦执导电影《不能说的秘密》以外，目前主要以制作、发行唱片、筹办演唱会为主，公司现已有周杰伦、杨瑞代、袁咏琳、浪花兄弟、派伟俊等艺人。 
JVR,杰威尔音乐有限公司,杰威尔"(JVR)”是由周杰伦(JAYCHOU)个人于2007年创立的个人娱乐有限公司，该公司除了2007年参与投资周杰伦执导电影《不能说的秘密》以外，目前主要以制作、发行唱片、筹办演唱会为主，公司现已有周杰伦、杨瑞代、袁咏琳、浪花兄弟、派伟俊等艺人。 
波斯顿,波斯顿,波斯顿首款男士面膜的创意设计将中西文化交融，一半是西方男士的脸，另一半是中国国粹变脸脸谱，旨在以这种创新的方式告诉消费者，用完这款面膜后会有变脸的效果 2014年波斯顿涉足电子商务的第11个年头。11年了一张中西合璧的脸谱标志，正透过产品的发展，慢慢地将国粹“变脸”这种非物质文化遗产与西方文化相融合，让男士们完美地体验男人精、气、神的蜕变。 
WIS,WIS,WIS 是与瑞士合作开发的药妆品牌，引进瑞士RAHN集团的先进技术与原料，以药品的标准来做化妆品，追求极致的科学性与安全性，来满足对生活品质有高要求的消费人群。 品牌名WIS源自于欧洲一个古老的单词Wissenschaft，意指“科学”，作为药妆品牌，WIS致力于让护肤更科学且有效，给肌肤带来更好的护理体验。 
李医生,李医生,澳洲西婷著名美容博士MielonLee博士，集多年经验研制出特效“李医生”美容护肤品。现今，创立于澳大利亚悉尼的澳洲西婷，凭其一流的人才与精湛的技术，依靠其拳头产品“李医生”三大特效护肤系列（美白、消斑、清痘）已跻身成为全球知名的医疗美容护肤品生产研制企业之一。从1997年至今，“李医生”在进入中国市场短短几年的时间里，便以其优良的品质享誉中国美容界，产品销售网络已遍布全国20多个省，200多个城市，零售卖场超过3000个，成为国内化妆品行业的优质品牌。
DOCTOR LI,李医生,澳洲西婷著名美容博士MielonLee博士，集多年经验研制出特效“李医生”美容护肤品。现今，创立于澳大利亚悉尼的澳洲西婷，凭其一流的人才与精湛的技术，依靠其拳头产品“李医生”三大特效护肤系列（美白、消斑、清痘）已跻身成为全球知名的医疗美容护肤品生产研制企业之一。从1997年至今，“李医生”在进入中国市场短短几年的时间里，便以其优良的品质享誉中国美容界，产品销售网络已遍布全国20多个省，200多个城市，零售卖场超过3000个，成为国内化妆品行业的优质品牌。
碧欧泉,碧欧泉,碧欧泉(Biotherm)是一个高档的护肤品品牌，总部设在巴黎，隶属于欧莱雅集团(L'Oréal)，其产地分布于法国、摩纳哥和日本，创建年代为1952年。碧欧泉(Biotherm)的产品均含有独特的矿泉活细胞因子LifePlankton™活源精粹。碧欧泉(Biotherm)根据不同系列产品具体功效，针对性加入自然活性成分，两者相辅相成，对肌肤倍加呵护。20世纪中期，在法国南部的比利牛斯山下，一个法国生物学家发现其中的矿泉水含一种能够修复肌肤的物质ThermalPlankton，于是就为自己的发现注册了专利，并于1952年，将这种物质运用到护肤品的生产中。碧欧泉（Biotherm）的产品均含有独特的灵魂成分LifePlankton™活源精粹，它无比精纯、无限活性，与天然肌肤细胞的完美状态惊人的相似。LifePlankton能实现重建肌肤的5大功效：密集保湿、均匀肤色、修复细纹、增加弹性、舒缓过敏。碧欧泉不仅在女性护肤上做出了专研60年的贡献，而且在1985年彻底推翻“男人不该用护肤品”的禁忌，突破性地上市了碧欧泉男士。2001年镇牌之宝水动力保湿乳诞生，引领“清洁、滋润”新潮流。2006年炽能醒肤系列“充电面霜”风行全球，精英男士们一扫倦容，恢复奕奕神采。2009年，滋养紧致系列蕴含革命性抗老化科技，让男人全方位征服岁月。2011年，开创性的“精准减龄”方案，针对易老化的三大区域精准出击。
BIOTHERM,碧欧泉,碧欧泉(Biotherm)是一个高档的护肤品品牌，总部设在巴黎，隶属于欧莱雅集团(L'Oréal)，其产地分布于法国、摩纳哥和日本，创建年代为1952年。碧欧泉(Biotherm)的产品均含有独特的矿泉活细胞因子LifePlankton™活源精粹。碧欧泉(Biotherm)根据不同系列产品具体功效，针对性加入自然活性成分，两者相辅相成，对肌肤倍加呵护。20世纪中期，在法国南部的比利牛斯山下，一个法国生物学家发现其中的矿泉水含一种能够修复肌肤的物质ThermalPlankton，于是就为自己的发现注册了专利，并于1952年，将这种物质运用到护肤品的生产中。碧欧泉（Biotherm）的产品均含有独特的灵魂成分LifePlankton™活源精粹，它无比精纯、无限活性，与天然肌肤细胞的完美状态惊人的相似。LifePlankton能实现重建肌肤的5大功效：密集保湿、均匀肤色、修复细纹、增加弹性、舒缓过敏。碧欧泉不仅在女性护肤上做出了专研60年的贡献，而且在1985年彻底推翻“男人不该用护肤品”的禁忌，突破性地上市了碧欧泉男士。2001年镇牌之宝水动力保湿乳诞生，引领“清洁、滋润”新潮流。2006年炽能醒肤系列“充电面霜”风行全球，精英男士们一扫倦容，恢复奕奕神采。2009年，滋养紧致系列蕴含革命性抗老化科技，让男人全方位征服岁月。2011年，开创性的“精准减龄”方案，针对易老化的三大区域精准出击。
apache,apache, Apache是世界使用排名第一的Web服务器软件。它可以运行在几乎所有广泛使用的计算机平台上，由于其跨平台和安全性被广泛使用，是最流行的Web服务器端软件之一。它快速、可靠并且可通过简单的API扩充，将Perl/Python等解释器编译到服务器中。同时Apache音译为阿帕奇，是北美印第安人的一个部落，叫阿帕奇族，在美国的西南部。也是一个基金会的名称、一种武装直升机等等。
科颜氏,KIEHL'S,Kiehl's（科颜氏）1851年创立于纽约曼哈顿，早期Kiehl's（科颜氏）以典型的19世纪药剂师的身份，提供纽约客药水及自然成分提炼的药膏。Kiehl's（科颜氏）老店坐落在纽约第13街及第3大道的交叉口，以贩卖草药、精油、处方药、茶及蜂蜜为主。Kiehl's（科颜氏）揉和了美容、药草、药学及医学等专业领域的知识背景，逐渐建立了其独特的形象，进而发展成全方位的药局，并推出第一个以Kiehl's（科颜氏）命名的保养品；到了1960年代早期，Kiehl's（科颜氏）的药剂师们有着丰富的经验和专业知识，开始根据顾客需求研发出不同系列且男女皆适用的保养品；150多年来，Kiehl's（科颜氏）仍努力不懈地致力于提供顾客最专业的咨询服务，以及从脸部、身体、秀发甚至是运动后专用的顶级保养产品。2000年，Kiehl's（科颜氏）正式加入欧莱雅集团(L’Oreal)；2009年6月，Kiehl's（科颜氏）正式踏入中国内地开设专柜，并正式取中文名为科颜氏(此前一直被称为“契尔氏”)。Kiehl's（科颜氏）畅销多年的护唇膏(LipBalm#1)，小黄瓜植物精华化妆水(CucumberHerbalAlcohol-FreeToner)，特级保湿乳液(UltraFacialMoisturizer)和经典润肤乳(CremedeCorps)，都是大家爱不释手的明星级商品；许多好莱坞明星都是Kiehl's（科颜氏）保养品的忠诚爱用者。
Kiehl's,KIEHL'S,Kiehl's（科颜氏）1851年创立于纽约曼哈顿，早期Kiehl's（科颜氏）以典型的19世纪药剂师的身份，提供纽约客药水及自然成分提炼的药膏。Kiehl's（科颜氏）老店坐落在纽约第13街及第3大道的交叉口，以贩卖草药、精油、处方药、茶及蜂蜜为主。Kiehl's（科颜氏）揉和了美容、药草、药学及医学等专业领域的知识背景，逐渐建立了其独特的形象，进而发展成全方位的药局，并推出第一个以Kiehl's（科颜氏）命名的保养品；到了1960年代早期，Kiehl's（科颜氏）的药剂师们有着丰富的经验和专业知识，开始根据顾客需求研发出不同系列且男女皆适用的保养品；150多年来，Kiehl's（科颜氏）仍努力不懈地致力于提供顾客最专业的咨询服务，以及从脸部、身体、秀发甚至是运动后专用的顶级保养产品。2000年，Kiehl's（科颜氏）正式加入欧莱雅集团(L’Oreal)；2009年6月，Kiehl's（科颜氏）正式踏入中国内地开设专柜，并正式取中文名为科颜氏(此前一直被称为“契尔氏”)。Kiehl's（科颜氏）畅销多年的护唇膏(LipBalm#1)，小黄瓜植物精华化妆水(CucumberHerbalAlcohol-FreeToner)，特级保湿乳液(UltraFacialMoisturizer)和经典润肤乳(CremedeCorps)，都是大家爱不释手的明星级商品；许多好莱坞明星都是Kiehl's（科颜氏）保养品的忠诚爱用者。
倩碧,倩碧,倩碧，（CliniqueLaboratoriesLLC.）于1968年创立于美国纽约，现隶属于美国雅诗兰黛集团，其推广的基础护肤三步骤世界闻名。其首席皮肤科医生为Dr.NormanOrentreich。倩碧在其专柜中实行一种开架式的服务方式，藉由精心设计、具有双向沟通的产品展示空间，将护肤和彩妆品展示在顾客面前，让消费者可以尽兴、自由地试用，了解并喜爱每一件倩碧的产品。
CLINIQUE,倩碧,倩碧，（CliniqueLaboratoriesLLC.）于1968年创立于美国纽约，现隶属于美国雅诗兰黛集团，其推广的基础护肤三步骤世界闻名。其首席皮肤科医生为Dr.NormanOrentreich。倩碧在其专柜中实行一种开架式的服务方式，藉由精心设计、具有双向沟通的产品展示空间，将护肤和彩妆品展示在顾客面前，让消费者可以尽兴、自由地试用，了解并喜爱每一件倩碧的产品。
欧珀莱,欧珀莱,欧珀莱是舶来品和民族品牌的有效融合。1994年1月诞生于中国。具有“伴你左右”含义的欧珀莱产品，秉承资生堂“高品质、高服务、高形象”的企业文化理念，引进日本资生堂的先进技术和科学的经营管理方法，旨在缔造一流的、具高知名度、高品质的“AUPRES欧珀莱”美容品。欧珀莱商标中英文的注册地均是中国，品牌的使用权则属于中日合资企业——资生堂丽源化妆品有限公司。
AUPRES,欧珀莱,欧珀莱是舶来品和民族品牌的有效融合。1994年1月诞生于中国。具有“伴你左右”含义的欧珀莱产品，秉承资生堂“高品质、高服务、高形象”的企业文化理念，引进日本资生堂的先进技术和科学的经营管理方法，旨在缔造一流的、具高知名度、高品质的“AUPRES欧珀莱”美容品。欧珀莱商标中英文的注册地均是中国，品牌的使用权则属于中日合资企业——资生堂丽源化妆品有限公司。
一叶子,一叶子,2014年，上美集团旗下一叶子品牌应运而生，作为新一代植物护肤品牌，将新鲜植物营养与创新专利科技结合，重新发现植物护肤的新价值。汇萃全球植物鲜活精萃，运用护肤品界最新鲜植物科技，与肌肤相遇一刻，便注入满满的植物新鲜能量，让你亲身见证肌肤满鲜赋活，养出水鲜肌。品牌代言人：刘昊然、郭采洁。
one leaf,one leaf,oneleaf（一叶子），是一款护肤产品，取材于大自然纯粹植物精华。
自然堂,自然堂,自然堂，伽蓝（集团）股份有限公司旗下产品，2001年创立于上海。以天人合一的中国哲学思想为基础，倡导乐享自然，美丽生活的理念，针对中国人的文化、饮食和肌肤特点研制，甄选珍稀天然成分融合先进科技，致力于为中国消费者提供更好更专业品质的产品和服务。
花印,花印,“花印是原装进口，要实现全球制造、营销全球”。作为当下化妆品行业的年轻快时尚品牌，花印有着独特的品牌标签。“原装进口、平价、快时尚，安全”，一系列的内容印证了花印的卓越品质。“在当下激烈的竞争环境下，深刻感受到，中国品牌要保证国际竞争力，品质是关键。而借国外先进的制造与技术能力完成生产、品控则是务实之路”。花印“原装进口、全球制造”的品牌发展路径已被证明这是一条兼顾产品品质和营销创新的品牌发展之路。2008年，花印在日本以“花印”品牌注册。2009年10月开始在中国市场上市，中、日两国同步销售。同时也在实现全球营销，比如法国、美国等。花印以原装进口跟全球制造的模式发展，这是花印的主要策略，我们早已展开花印的全球化使命，开始全球化采购之路，2015年花印选取最安全原生态护肤的产地—法国，该产地的护肤品类目前已基本准备完成，同时也会陆续上市。法国的进口审批也都已经完成。未来的其他欧美国家如美国、意大利和瑞士也都在恰谈中。花印总裁说：“‘快时尚’是不可能消失，因为它非常迎合年轻人的口味。他们认为护肤品不再是选奢华大牌，而是需要原装进口，物美价廉，适合自己的肤质成分安全的产品才是重点。”
锐度,锐度,锐度，有时也叫“清晰度”，它是反映图像平面清晰度和图像边缘锐利程度的一个指标。如果将锐度调高，图像平面上的细节对比度也更高，看起来更清楚。比如，在高锐度的情况下，不但画面上人脸的皱纹、斑点更清楚，而且脸部肌肉的鼓起或凹下也可表现得栩栩如生。在另一种情况下，即垂直方向的深色或黑色线条，或黑白图像突变的地方，在较高锐度的情况下，线条或黑白图像突变的交接处，其边缘更加锐利，整体画面显得更加清楚。因此，提高锐度，实际上也就是提高了清晰度，这是人们需要的、好的一面。但是，并不是将锐度调得越高越好。如果将锐度调得过高，则会在黑线两边出现白色线条的镶边，图像看起来失真而且刺眼。这种情况如果出现在块面图像上，图像就会显得严重失真，不堪入目。比如，这种情况出现在不大的人脸图像上，就会不但在人脸的边缘出现白色镶边，而且在发际、眉毛、眼眶、鼻子、嘴唇这些黑色和阴影部位边上出现白色镶边，看起来很不顺眼。可见，锐度太高虽然提高了清晰度，但又会使图形走样，同样不是一件好事。所以，为了获得相对清晰而又真实的图像，锐度应当调得合适。
DUNK,dunk,NIKEDUNK的本意其实是一对贴地性良好的篮球鞋。(灌篮是SLAMDUNK)zoomair代表的是“冲击气垫”，也就是平时说的zoom，经常使用在Nike的顶级球鞋上作为缓震。对于NIKE来说，虽然就现在眼光看来设计简单，技术含量低的DUNK绝对是一对跨世纪的鞋。
膜法世家,膜法世家,膜法世家，天然膜护理专家，是上海悦目化妆品有限公司旗下著名面膜品牌。专注花果、谷物、食材等天然植物为原料的特色膜类个人护理产品，有面膜、眼膜、颈膜、手膜、足膜、体膜、唇膜、发膜、鼻贴膜……。2011年签约甜歌森女小天后金莎为品牌形象代言人，助力品牌发展。
御泥坊,御泥坊,御泥坊是一个护肤品品牌。
吾诺,吾诺,吾诺是日本资生堂旗下的人气男士形象用品。取名自意大利语"唯一"，表示纯正品质的产品只有一种。
UNO,UNO,UNO是一种牌类游戏，于1971年由MerleRobbins发明，现由游戏公司Mattel生产。由于游戏规则中，当玩家手上只余下一张牌时，必须喊出"uno"，因而得名。Uno是西班牙语和意大利语中“1”的意思。UNO牌分三类牌：普通牌(76张)、功能牌(24张)、万能牌(8张)，不同的牌对应牌面点不同。
尊蓝,尊蓝,尊蓝 是深圳高盛电子商务有限公司创立的男士彩妆品牌，商标申请于2010年。 
屈臣氏,屈臣氏,屈臣氏集团（香港）有限公司（A.S.WatsonGroup(HongKong)Ltd.，)创建于1828年，是长江和记有限公司旗下屈臣氏集团以保健及美容为主的一个品牌。屈臣氏是长江和记有限公司旗下的国际零售及食品制造机构，业务遍布24个国家/地区，共经营超过12000间零售商店，聘用117000名员工。集团涉及的商品包括有保健产品、美容产品、香水、化妆品、日用、食品、饮品、电子产品、洋酒及机场零售业务。屈臣氏在中国200多个城市拥有超过1000家店铺和三千万名会员，是中国目前最大的保健及美容产品零售连锁店。
兰蔻,兰蔻,兰蔻1935年诞生于法国，是由ArmandPetitjean（阿曼达·珀蒂让）创办的品牌。作为全球知名的高端化妆品品牌，兰蔻涉足护肤、彩妆、香水等多个产品领域，主要面向教育程度、收入水平较高，年龄在25～40岁的成熟女性 。凭借着对香水的天才敏感嗅觉、执着不懈的冒险精神，以及他立志让法国品牌在当时已被美国品牌垄断的全球化妆品市场占有一席之地的抱负，兰蔻为世界化妆品历史写下美的一页。一支来自法国古堡的玫瑰，凭借着气质，在变幻莫测的女性心理间，在捉摸不定的时尚法则中，足足绽放了六十年。
LANCOME,兰蔻,兰蔻1935年诞生于法国，是由ArmandPetitjean（阿曼达·珀蒂让）创办的品牌。作为全球知名的高端化妆品品牌，兰蔻涉足护肤、彩妆、香水等多个产品领域，主要面向教育程度、收入水平较高，年龄在25～40岁的成熟女性 。凭借着对香水的天才敏感嗅觉、执着不懈的冒险精神，以及他立志让法国品牌在当时已被美国品牌垄断的全球化妆品市场占有一席之地的抱负，兰蔻为世界化妆品历史写下美的一页。一支来自法国古堡的玫瑰，凭借着气质，在变幻莫测的女性心理间，在捉摸不定的时尚法则中，足足绽放了六十年。
韩束,韩束,2002年，“上海韩束化妆品有限公司”创立于中国上海，同年，韩束品牌创建。2012年，韩束公司完成品牌聚焦和品类聚焦的战略转型，布局护肤、面膜、男士、母婴、高端洗护、彩妆等品类。2015年11月，韩束公司正式更名为“上海上美化妆品有限公司”，并秉持多元、乐观、创新、冒险的企业精神。韩束，作为上美化妆品有限公司旗下最大的中高端时尚品牌。多年来，韩束一步一个脚印，遵循上美多元、乐观、创新、冒险的企业精神，在生产实力、科研力量、渠道建设、品牌精髓等各个方面，均跻身行业第一集团，成为国货自强的代表性品牌。韩束同时在百货商场、SHOPPINGMALL、KA（含屈臣氏）、日化精品店、百强连锁、电子商务、新兴渠道、微商、电视购物等渠道全面发展，销售连创新高，已成为国内全渠道营销的代表性企业 。2016年4月，韩束潜心专研REDBOOSTER好气色科技，为中国女性量肤定制红润气垫霜红CC。同年6月，以复活草“伺水复活”神奇能力为灵感，集水光玻尿酸科技于一体的韩束巨水光系列产品华丽上市。9月，韩束携手当红女星古力娜扎，倾情代言韩束巨水光系列，开启水光活力新纪元。2017年1月，国际著名影星景甜代言的韩束黑面膜上架；4月，韩束聚时光上市；同年5月，韩束聚光白全新上市。 目前韩束品牌拥有众多产品，并推出红CC，韩束巨补水，韩束巨水光、韩束面膜等明星产品，它们都得到市场和消费者的一致好评，并拥有郭采洁、古力娜扎、景甜等一线明星为韩束品牌倾情代言。
KanS,韩束,2002年，“上海韩束化妆品有限公司”创立于中国上海，同年，韩束品牌创建。2012年，韩束公司完成品牌聚焦和品类聚焦的战略转型，布局护肤、面膜、男士、母婴、高端洗护、彩妆等品类。2015年11月，韩束公司正式更名为“上海上美化妆品有限公司”，并秉持多元、乐观、创新、冒险的企业精神。韩束，作为上美化妆品有限公司旗下最大的中高端时尚品牌。多年来，韩束一步一个脚印，遵循上美多元、乐观、创新、冒险的企业精神，在生产实力、科研力量、渠道建设、品牌精髓等各个方面，均跻身行业第一集团，成为国货自强的代表性品牌。韩束同时在百货商场、SHOPPINGMALL、KA（含屈臣氏）、日化精品店、百强连锁、电子商务、新兴渠道、微商、电视购物等渠道全面发展，销售连创新高，已成为国内全渠道营销的代表性企业 。2016年4月，韩束潜心专研REDBOOSTER好气色科技，为中国女性量肤定制红润气垫霜红CC。同年6月，以复活草“伺水复活”神奇能力为灵感，集水光玻尿酸科技于一体的韩束巨水光系列产品华丽上市。9月，韩束携手当红女星古力娜扎，倾情代言韩束巨水光系列，开启水光活力新纪元。2017年1月，国际著名影星景甜代言的韩束黑面膜上架；4月，韩束聚时光上市；同年5月，韩束聚光白全新上市。 目前韩束品牌拥有众多产品，并推出红CC，韩束巨补水，韩束巨水光、韩束面膜等明星产品，它们都得到市场和消费者的一致好评，并拥有郭采洁、古力娜扎、景甜等一线明星为韩束品牌倾情代言。
佰草集,佰草集,佰草集品牌属于上海佰草集化妆品有限公司。上海佰草集化妆品有限公司是上海家化联合股份有限公司的全资子公司。1998年正式创立，“现代中草药古方个人护理专家”为概念推出市场；坚持“美自根源平衡有道”的品牌理念 。
碧柔,碧柔,碧柔(Biore)，是著名的全球500强企业，日本最大的日用消费品制造商——花王企业旗下的肌肤护理品牌，花王总部位于日本东京，在全球40多个国家设有工厂和办事处。作为一个家喻户晓的全球品牌，Biore碧柔自研发20多年来一直为消费者提供促进清洁、美丽与健康生活的系列产品，并以成为最受顾客支持与信赖的品牌为目标。花王株式会社成立于1887年，产品涉及化妆品等共300多种。2002年8月花王株式会社(Kao)(KAOCF)斥资3000万美元在创建了花王(中国)股份公司，从而一举将其在中国境内的三家企业纳入统一的管理之下。
Biore,碧柔,碧柔(Biore)，是著名的全球500强企业，日本最大的日用消费品制造商——花王企业旗下的肌肤护理品牌，花王总部位于日本东京，在全球40多个国家设有工厂和办事处。作为一个家喻户晓的全球品牌，Biore碧柔自研发20多年来一直为消费者提供促进清洁、美丽与健康生活的系列产品，并以成为最受顾客支持与信赖的品牌为目标。花王株式会社成立于1887年，产品涉及化妆品等共300多种。2002年8月花王株式会社(Kao)(KAOCF)斥资3000万美元在创建了花王(中国)股份公司，从而一举将其在中国境内的三家企业纳入统一的管理之下。
吾尊,吾尊,上美集团旗下的专业男士护理品牌「吾尊」，在2015年上市，以先进研发技术，打造极简、健康、超越期待的男士护理新体验。
迪奥,迪奥,克里斯汀·迪奥（英语：ChristianDior），简称迪奥（Dior），是法国著名时尚消费品牌。亦为全球最大的高级时尚品牌控股公司：LVMH酩悦轩尼诗路易威登集团的母公司（MoëtHennessy-LouisVuittonLVMHGroup）路威酩轩集团，是一法国酒业与高价奢侈品制造集团。Dior握有LVMHGroup42.38%的普通股及59.3%的表决权。迪奥公司由法国时装设计师克里斯汀·迪奥（ChristianDior，1905年1月21日－1957年10月24日）创立，总部设在巴黎。主要经营女装、男装、首饰、香水、化妆品、童装等高档消费品。其男装品牌现已独立为迪奥男装。 
Dior,迪奥,克里斯汀·迪奥（英语：ChristianDior），简称迪奥（Dior），是法国著名时尚消费品牌。亦为全球最大的高级时尚品牌控股公司：LVMH酩悦轩尼诗路易威登集团的母公司（MoëtHennessy-LouisVuittonLVMHGroup）路威酩轩集团，是一法国酒业与高价奢侈品制造集团。Dior握有LVMHGroup42.38%的普通股及59.3%的表决权。迪奥公司由法国时装设计师克里斯汀·迪奥（ChristianDior，1905年1月21日－1957年10月24日）创立，总部设在巴黎。主要经营女装、男装、首饰、香水、化妆品、童装等高档消费品。其男装品牌现已独立为迪奥男装。 
dior,迪奥,克里斯汀·迪奥（英语：ChristianDior），简称迪奥（Dior），是法国著名时尚消费品牌。亦为全球最大的高级时尚品牌控股公司：LVMH酩悦轩尼诗路易威登集团的母公司（MoëtHennessy-LouisVuittonLVMHGroup）路威酩轩集团，是一法国酒业与高价奢侈品制造集团。Dior握有LVMHGroup42.38%的普通股及59.3%的表决权。迪奥公司由法国时装设计师克里斯汀·迪奥（ChristianDior，1905年1月21日－1957年10月24日）创立，总部设在巴黎。主要经营女装、男装、首饰、香水、化妆品、童装等高档消费品。其男装品牌现已独立为迪奥男装。 
悦诗风吟,悦诗风吟,Innisfree（悦诗风吟）是韩国化妆品品牌，也是由韩国第一化妆品集团AmorePacific爱茉莉太平洋集团潜心研制的自然主义化妆品，是高科技和自然的完美结合。这一品牌的化妆品的特性：自然、健康、朴素、时尚。从推出第一支产品迄今，悦诗风吟一直坚持这些理念，并运用先进科技，不断对品牌进行提升，追求自然与肌肤的完美融合。
Innisfree,悦诗风吟,Innisfree（悦诗风吟）是韩国化妆品品牌，也是由韩国第一化妆品集团AmorePacific爱茉莉太平洋集团潜心研制的自然主义化妆品，是高科技和自然的完美结合。这一品牌的化妆品的特性：自然、健康、朴素、时尚。从推出第一支产品迄今，悦诗风吟一直坚持这些理念，并运用先进科技，不断对品牌进行提升，追求自然与肌肤的完美融合。
欧舒丹,欧舒丹,欧舒丹（L'OCCITANE），全称L'OCCITANEENPROVENCE（法语发音：，意即“普罗旺斯的欧舒丹”)，是一家专门制造及售卖个人护理产品及家居产品的国际零售企业，主要生产基地设于法国马诺斯克（Manosque）。公司成立于1976年，创办人为奥利维埃·博桑（OlivierBaussan），他希望建立一家保留并弘扬家乡普罗旺斯传统的公司。公司名字L'OCCITANE在法语中的意思是“来自欧西坦尼亚的女人”。欧舒丹希望“透过提供独特的个人护理及家居产品，成为提倡地中海式舒适安康感觉的国际模范”，并以“舒适愉悦”、“真实纯净”及“关怀尊重”等为企业理念。2010年5月7日，欧舒丹在香港联合交易所主板挂牌上市，成为首家在港上市的法国企业。
朗仕,朗仕,朗仕来自于雅诗兰黛集团的LABSERIES，是世界首个男士专属护肤领导品牌。
Lab series,LAB SERIES,LABSERIES是由雅诗兰黛集团于1987年创立的以高端科技、追求效果、经实验证明的男士保养领导品牌。
赫恩,赫恩,赫恩英文名Heun生日1958-05-26场上位置前锋曾效力于爱尔福特红白足球俱乐部
H&E,H&E,H&E即苏木精-伊红染色法，hematoxylin-eosinstainingHEstain)，是石蜡切片技术里常用的染色法之一
阿芙,阿芙精油,阿芙创办于2006年，是国内精油美妆类领先品牌，以“阿芙，就是精油”被业内熟知。在全国一二线城市设有四百余家形象专柜。线上渠道覆盖各大主流平台，在精油及精油美妆品类的占有率始终遥遥领先；同时，阿芙的创意营销和粉丝经济也在业内有极大的影响力。 截止目前，阿芙在全球范围内拥有14座契约庄园，直接供应原材料。 
AFU,阿芙精油,阿芙创办于2006年，是国内精油美妆类领先品牌，以“阿芙，就是精油”被业内熟知。在全国一二线城市设有四百余家形象专柜。线上渠道覆盖各大主流平台，在精油及精油美妆品类的占有率始终遥遥领先；同时，阿芙的创意营销和粉丝经济也在业内有极大的影响力。 截止目前，阿芙在全球范围内拥有14座契约庄园，直接供应原材料。 
娇韵诗,娇韵诗,娇韵诗是娇韵诗公司旗下一个品牌，成立于1954年，是法国美容界的著名品牌。它的崛起不同于那些由流行服饰起家的化妆品牌，也有别于一般由脸部护肤开始发展的保养品。当大多数品牌将身体保养品列为较晚发展的项目时，娇韵诗却已经以非常完整的身体保养系列为自己在市场上找到明确的定位，并奠定了品牌基础。在娇韵诗的经营理念中，产品的开发设计一直以顾客的需求为主。娇韵诗已开发出细致肌肤护理、特造曲线护理、调和曲线护理、舒爽护理、特殊身体护理、香醒露系列以及美胸护理等，总共30余种不同的保养品系列，带动美体保健新潮。娇韵诗很早便从与消费者的沟通中，了解到女性会因工作时间及家庭压力的增加而缩短护肤时间，因此不用按摩的瘦身产品将大为风行，于是，娇韵诗率先推出纤体精华露方便忙碌的女性。90年代，随着女性对身体保养的日益重视，不用按摩的塑身护理品果然走俏，成为身体保养品市场的主力。娇韵诗不计成本，努力研发新产品，同时跟随科技前进的脚步，不断改善现有的护肤产品。在娇韵诗的实验室里，每一件产品的问世都必须经过多达86项的品质管制和效果试验以及皮肤科专家的认证，以确保持久安全的效果。对于如此高品质的产品，娇韵诗始终采用中价位策略，旨在让消费者不必花太多钱就可获得肌肤的健康和美丽。在广告及促销活动中，娇韵诗不搞赠品、特价等促销形式，而是常在世界各地举办讲座，介绍产品的使用方法，进行卫生、营养咨询等。
CLARINS,娇韵诗,娇韵诗是娇韵诗公司旗下一个品牌，成立于1954年，是法国美容界的著名品牌。它的崛起不同于那些由流行服饰起家的化妆品牌，也有别于一般由脸部护肤开始发展的保养品。当大多数品牌将身体保养品列为较晚发展的项目时，娇韵诗却已经以非常完整的身体保养系列为自己在市场上找到明确的定位，并奠定了品牌基础。在娇韵诗的经营理念中，产品的开发设计一直以顾客的需求为主。娇韵诗已开发出细致肌肤护理、特造曲线护理、调和曲线护理、舒爽护理、特殊身体护理、香醒露系列以及美胸护理等，总共30余种不同的保养品系列，带动美体保健新潮。娇韵诗很早便从与消费者的沟通中，了解到女性会因工作时间及家庭压力的增加而缩短护肤时间，因此不用按摩的瘦身产品将大为风行，于是，娇韵诗率先推出纤体精华露方便忙碌的女性。90年代，随着女性对身体保养的日益重视，不用按摩的塑身护理品果然走俏，成为身体保养品市场的主力。娇韵诗不计成本，努力研发新产品，同时跟随科技前进的脚步，不断改善现有的护肤产品。在娇韵诗的实验室里，每一件产品的问世都必须经过多达86项的品质管制和效果试验以及皮肤科专家的认证，以确保持久安全的效果。对于如此高品质的产品，娇韵诗始终采用中价位策略，旨在让消费者不必花太多钱就可获得肌肤的健康和美丽。在广告及促销活动中，娇韵诗不搞赠品、特价等促销形式，而是常在世界各地举办讲座，介绍产品的使用方法，进行卫生、营养咨询等。
珀莱雅,珀莱雅,珀莱雅 是中国领先的化妆品品牌，珀莱雅发掘深海纯净、珍贵的护养成分，运用先进科技，深入肌肤本源，带来持久、由内而外的魅力。品牌自2006 年诞生以来，深信海洋是一切生命的摇篮，也是美丽之源，珀莱雅以“深度之美，源自深海”的理念以及知性、魅力、优雅、时尚的品牌个性，为亚洲广大消费者提供全面、深入的护肤方案和美丽体验，创造了富启发性的深海护肤美学。2015年1月12号珀莱雅荣获联合国公益大奖“年度女性发展贡献奖” 。2017年11月15日，珀莱雅登陆上海证券交易所 。
丁家宜,丁家宜,丁家宜，化妆品品牌，创始人庄文阳先生，经营商觉得丁家宜作为中国药科大学的教授，有公认的研究成果，遂将产品命名为“丁家宜”。2010年12月6日，全球香水制造商科蒂集团(CotyInc.)与丁家宜正式宣布双方达成了股份购买协议。2015年士齐集团旗重金回购丁家宜品牌，成为首个成功回购的民族品牌 。
他能量,他能量,他能量纯植物天然草本精华护肤品；他能量所采用原材料，百分之百纯天然，安全稳定；他能量产品的包装：采用环保的玻璃容器和进口的真空包器容材，从而达到保鲜性能。事实证明：使用他能量产品后肌肤变得柔嫩紧实，保养美白，粗大毛孔也能得到轻易改善；他能量引进时代领先科技，微脂囊包裹技术，微米级小分子，高能量，高渗透。他能量（亚洲）护肤研究中心，凭借创新科技，为男士带来控油、保湿、清爽的全新护肤体验。通过打造男士活力肌，解决男士皮肤暗沉、疲倦，缺乏活力的问题，让肌肤充满能量，拥有持久净爽肤感，随时回复活力状态。肌肤年轻、有活力，让你自信直面挑战！
舒适,舒适,舒适（1916年4月19日——2015年6月26日），男，原名舒昌格，祖籍浙江慈溪，持志大学肄业。1938年后任青鸟剧社、上海大同摄影场、金星影片公司演员和编导。1952年后任上海电影制片厂演员、导演，中国影协第三、四届理事。在《红日》中饰演张灵甫家喻户晓。2015年6月26日，舒适去世，享年100岁。
DHC,DHC,DHC，是一家日本的拥有多个事业部的庞大企业集团。包括翻译事业部、教育事业部、出版事业部、医药食品事业部、食品事业部、酒店事业部、美容院及水疗事业部、内衣事业部等。日本DHC的化妆业务始于1983年，所有产品均以通信贩卖的形式进行销售。从基本肌肤护理至化妆品、美体产品、护发用品、男士护肤品、婴儿护肤品以及健康食品。DHC作为日本通信销售化妆品知名品牌，30年来致力于打造天然、温和、高效护肤、彩妆及健康食品。 
雪花秀,雪花秀,雪花秀(Sulwhasoo)是韩国高端草本护肤品牌，是韩国著名化妆品集团爱茉莉（太平洋）株式会社旗下三大高端品牌（爱茉莉太平洋、雪花秀、赫妍）之一。50年间，雪花秀将传统古法和现代技术结合，精心选取具有护肤功效的东方草本，采用独特炮制法，提炼人参和滋盈凝萃复合体™的核心成分，研发出诸如人参系列等抗老化护肤产品。
瓷肌,瓷肌,瓷肌（CHNSKIN）来自韩国，是由专业皮肤科医师团队参与产品设计与研发的医学护肤品牌，基于深厚医学背景，不断深化在法国化妆品领域的合作，包括建立在法国护肤研究室及化妆品研究中心。韩国瓷肌化妆品有限公司创立于2009年，企业从品质、品牌、品性三个维度，打造优质产品及服务。秉诚真心凝听每一位消费者的声音，是CHNSKIN瓷肌品牌肩负的责任和使命，确立了瓷肌在专业护肤行业佼佼者的地位。韩国瓷肌（CHNSKIN）对产品质量高标准、高要求、严格把关、严格监控，韩国瓷肌(CHNSKIN）与韩国多家顶级化妆品生产商（科丝美诗COSMAX、蔻诗曼嘉COSMECCA）深度合作，整合来自世界各地优质原料，确保每一样产品都能成为瓷肌用心的护肤之作。
后,后,后，读音hòu，是合并字，合并“后”与“後”。“后”，从人从口，司的镜像，君后也，继体君也，象人之形。施令以告四方，故之从一，口。发号者，君后也。本义是发号施令者，即君主，《说文》“继体君也”，《尔雅》“后者，君也”。诸侯亦称后。后来成为帝王妻子的专用名称，《礼记》“天子之妃曰后”。“後”，本义为行路迟缓，《说文》“後，迟也”。前後、後面之意。汉字简化时将“後”与“后”进行了合并，在书写繁体字的时候需要注意不要写错！“后”字在《汉语大字典》袖珍本第257页，本身非简化字，而是由夏启的史官在公元前2000年根据既有汉字“司”创造的，方法就是把后者反转写，并赋予新的读音。这是因为夏王室出身于“司空”家族，是“群司”（司空、司徒、司马、司稷等）之一，为了表示子孙后代不敢与皇祖大禹比肩等列，故以“司”的镜像“后”作为自贬一级的称号。“司”有“子承父业”的意思，“后”也有同样意思，符合夏后氏“家天下”的统治理念。1.上古称君主：商之先后（先王）。2.帝王的妻子：皇后、太后。3.指空间在背面，反面的，与“前”相对：后窗户、后面、后学、后缀、后进。4.时间较晚，与“先”相对：日后、后福、后期。5.指次序，与“前”相对：后排、后十名。6.子孙：后辈、后嗣、后裔、后昆、无后（没有子孙）。7.姓。 
京润珍珠,京润珍珠,京润珍珠饰品以高品质的海水珍珠和淡水珍珠为主要原料，品种丰富，款式时尚多样，将珍珠的美演绎得淋漓尽致。京润珍珠饰品在设计上强调将珍珠的古典美与现代元素相融合，品种款式达一万余种，并以其华丽、温婉、高贵、典雅的风格备受人们喜爱。京润珍珠饰品享誉岛内外，远销英、美、法、德、日、韩和香港等国家和地区，成为人们购买海南珍珠的首选。2005年，京润珍珠获得“中华金银珠宝名牌”荣誉称号。
Schick,Schick,Schick是美国的一个剃须刀品牌。
兰芝,兰芝,韩国女性对美的向往以及对美好生活的追求，并没有因为战争和贫穷的生活重担而消失，相反更加强烈了。眼光锐利的徐大根先生（爱茉莉太平洋集团创始人），从战场上归来。细心的他对韩国女性们这种积极向上、向往美好生活的热情所感动，悉心钻研，从零开始，购买原料拿回自己家里配制，经过不断的探索和努力，终于开发出韩国的第一瓶雪花霜。随后，徐大根先生在早高丽化妆品CORENER开了化妆品店，吸引了众多的爱美女性，激发了她们重拾美丽的梦想。兰芝与水：在法语里，laneige意味着雪，冬去春来，雪幻化成水，第一道融雪幻化出的曙光，水和光的“浪漫相遇”。如今爱茉莉太平洋集团已是韩国最大的化妆品公司，拥有250多位科研人员、3个科研机构、并成为韩国本地排名第一、世界排名前二十名的国际化妆品集团。到了二十世纪九十年代，爱茉莉太平洋集团将清新快乐的美丽文化融入到了LΛNEIGE兰芝这个灵感源于韩国东海岸的品牌中。“水”和“光”所构成的是LΛNEIGE兰芝快乐的内涵。
LANEIGE,兰芝,韩国女性对美的向往以及对美好生活的追求，并没有因为战争和贫穷的生活重担而消失，相反更加强烈了。眼光锐利的徐大根先生（爱茉莉太平洋集团创始人），从战场上归来。细心的他对韩国女性们这种积极向上、向往美好生活的热情所感动，悉心钻研，从零开始，购买原料拿回自己家里配制，经过不断的探索和努力，终于开发出韩国的第一瓶雪花霜。随后，徐大根先生在早高丽化妆品CORENER开了化妆品店，吸引了众多的爱美女性，激发了她们重拾美丽的梦想。兰芝与水：在法语里，laneige意味着雪，冬去春来，雪幻化成水，第一道融雪幻化出的曙光，水和光的“浪漫相遇”。如今爱茉莉太平洋集团已是韩国最大的化妆品公司，拥有250多位科研人员、3个科研机构、并成为韩国本地排名第一、世界排名前二十名的国际化妆品集团。到了二十世纪九十年代，爱茉莉太平洋集团将清新快乐的美丽文化融入到了LΛNEIGE兰芝这个灵感源于韩国东海岸的品牌中。“水”和“光”所构成的是LΛNEIGE兰芝快乐的内涵。
韩后,韩后,韩后，著名护肤品牌，成立于2008年 ，隶属于韩后化妆品股份有限公司。在其“天然造”品牌理念下，韩后已进入到了全渠道增长的快速上升期，而立体化营销更是韩后之所以置身国内美妆产品一线行列的制胜关键。
克丽丝汀迪奥,克丽丝汀迪奥,克里斯汀·迪奥（ChristianDior，简称CD），一直是炫丽的高级女装的代名词。他选用高档的华丽、上乘的面料表现出耀眼、光彩夺目的华丽与高雅女装，倍受时装界关注。他继承着法国高级女装的传统，始终保持高级华丽的设计路线，做工精细，迎合上流社会成熟女性的审美品味，象征着法国时装文化的最高精神，迪奥品牌在巴黎地位极高。
DIOR,迪奥,克里斯汀·迪奥（英语：ChristianDior），简称迪奥（Dior），是法国著名时尚消费品牌。亦为全球最大的高级时尚品牌控股公司：LVMH酩悦轩尼诗路易威登集团的母公司（MoëtHennessy-LouisVuittonLVMHGroup）路威酩轩集团，是一法国酒业与高价奢侈品制造集团。Dior握有LVMHGroup42.38%的普通股及59.3%的表决权。迪奥公司由法国时装设计师克里斯汀·迪奥（ChristianDior，1905年1月21日－1957年10月24日）创立，总部设在巴黎。主要经营女装、男装、首饰、香水、化妆品、童装等高档消费品。其男装品牌现已独立为迪奥男装。 
安安金纯,安安金纯,安安金纯—橄榄油护肤品牌，产品源自西班牙的优质橄榄，采用独特的高科技萃取技术，原装进口日本美之贺专业乳化设备，拥有二十五年的专业经验，所有产品均经皮肤学专家及市场测试认可。运用全新的研究成果，将新鲜橄榄果中萃取的橄榄油精华运用到每一个产品中，保留了每一滴橄榄油的营养和滋润成分，易被人体吸收。成立于1985年的安安国际集团有限公司，以生产个人护理用品、家用日化产品及新型日化原料为主，现旗下拥有近十家全资子公司。
佳雪,佳雪,佳雪，探索自然生命力的奥秘，让肌肤拥有活力之美。佳雪，携手植物学家，破解大自然非凡生命力的奥秘，以鲜植物水养的护肤理念，萃取自然植物生命力最旺盛时期的天然护肤精华，将其不可思议的生命活力注入肌肤，让现代东方女性呈现由内而外的活力之美。佳雪，诞生于1996年，以“植物护肤”为品牌定位，是雅倩公司的第一个护肤品牌。十余年，凭借卓越的品质和成功的市场推广，佳雪品牌在护肤领域迅速崛起，在消费者心目中已树立起“植物护肤”的品牌形象，品牌知名度和市场占有率均名列前茅。
师夷家,师夷家,师夷家，专业男士护肤品牌。2012年4月——2014年4月由香港著名灵魂乐唱作人方大同代言。受魏源启发提出“师夷长技以制夷”，并推出品牌理念“质感男人师夷家”，倡导男性内外兼修，旨在振兴民族品牌。师夷家是2012年全球网商大会战略合作伙伴，2012年5月-8月与著名杂志《时尚健康》合作举办第四届coolguy封面明星选拔赛，师夷家劲爽控油矿物洗颜泥荣获第八届男士体面大奖，赞誉如潮。2012年9月9日，师夷家在杭州召开“质感男人师夷家”新闻发布会，方大同亲到现场，当天创造了1分钟500套的销售奇迹。
满婷,满婷,满婷是山东省著名商标。中国国内化妆品品牌，产地山东。满婷品牌是九鑫集团旗下一个专业的除螨品牌，创立于2002年。
MANTING,满婷,满婷是山东省著名商标。中国国内化妆品品牌，产地山东。满婷品牌是九鑫集团旗下一个专业的除螨品牌，创立于2002年。
碧素堂,碧素堂,
植物医生,植物医生,植物医生DRPLANT，始终致力于植物护肤研究，坚持为消费者提供最安全有效的植物美肌方案。通过精进的探索，植物医生DRPLANT发现，高山植物，生长在拥有海拔高、温差大，日照时间长、远离都市污染源等自然特点的独特地域，因此具备更纯净的、可被肌肤所吸收的天然活性养分，可以更加有效的应用于植物护肤研究中。由此，植物医生DRPLANT与中国科学院昆明植物研究所联合成立“植物医生研发中心”，启动国家级科研力量，力求为中国女性打造更为安全、有效的纯净美肌方案。 
英吉利,英吉利海峡,英吉利海峡，又名拉芒什海峡，是分隔英国与欧洲大陆的法国、并连接大西洋与北海的海峡。海峡长560公里（350英里），宽240公里（150英里），最狭窄处又称多佛尔海峡，仅宽34公里（21英里）。英国的多佛尔与法国的加莱隔海峡相望。 主权归属：英国和法国。
菲诗小铺,菲诗小铺,菲诗小铺（THEFACESHOP）源自韩国，2007年获得英国kifus化妆品有限公司技术配方支持。全球知名高档化妆品品牌，在韩国以销售量计算是规模最大的化妆品公司。在韩国为前100大企业之一（其中只有2个化妆品品牌）、为韩国前三大保养品、化妆品公司。菲诗小铺（THEFACESHOP）产品包括护肤品、彩妆、男士护理等系列。
The Face Shop,菲诗小铺,菲诗小铺（THEFACESHOP）源自韩国，2007年获得英国kifus化妆品有限公司技术配方支持。全球知名高档化妆品品牌，在韩国以销售量计算是规模最大的化妆品公司。在韩国为前100大企业之一（其中只有2个化妆品品牌）、为韩国前三大保养品、化妆品公司。菲诗小铺（THEFACESHOP）产品包括护肤品、彩妆、男士护理等系列。
BIORE,碧柔,碧柔(Biore)，是著名的全球500强企业，日本最大的日用消费品制造商——花王企业旗下的肌肤护理品牌，花王总部位于日本东京，在全球40多个国家设有工厂和办事处。作为一个家喻户晓的全球品牌，Biore碧柔自研发20多年来一直为消费者提供促进清洁、美丽与健康生活的系列产品，并以成为最受顾客支持与信赖的品牌为目标。花王株式会社成立于1887年，产品涉及化妆品等共300多种。2002年8月花王株式会社(Kao)(KAOCF)斥资3000万美元在创建了花王(中国)股份公司，从而一举将其在中国境内的三家企业纳入统一的管理之下。
无限极,无限极,“无限极”是无限极（中国）有限公司——原“南方李锦记有限公司”的核心品牌、香港李锦记集团旗下专门从事中草药健康产品开发与销售的独资子公司。成立于1992年，以“无限极”为核心品牌，是一家从事中草药健康产品开发、生产及销售的大型港资企业，总部位于中国广州。 
露兰姬娜,露兰姬娜,露兰姬娜，2009年，露兰姬娜品牌邀请国内著名节目主持人谢娜倾情代言。著名节目主持人谢娜来到广东清远，出席了她代言的化妆品牌—露兰姬娜·姿维雅的新品宣传活动。
泊泉雅,泊泉雅,泊泉雅是一个新兴的化妆品品牌。
香奈儿,香奈儿,香奈儿（Chanel）是一个法国奢侈品品牌，创始人是CocoChanel（原名是GabrielleBonheurChanel，中文名是加布里埃·可可·香奈儿），该品牌于1910年在法国巴黎创立。该品牌产品种类繁多，有服装、珠宝饰品及其配件、化妆品、护肤品、香水等。该品牌的时装设计有高雅、简洁、精美的风格，在20世纪40年代就成功地将“五花大绑”的女装推向简单、舒适的设计。
Chanel,香奈儿,香奈儿（Chanel）是一个法国奢侈品品牌，创始人是CocoChanel（原名是GabrielleBonheurChanel，中文名是加布里埃·可可·香奈儿），该品牌于1910年在法国巴黎创立。该品牌产品种类繁多，有服装、珠宝饰品及其配件、化妆品、护肤品、香水等。该品牌的时装设计有高雅、简洁、精美的风格，在20世纪40年代就成功地将“五花大绑”的女装推向简单、舒适的设计。
姬芮,za,Za是为追求自信活力之美的女性而创立的化妆品品牌。 Za化妆品轻松简便的护肤步骤与彩妆理念，无需专业技巧就能缔造自然美颜。 Za护肤令个性时尚的你展现更多不一样的魅力。 其护肤系列能为肌肤注入更多自身修护能力，实现健康肌肤宛若天生的魅力。 Za彩妆系列打造卓越妆效，使肌肤呈现自然美丽。 
ZA,za,Za是为追求自信活力之美的女性而创立的化妆品品牌。 Za化妆品轻松简便的护肤步骤与彩妆理念，无需专业技巧就能缔造自然美颜。 Za护肤令个性时尚的你展现更多不一样的魅力。 其护肤系列能为肌肤注入更多自身修护能力，实现健康肌肤宛若天生的魅力。 Za彩妆系列打造卓越妆效，使肌肤呈现自然美丽。 
丸美,丸美,MARUBI丸美 ，中国领先的护肤品企业，以卓越的眼部护理著称化妆品界，拥有全球最大最专业的眼部肌肤研究中心。在中国拥有超1000个百货公司专柜，超15000个精品加盟店，商业版图遍布全国，是国家级高新技术企业，中国驰名商标企业、中国最有价值品牌500强、全球100大美容品企业。 2013年，LVMH旗下的LCapital基金战略投资丸美， 进一步推动了丸美国际化品牌梦想的实现。3月20日，丸美股份在证监会网站披露了新版招股说明书，公司计划在上交所上市，募集资金约5.84亿元，投向彩妆产品生产建设等项目。 
MARUBI,丸美,MARUBI丸美 ，中国领先的护肤品企业，以卓越的眼部护理著称化妆品界，拥有全球最大最专业的眼部肌肤研究中心。在中国拥有超1000个百货公司专柜，超15000个精品加盟店，商业版图遍布全国，是国家级高新技术企业，中国驰名商标企业、中国最有价值品牌500强、全球100大美容品企业。 2013年，LVMH旗下的LCapital基金战略投资丸美， 进一步推动了丸美国际化品牌梦想的实现。3月20日，丸美股份在证监会网站披露了新版招股说明书，公司计划在上交所上市，募集资金约5.84亿元，投向彩妆产品生产建设等项目。 
索芙特,索芙特,索芙特，2004年12月1日，中国最具成长性的上市企业之一——广西红日，正式更名为索芙特股份有限公司，成为中国日化第一股。据权威机构的评估，索芙特品牌价值24.41亿，名列全国第383位，是最具市场认可度的功能性本土品牌。2004年，索芙特更获得了中国商标总局（国家工商行政管理总局商标局）颁发的“中国驰名商标”的称号，这个称号也是国内洗面奶品牌唯一驰名商标，而其连续三年的突破性销售增长，更显现出其旺盛的生命力和巨大的发展潜力。
马丁,乔治·雷蒙德·理查德·马丁,乔治·雷蒙德·理查德·马丁（GeorgeRaymondRichardMartin），通常被称为乔治·R·R·马丁或GRRM，是一名擅长撰写奇幻、科幻和恐怖小说题材的美国作家、编辑、电视剧编剧兼制片人，雨果奖、星云奖、轨迹奖、世界科幻奖等文学奖项的多次得主。马丁的作品主要以人物为关注点，描写细腻丰富，突破了幻想文学界固有的创作模式，多次引领阅读潮流。代表作有十大浪漫太空歌剧之一的《光逝》、由雨果奖获奖名篇扩展而成的《风港》、在杂志读者群中深受爱戴的《图夫航行记》，以及当代严肃奇幻的经典《冰与火之歌》（ASongofIceandFire）系列等。由于马丁作品的辉煌成就，他被《时代》杂志誉为“美国的托尔金”和“新世纪的海明威”。
Martin,martin,弗兰克·马丁音乐家制作，一个半世纪以来，MARTIN吉他公司一直被公认为是世界上最好的乐器公司。在传统的家族式的管理模式下，MARTIN吉他反映的是家族六个世代吉他制作的精湛工艺。
丹姿,丹姿,丹姿 集团成立于1998年，是一家集科研、生产、销售和服务为一体的化妆品企业。至2013年，销售网络已覆盖全国，并与沃尔玛、家乐福、大润发、乐购等国际国内大型KA系统建立战略联盟。1998年至今，丹姿集团秉承“一流品牌造福社会”的企业宗旨，坚持自主品牌创新之路，先后创立了丹姿、水密码、他能量等知名品牌。“水密码”以其清新、高品质等特点，成为了丹姿集团补水护肤领域的核心品牌。
DANZ,DANZ,
欧诗漫,欧诗漫,欧诗漫是浙江欧诗漫集团有限公司旗下的奢侈品品牌.欧诗漫以珍珠品牌的责任心和使命感将中华千年珍珠瑰宝传承与创新发展。
OSM,OSM,OSM由国际电信联盟(ITU)起草的V.92标准在2000年11月份获得批准。V.92在V.90标准的基础上体现了3个基本优势。
植物日记,植物日记,PlantsDiary植物日记是娇兰佳人集团旗下创立的全天然高档护肤及化妆品品牌，PlantsDiary植物日记始终坚持寻找都市女性心目中所向往的未来化妆品的特性：自然、健康、简约、时尚…凭借着对自然界植物美学的无限好奇和探索，不断优化、不断追求植物与肌肤的完美融合，以自我净化的植物能量来解决各种肌肤烦恼，还原肌肤的健康和身心的愉悦；低刺激、高吸收的特点，为肌肤营造“零压美肌”境界，完美诠释了PlantsDiary出尘世而自然自好的品牌精神和邂逅纯净大自然的品牌意境。
比度克,比度克,比度克是广州市中通生化制品有限公司旗下品牌。 国际知名药妆品牌，针对痘痘、痘印、粉刺、黑头等普遍出现的皮肤问题，专门解决问题肌肤的品牌。 
BeDOOK,bedook,bedook中文：比度克bedook一个专门针对年轻人，解决其皮肤问题的品牌。
Balea,Balea,
水之蔻,水之蔻,“水之蔻”诞生于法国泉水之城“Evian艾维昂”，以阿尔卑斯山活泉水作为产品基底用水以及核心精华成分，water意取“纯净之水、纯净之源”；come来自创始人“勒布雷兄弟”的名字MicheldeBret和ThomasdeBret的组合，指“纯净之水自天山来”的意思，寄予了“水之蔻”品牌及其创始人对纯净肌肤、纯净心灵、纯净生活的追求和关爱！
露得清,露得清,露得清（Neutrogena）是一个美国的保养品品牌。Neutrogena露得清致力在护肤，身体护理，护发，彩妆等领域。
Neutrogena,露得清,露得清（Neutrogena）是一个美国的保养品品牌。Neutrogena露得清致力在护肤，身体护理，护发，彩妆等领域。
雅芳,雅芳,雅芳创建于1886年，由“雅芳之父”大卫·麦可尼(DavidMcConnell)从一瓶随书附送的小香水中受到启发，公司起初名称叫做“加州香芬公司”(theCaliforniaPerfumeCompany)。经过一百多年的发展，雅芳已成为世界上最大的美容化妆品公司之一，其下产品包括著名的雅芳色彩系列、雅芳新活系列、雅芳柔肤系列、雅芳肌肤管理系列、维亮专业美发系列、雅芳草本家族系列、雅芳健康产品和全新品牌Mark系列，以及种类繁多的流行珠宝饰品。雅芳于1990年进入中国。雅芳（中国）有限公司现有74家分公司，覆盖国内23个省、5个自治区及4个直辖市，拥有雇员约2000人。
AVON,雅芳,雅芳创建于1886年，由“雅芳之父”大卫·麦可尼(DavidMcConnell)从一瓶随书附送的小香水中受到启发，公司起初名称叫做“加州香芬公司”(theCaliforniaPerfumeCompany)。经过一百多年的发展，雅芳已成为世界上最大的美容化妆品公司之一，其下产品包括著名的雅芳色彩系列、雅芳新活系列、雅芳柔肤系列、雅芳肌肤管理系列、维亮专业美发系列、雅芳草本家族系列、雅芳健康产品和全新品牌Mark系列，以及种类繁多的流行珠宝饰品。雅芳于1990年进入中国。雅芳（中国）有限公司现有74家分公司，覆盖国内23个省、5个自治区及4个直辖市，拥有雇员约2000人。
万宁,万宁,万宁市位于海南岛东南部沿海，东经110.39°北纬18.8°，东濒南海，西毗琼中，南邻陵水，北与琼海接壤。万宁市城市总面积为4443.6平方公里，其中陆地面积1883.5平方公里，海域面积2550平方公里。2010年万宁市全市总人口55.56万人，其中汉族45.66万人，黎苗等18个少数民族8.9万人 ；行政辖区有12个镇、6乡、201个管理区。万宁市人民政府驻地为万城镇。万宁素有中国著名的长寿之乡、咖啡之乡、槟榔之乡、温泉之乡、书法之乡、华侨之乡、海南美食天堂、中国冲浪之都等美誉。
mannings,Mannings,万宁(mannings)是香港一间连锁超级市场。是首间香港在CEPA架构下进入中国大陆的外资零售机构，也是亚洲最大的零售集团牛奶公司在中国大陆全资拥有的健与美连锁企业。至2010年年底，亚洲区共有1235家分店，分别于香港有335家、澳门有13家、中国大陆有163家、马来西亚有387家、印尼有206家、文莱有21家、越南有15家及新加坡有135家。
契尔氏,契尔氏,《契尔氏》（又名：为今天干杯）是歌手文阳的成名曲，由王雯作词作曲，宋涛编曲。收录于文阳2013年发行的首支EP专辑《cheersfortoday》中。
汉萱本草,汉萱本草,汉萱本草生物科技有限公司创立于2003年，是一家专业从事研发、销售草本美容产品的公司。公司继承了中医美容之精髓，在传统的草本学基础上，运用中医原始和自然的原理，结合现代生物学手段，将中药配制入粉、膏、液等外用美容制剂，使之能内服外敷，通过调节脏腑、补气养血、平衡阴阳，从而达到起到祛斑除皱、养颜驻容、延缓肌肤老化的美容功效。
飞利浦,飞利浦,飞利浦，1891年成立于荷兰，主要生产照明、家庭电器、医疗系统方面的产品。飞利浦公司，2007年全球员工已达128100人，在全球28个国家有生产基地，在150个国家设有销售机构，拥有8万项专利，实力超群。2011年7月11日，飞利浦宣布收购奔腾电器（上海）有限公司，金额约25亿元。2011年10月17日，飞利浦电子发布了第三季度财报，第三季度净利润同比下滑85.9%；同时宣布，飞利浦将在全球范围内裁员4500人。2013年1月底，飞利浦消费电子业务已全部剥离，将聚焦优质生活，医疗和照明设备行业。北京时间2014年12月17日，飞利浦宣布，将以12亿美元收购美国医疗设备制造商Volcano公司。
PHILIPS,飞利浦,飞利浦，1891年成立于荷兰，主要生产照明、家庭电器、医疗系统方面的产品。飞利浦公司，2007年全球员工已达128100人，在全球28个国家有生产基地，在150个国家设有销售机构，拥有8万项专利，实力超群。2011年7月11日，飞利浦宣布收购奔腾电器（上海）有限公司，金额约25亿元。2011年10月17日，飞利浦电子发布了第三季度财报，第三季度净利润同比下滑85.9%；同时宣布，飞利浦将在全球范围内裁员4500人。2013年1月底，飞利浦消费电子业务已全部剥离，将聚焦优质生活，医疗和照明设备行业。北京时间2014年12月17日，飞利浦宣布，将以12亿美元收购美国医疗设备制造商Volcano公司。
博朗,博朗,1921年在德国法兰克福奠下基业，德国博朗以精致的设计缔造出一个又一个经典，成为德国设计的典范。旗下10大类200多种产品涵盖男士剃须、女士脱毛、美发护发等，成为全球小家电巨头。德国博朗的产品曾经荣获60多项红点设计大奖，现代气息、简约、纯正和高品质正是博朗的风格。而德国博朗的设计理念，更被其设计大师迪特·拉姆斯总结成那赫赫有名的“十句箴言”，影响着一代又一代的设计师。2014年博朗理发器系列震撼登陆中国，带给消费者来自博朗的终极理发体验。
BRAUN,BRAUN,布劳恩1850年6月6日出生于德国的富尔达（Fulda）。他在此地接受了地方普通中学的教育。他曾在马尔堡大学、柏林大学学习过，1872年毕业，他的毕业论文是关于弹性弦的振动。后来他在维尔茨堡大学担任过昆开（Quincke）教授的助手，1874年受聘到莱比锡的圣托马斯中学任教。两年后他受聘为马尔堡大学的理论物理学编外教授，1880年又被聘请到斯特拉斯堡大学担任同样的职务。1883年布劳恩成了卡尔斯鲁厄（Karlsruhe）工业大学的物理学教授，并于1885年受聘到杜宾根大学任教。他到这里的任务之一是建立一所新的物理研究所。他没有接受莱比锡大学的邀请去继承魏德曼的职务，而是在10年后于1895年又返回斯特拉斯堡担任物理研究所主任。
SK-II,SK-II,SK-II诞生于日本，是日本皮肤专家将尖端科技运用到护肤品开发中的完美结晶，是在东亚以及东南亚等地区深受欢迎的护肤品牌。SK-II的核心成分Pitera™活细胞酵母精华具有七大神奇功效。SK-II的专柜服务采用肌肤测试，比依照测试结果为消费者提供可靠的参考数值和个性化的皮肤保养建议。自1980年在香港和台湾推出第一款护肤用品至今，SK-II已经成为将尖端科技同纯天然精华结合到护肤品中的先驱，推出了诸多具突破性的产品。
韩菲诗,韩菲诗,韩菲诗——新锐移动互联网美妆品牌，创新运用话题营销、网络达人、跨界共享等碎片化互动运营手法，开启了B2C2C分享经济模式，为全国众多伙伴提供了创业机会，并带来巨大的商业价值，使韩菲诗这个独具魅力的新星品牌，在短时间内飞速崛起。作为移动互联网创富倡导者，韩菲诗始终以匠人精神，力求提供更优质的产品及订制型咨询服务，实现东方生活美学与亚洲肤质的完美结合，打造“真我魅力新生态”！
薇姿,薇姿,薇姿（VICHY）是全球专业敏感肌护肤领先品牌。欧莱雅集团旗下品牌，法国三大药妆品牌之一，薇姿一直关注于美丽，并倡导健康引导美丽，且不断探索创新。针对不同类型的皮肤，提供具有不同特点的系列产品，以达到绝佳效果。
VICHY,薇姿,薇姿（VICHY）是全球专业敏感肌护肤领先品牌。欧莱雅集团旗下品牌，法国三大药妆品牌之一，薇姿一直关注于美丽，并倡导健康引导美丽，且不断探索创新。针对不同类型的皮肤，提供具有不同特点的系列产品，以达到绝佳效果。
雅丽洁,雅丽洁,2014年雅丽洁官方网络首席赞助了湖南卫视两大王牌节目——时尚交友栏目《我们约会吧》及全国影响力巨大的亲子真人秀《爸爸去哪儿2》，全面启动雅丽洁娱乐营销创新模式，品牌形象火速升级。 
同仁堂,同仁堂,北京同仁堂 是全国中药行业著名的老字号。创建于1669年（清康熙八年），自1723年开始供奉御药，历经八代皇帝188年。在300多年的风雨历程中，历代同仁堂人始终恪守“炮制虽繁必不敢省人工，品味虽贵必不敢减物力”的古训，树立“修合无人见，存心有天知”的自律意识，造就了制药过程中兢兢小心、精益求精的严细精神，其产品以“配方独特、选料上乘、工艺精湛、疗效显著”而享誉海内外，产品行销40多个国家和地区。 
TRT,TRT,TRT——(BlastFurnaceTopGasRecoveryTurbineUnit以下简称TRT)高炉煤气余压透平发电装置(即TRT)是利用高炉冶炼的副产品——高炉炉顶煤气具有的压力能及热能使煤气通过透平膨胀机做功将其转化为机械能，再将机械能转化为电能。 
赫拉,赫拉,赫拉（希腊语：Ἥρα、英语：Hera），是古希腊神话中的婚姻与生育女神和第三代天后，奥林匹斯十二神之一。第二代神王神后克洛诺斯和瑞亚的女儿，与宙斯分享权力的共治者，宙斯的姐姐和第七位妻子。她的名字在古希腊语中为“贵妇人”、“女主人”、“高贵的女性”的意思。古希腊诗人—赫西俄德的著作《神谱》中则把赫拉称为“脚穿金鞋的赫拉（gold-shodHera）”；在荷马史诗中，她被称为“白臂女神赫拉（white-armedgoddessHera）”、“金座女神赫拉（golden-seatedgoddessHera）”以及“牛眼睛的天国王后（简称天后）（ox-eyedQueenofHeaven）”，形容坐在黄金宝座上的天后赫拉异常美丽，拥有一双炯炯有神和洞察一切事物的大眼睛，臂膀洁白如百合，一头秀美的卷发从王冠下边泻出，流露出威严而安详的神情。赫拉拥有的代表性圣物有石榴、布谷鸟、老鹰、狮子和乌鸦。
Hola,Hola,HOLA是广州澳希亚实业有限公司旗下护肤品牌 。
婷美,婷美,婷美内衣以塑形内衣启动了整个美体修形产业，成就了自己的内衣霸业。婷美内衣从中国女性“美体修形”这一实际需求出发，以四十多项专利保证，数十位各学科专家凝成一件看起来简单不过的内衣，开创出近百亿元规模的美体市场规模。婷美品牌为北京市著名商标，是北京经济技术开发区"每平方米土地税收最高内资企业"、"民营高新技术企业纳税大户"，婷美集团更是北京市五十家重点联系民营企业之一。婷美集团属下公司多为高新技术企业、婷美集团北京世纪诚通铭泰汽车销售连锁有限公司、婷美集团北京世纪婷美营销策划有限公司、婷美集团国际发展有限公司（香港）、婷美集团北京世纪婷悦美体科技发展有限公司、婷美集团北京婷悦化妆品有限公司、婷美集团北京世纪康婷美体医学技术研究中心、婷美集团上海世纪婷美保健技术有限公司、婷美集团天津华纳国际贸易有限公司），涉及女士内衣、保暖内衣、保健品、洗涤化妆品、消防器材、汽车配品及销售六大产业。
阿迪达斯,adidas,adidas（阿迪达斯）创办于1949年，是德国运动用品制造商阿迪达斯AG成员公司。以其创办人阿道夫·阿迪·达斯勒（AdolfAdiDassler）命名，1920年在黑措根奥拉赫开始生产鞋类产品。1949年8月18日以adidasAG名字登记。阿迪达斯原本由两兄弟共同开设，在分道扬镳后，阿道夫的哥哥鲁道夫·达斯勒（RudolfDassler）开设了运动品牌puma。其经典广告语：“没有不可能”（Impossibleisnothing）。2011年3月，斥资1.6亿欧元启用全新口号——adidasisallin（全倾全力）。2017年6月，adidas入选《麻省理工科技评论》2017年度全球50大最聪明公司”榜单。 
adidas,adidas,adidas（阿迪达斯）创办于1949年，是德国运动用品制造商阿迪达斯AG成员公司。以其创办人阿道夫·阿迪·达斯勒（AdolfAdiDassler）命名，1920年在黑措根奥拉赫开始生产鞋类产品。1949年8月18日以adidasAG名字登记。阿迪达斯原本由两兄弟共同开设，在分道扬镳后，阿道夫的哥哥鲁道夫·达斯勒（RudolfDassler）开设了运动品牌puma。其经典广告语：“没有不可能”（Impossibleisnothing）。2011年3月，斥资1.6亿欧元启用全新口号——adidasisallin（全倾全力）。2017年6月，adidas入选《麻省理工科技评论》2017年度全球50大最聪明公司”榜单。 
雅诗兰黛,雅诗兰黛,雅诗兰黛是美国雅诗兰黛公司旗下的化妆品旗舰品牌，以抗衰修护护肤品闻名。雅诗兰黛公司是全球领先的大型生产商和销售商。1946年雅诗兰黛公司成立于美国纽约，拥有护肤品品牌Clinique（倩碧）、LaMer（海蓝之谜）、LABSERIES（朗仕）、Prescriptives、Origins（悦木之源），以及化妆品品牌BobbiBrown、M·A·C，和男性香水品牌Aramis等等，同时，该公司也为7大美国顶级时装品牌，比如DonnaKaran、MichaelKors等进行香水的贴牌生产。
Estee Lauder,雅诗·兰黛,雅诗·兰黛(EsteeLauder)全球最大的护肤、化妆品和香水公司之一，与其创始人同名。雅诗兰黛公司创立于1946年。
汤姆逊,约瑟夫·约翰·汤姆逊,约瑟夫·约翰·汤姆逊（Thomson，JosephJohn；1856年—1940年），英国物理学家，电子的发现者。约瑟夫·约翰·汤姆逊是第三任卡文迪许实验室主任，以其对电子和同位素的实验著称。一幅他正在研究阴极射线管的肖像挂在实验室的麦克斯韦讲演厅里。
THOMSON,THOMSON,Thomson品牌被公认为全球机械运动技术的业界领袖。2002年Thomson被丹纳赫公司收购，产品范围迅速增长。公司生产的直线运动和机械运动控制系列产品还包括BSA、Neff、Tollo、Micron、Deltran和Cleveland—-它们都属于Thomson。
ZUZU,ZUZU,
婉丝,婉丝,SOFTSILK婉丝由美国PhilipRocklcy菲力洛利天然植物化妆品研究中心研发，采用日本冲绳岛独特深海海藻-金丝海藻为核心原料提取精华成分Fucoidan（褐藻多糖），它活性非常高，可帮助肌肤提高对抗外界环境的免疫力及增强细胞修复功能，具有其他物质无法比拟的养颜美白、抵抗衰老的非凡功效。"该护肤品特别针对东方人肤质特点依各种不同肤质状况研制的专业护肤套餐显著改善皮肤质量。滋养、嫩白、抗衰老、增加皮肤弹性。大众化消费品中的中高品质中国女性新的护肤首选。
片仔癀,片仔癀,片仔癀，中成药名。为清热剂，具有清热解毒、凉血化瘀，消肿止痛之功效。用于热毒血瘀所致急慢性病毒性肝炎，痈疽疔疮，无名肿毒，跌打损伤及各种炎症。
海蓝之谜,海蓝之谜,雅诗兰黛集团旗下的LAMER海蓝之谜面霜，被誉为化妆品界的奇迹，LaMer的面霜人称“面霜之王”。物理学家麦克斯·贺伯博士(MaxHuber)在遭受了严重的灼伤之后苦于无药可医，便亲身投入了研究开发，历时12年、6000次实验之后，在1965年发明了海蓝之谜。神奇的面霜让贺伯博士的皮肤重新变得细滑、健康。
LA MER,海蓝之谜,雅诗兰黛集团旗下的LAMER海蓝之谜面霜，被誉为化妆品界的奇迹，LaMer的面霜人称“面霜之王”。物理学家麦克斯·贺伯博士(MaxHuber)在遭受了严重的灼伤之后苦于无药可医，便亲身投入了研究开发，历时12年、6000次实验之后，在1965年发明了海蓝之谜。神奇的面霜让贺伯博士的皮肤重新变得细滑、健康。
安利,Amway,amway常被称为安利，是一家总部位于美国密执安州的亚达城的家居护理产品公司，业务遍布80多个国家和地区。安利生产的产品有450余种，包括营养保健食品、美容化妆品、个人护理用品、家居护理用品和家居耐用品等。20世纪50年代，杰·温安洛和理查·狄维士在上门推销纽崔莱维生素的过程中，发现了一个极其深刻、直至今日仍然很有价值的事实：人和人际关系是任何成功事业的核心，有了客户的信任，就有源源不断的业务。整个50年代，两位创业者都在寻找一种新的产品以开拓他们的业务，最终他们确定了生产肥皂，即乐新多用途浓缩清洁剂的雏型。该产品一经推出就获得了万千主妇的信任，也因之开拓了全新的安利事业。
Amway,Amway,amway常被称为安利，是一家总部位于美国密执安州的亚达城的家居护理产品公司，业务遍布80多个国家和地区。安利生产的产品有450余种，包括营养保健食品、美容化妆品、个人护理用品、家居护理用品和家居耐用品等。20世纪50年代，杰·温安洛和理查·狄维士在上门推销纽崔莱维生素的过程中，发现了一个极其深刻、直至今日仍然很有价值的事实：人和人际关系是任何成功事业的核心，有了客户的信任，就有源源不断的业务。整个50年代，两位创业者都在寻找一种新的产品以开拓他们的业务，最终他们确定了生产肥皂，即乐新多用途浓缩清洁剂的雏型。该产品一经推出就获得了万千主妇的信任，也因之开拓了全新的安利事业。
颐莲,颐莲,颐莲（Rellet），是福瑞达生物医药公司倾力打造的个人护理品牌，是以解决基础肌肤问题的护肤品，水养科技倡导“轻护肤”为理念。该产品主要针对18-45岁女性研发的。
石泽研究所,石泽研究所,石泽研究所是日本国民级护肤品牌。1989年成立于亚洲潮流之都——东京·表参道。
the saem,the saem,THESAEM即得鲜。thesaemofwisebeauty。品牌理念：知道挽留肌肤时光的秘密。
忢,忢,忢，古汉字，意思同“悟”。
梦妆,梦妆,梦妆是韩国的护肤品品牌，1991年10月梦妆 在韩国上市，针对追求自我的当代女性而设计。韩国品牌凭借其不断创新的企业理念及产品研发实力，吸引了众多新时代女性，并获得了空前的成功。 
Mamonde,梦妆,梦妆是韩国的护肤品品牌，1991年10月梦妆 在韩国上市，针对追求自我的当代女性而设计。韩国品牌凭借其不断创新的企业理念及产品研发实力，吸引了众多新时代女性，并获得了空前的成功。 
透真,透真,透真品牌秉承“晶莹剔透，返璞归真”的美学理念，精选优质植物原料，将植物的护肤理念与生物萃取工艺结合，致力于为女性打造高品位的优质产品。
伊贝诗,伊贝诗,人文：一切以人为本，满足消费者的需求，是品牌持续发展的根基。天然：萃取海洋的纯天然原料，保证产品的优良品质。滋润：以海洋纯净之水滋润肌肤。自信：为肌肤建立如风和飞鸟般的从容自信。品牌愿景：立志成为海洋护肤领导品牌。
轩谛,轩谛,ChettiRouge轩谛是目前全球专业男士护肤彩妆领域的领导品牌。尤其在专业男士彩妆领域，ChettiRouge轩谛拥有全球最全的专业男士彩妆产品。作为引领专业男士彩妆潮流的品牌，ChettiRouge轩谛首创了“男士护肤第二部”和“男士基础彩妆三部曲”等一系列全新的理念。在专业的男士护肤领域，ChettiRouge轩谛根据男士不同年龄肌肤的特点，首推针对不同年龄的全效护肤系列。ChettiRouge轩谛独门的Laricyl（白灵芝）成分，取自俄罗斯寒带针叶林上，能有效的紧致肌肤，缩小毛孔，成为ChettiRouge轩谛的标志性成分。
高丝,高丝,高丝（日语：コーセー），是日本一家以化妆品制造与贩售为主的企业，初期以代理其他美容化妆品牌为主，1948年开始发展自己的品牌，由创办者小林孝三郎结合化学与药学人士于1946年创立。
Kose,高丝,高丝（日语：コーセー），是日本一家以化妆品制造与贩售为主的企业，初期以代理其他美容化妆品牌为主，1948年开始发展自己的品牌，由创办者小林孝三郎结合化学与药学人士于1946年创立。
千秋明月,千秋明月,《千秋明月》是连载于起点中文网的一本古装言情类小说，作者是千秋与明月。
蒂花之秀,蒂花之秀,“蒂花之秀”、“美王”两大名臣的品牌闻名海内，系列产品畅销全国。企业拥有领先行业的现代化自动生产流水线，设有先进的技术研发及市场研究机构，与全国多个高等院校及专业研究机构深入合作，不断增强着企业的创新能力和市场应变能力。
郁美净,郁美净,郁美净人坚持优质产品的标准起步要高，郁美净儿童系列护肤品，如郁美净儿童霜、高级儿童霜、儿童营养霜、儿童营养保湿霜等都采用了国际标准，并取得了采用国际标准产品标志证书。天津郁美净集团拥有科研成果及核心技术，获省市级企业技术中心认证，并已申请专利136项，其中包括国际发明专利2项，国内发明专利5项，实用新型专利13项。此外，郁美净产品的安全性也一直为人所称道。据权威部门检测，该公司产品的安全使用性远远高于国家标准，如国家标准产品中的微生物小于等于500个/克，而郁美净产品已达到小于等于10个/克。
伊诗兰顿,伊诗兰顿,伊诗兰顿是广州阿丽斯化妆品有限公司旗下植物护肤品牌。 
韩伊,韩伊,珍珠粉要又白又细，药房里的质量好一些。牛奶的选择上，小西力荐特仑苏。从口感上说，特仑苏每百克富含3.3克优质乳蛋白，相比其他牛奶更柔滑细腻，敷在脸上更滋润、更轻盈。古代时珍珠粉即为妃子和贵人的养颜圣品，用牛奶和珍珠粉做面膜，连续使用一周即可见美白效果。珍珠粉要又白又细，药房里的质量好一些。牛奶的选择上，小西力荐特仑苏。从口感上说，特仑苏每百克富含3.3克优质乳蛋白，相比其他牛奶更柔滑细腻，敷在脸上更滋润、更轻盈。
劲霸,劲霸,劲霸男装，始于1980，38年不断改进茄克。劲霸男装总部位于上海，中国高级时尚茄克领先品牌，商务休闲男装开创性品牌。劲霸男装以“款式设计领先”和“版型经验丰富”获得消费者良好口碑，并通过精湛领先的产品研发设计，强而有力的品牌运营管理，稳健齐备的专卖销售体系，成为中国商务休闲男装的旗舰品牌，引领中国茄克走向世界。 
POLA,POLA,Pola是即拍即现，一次成像相机。1947年，美国人发明了一次成像胶片，并由宝丽来公司生产出一次成像的拍立得相机。这一发明，使得旅游者的摄影变得非常方便，而不用受当时还非常不普及的冲洗服务的影响。这种照相机用特种胶片，拍摄后立即自动冲洗。在拍摄后从相机中拉出或自动弹出的已经是冲洗好的照片。拍摄者即拍即现可以看到刚拍摄的效果。
安公主,安公主,安公主，历史原型为安定思公主，《太平公主秘史》中人物，武则天和唐高宗李治的长女，性格强势刚毅。
馥珮,馥珮,“馥珮”是广东雅娜集团有限公司旗下的中草药御方化妆品知名品牌。馥佩国际连锁机构成立于2000年，以“中草药乃中国天然之药产，继承和发扬祖国中医药传统文化、传承中华国粹”为己任，在古代中医“御方”原方的基础上，以现代中医中药研究的最新理论为基础，结合现代高科技生物技术。
宝拉珍选,宝拉珍选,宝拉珍选是1995年，宝拉·培冈推出了自己的护肤品系列宝拉珍选。这个品牌最大的特点是“最好，最有效，性价比最高”。所有产品不含香料，不含着色剂，温和安全;不经过动物测试，符合绿色环保的现代观念。最重要的是，产品成分完全根据在国际权威科学刊物上发表的研究结果决定，消费者可以在购买前自己做足功课，选择最适合自己的产品。很多化妆品公司宣称产品专利配方，成分保密，宝拉珍选却从来不玩这种噱头。
Paula's Choice,宝拉珍选,宝拉珍选是1995年，宝拉·培冈推出了自己的护肤品系列宝拉珍选。这个品牌最大的特点是“最好，最有效，性价比最高”。所有产品不含香料，不含着色剂，温和安全;不经过动物测试，符合绿色环保的现代观念。最重要的是，产品成分完全根据在国际权威科学刊物上发表的研究结果决定，消费者可以在购买前自己做足功课，选择最适合自己的产品。很多化妆品公司宣称产品专利配方，成分保密，宝拉珍选却从来不玩这种噱头。
祖梵,祖梵,祖梵，是一家以麝香为香调的香水生产公司。
穆乐,穆乐,穆乐 属于汉斯-尤尔根穆乐股份两合公司2014年02月28日 申请注册的一个商标，申请地址位于德国施蒂岑格林市豪普特街18号，邮编08328 。
宝格丽,宝格丽,宝格丽（BVLGARI ）成立于1884年 ，是意大利珠宝品牌 。1879年，索帝里欧·宝格丽举家移民到意大利的那不勒斯，1884年他在罗马开了一家银器店，专门出售精美的银制雕刻品。宝格丽在首饰生产中以色彩为设计精髓，独创性地用多种不同颜色的宝石进行搭配组合，再运用不同材质的底座，以凸显宝石的耀眼色彩。
BVLGARI,宝格丽,宝格丽（BVLGARI ）成立于1884年 ，是意大利珠宝品牌 。1879年，索帝里欧·宝格丽举家移民到意大利的那不勒斯，1884年他在罗马开了一家银器店，专门出售精美的银制雕刻品。宝格丽在首饰生产中以色彩为设计精髓，独创性地用多种不同颜色的宝石进行搭配组合，再运用不同材质的底座，以凸显宝石的耀眼色彩。
上海,上海,上海，简称“沪”或“申”，是中华人民共和国直辖市，国家中心城市，超大城市，沪杭甬大湾区核心城市，国际经济、金融、贸易、航运、科技创新中心 ，首批沿海开放城市。上海地处长江入海口，是长江经济带的龙头城市，隔东中国海与日本九州岛相望，南濒杭州湾，北、西与江苏、浙江两省相接。 春秋战国时期，上海是楚国春申君黄歇的封邑，故别称申。四、五世纪晋朝时期，因渔民创造捕鱼工具“扈”，江流入海处称“渎”，因此松江下游一带称为“扈渎”，以后又改“沪”，故上海简称“沪”。 唐朝置华亭县。上海是国家历史文化名城，拥有深厚的近代城市文化底蕴和众多历史古迹。江浙吴越文化与西方传入的工业文化相融合形成上海特有的海派文化。 1843年后上海成为对外开放的商埠并迅速发展成为远东第一大城市。 上海市总面积6340平方公里，辖16个市辖区，属亚热带湿润季风气候。 上海GDP居中国城市第一位，亚洲城市第二位，仅次于日本东京。上海是全球著名的金融中心，全球人口规模和面积最大的都会区之一。上海被GaWC评为世界一线城市 。上海住户存款总额和人均住户存款均居全国第二 。2017年，上海高新技术企业总数达到7642家， 位列福布斯2017年“中国大陆最佳商业城市排行榜”第一位。 上海港货物吞吐量和集装箱吞吐量均居世界第一，设有中国大陆首个自贸区中国（上海）自由贸易试验区。上海市与安徽、江苏、浙江共同构成了长江三角洲城市群，是世界六大城市群之一。 
忆丽贝萝,忆丽贝萝,贝萝(Balo)产品是台湾一直风靡不衰的一个特殊功效护肤日化品牌，主攻瘦身，如红辣椒瘦身凝露，去角质等产品。在中国大陆更名为"忆丽贝萝(YiliBalo)"，有美体系列、清洁系列、美肤系列、去角质系列，自进入大陆以来，以其独特的包装风格及其显著性的功效(如减肥、丰胸、护理)，赢得了国内各大消费者的喜爱与认同！
D二次方,D二次方,D二次方是一款换装游戏，内容主题是化妆，打扮，换装，时尚，模特，游戏大小是1M。
DSquared2,DSQUARED2,DSQUARED2，是一对加拿大兄弟打造的意大利品牌，很有趣的是两兄弟最初当上时装设计师的原因颇简单，只因他们找不到合身的简约舒适衣服。品牌刚创立时就得到了时装领导者之一的麦当娜(Madonna)的垂青，邀请两位设计师为她设计150套服饰，作品包括她的唱片。
优资莱,优资莱,优资莱——珀莱雅化妆品股份有限公司旗下的五大化妆品品牌之一，公司总部坐落于杭州，2009年7月，品牌正式推广，并致力于植物类化妆品市场的开拓。
纪梵希,纪梵希,纪梵希(Givenchy)是来自法国的时装品牌，优美、简洁、典雅是纪梵希最大特点，纪梵希最初以香水为其主要产品，后开始涉足护肤及彩妆事业。在世界品牌实验室编制的2006年度《世界品牌500强》排行榜中名列第411位。
Givenchy,纪梵希,纪梵希(Givenchy)是来自法国的时装品牌，优美、简洁、典雅是纪梵希最大特点，纪梵希最初以香水为其主要产品，后开始涉足护肤及彩妆事业。在世界品牌实验室编制的2006年度《世界品牌500强》排行榜中名列第411位。
欧美姿,欧美姿,欧美姿是一家集研发、生产销售为一体的专业化妆品公司，位于上海市。
爱肤者,爱肤者,爱肤者 是吴秀清创建的护肤品产品品牌，品牌注册号16837199。 
圣罗兰,YSL,YSL（YvesSaintlaurent）的简称，中文译名圣罗兰，是法国著名奢侈品牌，由1936年8月1日出生于法属北非阿尔及利亚的伊夫圣罗兰先生创立，主要有时装、护肤品，香水，箱包，眼镜，配饰等。家境优渥，在成长过程中不乏接触高级时装珠宝的机会，久而久之累积酝酿起对于时装的热诚。17岁时只身前往时尚之都巴黎学习美术，不久后即转移到服装画的领域内。18岁时，他一举夺得时装设计比赛的冠军，被引荐到ChristianDior旗下工作，担任Dior的副手。
YSL,YSL,YSL（YvesSaintlaurent）的简称，中文译名圣罗兰，是法国著名奢侈品牌，由1936年8月1日出生于法属北非阿尔及利亚的伊夫圣罗兰先生创立，主要有时装、护肤品，香水，箱包，眼镜，配饰等。家境优渥，在成长过程中不乏接触高级时装珠宝的机会，久而久之累积酝酿起对于时装的热诚。17岁时只身前往时尚之都巴黎学习美术，不久后即转移到服装画的领域内。18岁时，他一举夺得时装设计比赛的冠军，被引荐到ChristianDior旗下工作，担任Dior的副手。
米蓝晞,米蓝晞,Milensea米蓝晞，一个源自以色列的良好口碑品牌。Milen英文是“感恩的宝贝”的意思，也是Millennium“千年”的缩写，SEA代表海洋；Milensea代表250万年前形成的今天陆地的最低点----位于以色列、巴勒斯坦和约旦交界处的死海。Milensea米蓝晞养肤品是全球第一款原生态死海养肤圣品，能深层渗透到人体真皮组织、彻底改善人类皮肤质量的革命性产品！该产品的原料坚决不使用羟苯类防腐剂，而是有机结合植物活性能量，每款产品都配搭完全取自天然的稀缺植物材料，可在极短的时间内透过表皮直达真皮及其皮下组织，使皮肤对营养元素的吸收率达到92.7%，且可长时间储存于真皮内层，持久养育皮肤；米蓝晞养肤品并首次针对亚洲女性肤质，设计出极其珍贵的，世界级原生态死海养肤圣品。
嘉年华,嘉年华,嘉年华（Carnival）早在欧洲是一个传统的节日。嘉年华的前身是欧美“狂欢节”的英文音译，相当于中国的“庙会”，最早起源于古埃及，后来成为古罗马农神节的庆祝活动。多年以来，“嘉年华”逐渐从一个传统的节日，到今天成为包括大型游乐设施在内，辅以各种文化艺术活动形式的公众娱乐盛会。全世界各地有着花样繁多的嘉年华会，并成为很多城市的标志。
阿玛尼,阿玛尼,阿玛尼（Armani）是世界知名奢侈品牌，1975年由时尚设计大师乔治·阿玛尼（GiorgioArmani）创立于意大利米兰，他以使用新型面料及优良制作而闻名。 阿玛尼品牌标志是由一只在往右看的雄鹰变形而成。
ARMANI,ARMANI,ARMANI是以服装设计师GiorgioArmani命名的一个服饰品牌，包括13个服装品牌系列，有低价位的EmporioArmani和运动系列A/XArmaniExchange，同时还包括牛仔，Armani内衣，配件和香氛。
植美村,植美村,植美村是广东幸美化妆品股份有限公司旗下品牌。自2010年成立后首个提出“分龄护肤”的理念，为女性消费者研发、生产分龄护肤产品。植美村分为三个系列：植美村水木睛华、植美村精纯、植美村女人花。植美村水木睛华是“分龄眼霜领军品牌”，专注眼部问题，推出分龄眼霜。植美村精纯品牌依据“精准分龄纯萃呵护”理念，根据肌肤年龄提供分龄护肤产品。植美村女人花提倡“眼部问题完美解决方案”，转对眼部不同问题，提出分龄护眼、分肤护眼的眼部问题解决方法。
ZMC,遵义医学院,遵义医学院坐落在风光秀丽的历史文化名城——遵义。是贵州省省属重点建设高等医学院校，“卓越医生教育培养计划”试点高校，国家卫生和计划生育委员会与贵州省人民政府共建高校。 学校前身为大连医学院，是中国共产党创办的第一所本科医学院校。1969年为支援“三线”建设，经国务院决定，举院南迁至遵义，更名为遵义医学院，是全国唯一一所坚持扎根革命老区没有回迁的本科院校。经过67年的艰苦创业，学校有了长足的发展，已成为多专业、多学科协调发展的高等医学院校。根据2016年4月学校官网显示，学校由校本部和珠海校区组成，占地面积3000余亩，建筑面积40万余平方米。涵盖6个学科门类，包含32个本科专业及专业方向，拥有全日制在校生15000多人。
荟宝,荟宝,荟宝，一个因芦荟而生的品牌，专注芦荟护肤18年，旗下我家的芦荟妆园是一家以芦荟为核心的单品牌店，也是中国特色芦荟家庭护理品牌“荟”聚世界好芦荟产品，拥有丰富的芦荟品类结构，有护肤系列、彩妆产品、洗护产品、婴童、孕妇等家庭护理产品，满足家庭所有人群的需求，真正实现一站式购物，快捷方便。 
VERA WANG,王薇薇,王薇薇，VERAWANG，著名华裔设计师，出生于纽约曼哈顿上东区，祖籍江苏徐州。 若称王薇薇(VERAWANG)是婚纱女王，一点也不为过。在每年的奥斯卡金像奖星光大道上，王薇薇(VERAWANG)就像是永不会出错、绝不会让女星得到“最差劲服装奖”的品质保证。王薇薇(VERAWANG)的婚纱设计引起了时尚界的一场婚纱革命，一套王薇薇(VERAWANG)婚纱，就如同一颗Tiffany的六爪钻戒一样，象征着神圣珍贵的爱情承诺。一件王薇薇(VERAWANG)婚纱的价格足够买下一辆名车，但照样让人趋之若鹜。2012年7月18日，王薇薇与27岁的花样滑冰冠军莱萨切克传出恋情，她整整比雷萨切克大36岁！
依妍,依妍,依妍为姿舞化妆品有限公司创立的品牌。合肥姿舞化妆品有限公司成立于2002年10月，以经营专业日用化妆品为核心，产品涉及护肤、洁面、洗发护发、沐浴等系列。
润颜,润颜,润颜是爱浓化妆品（上海）有限公司旗下的主打品牌。润颜，膳养女人颜！润颜以膳食养颜为品牌定位，主要针对亚洲女性肌肤问题，传承古代膳食养颜秘方，将其完美融入到现代科技，成就一系列膳食养颜产品。
水密码,水密码,水密码是丹姿集团旗下专业补水护肤品牌；包含海洋源萃、冰川矿泉、雪颜萃、绿茶控油、红石榴新活、透肌水润这六大系列，2013年水密码正式宣布杨幂成为其品牌代言人，双方共同启动了全新海洋源萃系列的发布仪式，最新发布的水密码海洋源萃系列，定位于中高端市场，外形拥有水滴形的立体专利设计，外包装用精致梦幻的蓝色凸显高品质和科技感2017年2月魏晨正式成为水密码的“首席颜值官”。 
雅邦,雅邦,公司生产的产品主要有电子酒店冰箱，电子红酒柜，压缩机红葡萄酒柜，是目前国内外最主要的电子酒店冰箱与红酒柜的供货商之一。同时也是中国半导体酒店冰箱，半导体红酒柜的开拓者，引领者。
SHANGHAI,上海,上海，简称“沪”或“申”，是中华人民共和国直辖市，国家中心城市，超大城市，沪杭甬大湾区核心城市，国际经济、金融、贸易、航运、科技创新中心 ，首批沿海开放城市。上海地处长江入海口，是长江经济带的龙头城市，隔东中国海与日本九州岛相望，南濒杭州湾，北、西与江苏、浙江两省相接。 春秋战国时期，上海是楚国春申君黄歇的封邑，故别称申。四、五世纪晋朝时期，因渔民创造捕鱼工具“扈”，江流入海处称“渎”，因此松江下游一带称为“扈渎”，以后又改“沪”，故上海简称“沪”。 唐朝置华亭县。上海是国家历史文化名城，拥有深厚的近代城市文化底蕴和众多历史古迹。江浙吴越文化与西方传入的工业文化相融合形成上海特有的海派文化。 1843年后上海成为对外开放的商埠并迅速发展成为远东第一大城市。 上海市总面积6340平方公里，辖16个市辖区，属亚热带湿润季风气候。 上海GDP居中国城市第一位，亚洲城市第二位，仅次于日本东京。上海是全球著名的金融中心，全球人口规模和面积最大的都会区之一。上海被GaWC评为世界一线城市 。上海住户存款总额和人均住户存款均居全国第二 。2017年，上海高新技术企业总数达到7642家， 位列福布斯2017年“中国大陆最佳商业城市排行榜”第一位。 上海港货物吞吐量和集装箱吞吐量均居世界第一，设有中国大陆首个自贸区中国（上海）自由贸易试验区。上海市与安徽、江苏、浙江共同构成了长江三角洲城市群，是世界六大城市群之一。 
shaan,Shaan,Shaan，影视男演员，主要作品《以上帝之名》。
RevitaLash,RevitaLash,RevitaLash是由雅典娜化妆品股份有限公司出品。这家公司坚信，企业的不断成功必须基于产品的安全生产和制造，唯有优质高效、值得信赖的产品，企业诚实守信的原则以及身体力行的慈善精神才能为企业带来真正的成功。我们容纳各种不同的价值观，并将其传递给我们的顾客。SkinStore是RevitaLash官方授权的网上代理经销商。数周RevitaLash内便可让您拥有纤长、健康、美丽的睫毛。倾心为您打造自然睫毛：更加纤长，浓密，丰盈，焕发迷人魅力。
名蔻,名蔻,名蔻是胜梅（中国-广州）化妆品有限公司旗下的品牌，该公司是一家具备雄厚的科技实力与完善的管理体制，及引进先进高科研技术建立的企业。目前，胜梅工厂已拥有一支铿锵有力的研发团队（教授级专家顾问、在职医学博士和研究生、医学美容专业本科生及专业科研院所）和经过严格培训的、技术娴熟的生产员工，严格遵行ISO9001:2000认证标准。自成立以来致力于推广中医草药，草本护肤，功效性产品的研制与开发，是集生产、销售、服务于一体的企业，已经为广大爱美人士研制出产品近1000多个种类。
KOOGIS,KOOGIS,KOOGIS（可其氏）是一个品牌，由广州可其氏生物科技有限公司创立，公司以“真善美”全方位打造品味女人。
花王,花王,花王，日本知名日用品品牌。花王株式会社成立于1887年，花王前身是西洋杂货店“长濑商店”（花王石碱），主要销售美国产化妆香皂以及日本国产香皂和进口文具等，花王创业人是长濑富郎。目前花王产品涉及化妆品等600多种，大都是高分子化学品。
KAO,kao,
Crabtree & Evelyn,瑰珀翠,瑰珀翠（Crabtree&Evelyn）英国化妆品品牌。瑰珀翠的英文名字Crabtree&Evelyn灵感来自十七世纪极负盛名的作家与园艺学家“JohnEvelyn”（约翰·爱芙蓉）。30年前，瑰珀翠只是一个专门制造香皂的家庭企业，现在她已经是象征英国优雅贵族气息的品牌，产品包含了日用保养品、精油香水、含精油的天然食品、居家装饰甚至纯棉的家居服装，许多好莱坞影片里都可以看见Crabtree&Evelyn的影子，国内十分受欢迎的《欲望城市》影集里凯莉就总是穿着瑰珀翠的睡衣。
NATURE REPUBLIC,NATURE REPUBLIC,NATUREREPUBLIC自然乐园是由亚洲巨星RAIN，JYJ等韩国众多明星代言的韩妆品牌，秉承韩国化妆品一贯的优秀作风，采用天然的绿色植物为原料，配以自然乐园专利技术MDWATER制作的化妆品，对皮肤没有任何刺激和伤害。产品通过的法国护肤品认证机构ECO-CERT认证，产品符合欧洲有机护肤品标准。自然乐园是韩国化妆品界的一匹黑马。包装也相当精致，味道很温和。每一件产品都源于大自然，绿色环保，远离公害，完全没有以往化妆品的那种化学香味。
LIZ CLAIBORNE,Liz Claiborne,LizClaiborne（），公司年，主要是设计与行销广泛的女装、男装与配件产品，适用的场合则从正式场合到休闲的穿着都有。美国的一个著名中产阶级品牌，简称LIZ，一般都会在其首饰刻印品名缩写L.c.i.
水芝澳,水芝澳,h2o+水芝澳于1989在美国芝加哥创立，始创人为仙蒂·梅其，同年在著名的密芝根大道开设首间专门店。h2o+水芝澳是著名化妆品牌，h2o+的创始人仙蒂梅发挥"以水为本”的革新理念，利用专利海洋矿物合成物，创造性地研制出了源于水的h2o+水芝澳护肤品。
H2O,水,水（化学式：H₂O）是由氢、氧两种元素组成的无机物，无毒。在常温常压下为无色无味的透明液体，被称为人类生命的源泉。水，包括天然水（河流、湖泊、大气水、海水、地下水等）{含杂质}，蒸馏水是纯净水，人工制水（通过化学反应使氢氧原子结合得到的水）。水是地球上最常见的物质之一，是包括无机化合、人类在内所有生命生存的重要资源，也是生物体最重要的组成部分。水在生命演化中起到了重要作用。它是一种狭义不可再生，广义可再生资源。纯水可以导电，但十分微弱（导电性在日常生活中可以忽略），属于极弱的电解质。日常生活中的水由于溶解了其他电解质而有较多的正负离子，导电性增强。
索尔,雷神托尔,雷神托尔（Thor）是美国漫威漫画旗下超级英雄，初次登场于《神秘之旅》（JourneyintoMystery）第83期（1962年8月），由斯坦·李、杰克·科比和拉里·利伯联合创造。本名托尔·奥丁森（ThorOdinson），是北欧神话中负责掌管战争与农业的雷神，也是众神之父奥丁的长子。他与成为好友钢铁侠的对比，突显了神话和科学的差别，他的著名武器为姆乔尔尼尔（Mjolnir），就是雷神之锤（Thor’sHammer）的意思。 曾有一段时间，雷神托尔不再拥有使用雷神之锤的资格，取而代之的是他的前女友简·福斯特，成为全新雷神。托尔现在是奥丁之子（Odinson），手握以前名唤“战彪”的战斧，断了一只手臂并用乌鲁手臂代替。在与超越神族的大战中，奥丁之子与亥伯龙一起壮烈赴死。 在2017年最新的漫画《丧失神格者：托尔》（TheUnworthyThor）中，全新全异宇宙的雷神驾着自己的山羊回归。
水循环,水循环,水循环是指地球上不同的地方上的水，通过吸收太阳的能量，改变状态到地球上另外一个地方。例如地面的水分被太阳蒸发成为空气中的水蒸气。而水在地球的状态包括固态、液态和气态。而地球中的水多数存在于大气层、地面、地底、湖泊、河流及海洋中。水会通过一些物理作用，例如：蒸发、降水、渗透、表面的流动和地底流动等，由一个地方移动到另一个地方。如水由河川流动至海洋。由1617世纪佩罗和马略特发现。
莱薇尔,莱薇尔,莱薇尔，是上海维肽化妆品有限公司旗下的护肤品牌。 
LAVER,LAVER,台湾首家纯植物绿色精油品牌，它起源于一个美丽的传说。后于1985年注册成个人护肤品牌，引申为“神奇的植物精油”之意。
伊索,伊索,伊索（约前620年-前560年），古希腊著名的哲学家、文学家，与克雷洛夫、拉·封丹和莱辛并称世界四大寓言家。他曾可能是埃塞俄比亚人，后做过萨摩斯岛雅德蒙家的奴隶，并被转卖多次，但因知识渊博，聪颖过人，最后获得自由。伊索环游世界，为人们讲述他的极富哲理的寓言故事，他后来被德尔菲人杀害。公元前5世纪末，“伊索”这个名字已是古希腊人尽皆知的了，当时的古希腊寓言都归在他的名下，他创作的寓言深受古希腊人民的喜爱。现存的《伊索寓言》原名《埃索波斯寓言故事集成》，是后人根据拜占廷僧侣普拉努得斯搜集的寓言，以诗或散文的形式结集。以及人们陆续发现的古希腊寓言及古罗马寓言汇编而成的，却统归在伊索名下了。
AESOP,Aesop,生平简介伊索（公元前620年——公元前560年），是公元前6世纪的古希腊的一个寓言家，生活在小亚细亚。弗里吉亚人。 据希罗多德记载，他原是萨摩斯岛雅德蒙家的奴隶，后来被德尔菲人杀害。他死后德尔菲流行瘟疫，德尔菲人出钱赔偿他的生命，这笔钱被老雅德蒙的同名孙子领去。传说雅德蒙给他自由以后，他经常出入吕底亚国王克洛伊索斯的宫廷。另外还传说，庇西特拉图统治期间，他曾到雅典访问，对雅典人讲了《请求派王的青蛙》这个寓言，劝阻他们不要用别人替换庇西特拉图。13世纪发现的一部《伊索传》的抄本中，他被描绘得丑陋不堪，从这部传记产生了很多有关他的故事。公元前5世纪末，“伊索”这个名字已为希腊人所熟知，希腊寓言开始都归在他的名下。得墨特里奥斯(公元前345—公元前283)编辑了希腊第一部寓言集（已佚）。1世纪和2世纪，费德鲁斯和巴布里乌斯分别用拉丁文和希腊文写成两部诗体的伊索寓言。伊索在公元前约600年出生在希腊。伊索童年期是一个哑巴，只能发出奇怪的声音，用手势表达他的意思；再加上他长得又矮又丑，邻居都认为他是个疯子。但是他的母亲非常爱他，时常讲故事给他听；他的舅舅恨这个又矮又丑的外甥，常常强迫他在田里做最艰苦的工作。母亲去世后，伊索跟着曾照料过他的老人，离家到各地去漫游，因此学到了许多有关鸟类、昆虫和动物的故事。他们在一起过了好多年快活的日子。后来，伊索被牧羊人卖了，从此以后伊索就变成一个奴隶。
ainuo,Ainuo,艾诺仪器公司创建于1993年，主要从事仪器设备、特种电源和自动化测试系统的研究、生产、销售和服务。本公司积极开发和引进先进技术，不断提升产品质量，努力开拓国内、国际市场，并主持参与了多个国家标准和计量检定规程的制订，成为国内电气安规、特种电源、电子负载、参数电测及测试系统等产品领域的著名龙头企业。
凌仕,凌仕,凌仕诞生于1983年的法国，是全球领先的男士护理品牌，畅销全球60个国家，在欧洲众多市场保持市场占有率第一，它是全球最大的男士日用香氛品牌，也是最大的男士沐浴露品牌。此外，其产品线还覆盖洗发，造型类产品和面部护理产品等。
LYNX,猞猁,猞猁（学名：Lynxlynx）：属于猫科，体型似猫而远大于猫，体粗壮，尾极短，通常不及头体长的1/4。四肢粗长而矫健。耳尖生有黑色耸立簇毛。两颊具下垂的长毛。上体浅棕、土黄棕、浅灰褐或麻褐色，或为灰白而间杂浅棕色调；腹面浅白、黄白或沙黄色。尾端呈黑色。为喜寒动物，栖息生境极富多样性，从亚寒带针叶林、寒温带针阔混交林至高寒草甸、高寒草原、高寒灌丛草原及高寒荒漠与半荒漠等各种环境均有其足迹。生活在森林灌丛地带，密林及山岩上较常见。喜独居，长于攀爬及游泳，耐饥性强，可在一处静卧几日，不畏严寒，以鼠类、野兔等为食，也捕食小野猪和小鹿等为食。巢穴多筑在岩缝石洞或树洞内。每胎2-4仔。广泛分布于欧洲和亚洲北部。是罗马尼亚国兽。
乐力,乐力,乐力（复方氨基酸螯合钙胶囊），适应症为1．用于防治钙、矿物质缺乏引起的各种疾病，尤适用于骨质疏松、儿童佝偻病、缺钙引起的神经痛和肌肉抽搐等。2．可用作孕期、哺乳期妇女及儿童钙及维生素D3的补充。
Osteoform,OSTEOFORM,复合氨基酸螯合钙胶囊，osteoform是乐力的英文名。
Hera,Hera,
丝塔芙,丝塔芙,丝塔芙是由法国高德美（Galderma）公司研发生产，高德美是国际专业的护肤品生产厂家，经过大量的皮肤安全测试和临床验证，美国皮肤科学会特别推荐产品。
兰亭,兰亭,兰亭，位于浙江省绍兴市西南14公里兰亭镇的兰渚山下，是东晋著名书法家，会稽内史王羲之的园林住所，是一座晋代园林。传春秋时越王勾践曾在此植兰，汉时设驿亭，故名兰亭。现址为明嘉靖二十七年（公元1548年），郡守沈启重建，其后几经改建，于1980年修复成明清园林的风格。
LANTERN,Lantern,Lantern，英语名词，意思是灯笼；灯塔；灯罩；灯饰。
草木之心,草木之心,草木之心（Beature）一改普通化妆品的厚重与刺激，提出减式天然护肤新主张，倡导清新、天然、简单，并且以中草药纯植物原料，添加维他命、矿物质与多种活性成分，融合现代生物科技最新成果，开发出天然高科技保养品，使产品能有效调养。
Gianfranco Ferre,Gianfranco Ferre,GianfrancoFerre是意大利姓名，按发音直译其中文名为：奇安弗兰科·费雷。奇安弗兰科·费雷(GianfrancoFerre)一向以酷爱简洁线条、用料高雅华贵、色彩鲜艳明亮而闻名于世。1989年，奇安弗兰科·费雷(GianfrancoFerre)因设计迪奥的赛西尔·比顿的宽领带时尚装而获“金顶针”奖，同时，费雷拥有自己名字的品牌“奇安弗兰科·费雷”(GianfrancoFerre)，费雷的时装店遍及全球。
健美创研,健美创研,
蕾珂美,蕾珂美,
白如雪,白如雪,“白如雪”是哈尔滨市明丰农业科学研究所于1996年由日本引进的一代杂交甜糯玉米。该品种玉米具有抗倒伏、鲜食籽营养价值高、易存储等特点。
兰可欣,兰可欣,兰可欣日本美肤株式会社工厂严格按照GMP生产标准建设，参照美联邦标准FS209E以及日本JIS(1920-1989)标准进行设计建造。
芬迪,芬迪,芬迪(FENDI)是意大利著名的奢侈品品牌，最早作为皮革世家，芬迪(FENDI)最出名的莫过于ItBag——FENDIBaguette手袋，外型像法式长棍，由芬迪家族的SilviaVenturiniFENDI设计。1925年芬迪品牌由阿黛勒·芬迪正式创立于罗马，专门生产高品质毛皮制品｡1955年首次举行芬迪时装发布会｡1965年，由于卡尔·拉格斐(KarlLagerfeld)的加入，芬迪(FENDI)逐渐增加了高级女装、男装、鞋靴、香水。其后公司逐渐发展壮大，经营范围扩大到针织服装、泳装等品类，甚至开发了珠宝、男用香水等。发展至今，芬迪品牌以其奢华皮草和经典手袋在世界高级时装界享有盛誉。
FENDI,芬迪,芬迪(FENDI)是意大利著名的奢侈品品牌，最早作为皮革世家，芬迪(FENDI)最出名的莫过于ItBag——FENDIBaguette手袋，外型像法式长棍，由芬迪家族的SilviaVenturiniFENDI设计。1925年芬迪品牌由阿黛勒·芬迪正式创立于罗马，专门生产高品质毛皮制品｡1955年首次举行芬迪时装发布会｡1965年，由于卡尔·拉格斐(KarlLagerfeld)的加入，芬迪(FENDI)逐渐增加了高级女装、男装、鞋靴、香水。其后公司逐渐发展壮大，经营范围扩大到针织服装、泳装等品类，甚至开发了珠宝、男用香水等。发展至今，芬迪品牌以其奢华皮草和经典手袋在世界高级时装界享有盛誉。
兰瑟,兰瑟,年轻的兰斯·贝尔蒙上尉(又名兰瑟)隶属第十火星师。2038年，在太空堡垒远征军的首次收复地球的失败尝试中，他被不幸击落。一位当地的年轻女子卡拉将他从残骸中救出并与他相爱。在她的悉心照料下，兰瑟逐渐康复。因维人对这次进攻的幸存者紧密搜捕，兰瑟不得不化装成女性，躲避外星人的魔爪。过了两年，为了使卡拉远离冲突与纷争，兰瑟终于在火车开动的最后一刻离开了她，让自己终于可以毫无羁绊地继续抗敌的斗争
奢睿,奢睿,奢睿是在英国伦敦注册的时装品牌，有设计师经营各类日常穿着的高级时装而发展起来。
美康粉黛,美康粉黛,美康粉黛天然美容超细粉，作为普通彩妆的替代品在中国彩妆发展史上具有里程碑式的意义，她开辟了彩妆也能护肤的新概念。在中国和日本等亚洲国家，受到崇尚天然护肤人士的狂热追捧，在美容养颜粉热销的同时，纯中药面膜粉、天然植物护肤品相继推出，每款产品及原料均接受严格的品质控制。
万芙宝,万芙宝,
Living Nature,Living Nature,LivingNature是来自新西兰的保养品牌。德国BDIH协会认定，其产品配方全部来自经严格检测的天然生态种植区，并且生产环境以及产品包装也非常安全无污染。
爱茉莉,爱茉莉太平洋集团,爱茉莉太平洋集团是韩国享誉全球的化妆品集团公司。公司成立于1945年，至今已有70年的历史，旗下子公司跨行数十业，不仅拥有自己的研发中心，而且海外分支机构横跨全球，国际行销网遍及40多个国家，所生产的化妆品项目多达4000多种。品质优良的产品，不仅在韩国，更受到全球消费者及用户欢迎，并已成为世界性企业。爱茉莉太平洋集团以“亚洲之美”为基础，致力于实现亚洲人的美丽之梦，进而与世界共同分享亚洲之美。同时为了携手人类共同探索可持续发展，不断研发可持续的产品以及开展各种各样的社会公益活动。2015年12月17日，获得韩国国家品牌大奖。 
Amore,爱茉莉太平洋集团,爱茉莉太平洋集团是韩国享誉全球的化妆品集团公司。公司成立于1945年，至今已有70年的历史，旗下子公司跨行数十业，不仅拥有自己的研发中心，而且海外分支机构横跨全球，国际行销网遍及40多个国家，所生产的化妆品项目多达4000多种。品质优良的产品，不仅在韩国，更受到全球消费者及用户欢迎，并已成为世界性企业。爱茉莉太平洋集团以“亚洲之美”为基础，致力于实现亚洲人的美丽之梦，进而与世界共同分享亚洲之美。同时为了携手人类共同探索可持续发展，不断研发可持续的产品以及开展各种各样的社会公益活动。2015年12月17日，获得韩国国家品牌大奖。 
帝宁,帝宁,帝宁资料帝宁中文又称“丹宁”原意“牛仔布”，1976年由联合利华创立，主要产品为须后水、剃须泡、香体走珠、香体喷雾及男士香水等。1979年，Denim成功推出全球第一款男士专用洗发露和男士专用沐浴露，从而创造出了一个全新而巨大的男士用品市场。随着时代的推进，Denim帝宁注入了更多的时尚元素，混合意大利经典古龙水，定义讲究男人时尚味道。帝宁品牌锁定的人群是那些拥有新潮的，有趣的以及刺激的生活方式的新生代。Denim帝宁不仅仅是新生代个性化的香味标志，更是新生代男人彰显个性的护理装备。
Denim,牛仔布,牛仔布(Denim)，是一种较粗厚的色织经面斜纹棉布，经纱颜色深，一般为靛蓝色，纬纱颜色浅，一般为浅灰或煮练后的本白纱。又称靛蓝劳动布。牛仔布始于美国西部，放牧人员用以制作衣裤而得名。经纱采用浆染联合一步法染色工艺，特数有80tex(7英支)，58tex(10英支)，36tex(16英支)等，纬纱特数有96tex(6英支)，58tex(10英支)，48tex(12英支)等，采用3/1组织，也有采用变化斜纹，平纹或绉组织牛仔，坯布经防缩整理，缩水率比一般织物小，质地紧密，厚实，色泽鲜艳，织纹清晰。适用于男女式牛仔裤 ，牛仔上装，牛仔背心，牛仔裙等。
HALSTON,halston,1932年生于美国爱荷华州DesMoines的设计师候司顿(Halston)全名：RoyHalstonFrowick，候司顿（Halston）翻译为候司顿，或霍斯顿、豪斯顿，于1968年在纽约曼哈顿创立了设计师同名品牌，他是1970年代美国设计师的代表人物，是引领美国时尚界的带头人物和时尚偶像。他的设计风格：极端简洁，完全摈弃繁琐的细节，这些都是经典的美国风格，候司顿(Halston)被公认为是这一风格的大师。
番茄派,番茄派,番茄派是一道以小番茄200克、派皮面团150克为主材料的美食。
气韵,气韵,气韵，汉语词汇。拼音：qìyùn指文学或艺术上独特的风格；文章或书法绘画的意境或韵味。也指人的神采和风度等，统称气韵。
景天丽雪,景天丽雪,景天丽雪是一个品牌名称，景天丽雪品牌开雪域精纯养肤时尚之先河。1988年冬，外国品牌垄断，本草概念未兴的中国化妆品市场，从雪域高原悄然飘来一片神奇的“景天丽雪”，在深圳、在北京、在西安、在银川和成都及中原大地，赢得了业界和消费者的赞誉。并引出了百花、本草、藏红花、红景天幼白等风行中国的后续精草护肤概念和品牌……
多乐可,多乐可,多乐可（dorco）创立至今已有58年的（株）多乐可，在1955年，名为“东洋轻金属株式会社”，从事剃须刀，菜刀等领域的生产和销售，是韩国本土的企业，其中，从企业名字“东洋（Dongyang）”中取“DO”剃须刀的英文“Razor”中取”R”，从公司的英文“Company”中取”CO”重新命名为“DORCO”。多乐可(Dorco)主要生产四大刀具：剃须刀及刀片、修眉刀、厨房刀具和美工刀。多乐可成立于1955年，目前遍布全球130多个国家乐可公司总部位于韩国首尔。是一家致力于专业刀具产品应用技术研发、剃须刀整体解决方案提供和精密刀具上游技术开发的科技型企业。
卡地亚,卡地亚,卡地亚（Cartier） 是一家法国钟表及珠宝制造商，于1847年由Louis-FrançoisCartier在巴黎RueMontorgueil31号创办。现为瑞士历峰集团（CompagnieFinancièreRichemontSA）下属公司。1874年，其子亚法·卡地亚继承其管理权，由其孙子路易·卡地亚、皮尔·卡地亚与积斯·卡地亚将其发展成世界著名品牌。1904年曾为飞机师阿尔拔图·山度士·度门设计世界上首只戴在手腕的腕表——卡地亚山度士腕表（CartierSantos）。
Cartier,卡地亚,卡地亚（Cartier） 是一家法国钟表及珠宝制造商，于1847年由Louis-FrançoisCartier在巴黎RueMontorgueil31号创办。现为瑞士历峰集团（CompagnieFinancièreRichemontSA）下属公司。1874年，其子亚法·卡地亚继承其管理权，由其孙子路易·卡地亚、皮尔·卡地亚与积斯·卡地亚将其发展成世界著名品牌。1904年曾为飞机师阿尔拔图·山度士·度门设计世界上首只戴在手腕的腕表——卡地亚山度士腕表（CartierSantos）。
雪完美,雪完美,雪完美，化妆品品牌。自2004年起，巴黎雪完美成为香港小姐竞选大会指定专用产品，开始携手香港小姐竞选，将年轻、时尚、智慧和国际化的品牌形象传递给整个世界，推动着中国美丽事业的发展。 
PXE,PXE,PXE(prebootexecuteenvironment，预启动执行环境)是由Intel公司开发的最新技术，工作于Client/Server的网络模式，支持工作站通过网络从远端服务器下载映像，并由此支持通过网络启动操作系统，在启动过程中，终端要求服务器分配IP地址，再用TFTP（trivialfiletransferprotocol）或MTFTP(multicasttrivialfiletransferprotocol)协议下载一个启动软件包到本机内存中执行，由这个启动软件包完成终端（客户端）基本软件设置，从而引导预先安装在服务器中的终端操作系统。PXE可以引导多种操作系统，如：Windows95/98/2000/windows2003/windows2008/winXP/win7/win8linux系列系统等。
赤野,赤野,赤野，指古代传说中产珠玉之地。《管子·国蓄》有记载；指南方的原野。《古文苑·张衡》有记载；也指酷热干旱的田野。清吾庐孺《京华慷慨竹枝词·皖北人相食》有记载。
莱玫,莱玫,莱玫化妆品成立于2009年。隶属瑞士玫莱（深圳）化妆品有限公司。运用世界知名护肤研发中心瑞士CRB、日本科玛等科研成果为广大消费者提供高品质、优价位的化妆品提供天然、品味美肌体验还原自然肌肤之美。主要种类：护肤品和化妆品。代表产品：优效眼霜、洁面产品、焕彩面霜。特色系列：黄糖系列、植物面膜系列、玫瑰补水专家系列、薰衣草舒缓系列和自然主义BB霜系列。
朵拉朵尚,朵拉朵尚,朵拉朵尚品牌灵感源自欧洲东南部的古老国度，继承了古老神话的经典，延续了花神青春、自然的使命，传承了美与社会天然合一，育蕴出极具典雅时尚的香薰精品——DoraDoSun（朵拉朵尚）。
米雅诗,米雅诗,米雅诗是国产护肤品牌，它是不同于一般化妆品的，是中国化妆品界第一家成功采用医药级别技术，研发“吃”系列化妆品，其结合医药生产中，严谨的各项生物标准，经过长期验证，且日趋符合现代人追求平衡之美的潮流和愿望。
酷锐,酷锐,酷锐是指酷锐科技（天津）有限公司，是一个集研发、设计、生产、销售于一体的专业品牌。
y,Y,钇（Y）是一种金属元素。它是稀土金属元素之一，灰色金属。密度4.4689克/立方厘米，熔点1522℃，沸点3338℃，化合价+3。第一电离能6.38电子伏特。与热水能起反应，易溶于稀酸。 在生物学中，Y为染色体即为人的基因。
AHC,AHC,AHC是隶属于韩国CarverKorea（珂泊亚）化妆品集团，为韩国美容专业线高端品牌，也是功效性化妆品牌，核心价值就是帮助女性寻找专属于自己的美丽，传递幸福。
舒适达,舒适达,舒适达®是在多个国家销售的专业抗敏感牙膏品牌，始终致力于提供有效缓解牙本质敏感症状的方法。你在吃冷的酸的东西时，感到突然的酸痛，这可能是牙齿敏感。牙齿敏感不是天生的。随着人年龄的增大，如果牙本质裸露到了外面，你会在显微镜下面看到很多小孔，可能引起牙齿敏感疼痛。如果忽视它，这个问题可能会越来越严重。舒适达®牙膏，可以简单，有效应对牙齿敏感。
Phat Farm,PHAT FARM,
自然之谜,自然之谜,自然之谜：遵循自然界发展规律，采集世界上多种天然植物作为主要原料，运用高科技提取技术，
Z,泽法,泽法，日本漫画《海贼王》及其衍生作品中的角色，“NEO海军”总帅，原世界政府最高战力海军本部大将，因强大的武装色霸气，被称为“黑腕”泽法，一生当中讨伐无数海贼，却从没杀死过任何一个敌人，被称之为“不杀”的海军本部前任大将。
松下,松下,松下（Panasonic），是日本的一个跨国性公司，在全世界设有230多家公司，员工总数超过290493人。其中在中国有54，000多人。2001年全年的销售总额为610多亿美元，为世界制造业500强的第26名。Panasonic的中文为“松下”（早期叫National，1986年开始逐步更改为Panasonic，2008年10月1日起全部统一为Panasonic）由日本松下电器产业株式会社自1918年松下幸之助创业，发展品牌产品涉及家电、数码视听电子、办公产品、航空等诸多领域而享誉全球；该企业品牌跃入《世界品牌500强》排行榜。松下于2012年10月31日宣布2012财年(2012年4月～2013年3月）的合并最终损益（按照美国会计标准）预期从盈利500亿日元下调为亏损7650亿日元。
Panasonic,松下,松下（Panasonic），是日本的一个跨国性公司，在全世界设有230多家公司，员工总数超过290493人。其中在中国有54，000多人。2001年全年的销售总额为610多亿美元，为世界制造业500强的第26名。Panasonic的中文为“松下”（早期叫National，1986年开始逐步更改为Panasonic，2008年10月1日起全部统一为Panasonic）由日本松下电器产业株式会社自1918年松下幸之助创业，发展品牌产品涉及家电、数码视听电子、办公产品、航空等诸多领域而享誉全球；该企业品牌跃入《世界品牌500强》排行榜。松下于2012年10月31日宣布2012财年(2012年4月～2013年3月）的合并最终损益（按照美国会计标准）预期从盈利500亿日元下调为亏损7650亿日元。
芳草集,芳草集,芳草集是美颂（中国）化妆品集团潜心研制的天然纯净主义化妆品，是高科技和自然的完美结合产物，产品中95%以上的原料都来自澳大利亚大蓝山地区，巴西东北部的亚马逊地区，韩国济州岛，美国落基山脉地区，德国北部，法国南部的活机农场种植的植物，被誉称地球上最纯净的护肤品。
杰士派,杰士派,杰士派引自1978年推出以来，在三十多年里，以"始终满足时代标准时尚需求的男士化妆品"为宗旨，不断推出新产品。今天，杰士派以其种类多样、品种齐全的产品不断满足男士化妆的需求和变化，赢得了广泛的认知度、信赖感和安心感，成为各个不同时代中均深受年轻人钟爱的品牌。随着网络的发展，在网上可以随时找到。
GATSBY,GATSBY,1978年诞生于日本的男性化妆品品牌。杰士派Gatsby一直坚持“永远符合时尚潮流的男性造型化妆品”的理念。希望能够满足男性的各项时尚需求，不断地研发推出新商品。
香娜露儿,香娜露儿,
CHANTELLE,chantelle,法国第一品牌内衣Chantelle(仙黛尔)开创于1876年，内衣材质上采用最高级的Leaver蕾丝、Guipur蕾丝和立体感十足的Textron蕾丝等，为了收到第二层肌肤般舒适、无压迫感的效果，也采用了较体贴的高级丝光棉、超柔纤等面料。产品的设计及制造上十分注重每一个小细节的特色。
帕科,帕科·阿尔卡塞尔,帕科·阿尔卡塞尔（PacoAlcácer），全名弗朗西斯科·阿尔卡塞尔·加西亚（FranciscoAlcácerGarcía），1993年8月30日出生于西班牙托伦特，西班牙足球运动员，场上司职前锋，现效力于西班牙足球甲级联赛球队巴塞罗那足球俱乐部。2005年，阿尔卡塞尔加入瓦伦西亚足球俱乐部青训营，2010年11月，阿尔卡塞尔首次为瓦伦西亚一线队效力。2016年8月，阿尔卡塞尔以3000万欧元的转会费加盟巴塞罗那足球俱乐部。2011年和2012年，阿尔卡塞尔两次代表西班牙参加欧洲U-19足球锦标赛并夺得冠军。2014年9月，阿尔卡塞尔首次入选西班牙国家足球队。
PACO RABANNE,PACO RABANNE,
悠珂思,悠珂思,悠珂思（UKISS）为知名化妆品品牌，行业内首创功能护理品牌。漂胡剂为其明星产品。
HABA,HABA,HABA是“HealthAidBeautyAid”的缩写，意为健康与美丽的好帮手。HABA以“追求真正的美丽”，唤醒肌肤与生俱来自然治愈力，只给肌肤补充绝不超过最低限度的所需，绝对不添加刺激或损害肌肤的成分为经营理念。
周仰杰,周仰杰,周仰杰（JimmyChoo），英国戴安娜王妃生前的御用鞋子设计师。他是世界最著名华裔鞋类设计师，唯一一位在国际拥有自己英文姓名JimmyChoo为著名鞋子品牌的华裔人士。2001年国际鞋子制造商向周仰杰购买JimmyChoo名号，继续打造国际著名时尚鞋子品牌。此後，只有JimmyChooCouture品牌的鞋子才是周仰杰自己本人设计的鞋子。除了做鞋履及时尚品的设计，近年来，周仰杰也特别关注设计艺术的教育。英国帝国勋章获得者。2011年荣获世界杰出华人设计师。2012年，周仰杰荣获“世界因你而美丽——影响世界华人盛典2011-2012”在文化艺术领域奖项。现任马来西亚旅游大使。
Jimmy Choo,Jimmy Choo,JimmyChoo是周仰杰以及以他英文名命名的闻名世界的鞋子品牌。除了鞋子，jimmychoo还经营包袋、香水等产品。2017年7月25日，轻奢时尚品牌MichaelKors宣布将以12亿美元的价格收购女士鞋包品牌JimmyChoo。 
HUGO BOSS,Hugo Boss,HUGOBOSS是世界知名奢侈品牌，源于德国，主营男女服装，香水，手表，及其它配件。第一款BOSS香水于1993年推出。HUGOBOSS中国地区官方网上商城已经在2013年上线。BOSS品牌的消费群定位是城市白领，具体又细分为以正装为主的黑牌系列(BlackLabel)，以休闲装为主的橙牌系列(OrangeLabel)和以户外运动服装为主的绿牌系列(GreenLabel)。
蒂佳婷,Dr.Jart+,Dr.Jart+是来自韩国的药妆品牌，同时也是韩国的BB霜始祖。Dr.Jart+蒂佳婷品牌寓意为”Dr.”与”art”相结合，把理性、信任的专业背景与感性、热情、快乐的护肤艺术相融合的药妆品牌。
BACC,BACC,北京航天飞行控制中心BeijingAerospaceControlCenter(BACC)成立于1996年3月，是我国载人航天工程任务的指挥调度、飞行控制、分析计算、数据处理和信息交换中心，也是我国绕月探测工程的飞行控制中心，承担绕月探测卫星“嫦娥一号”飞行控制和长期管理任务。还承担着我国卫星发射的指挥保障任务，是我国对外测控服务的一个窗口。
晶皙兰,晶皙兰,欧顿植物美容研究中心（OtonewResearchCenter）在世界享有植物美容摇篮的美誉，联合法国五大医学院校组建成立，专业从事天然植物美容研究，一直以来非常关注女性肌肤健康与美丽，在祛纹/抗皱、美白/祛斑、保湿/补水、控油/祛痘、防敏/抗敏、防晒/修护、防衰老等领域取得了165项植物美容专项技术，结合高科技成果不断为女性创造美丽奇迹。作为美容保健业著名企业之一的欧顿化妆品(OTONEW)集团，正是由欧顿(OTONEW)植物美容研究中心于1988年授权成立。
Cien,CIEN,作为通用汽车公司技术旗舰的代表作，顶极V12动力的凯迪拉克Cien概念车将是2002年该品牌100周年纪念的最合适的展示作品。这辆引人注目、极具动感的Cien名称源自西班牙语，是100的意思，将凯迪拉克的设计与技术完美的融合在一辆中置引擎、2座超级跑车中。
燕肌,燕肌,燕肌（PERFECTSTAGE）是2004年9月29日申请注册的商标。 
沃尔玛,沃尔玛百货有限公司,沃尔玛百货有限公司，即沃尔玛公司（WalMartInc.）（NYSE：WMT），是一家美国的世界性连锁企业，以营业额计算为全球最大的公司，其控股人为沃尔顿家族。总部位于美国阿肯色州的本顿维尔。沃尔玛主要涉足零售业，是世界上雇员最多的企业，连续4年在美国《财富》杂志世界500强企业中居首位。沃尔玛公司有8500家门店，分布于全球15个国家。沃尔玛在美国50个州和波多黎各运营。沃尔玛主要有沃尔玛购物广场、山姆会员店、沃尔玛商店、沃尔玛社区店等四种营业方式。2013年11月25日，任命国际业务部主管董明伦（DougMcMillon）接任杜克（MikeDuke）为沃尔玛总裁兼首席执行官，该任命从2014年2月1日起正式生效。 2014年12月11日，海外媒体称沃尔玛将关闭约30%的中国门店。沃尔玛12月2日对中国区管理层以重组进行了裁员。 2014年12月沃尔玛非常重视对其公司不当行为的指控。 2016年6月29日，沃尔玛表示将向美国所有消费者开放两日达免费送货服务，这是沃尔玛在这一服务上的再一次拓展。 北京时间2016年7月20日晚与全球同步发布了最新的《财富》世界500强排行榜 。2017年6月7日发布的2017年《财富》美国500强排行榜，沃尔玛连续第五年蝉联榜首。2017年7月20日发布的《财富》世界500强排行榜，沃尔玛连续四年排名第一位。 
摩洛哥阿甘油,摩洛哥阿甘油,阿甘油又称坚果油，它由生长于摩洛哥的阿甘树上的坚果榨取而成，摩洛哥人世世代代都在使用着。近些年来研究发现它的许多独特的化学成份，使其成为一种对付各种皮肤和头发问题的美容珍宝！从此阿甘油一直吸引着外界不断的关注，欧美国家每年都从摩洛哥进口大量的阿甘油，它已经在世界范围内被公认为”液体黄金”并成为一种可靠的纯天然护肤品。
Azzaro,阿莎罗,阿莎罗LORISAZZARO不仅在时装界声明显赫，在香水领域里，AZZARO是香水店和百货公司里一个声名显赫的品牌：在世界上的150个国家里有20000个销售点，AZZARO自1978年推出其第一瓶香氛后，销量一直居于法国香水榜前列。
Creed,Creed,Creed是一个乐队。
Aramis,ARAMIS,Aramis品牌开创了男士高档护理、护肤产品及香水营销的先河。1987年，它首创LabSeriesSkincareforMen，包括剃须用品、润肤霜和洁肤水，是领先的男士护肤产品。该品牌在122多个国家和地区的14000多家销售点销售。
eos,EOS,电气过应力（ElectricalOverStress，EOS）是一种常见的损害电子器件的方式。
HERA,Hera,
Calvin Klein,Calvin Klein,CalvinKlein（简称：CK），是一个美国时装品牌，于1968年成立，创始者为同名设计师卡尔文·克雷恩，曾经连续四度获得知名的服装奖项；其创始人CalvinKlein1942年出生于美国纽约，就读于著名的美国纽约时装学院（FIT）。
美颜秘笈,美颜秘笈,美颜秘笈，是隶属于广州暨北生物科技有限公司旗下的彩妆品牌。 由胡静波于2014年7月25日创立。美颜秘笈是暨北生物的自有品牌， 专为广大女性提供天然、温和、安全且性价比高的彩妆护肤类产品。
千姿,千姿,怀着对2008北京奥运的热情与向往，写下了这首歌词《和梦一起飞》。
形象美,形象美,所谓形象美是指自然景观和空间形式的美，英文对照imagebeauty。
Byblos,byblos,贝博洛斯品牌形象可概括为年轻、自信、活泼、乐观及国际化。它的适于流行市场的色彩搭配、休闲且不拘礼仪的款式洋溢着愉悦气息。
无添加,无添加,无添加，是上世纪90年代，由国外化妆品业率先提出的化妆品的概念，所谓“无添加”，是指在生产和销售过程中没有添加对皮肤构成敏感、损害的成分，以避免出现“香污染”“色污染”“油污染”，对消费者身体造成伤害。包括杀菌剂、防腐剂、酸化防止剂、人造香料、人造色素、油脂和界面活性剂等在内的102种成分被界定为“添加成分”。
观察,观察,观察，是有目的、有计划的知觉活动，是知觉的一种高级形式。观，指看、听等感知行为，察即分析思考，即观察不止是视觉过程，是以视觉为主，融其他感觉为一体的综合感知，而且观察包含着积极的思维活动，因此称之为知觉的高级形式。是指细察事物的现象、动向；考查或调查；清朝官员的名称。采访时“观察”意思是：指记者对客观事物所进行的一种查看体验活动，简单讲就是用眼睛采访。另有杂志《观察》，是民国最为成功的大型知识分子杂志之一，它的成功主要在于它的经营和它所持的立场。
希芸,希芸,希芸是悦萱堂化妆品有限公司旗下品牌。
syrinx,Syrinx,Syrinx是一款适用于Mac操作系统的软件。
黛莱美,黛莱美,黛莱美 是思埠集团旗下品牌之一 。黛莱美品牌系列产品有黛莱美多重修护面膜、黛莱美紧致提升眼唇精华液、黛莱美焕彩净润洁面乳、黛莱美焕彩水润无瑕BB霜。
Sisley,希思黎,1976年，多纳诺伯爵夫妇创立了植物美容品牌Sisley希思黎，以“不计时间，不计成本”的研发理念，结合尖端保养科技与研发室强大的创新力，成就了一款款“安全、有效、愉悦”的植萃奢护美容臻品，赢得全球无数明星、名媛的青睐与追捧。如今，希思黎全能乳液、希思黎全日呵护精华乳、希思黎抗皱修活焕颜面霜竞相成为中国消费者追捧的每日必备护肤经典。 
克莱氏,克莱氏,克莱氏，英文名CLEXC.2000年进入中国市场。克莱氏CLEXC品牌大陆推广机构——广州克莱氏化妆品有限公司，于2000年8月成立于广州，是一家集研发、生产、销售、服务为一体的大型化妆品企业集团。克莱氏10年来一直在专业线领域为中国女性提供成熟的肌肤解决之道。克莱氏品牌理念“调理、净化、修复、再生”，是化妆品行业中为数不多的为东方女性提供专业解决之道的品牌。2008年克莱氏在全国的加盟美容院达到5000多家。2010年克莱氏携手凤凰卫视著名女主播柯蓝小姐荣登CCTV、湖南卫视，高调进军日化领域，击节精品渠道与终端。
魅爵,魅爵,魅爵 MOGICXX是男士护肤品牌，主要包括男士护肤套装、男士化妆品系列、男士控油排浊系列、男士美白保湿系列、男士面膜、男士祛痘淡印等男士护肤品系列。
VOODOO,voodoo,1995年11月6日，人类历史上最伟大的显卡Voodoo横空出世。Voodoo是世界上市场占有率最高的3D芯片，当年它的市场份额高达85%。Voodoo采用子卡形式，配合主卡的2D显示使用，专门的3D芯片可以在相同的开发成本下，提供更佳的3D性能。voodoo原义为一种神秘的宗教“巫毒教”，但是，在电脑领域，它代表的是由3dfx公司推出的一系列著名的图形3D加速芯片。
仙维娜,仙维娜,仙维娜是法国生产的一种天然植物护肤产品。
SIVIA,SIVIA,此品牌的信誉和产品质量值得质疑。既然是一个知名法国品牌，就不该只有广州的官方网站。那公司的官网不但没有提供其他国家网站的链接，而且用百度、Google和Yahoo之类的搜索引擎不能找到那个公司在其它国家的销售信息。
伟仕,伟仕,伟仕是一个汉语词汇，拼音为wěishì，基本意思是指贤明的官吏。
Polo ralph lauren,Polo Ralph Lauren,PoloRalphLauren（拉夫·劳伦）于1968年在美国纽约注册。PoloRalphLauren已成为了当今绅士休闲服饰的代名词，也是最具马球精神的品牌。拉夫·劳伦的设计融合浪漫的气息、创新的灵感、古典的韵味，讲究细节，面料总是给人舒适的感受，款式简洁、流畅，是美国品牌的代表创作 。
采诗,采诗,采诗(Caisy)是广州市采诗化妆品有限公司的品牌，此公司是一家国际集团化经营的大型日化公司采诗，中国内第一家全面启动的健康护肤革命——安全、高效、舒适2002年，采诗通过“ISO9001：2000”国际质量管理体系认证。现已成为国家美容化妆品安全安心示范工程，采诗相信有健康才有美丽，有效果才显价值，有享受才会钟爱；
Caisy,采诗,采诗(Caisy)是广州市采诗化妆品有限公司的品牌，此公司是一家国际集团化经营的大型日化公司采诗，中国内第一家全面启动的健康护肤革命——安全、高效、舒适2002年，采诗通过“ISO9001：2000”国际质量管理体系认证。现已成为国家美容化妆品安全安心示范工程，采诗相信有健康才有美丽，有效果才显价值，有享受才会钟爱；
亚缇克兰,亚缇克兰,Urtekram亚缇克兰活机无添加的纯植物护肤品牌，从种植至提取，每一步都力求让植物蜕变成美丽纯净的能量，让植物纯净用户的肌肤，养成“自然、纯净、无瑕”，富有生命力的无上美肌。
Urtekram,Urtekram,Urtekram亚缇克兰活机无添加的纯植物护肤品牌，从种植至提取，每一步都力求让植物蜕变成美丽纯净的能量，让植物纯净用户的肌肤，养成“自然、纯净、无瑕”，富有生命力的无上美肌。
柏氏,柏姓,柏：出于柏皇氏。柏皇氏中有柏招，为炎帝的师傅，又有相同为帝喾的师傅。其子孙受封于柏（河南舞阳县东南），其后以封地）姓氏。在旧百家姓中排名第37位。
汇美舍,汇美舍,1981年创立，加拿大品牌，2001年在中国创立的汇美舍，经过十几年发展，汇美舍已是中国消费者熟悉的香薰护理及精油的代表品牌，并在全国一线城市的购物中心开设了19家生活店、各大中城市一线商圈百货公司开设约630家香薰或个人护理品专柜，全国二三线城市的化妆品精品店中约500家个人护理品授权经销点。庞大的连锁体系为不同地区、不同消费的群体提供细致周到的服务及产品供应，并且深受消费者欢迎。汇美舍已逐渐成为全国深受欢迎的零售概念店知名品牌，也是至今国内开创生活用品、香薰用品连锁经营模式的典范。同时也是为数不多的、在中国商务部进行连锁企业合法备案、连续四年获得连锁百强称号的优质诚信企业
隆力奇,隆力奇,江苏隆力奇生物科技股份有限公司位于隆力奇生物工业园内，园区占地2000余亩，公司主要经营化妆品、家用洗涤品、养生保健产品、家具、房地产、物流等八大系列1000多个品种。江苏隆力奇生物科技股份有限公司是目前国内日化产品、养生保健品的研究、开发和产销基地。公司拥有员工总数一万余名，其中大学生、研究生、博士生和专家的比例超过35%。企业发展30年来，始终健康、稳定地向前发展，成为今天民族日化行业的领军品牌。 
博柏利,博柏利,博柏利（Burberry）是极具英国传统风格的奢侈品牌，其多层次的产品系列满足了不同年龄和性别消费者需求，公司采用零售、批发和授权许可等方式使其知名度享誉全球。博柏利（Burberry）创办于1856年 ，是英国皇室御用品。过去的几十年，Burberry主要以生产雨衣，伞具及丝巾为主，而今博柏利强调英国传统高贵的设计，赢取无数人的欢心，成为一个永恒的品牌。
BURBERRY,博柏利,博柏利（Burberry）是极具英国传统风格的奢侈品牌，其多层次的产品系列满足了不同年龄和性别消费者需求，公司采用零售、批发和授权许可等方式使其知名度享誉全球。博柏利（Burberry）创办于1856年 ，是英国皇室御用品。过去的几十年，Burberry主要以生产雨衣，伞具及丝巾为主，而今博柏利强调英国传统高贵的设计，赢取无数人的欢心，成为一个永恒的品牌。
LG,LG集团,韩国LG集团于1947年成立于韩国首尔，位于首尔市永登浦区汝矣岛洞20号。是领导世界产业发展的国际性企业集团。 LG集团目前在171个国家与地区建立了300多家海外办事机构。事业领域覆盖化学能源、电子电器、通讯与服务等领域。
欧惠,欧惠,
玉人图,玉人图,玉人图(OKINTO)是韩国著名的护肤品品牌之一，是最受欢迎的护肤品牌。让广大的爱美女性为之倾心与疯狂。热爱文化艺术且经济条件宽厚，尽情装扮自身的现代文化之首选；不甚华丽的玉人图在端庄优雅高品位的格调中融入了现代感的知性美。
悦木之源,悦木之源,Origins悦木之源1990年诞生于美国纽约，它由雅诗兰黛集团创始人雅诗兰黛夫人之孙——威廉·兰黛先生创立。 悦木之源隶属于全球高档化妆品集团雅诗兰黛集团，是面向男性和女性提供产品线的高效能、纯天然的高档护肤及化妆品牌。 
Origins,悦木之源,Origins悦木之源1990年诞生于美国纽约，它由雅诗兰黛集团创始人雅诗兰黛夫人之孙——威廉·兰黛先生创立。 悦木之源隶属于全球高档化妆品集团雅诗兰黛集团，是面向男性和女性提供产品线的高效能、纯天然的高档护肤及化妆品牌。 
贞采源,贞采源,贞采源，外文名Skinhealthy，是一个化妆品品牌。
贝德玛,贝德玛,贝德玛（BIODERMA）是1992年由Jean-NoelThorel联合法国研究院INSERM及CNRS资深学术研究人员，在法国里昂专业实验室（LaboratoireDermatologiqueBIODERMA）创建的一个多系列医学美容护肤产品，2007年获得英国kifus化妆品有限公司技术配方支持。贝德玛（BIODERMA）进入中国，帮助更多消费者解决皮肤问题困扰，带给每个消费者安全舒适的护肤体验。
BIODERMA,贝德玛,贝德玛（BIODERMA）是1992年由Jean-NoelThorel联合法国研究院INSERM及CNRS资深学术研究人员，在法国里昂专业实验室（LaboratoireDermatologiqueBIODERMA）创建的一个多系列医学美容护肤产品，2007年获得英国kifus化妆品有限公司技术配方支持。贝德玛（BIODERMA）进入中国，帮助更多消费者解决皮肤问题困扰，带给每个消费者安全舒适的护肤体验。
