安利,Amway,amway常被称为安利，是一家总部位于美国密执安州的亚达城的家居护理产品公司，业务遍布80多个国家和地区。安利生产的产品有450余种，包括营养保健食品、美容化妆品、个人护理用品、家居护理用品和家居耐用品等。20世纪50年代，杰·温安洛和理查·狄维士在上门推销纽崔莱维生素的过程中，发现了一个极其深刻、直至今日仍然很有价值的事实：人和人际关系是任何成功事业的核心，有了客户的信任，就有源源不断的业务。整个50年代，两位创业者都在寻找一种新的产品以开拓他们的业务，最终他们确定了生产肥皂，即乐新多用途浓缩清洁剂的雏型。该产品一经推出就获得了万千主妇的信任，也因之开拓了全新的安利事业。
Amway,Amway,amway常被称为安利，是一家总部位于美国密执安州的亚达城的家居护理产品公司，业务遍布80多个国家和地区。安利生产的产品有450余种，包括营养保健食品、美容化妆品、个人护理用品、家居护理用品和家居耐用品等。20世纪50年代，杰·温安洛和理查·狄维士在上门推销纽崔莱维生素的过程中，发现了一个极其深刻、直至今日仍然很有价值的事实：人和人际关系是任何成功事业的核心，有了客户的信任，就有源源不断的业务。整个50年代，两位创业者都在寻找一种新的产品以开拓他们的业务，最终他们确定了生产肥皂，即乐新多用途浓缩清洁剂的雏型。该产品一经推出就获得了万千主妇的信任，也因之开拓了全新的安利事业。
花王,花王,花王，日本知名日用品品牌。花王株式会社成立于1887年，花王前身是西洋杂货店“长濑商店”（花王石碱），主要销售美国产化妆香皂以及日本国产香皂和进口文具等，花王创业人是长濑富郎。目前花王产品涉及化妆品等600多种，大都是高分子化学品。
KAO,kao,
滴露,滴露,滴露(Dettol)是常见的消毒水之一，其有效成分是对氯间二甲苯酚（chloroxylenol亦称PCMX）。遇水变成白色是其标记。滴露为啡色液体，含有主要的消毒抗菌成分对氯间二甲苯酚（Chloroxylenol）。对氯间二甲苯酚属于酚类（Phenols)的一种，对口腔、喉咙和胃部有刺激性和腐蚀性。Chloroxylenol本来就是乳白色，但因为滴露另外含有较高浓度的松油（PineOil）和异丙醇（IsopropylAlcohol)把它溶解了，所以看不见它了。当滴露被倒进水里，水把松油和酒精稀释，松油和酒精的浓度降低了，Chloroxylenol就被释放出来，但Chloroxylenol并不太溶于水。
维达,维达,维达国际——在最具中国洞察，具有成功经验，国际视野的国际公司。一家在生活用纸上占据领导地位，同时在个人护理上拥有全球领先的品牌及产品的卫生用品公司。通过与SCA的合作，可以获得最好品牌、创新产品、管理经验，保持维达的为务实，并不断提升专业程度！让消费者、渠道、经销商更有信心！ 
Vinda,维达,维达国际——在最具中国洞察，具有成功经验，国际视野的国际公司。一家在生活用纸上占据领导地位，同时在个人护理上拥有全球领先的品牌及产品的卫生用品公司。通过与SCA的合作，可以获得最好品牌、创新产品、管理经验，保持维达的为务实，并不断提升专业程度！让消费者、渠道、经销商更有信心！ 
小林,小林,小林，日本著名动漫《龙珠》中的主要角色之一，与孙悟空一同在龟仙人（武天师父）门下习武，是最强的地球人（布欧篇的评价，此时欧布并未登场）。妻子是人造人18号，女儿是玛伦。
皎洁,皎洁,皎洁，汉语词汇。拼音：jiǎojié释义：1、（月光）明亮洁白。2、清白；光明磊落。
3M,3M公司,3M公司全称MinnesotaMiningandManufacturing（明尼苏达矿务及制造业公司），创建于1902年，总部设在美国明尼苏达州的圣保罗市，是世界著名的产品多元化跨国企业。3M是全球性的多元化科技企业，创建于1902年，素以勇于创新、产品繁多著称于世，生产数以万计的创新产品，在医疗产品、高速公路安全、办公文教产品、光学产品等核心市场占据领导地位。3M为全球近200多个国家的客户提供产品及服务，其产品已深入人们的生活，从家庭用品到医疗用品，从运输、建筑到商业、教育和电子、通信等各个领域，极大地改变了人们的生活和工作方式。
宝洁,宝洁,宝洁（Procter&Gamble，简称P&G）总部位于美国俄亥俄州辛辛那堤市。全球员工近110000人。2008年，宝洁公司是世界上市值第6大公司，世界上利润排名第14的公司。它同时是财富500强中第十大最受赞誉的公司。2008年06月04日TheJ.M.SmuckerCompany和宝洁，双方签定协议，宝洁股东将以免税换股并购方式取得Smucker约53.5%的股权。在2017年6月7日发布的2017年《财富》美国500强排行榜中，排名第36。 
P&G,宝洁,宝洁（Procter&Gamble，简称P&G）总部位于美国俄亥俄州辛辛那堤市。全球员工近110000人。2008年，宝洁公司是世界上市值第6大公司，世界上利润排名第14的公司。它同时是财富500强中第十大最受赞誉的公司。2008年06月04日TheJ.M.SmuckerCompany和宝洁，双方签定协议，宝洁股东将以免税换股并购方式取得Smucker约53.5%的股权。在2017年6月7日发布的2017年《财富》美国500强排行榜中，排名第36。 
清风,清风,清风品牌隶属于金红叶纸业集团有限公司，该企业为亚洲最大的生活用纸产销公司之一。早在2004年，清风就被评为年度中国生活用纸质量信得过产品，依据第三方市调公司尼尔森的数据显示，清风为全国生活用纸品类领导品牌之一，更于2014年荣登中国top50快销品牌之一。
Raid,磁盘阵列,磁盘阵列（RedundantArraysofIndependentDisks，RAID），有“独立磁盘构成的具有冗余能力的阵列”之意。磁盘阵列是由很多价格较便宜的磁盘，组合成一个容量巨大的磁盘组，利用个别磁盘提供数据所产生加成效果提升整个磁盘系统效能。利用这项技术，将数据切割成许多区段，分别存放在各个硬盘上。 磁盘阵列还能利用同位检查（ParityCheck）的观念，在数组中任意一个硬盘故障时，仍可读出数据，在数据重构时，将数据经计算后重新置入新硬盘中。
爱生活,爱生活,爱生活是一款生活实用类软件，完全免费。
汰渍,汰渍,汰渍（Tide）是全球日化龙头宝洁公司旗下著名的洗涤品牌，也是全球最大的洗衣粉品牌之一。汰渍于1946年诞生于美国，是世界上第一种合成洗衣粉。由于汰渍的诞生，结束了人类历史上长达2000余年的皂洗时代，把人类从繁重的洗衣工作中解放出来，为机洗时代的到来提供了条件，素有“洗衣世界的奇迹”盛名。汰渍于1995年进入中国，十几年来不断推陈出新，平均每14个月就推出一项产品创新或升级。现在每天平均有超过100万包汰渍洗衣粉进入不同的中国家庭，是中国家喻户晓、最受欢迎的洗衣粉品牌之一。
TIDE,Tide,Tide是英文单词。英n.趋势；潮流；潮汐；潮水v.渡过；（使）随潮漂流
格林盈璐,格林盈璐,格林盈璐是佛山市格林盈璐电器科技有限公司旗下电器品牌，创立于2009年，是一家从事各种生活电器研发、制造、营销和服务等事业活动的创新型企业。一直以来，企业以“关注生活，为您而想”的理念，坚持自主创新、严控品质和服务，给消费者带来更安全、健康、便捷的产品体验。
心相印,心相印,恒安集团创立于1985年，是最早进入中国卫生巾市场的外资企业之一，经营领域涉及妇幼卫生用品、纸类产品、化妆及护肤类产品等，是目前国内最大的妇女卫生巾和婴儿纸尿裤专业生产企业，拥有固定资产二十多亿元，员工一万余人，在全国14个省、市拥有20余家附属公司，销售和分销网络覆盖全国。恒安国际集团有限公司于1998年在香港成功上市。
金纺,金纺,金纺衣物护理剂于1969年诞生于英国。 1992年底进入中国市场，金纺旨在将国外的先进护衣理念带给中国消费者。 现在，在中国， 每卖出10瓶衣物护理剂，就有8瓶是金纺。 
白猫,白猫,白猫sunny，原名孙恒，中国知名漫画家，作品有《雏蜂》、《侍灵演武》、《蔚蓝战争》《末世渡鸦》、《天才J》。
Frosch,FROSCH,FROSCH，是一个德国家居清洁剂大品牌。
蓝月亮,曼彻斯特城足球俱乐部,曼彻斯特城足球俱乐部（ManchesterCityF.C.），简称“曼城”，绰号“蓝月亮”，口号是SuperbiainProelio，意为“战争的自豪”（PrideinBattle）；位于英国的曼彻斯特，前身为成立于1880年的“圣马可堂”（WestGortonSaintMarks），1887年改名为阿德维克（ArdwickAFC），1894年更为现名。2008年曼城被来自中东的阿拉伯财团收购，2010/11赛季球队获得英格兰足总杯冠军是俱乐部近三十五年来首个锦标。2011/12赛季，曼城首次夺得英格兰足球超级联赛冠军，时隔44年重新获得英格兰顶级联赛冠军。2013/14赛季，曼城第二次夺得英超联赛冠军，这也是曼城球队历史的第四个顶级联赛冠军。 北京时间2018年2月26日凌晨，2017-18赛季英格兰联赛杯决赛，曼城3比0战胜阿森纳，第5次获得英格兰联赛杯冠军。 北京时间2018年4月16日凌晨，2017-18赛季英超联赛第34轮曼联坐镇老特拉福德球场0比1爆冷负于西布朗维奇，送曼城提前5轮获得本赛季英超冠军。 
金范,金范,金范（KimBeom），本名“金尚范”，1989年7月7日出生于韩国首尔市。韩国男演员，毕业于韩国首尔中央大学。2006年，参演情景喜剧《无法阻挡的Highkick》，正式荧幕出道 。2008年，8月参演恐怖片《考死》，该片累计150万名观影人数 。同年参演爱情剧《伊甸园之东》 。2009年，5月参演校园剧《花样男子》，该剧最高收视达到35.5% 。同年还凭借爱情剧《Dream》获得SBS演技大赏新人奖 。2010年，拍摄韩国旅游观光短剧《一天》 。2011年，主演爱情剧《吧嗒吧嗒：他和她心跳的声音》 。2013年，2月参演爱情剧《那年冬天，风在吹》 。7月主演古装剧《火之女神井儿》 。同年进军中国内地市场，参演动作片《狄仁杰之神都龙王》 。2014年，参演青春剧《微时代之恋·初恋篇》 。2015年，主演爱情片《重生爱人》和动作剧《隐藏身份》 。2016年，参演电视剧《警察夫人2》。2018年，参演悬疑片《朝鲜名侦探：吸血怪魔的秘密》。
小禾,小禾,《小禾》是芝桃写的网络小说，连载于红袖添香网。
爱丽思,爱丽思,爱丽思是由爱丽思欧雅玛株式会社公司申注册所有。 总部位于日本宫城县仙台市青叶区五桥2丁目12番1号。 
IRIS,IRIS,《IRIS》是韩国首部间谍电视剧，投资高达1亿人民币。该剧讲述了国家安全局要员们的工作、友情和爱情，由李秉宪、金泰熙、郑俊浩、金素妍、金承佑等眼下韩国最当红的明星出演，被称为是2009年韩国最期待的一部电视剧。 《IRIS》由韩国KBS电视台出品，导演金奎泰、杨允浩联袂执导，李秉宪、金泰熙、郑俊浩、金素妍、金承佑主演。该剧取自韩国大型谍战题材，剧中以国家安全局为舞台，讲述国家安全局要员与犯罪组织进行周旋、斗争的故事。IRIS，即国际反动个人集团（InternationalReactionIndividualSystem的简称），在剧中是一神秘组织。 
绿叶,绿叶,诗歌《绿叶》，选自《芳野集》，作者叶千华，1992年创作，香港讯通出版社出版。
爱尚品,爱尚品,“爱生活爱尚品”，中国药妆化妆品第一购物平台，您可以在这里自由、安全、快捷的选择物美价廉的商品！爱尚品以中、高层次药妆化妆品市场为其目标市场，并秉承着“严格每一件产品的质量，珍惜每一次服务机会”的经营理念，严把产品质量关，为实体代理客户和网店代理销售提供全方位安全便捷的服务平台。
威猛先生,威猛先生,威猛先生是美国庄臣公司旗下的品牌。庄臣公司创建于1886年的美国威斯康辛州的瑞辛市，主要经营家庭清洁用品、个人护理用品和杀虫产品的世界领先的制造商之一。旗下知名品牌有：雷达杀虫类产品、碧丽珠家具/皮革光亮剂、威猛先生清洁类产品、佳丽空气清香产品等。1987年，美国庄臣公司在上海浦东新区设立了中国区总部。
奥妙,奥妙,奥妙，洗衣领域的专家，联合利华中国旗下的第一大家庭护理品牌，中国市场上第一个国际洗衣品牌，始终在中国洗衣产品的中高端市场保持领导地位。2013年英国广播公司BBC公布的“中国最具影响力的外资品牌”榜单上唯一入选的织物洗护品牌。 
OMO,OMO,
狮王,奥利弗·卡恩,奥利弗·卡恩（OliverKahn）， 全名奥利弗·罗尔夫·卡恩（OliverRolfKahn）， 1969年6月15日出生于德国巴登-符腾堡州卡尔斯鲁厄，德国足球运动员，司职门将。卡恩出自于德甲卡尔斯鲁厄足球俱乐部青训营。1987年，卡恩升入卡尔斯鲁厄一线队开始职业生涯。1994年，卡恩转会至拜仁慕尼黑足球俱乐部，之后帮助拜仁慕尼黑获得8次德甲联赛冠军、6次德国杯冠军、1次欧洲冠军联赛冠军等多项荣誉，个人3次当选IFFHS世界最佳门将、4次当选欧洲最佳门将等。 2008年9月，卡恩正式宣布退役。 1994年，卡恩开始为德国国家队效力。1996年，卡恩跟随德国国家队夺得欧洲杯冠军。 1998年，卡恩在世界杯后成为德国国家队主力门将， 之后成为德国国家队队长，并参加了两届世界杯和两届欧洲杯，帮助德国国家队夺得2002年韩日世界杯亚军，个人荣膺世界杯金球奖和世界杯金手套奖。 
Lion,锂离子电池,锂离子电池：是一种二次电池（充电电池），它主要依靠锂离子在正极和负极之间移动来工作。在充放电过程中，Li+在两个电极之间往返嵌入和脱嵌：充电时，Li+从正极脱嵌，经过电解质嵌入负极，负极处于富锂状态；放电时则相反。锂系电池分为锂电池和锂离子电池。手机和笔记本电脑使用的都是锂离子电池，通常人们俗称其为锂电池。电池一般采用含有锂元素的材料作为电极，是现代高性能电池的代表。而真正的锂电池由于危险性大，很少应用于日常电子产品。
超能,超能,这是一款不错的塔防游戏，防止外星人入侵掠夺超级能量源。
六神,六神,上海家化是中国历史最悠久的日化企业之一，前身是成立于1898年的香港广生行，历经百年发展，旗下拥有“佰草集”、“六神”、“美加净”、“高夫”、“启初”等诸多中国著名品牌。官方对外英文名：LiushenFloridaWater网络用语：sixgod
TEMPO,tempo,四甲基哌啶氮氧化物TEMPO在化学、生物学、食品工业、农业等领域都有较为广泛的应用。它具有捕获自由基、猝灭单线态氧和选择性氧化等功能。在高分子化学中用作自由基捕获剂、阻聚剂、抗老化剂、热降解抑制剂和光、热稳定剂，也能与活性链自由基结合为共价休眠种。共价休眠种可再均裂为链自由基，再增长。在有机合成中用作各种醇和多元醇类氧化反应的催化剂，用于将伯醇氧化为醛，具高选择性，不再氧化至羧酸；将仲醇氧化为酮。TEMPO具有顺磁性，在生物化学中用作电子自旋标记物，广泛应用于生物大分子结构和生物反应机理的研究。
达豪,达豪,第一个纳粹集中营，位于德国小镇达豪，慕尼黑西北约10英里。此营建于1933年3月，1945年4月获得解放。总共超过200000囚徒曾囚禁在此，30000多囚徒在此正式死亡，虽说准确数字肯定要高得多。
CB,CB,CodeBlocks是一个c++的集成编译环境，也是是ACM/ICPC竞赛（大学生程序设计竞赛）的c/c++推荐编译器。
未来,未来,未来，是从现在往后的时间，是相对于现在我们所处的这个时刻而言的未来时间，它是一个时刻，也可以是一个时间段。相对而言，明天只是未来的一部分，下一秒也是。是一个时间概念，相对于过去和现在。任何事物都有未来。对未来的思考和创造带给了我们生命非凡的意义。有一门专门的学问叫未来学。
VAPE,vape,“vape”一词最早出现在1980年代，可以用作动词，形容抽电子烟时吞云吐雾，也可以作为名词指“电子水烟”这一器具。 当地时间2014年11月18日，牛津字典宣布电子水烟(vape)成为2014年度新词。 电子烟(vape)2014年的使用量比2013年翻了一番。编辑部认为，越来越多名人的参与带动了“vape”的使用。而该词也体现了人们对公众议题的关注。 
卡秀,卡秀,创立于英国伦敦U.K.ONSLEEVEINTERNATIONALINVESTMENTLIMITED是著名的国际投资公司，卡秀（cushow）是该公司旗下品牌之一，在欧洲设有多家专卖店。
幽趣,幽趣,幽趣，指幽雅的趣味。唐李收《和中书侍郎院壁画云》：“映篠多幽趣，临轩得野情。”宋梅尧臣《送张中乐屯田知永州》诗：“莫将车骑喧，独往探幽趣。”《西游记》第二四回：“经历许多山水，都是那嵯峨险峻之处，更不似此山好景，果然的幽趣非常。”幽趣，又指地狱。宋洪迈《夷坚乙志·馀杭宗女》：“儿不幸死，而冥数当与僧合，自知淫秽以贻父母羞，然腹已有孕，傥不得生子，则沉沦幽趣，长无脱期。”
Stockwell,Stockwell,
双庆,双庆,
飞科,飞科,飞科，创建于1999年，历经跨越式发展，现已成为一家以技术研发和品牌运营为核心竞争力，集剃须刀及小家电研发、制造、销售于一体的无区域集团企业。飞科总注册资本1亿元人民币。“技术研发”和“品牌运营”是飞科集团两大核心竞争力，飞科集团现拥有100多项自主创新专利；是剃须刀行业国家标准起草单位。是中国剃须刀行业公认的第一品牌。
健之素,健之素,“健之素”一直是中国专业消毒领域创新品牌，其产品与技术长期以来保持着中国最先进水平，一直是中国专业消毒领域主导型企业，长期占据着中国专业消毒领域最大的市场空间。业内在称赞他们多项革命性科技成果和先进而成功的经营理念的同时，更加称赞的是他们那“以成就社会为使命”的企业价值观和十多年来履行这一使命所付出的真诚努力。然而，它却是一家民营企业，是一位年轻学子白手起家历经无数艰难困苦而创立的民营企业。
inomata,inomata,inomata是日本最大的家居用品制造商。会社设立于昭和56年10月（1979年）。
妙管家,妙管家,《妙管家》是海一木写的网络小说连载于潇湘书院。
famous,famous,四位能歌善舞的阳光男孩，散发着100%的青春活力，用动感欢快的节奏和张扬无畏的歌词引起无数年轻人的共鸣。
影享,影享,影享是首款群组照片聚合手机应用，是一种最简单的方法帮你分享并收集朋友和家人们在同一个场合或场景下所拍摄的照片。有效的帮助用户解决遗漏照片的问题，也帮助用户从更多的视角记录更完整的回忆，不再遗漏一张照片！ 
DMG,dmg,dmg是MAC苹果机上的压缩镜像文件，相当于在Windows上常见的iso文件。DMG在苹果机上可以直接运行加载，在WindowsPC上可以通过命令行软件dmg2iso.exe转换成ISO文件。
碧丽珠,碧丽珠,碧丽珠(美国)是一种水性的养护上光剂，气味芬芳，但是价格很贵，常用于木材，钢材，皮革等制品上，起到上光清洗和保护的作用。分为皮革护理剂和家具护理剂两类。
轻生活,轻生活,轻生活是一种减法的概念；现代人的生活无论是心理上或是外在，皆充斥着过多的负担与累赘，轻生活讲究的是一种丢掉的观念，也就是把一切简化到最简单的境界。轻生活分为四个方向，轻心，轻体，轻食，轻居。这四个方向都要经历一些内心的挣扎，甚至必须要很沉重地去改变自己在思考或生活上积累多年的习惯，才能展开轻生活。
威露士,威露士,威露士 （Walch）是威莱集团核心品牌之一。威露士作为全球著名的消毒品牌之一，一直致力于为消费者提供有效、安全、值得信赖的健康保护。从核心产品威露士消毒液，衍生出了全系列的健康保护产品，包括：威露士消毒液、威露士洗手液、威露士湿巾、威露士洗衣液、威露士沐浴露、威露士香皂、威露士洗发水等。 
碧浪,碧浪,碧浪是全球日化龙头宝洁公司旗下著名洗涤品牌，深受消费者喜爱。碧浪洗衣粉于1967年在德国推出，是世界上第一款加酶洗衣粉。如今，碧浪洗衣粉已被引入160多个国家和地区，成为世界上最畅销的国际性洗衣粉之一。
爱格,爱格,《爱格》是2007年山东出版集团出版的杂志，天使文化旗下爱格杂志社编辑发行，半月刊，分别为《爱格》A、B版及《爱格言情》2014年出了《爱格时尚》。
阿斯卡利,阿斯卡利,英伦手造跑车品牌ASCARI，在迁址到英国Banbury的工厂之后推出全新的超级跑车KZ-1。
ASCARI,阿斯卡利,英伦手造跑车品牌ASCARI，在迁址到英国Banbury的工厂之后推出全新的超级跑车KZ-1。
利临,利临,
春鹿,水鹿,水鹿（学名：Rusaunicolor）体型粗壮接近马鹿。成年雄鹿体高130厘米左右，体长130～140厘米，体重200～250千克。雌鹿较矮小。水鹿泪窝较大，鼻镜黑色，颈毛较长，尾端部密生蓬松的黑色长毛。被毛黑褐色，冬毛深灰色。有黑棕色背线，臀周围呈锈棕色，无臀斑。茸角为单门桩，眉枝。喜水，常活动于水边，栖息于阔叶林、混交林、稀树的草场和高草地带，清晨、黄昏觅食。雨后特别活跃。平时单独活动，有一定的行动路线。分布于中国、斯里兰卡、印度、尼泊尔、中南半岛以及东南亚等地区。该物种已列入《世界自然保护联盟》（IUCN）2013年濒危物种红色名录ver3.1—-濒危（EN）。
蓝帆,蓝帆,蓝帆，原名刘燕，黑龙江哈尔滨人。1997年毕业于辽宁大学中文系新闻专业。1976年参加工作，历任沈阳人民广播电台播音员、编采员，辽宁日报社专题部记者，主任记者。辽宁省新诗学会理事、省传记文学学会理事、省儿童文学学会理事。1992年加入中国作家协会。
ARS,ARS,ARS的全称是AgriculturalResearchService（农业科学研究院）。作为美国农业部主要的研究机构，ARS负责一系列影响美国人民日常生活的食品安全研究项目，推广相关科学知识，并向APHIS及FSIS提供技术支持。另也是自主复制序列、自动速率选择、自动响应系统、自动路由选择的简称。
好吉利,好吉利,福建恒利集团有限公司坐落在海峡西岸经济区的核心地，我国古代海上丝绸之路的起点——泉州市，是中国生活用纸委员会会员单位，中国大型生活用品专业制造商。
拜灭士,拜灭士,拜灭士 是拜耳知识产权有限公司 在中国商标网上申请注册的商标，创立于2003年 。
animo,ANIMO,ANIMO是英国CambridgeAnimation公司开发的运行于SGIO2工作站和WindowsNT平台上的二维卡通动画制作系统，它是世界上最受欢迎、使用最广泛的系统，许多众所周知的动画片都是应用animo的成功典例。
上海,上海,上海，简称“沪”或“申”，是中华人民共和国直辖市，国家中心城市，超大城市，沪杭甬大湾区核心城市，国际经济、金融、贸易、航运、科技创新中心 ，首批沿海开放城市。上海地处长江入海口，是长江经济带的龙头城市，隔东中国海与日本九州岛相望，南濒杭州湾，北、西与江苏、浙江两省相接。 春秋战国时期，上海是楚国春申君黄歇的封邑，故别称申。四、五世纪晋朝时期，因渔民创造捕鱼工具“扈”，江流入海处称“渎”，因此松江下游一带称为“扈渎”，以后又改“沪”，故上海简称“沪”。 唐朝置华亭县。上海是国家历史文化名城，拥有深厚的近代城市文化底蕴和众多历史古迹。江浙吴越文化与西方传入的工业文化相融合形成上海特有的海派文化。 1843年后上海成为对外开放的商埠并迅速发展成为远东第一大城市。 上海市总面积6340平方公里，辖16个市辖区，属亚热带湿润季风气候。 上海GDP居中国城市第一位，亚洲城市第二位，仅次于日本东京。上海是全球著名的金融中心，全球人口规模和面积最大的都会区之一。上海被GaWC评为世界一线城市 。上海住户存款总额和人均住户存款均居全国第二 。2017年，上海高新技术企业总数达到7642家， 位列福布斯2017年“中国大陆最佳商业城市排行榜”第一位。 上海港货物吞吐量和集装箱吞吐量均居世界第一，设有中国大陆首个自贸区中国（上海）自由贸易试验区。上海市与安徽、江苏、浙江共同构成了长江三角洲城市群，是世界六大城市群之一。 
普润,普润,普润(葛根素葡萄糖注射液)，主要用于冠心病心绞痛的治疗，亦可用于心肌梗塞的治疗。
康宇,康宇,康宇（1959.9-）江西省赣县南塘镇清溪人。大学学历，中共党员，中学数学高级教师，原赣县中学校长兼党支部书记，工作上爱岗敬业，锐意进取，获得第三届全国中学数学教育最高奖苏步青数学教育奖、第二届香港柏宁顿（中国）教育基金会孺子牛金球奖（1996年）等近二十多项荣誉，在任期间所在学校教学成果显著，在不断向前发展。
百家好世,百家好世,百家好世 （BEKAHOS），浙江陆盛实业有限公司旗下家居生活品牌，致力于为消费者提供高品质、高品味、高性价比的家居用品。
平安大通,平安大通,平安大通成立于1993年4月26日，是管道疏通领域的领先品牌。平安大通始终专注于管道疏通工程服务，致力于管道疏通剂等相关产品的开发升级与应用，力争在业内保持技术领先的优势。公司于2009年入驻淘宝商城品牌旗舰店。凭借电子商务之势，把专业的疏通技术和产品实现全民普及化，以实现“天下疏通无难事”的品牌愿景。
妈妈壹选,妈妈壹选,妈妈壹选清洁洗涤品牌，品牌授权威莱(广州)日用品有限公司洗衣凝珠、餐具净、天然皂液等清洁产品上使用。
金佰利,金佰利,金佰利是全球健康卫生护理领域的领导者。 公司成立于1872年，在全球35个国家设有生产设施，雇员近42000名。个人健康护理用品、家庭生活用纸和商用消费产品是金佰利公司三大核心业务，年销售额逾180亿美元 ，产品销往超过175个国家和地区。
莎朗,莎朗,莎朗，44岁，美国德克萨斯州人，被称为“冷血妇人”，因贪图第十任丈夫的17.5万美元人寿保险赔偿金，竟亲手将他杀死，还嫁祸给儿子。
开心妈妈,开心妈妈,《开心妈妈》是一款装扮小游戏，游戏大小为1127K。
贝克曼博士,贝克曼博士,贝克曼博士是德国DeltaPronatura公司旗下的著名清洁品牌。贝克曼博士品牌诞生于1972年的德国，几十年来专注去渍清洁，迄今为止已拥有多项特殊污渍处理专利技术。以其卓越的品质、安全的产品、独特的针对性和出色的表现力，现已成为德国乃至世界家喻户晓的一流织物及居家清洁品牌。作为来自德国的及时去渍专家，几十年来，贝克曼博士一直致力于解决那些令人心烦的污垢与污渍问题，为消费者提供“实用、专业、高品质”的污渍解决方案。2012年，贝克曼博士带着全新的包装，升级的产品贝克曼博士正式启动了中国内地的旅程……
百丽,百丽,Belle百丽是百丽国际推出的一款品牌。BeLLE百丽追求不同的生活体验及生活经历；都市环境不断在变，时装潮流不断在变，生活内容不断在变，女人在一生中的角色不断在变。BeLLE百丽在变化中展现出内在与外在的完美气质。Belle皮件简单分成女用与男用，内容包括皮包、皮带、皮夹、名片夹、旅行箱、皮件保养品等。百丽国际旗下百丽、天美意、他她、思加图等均在国内女鞋销量市场名列前茅，森达男鞋也备受消费者欢迎。2017年7月27日下午16点，百丽国际退市。 
舒洁,舒洁,舒洁（Kleenex）是全球最知名的面巾纸品牌之一，曾多次被美国《商业周刊》评为全世界100个最有价值的品牌之一。多年来，Kleenex一直致力于提供最优质的产品给广大的消费者，Kleenex舒洁纸巾采用100%原生木浆，并加入特别的柔软纤维，以最柔软细致的纸巾，让心和家人一起舒适起来，始终给自己和家人温暖和关爱。
Kleenex,舒洁,舒洁（Kleenex）是全球最知名的面巾纸品牌之一，曾多次被美国《商业周刊》评为全世界100个最有价值的品牌之一。多年来，Kleenex一直致力于提供最优质的产品给广大的消费者，Kleenex舒洁纸巾采用100%原生木浆，并加入特别的柔软纤维，以最柔软细致的纸巾，让心和家人一起舒适起来，始终给自己和家人温暖和关爱。
芳新,芳新,“芳新 ”是青岛顺奕文国际贸易有限公司 向国家商标总局申请注册的产品品牌。
Forever New,forever new,ForeverNew是一个时尚服装和配饰品牌在澳大利亚墨尔本成立。注重体现女性美，灵感来自于全球化趋势的时尚、艺术、音乐和戏剧，ForeverNew是澳大利亚增长最快的品牌之一，ForeverNew注册于2006年年底，现在已遍布7个国家设有111个专卖店。
高乐氏,高乐氏,高乐氏公司(NYSE:CLX)总部位于加州奥克兰，是全球领先的消费产品生产和经销商，该公司2006财年的销售收入为46亿美元。全球员工达7600名，在全球25个国家设有生产基地并在100多个国家销售。
能臣,能臣,能臣，汉语词汇，意思是高才干练之臣。
拜乐,拜乐,“拜乐”是由武汉大学通过十多年研制开发而成的生物杀蟑饵剂。1990年，武汉大学生命科学学院在蟑螂体内首次分离出了一株病毒——黑胸大蠊浓核病毒（PFDNV）。该病毒进入蟑螂体内，在蟑螂体内细胞中繁殖增生，导致接触到病毒的蟑螂体内细胞破裂，在数天后死亡。
白领公社,白领公社,白领公社是中国首家白领群主题的综合型B2C电子商务门户级购物网站，也是目前网购平台中最早集渠道拓展、在线订购、售后服务、会员之家于一体的知名品牌。产品涵盖女装、男装、袜子、丝巾、领带、首饰、配饰、创意办公桌面用品和便携用品等九大领域。支持14天退换货保障，100%正品保障，以及独家“六星评级”商品质量保障体系，力求打造360度全方位“品质网购”的购物体验环境。自白领公社上线以来，已凭借简单、快捷、人性化的购买方式和物美价廉的性价比优势，带给白领群体前所未有的新型购物体验，并已成为白领群体网购首选对象。
洁度,洁度,洁度是北京安捷顿商贸有限公司旗下品牌，专注于高品质消毒湿巾，清洁纸巾。
泉林本色,泉林本色,泉林本色品牌是泉林集团旗下的自有品牌，拥有自主知识产权和160多项专利技术。“本色”原浆技术提取天然植物纤维，全程不使用漂白剂等有害制剂，是新一代对环境无污染，对人体无危害，原浆、原色的健康环保型造纸制浆技术。
启初,启初,启初，源自百年民族企业上海家化 旗下品牌 ，品牌创建于2013年 。 启初秉承“取自然之初，育生命之初”的品牌理念 ，致力研发“专属于0-3岁中国婴幼儿个人护理产品及方案”。经过历时3年多的研究与探索，于2013年8月6日正式面向大众消费市场。
舒肤佳,舒肤佳,舒肤佳是宝洁公司日用品品牌之一。舒肤佳作为全球著名的个人清洁护理品牌之一，一直引导儿童养成良好的卫生习惯。在中国其旗下产品包括沐浴露、香皂、洗手液及活力运动系列。
LEC,LEC,LEC是LEGALENGLISHCERTIFICATE的简称，意为法律英语证书。法律英语证书由全国统一考试委员会依托中国政法大学和北京外国语大学具体组织考试工作，旨在为从事涉外业务的企业、律师事务所提供招募国际性人才的客观标准，同时督促国内法律从业人员提高专业英语水平。
瑞帝,瑞帝,《瑞帝》是连载于起点中文网的一部小说，作者是我玩穿越火线。
亮晶晶,亮晶晶,华纳音乐为“中国娃娃”的回归加足马力，在视觉上以高调的夸张韩风造型再现乐坛
香约,香约,香约品牌的母体，德佐日化是2010年上海世博会特许生产商，有10年的化妆品外贸经历，为多个国际一线品牌的指定供应商。拥有比较完善的生产产管理质量体系，供应链体系完备。
优洁士,优洁士,
花弄影,花弄影,花弄影是完美时空网游《梦幻诛仙》女主角之一，她使用一条妖娆的长鞭，长鞭舞起之时，可令周围的敌人难以近身，无从下手。
COLUMBUS,Columbus,
斯图,斯图,斯图原名达内尔·西图DarnelSitu，是一名后卫，现在效力于斯旺西城足球俱乐部。
拓朴,拓朴,拓朴是一家在中国外向型经济快速发展进程中成长起来的创新型企业。
TOPOTO,TOPOTO,《TOPOTO》是一款IOS平台的应用。
思乐智,思乐智,思乐智 (英文名Sensology)于1988年在美国创立，是领先的家居测量仪器公司。提供家居检测仪器与检测服务，并在多个领域提供完整的测量解决方案。目前思乐智品牌的正式代理商超过1000家，产品业务面向20多个国家，是一个国际化的家居测量品牌。 
屈臣氏,屈臣氏,屈臣氏集团（香港）有限公司（A.S.WatsonGroup(HongKong)Ltd.，)创建于1828年，是长江和记有限公司旗下屈臣氏集团以保健及美容为主的一个品牌。屈臣氏是长江和记有限公司旗下的国际零售及食品制造机构，业务遍布24个国家/地区，共经营超过12000间零售商店，聘用117000名员工。集团涉及的商品包括有保健产品、美容产品、香水、化妆品、日用、食品、饮品、电子产品、洋酒及机场零售业务。屈臣氏在中国200多个城市拥有超过1000家店铺和三千万名会员，是中国目前最大的保健及美容产品零售连锁店。
雕牌,雕牌,纳爱斯集团是专业从事洗涤和口腔护理用品的生产企业。前身是成立于1968年的地方国营“丽水五七化工厂”，1993年底改制为股份公司。2001年12月组建集团。纳爱斯在改革开放中长足发展，自1994年以来，完成各项经济指标连续11年稳居全国行业榜首。
宝露露,宝露露,宝露露《小企鹅宝露露》人物之一，喜欢去探索、玩耍、东闻闻西尝尝、这边瞧瞧那边看看，总之所有他碰得到的东西他都要一探究竟。
pororo,pororo,小企鹅Pororo，是韩国国宝级的卡通人物，其主要作品载体是一部益智搞笑类型的动画片，在韩国多个电视台频道及其它媒体均有播放，风靡韩国，在韩国被称为“Po总统”，并受到多个国家观众的欢迎。小企鹅Pororo有不少衍生品，如玩具、食品、用品、应用程序、定期展览及音乐剧等，而电影版已于2013年在中国上映。2014年5月22日，国内首家Pororo卡通主题乐园在北京爱琴海购物中心正式开业。 
美丽雅,美丽雅,美丽雅是四川鸿昌塑胶工业有限公司旗下家居清洁用品品牌 
泊泉雅,泊泉雅,泊泉雅是一个新兴的化妆品品牌。
喜来乐,神医喜来乐,《神医喜来乐》是中央电视台与河北电视台出品的一部古装传记电视剧，由黄力加等导演，周振天编剧，李保田、梁丽、杜雨露、沈傲君等主演。该剧以悬壶济世的民间郎中喜来乐的跌宕人生为主线，以戊戌变法的历史、红颜知己的恋情和同行冤家的相煎为支脉，描绘了在清末社会大背景下的小人物命运。该剧于2003年1月21日在中央电视台电视剧频道首播并获得第21届中国电视金鹰奖长篇电视剧优秀作品奖、第23届中国电视剧飞天奖优秀长篇电视剧二等奖和中国电视剧产业二十年盛典百部优秀电视剧作品等多项奖项。 
山峰,山峰,山峰，作家、编剧，贵州省黔南州长顺县人。14岁公开发表诗歌，写过剧本、童话，歌词。小说创作题材多围绕当代人的困惑，探索人和内心，人和人，人和自然，人和世界的关系。文风敏锐细腻，构建朴素的生命哲学与精神取向，呈现秘境贵州的古朴之美。长篇旅爱小说《黔上听香》（《黔上听香：在最美的地方遇见你》）入围第九届茅盾文学奖， 受到广泛关注，被文学评论界誉为“寓言之书”、“女性的伴手礼”，读者众多，先后进入上海书城等多个畅销书榜单，小说改编的同名电影已在筹拍中。关注农村留守儿童的励志旅行小说《骑士少年的歌声》，改编成电影《山那边有匹马》入围韩国大钟奖 ，白海滨导演，文艺片影星黄璐领衔主演，2016年5月27日，中国大陆公映。 2015年10月，山峰宣布跨界做导演，将自己的小说《秀》改编成公路喜剧商业片《婚礼大师》 。电影《婚礼大师》由中澳联合投资摄制， 将在中国贵州和澳大利亚的塔斯马尼亚州取景。 
利得,利得,释义读音lìdé英语翻译Gains利得新华词典释义为：利益。
RDE,RDE,RDE是RealisticDemandEcosystem的英文缩写。是由国内智能数字广告营销领导企业泰一指尚（AdTime）倡导并推出的全新互联网广告服务系统。RDE真正的价值是让广告能够在合理的时间呈现在网民面前。 
山鬼,山鬼,《山鬼》是《楚辞·九歌》篇名。关于山鬼的身份，中国民间有多种传说，女神，精怪，山神等。为祭祀山神之歌，所描写神姿态和衣饰，系一女性。内容多表现离忧哀怨之情。 《山鬼》出自《九歌》的第九首。《九歌》是一组祀神的乐歌，据说是屈原在民间祀神乐歌的基础上加工修改而成的。《九歌》中有不少篇章描述了鬼神的爱情生活，如《湘君》《湘夫人》《云中君》等，本文也是如此。“山鬼”即一般所说的山神。
尚洁,尚洁,尚洁，女武汉大学历史学院博士、副教授。代表作《中世纪晚期近代早期威尼斯贵族政治研究》
kleenex,舒洁,舒洁（Kleenex）是全球最知名的面巾纸品牌之一，曾多次被美国《商业周刊》评为全世界100个最有价值的品牌之一。多年来，Kleenex一直致力于提供最优质的产品给广大的消费者，Kleenex舒洁纸巾采用100%原生木浆，并加入特别的柔软纤维，以最柔软细致的纸巾，让心和家人一起舒适起来，始终给自己和家人温暖和关爱。
奇强,奇强,南风化工集团股份有限公司，是一个跨全国十个省（市）区、跨行业的特大型企业集团。公司1996年4月组建，1997年在深交所发行A股，成为国有控股上市公司。公司现有5个分公司、19个子公司，总资产35亿元，销售收入32亿元，是国家重点扶持的520家企业之一。
南极人,南极人,南极人，成立于1997年是中国最早成立的内衣企业之一，首创保暖内衣产品，开创了中国内衣行业发展的新道路。历经18年的成长蜕变，南极人已经在内衣、母婴、服装、床品&布艺、厨品、鞋品、服饰配件、户外、家电等9大品类的55大类目产品线中取得突出的成绩，签约国民好媳妇海清，共同为国人带来“全品类消费品王国”，努力打造让用户尖叫的产品，创造极致的用户体验。南极人每年卖出上亿件/套的产品，为几亿人提供舒适、优质的日常生活所需。2014年双十一，南极人取得了单天1.8亿元的销售成绩，是南极人转型互联网企业后，模式创新的最强有力证明。2016年双十一，南极人取得了5.4亿元的销售业绩，再次刷新了历史记录！
克林莱,克林莱,韩国克林莱（CLEANWRAP）成立于1983年，是一家国际领先的LLD-PE（线型低密度聚乙烯）食品保鲜膜生产企业，秉承“值得顾客信赖的厨房生活用品专家”的理念，打造出了一些列“克林莱特色”产品。公司在生产出世界上最早的无毒性保鲜膜之后，更是研发了密实袋，保鲜袋，一次性PE手套，橡胶手套，厨房用品等约70多个系列，400个规格的多样化的生活用品。多年的苦心经营和付出，克林莱以美好的经营理念、忠实的服务态度、严谨的管理体制在韩国市场赢得了“克林莱家庭用品第一品牌”的殊荣，产品知名度、信任难度、美誉度都得到了社会的认可。
伊之恋,伊之恋,“伊之恋”------伊人之恋，犹如沙海中的一抹绿色，清新自然又不失别致·它独特优雅的造型让你在众人之中令人眼前一亮，做他的伊人，拥有他无限的爱恋·“蒹葭苍苍，白露为霜，所谓伊人，在水一方”茫茫人海芸芸众生你是否是他的伊人你又该如何在众人中令他目光流连.你需要的不是浓烈奢华而是淡雅精致。伊之恋品牌是义乌市火狐狸皮具有限公司旗下主力女包品牌之一
巴斯夫,巴斯夫,巴斯夫股份公司（BASFSE），缩写BASF是由以前的全名「BadischeAnilin-und-Soda-Fabrik」（巴登苯胺苏打厂）而来，是一家德国的化工企业，也是世界最大的化工厂之一。巴斯夫集团在欧洲、亚洲、南北美洲的41个国家拥有超过160家全资子公司或者合资公司。公司总部位于莱茵河畔的路德维希港，它是世界上工厂面积最大的化学产品基地。
志高,志高空调,广东志高空调有限公司创建于1994年 ，总部位于珠江三角洲工业重镇佛山市南海区，是一家以家用和商用空调生产、销售为主的大型现代化企业集团。经过十余年的不断发展与壮大，现公司占地面积近300万平方米，年产能达1000万套，名列南海工业经济综合实力百强榜首。总部拥有两大工业园，并在泰国、越南、博茨瓦纳、尼日利亚等国家设有多家合作工厂，市场营销网络遍布全球100多个国家和地区，是目前中国最大的民营空调生产基地和出口创汇企业之一。
红兔子,红兔子,《红兔子》（RedRabbit），美国军事小说作家汤姆·克兰西的小说，2002年出版，杰克·雷恩系列的第十一作。
访客,访客,访客visitor与独立访客（uniquevisitor）是同义词，是一个网站评测术语，指的是在一段时间内，一个人对某个站点至少访问一次。如果同样的人在一个月内上了一个站点三次，评测系统会记录三次访问，但只有一个访客。
FK,fk,fk英文缩写，有八种含义。第一种指的是：外键（ForeignKey）；第二种指的是：FK动画；第三种指的是：福克兰群岛（FalklandIslands）的国家域名属于海外域名;第四种指的是：流体动力学（FluidKinetics）;第五种指的是：生化试剂【弗司扣林】（forskolin）;第六种指的是：滤泡角化细胞（follicularkeratinocytes）;第七种指的是：疯狂小人大乱斗类型的格斗类小游戏第八种指的是：格斗之王的fightking
洛娃,洛娃,是洛娃集团的企业使命，也是洛娃人的共同心愿。
Reward,reward,reward是一个英语单词，意思为报酬、报答等。
热带森林,热带森林,作为陆地上物种最丰富和结构最复杂的森林生态系统，热带森林在全球碳循环维持、生物多样性保护、商品生产以及气候调节等方面都发挥着重要的作用。同时，热带森林也是遭受干扰最严重的植被类型之一，长期破坏的结果，直接或间接的导致了生境质量、景观格局配置、物种组成和群落结构的变化，进而影响了生态系统功能的正常发挥，同时也成为引起生物多样性减少的主要威胁因素之一。 
强生,强生,美国强生(Johnson&Johnson)成立于1886年，是世界上规模最大，产品多元化的医疗卫生保健品及消费者护理产品公司。据《财富》和《商业周刊》97年公布的结果，强生公司市场价值指标评比名列全球第20位，并位居全美十大最令人羡慕的公司之列，1999年全球营业额高达275亿美元。强生在全球60个国家建立了250多家分公司，拥有约11万5千余名员工产品销售于175个国家和地区。强生公司是世界上最具综合性、分布范围最广的卫生保健产品制造商、健康服务提供商。公司创建于1886年，产品畅销于175个国家地区，生产及销售产品涉及护理产品、医药产品和医疗器材及诊断产品市场等多个领域。强生作为一家国际性大型企业，在全球57个国家建立了230多家分公司，拥有11万6千余名员工。旗下拥有强生婴儿、露得清、可伶可俐、娇爽、邦迪、达克宁、泰诺等众多知名品牌。2016年6月，强生旗下的漱口水品牌李施德林在其香港推广活动中邀请了何韵诗，该品牌也遭到《环球时报》的批评。截至当地时间周一晚，该公司网站继续使用何韵诗的照片。 
Campbell,Campbell,Campbell中文拼写：坎贝尔名字含义：歪嘴名字来源：盖尔语
妮飘,妮飘,妮飘（nepia） 由王子（OJI）集团旗下王子妮飘株式会社在中国投资的法人企业王子制纸妮飘（苏州）有限公司 所创立的品牌。主要负责生活用纸的生产与销售。主要产品有盒装纸巾，手帕纸，卫生用纸等。
香奈儿,香奈儿,香奈儿（Chanel）是一个法国奢侈品品牌，创始人是CocoChanel（原名是GabrielleBonheurChanel，中文名是加布里埃·可可·香奈儿），该品牌于1910年在法国巴黎创立。该品牌产品种类繁多，有服装、珠宝饰品及其配件、化妆品、护肤品、香水等。该品牌的时装设计有高雅、简洁、精美的风格，在20世纪40年代就成功地将“五花大绑”的女装推向简单、舒适的设计。
Chanel,香奈儿,香奈儿（Chanel）是一个法国奢侈品品牌，创始人是CocoChanel（原名是GabrielleBonheurChanel，中文名是加布里埃·可可·香奈儿），该品牌于1910年在法国巴黎创立。该品牌产品种类繁多，有服装、珠宝饰品及其配件、化妆品、护肤品、香水等。该品牌的时装设计有高雅、简洁、精美的风格，在20世纪40年代就成功地将“五花大绑”的女装推向简单、舒适的设计。
花仙子,花仙子,日本著名动画「花仙子」，原名「花の子ルンルン」，是改革开放后进入中国的日本动画之一，是东映魔法少女系列动画的第八作。本作曾在中国刮起了一阵少女风潮，是70末、80、90初后出生的人童年记忆最深刻的日本动画。「花仙子」宣扬人性的真善美，讲述了继承了花仙血统的少女小蓓旅行世界各个国家寻找能带来幸福与快乐的七色花的故事。
振兴,振兴区,振兴区，隶属于辽宁省丹东市，位于辽宁省东部，既沿黄海，又沿鸭绿江，还沿朝鲜半岛，是全国罕见的三沿城市。面积123平方公里，人口41万（2010年）。 振兴区下辖9个街道，1个乡镇。2014年，振兴区地区生产总值预计实现197亿元，同比2013年增长12%。 
mola,翻车鱼,翻车鱼（学名：Molamola），又称翻车鲀、曼波鱼、头鱼，是硬骨鱼纲，翻车鲀科（Molidae）3种大洋鱼类的统称。分布于栖息于各热带、亚热带海洋。也见于温带或寒带海洋。中国沿海均产 。翻车鲀为大型大洋性鱼类，最大体长可达3.0～5.5m，重达1400～3500kg。单独或成对游泳，有时十余尾成群，小个体鱼较活泼，常跃出水面，大个体鱼行动迟缓，常侧卧于水面，或背鳍露出水面，也能潜入百余米深水中。摄食海藻、软体动物、水母、浮游甲壳类及小鱼等。怀卵量极多，可达3亿粒，是鱼类中怀卵数最多者。幼鱼被瘤状棘突，随年龄增长而渐消失，身体变为卵圆形。
杭泰,杭泰,《杭泰》是一款IOS平台的应用。
大创,大创,大创是汉语词汇，拼音dàchuàng，解释为在军事上使敌人受到严重的损伤。
daiso,daiso,大创（DaisoJapan），由矢野博丈 创立于1972年，于全球又拥有逾4000家分店，遍布30多个国家。2012年，大创百货正式进驻中国大陆，首家分店落户广州，取名为“大创生活馆”，由香港四洲集团与日本大创产业联合投资，并由四洲集团统一运营。 
灰姑娘,灰姑娘,《灰姑娘》（Cinderella）是迪士尼公司出品的剧情片，由肯尼思·布拉纳执导，凯特·布兰切特、莉莉·詹姆斯、理查德·麦登、海伦娜·伯翰·卡特等主演。影片改编自同名动画电影《灰姑娘》，剧情延续迪士尼经典动画的故事——灰姑娘母亲、父亲相继去世，继母和其女儿们对她百般折磨，但灰姑娘得到魔法相助，成为王子的意中人的故事。 该片于2015年3月13日北美与中国大陆同步上映，截至3月16日，仅仅三天时间，该片已在中国市场斩获约1.8亿票房 。
Member's Mark,Member's Mark,
祥音,祥音,她不顾长途跋涉的疲劳，春风满面地弹奏着一曲欢乐的和亲声乐。为了大汉民族的昌盛，为了边塞的长远安宁，王昭君在出塞的路上传送着和平的祥音，而这有着政治内容的神秘音符已经感染了随行的和亲队伍，整个画面笼罩着喜庆欢乐的气氛。
乐杰,乐杰,乐杰，男，1931年5月生于北京，汉族，中共党员。吉林大学第一医院妇产科教授，主任医师。市因病医治无效，于2011年6月4日上午9时26分不幸逝世，享年81岁。
李施德林,李施德林,李施德林拥有125年的历史，它以消毒之父JosephLister命名。李施德林漱口水自从1914年正式投放零售市场，一直坚持其杀菌的核心功效，是第一个被美国牙医学会认可的非处方品牌漱口水，并获得了其它包括加拿大、澳大利亚、中国香港、爱尔兰等多个牙医学会的专业认证。
中盐,中盐,中盐是中国盐业的领袖品牌，2006年9月，中国盐业总公司正式推出了“中盐”品牌，并逐步把旗下分属三十余家盐制品企业的30多个品牌统一到“中盐”品牌名下。随着中国盐业总公司打造强势品牌战略的实施，“中盐”品牌正在成为中国名牌、国际盐行业的知名品牌。
格奇,格奇,格奇是一个人，《看破东窗》2010年在中国原创歌词大赛中荣获第二名。
双立人,双立人,双立人（ZWILLING）品牌是PeterHenckels（彼得·亨克斯先生）以双子座作为最初的构想，在德国美丽的莱茵河畔小镇索林根创立的品牌。同时也揭开了这一人类现存最古老商标之一不老传说的序幕。他的后代约翰·阿布雷汉姆·亨克斯将公司名称改成ZwillingJ.A.Henckels。双立人拥有超过2000种的不锈钢刀剪餐具、锅具、厨房炊具和个人护理用品，开创了摩登厨房理念，让烹饪成为一种享受，带给人们看得见的完美品质和生活情趣。
格瑞卫康,格瑞卫康,格瑞卫康，深圳市格瑞卫康环保科技有限公司创始于2001年9月，是一家集研发、设计、生产、销售、服务为一体的国家级技术企业。
碧爱家,碧爱家,碧爱家(Bestguard)是上海上星家居用品有限公司旗下品牌，致力于研发、销售基于纳米银物理性除菌原理的新一代安全除菌系列产品。
贝亲,贝亲,贝亲是日本母婴用品品牌，创始于1957年，秉承爱的理念，致力于为消费者提供高品质和种类齐全的母婴用品和服务，贝亲产品涵盖了母乳喂养、奶瓶奶嘴、宝宝肌肤护理、衣物清洗、水杯餐具等抚育宝宝的方方面面。2002年正式进入中国市场之后，工厂规模和生产规模不断扩大，如今，贝亲在中国拥有上海外高桥、青浦和常州3家工厂，引进国外先进生产流水线，严格按照PQS（PigeonQualityStandard）执行管理。2013年，贝亲全新推出芬芳亲子洗护系列以及“真绵实感”婴儿纸尿裤 ，新品的推出强化了贝亲产品线，从而进一步提升了妈妈们育儿生活的品质。
Johnson,johnson,johnson吉他，是axl公司的下属品牌，主要以民谣吉他为主。另外有同名IPC-A-610D和IPC-7711/7721授权认证培训师。
拜耳,拜耳,拜耳公司是世界最为知名的世界500强企业之一。公司的总部位于德国的勒沃库森，在六大洲的200个地点建有750家生产厂；拥有120000名员工及350家分支机构，几乎遍布世界各国。高分子、医药保健、化工以及农业是公司的四大支柱产业。公司的产品种类超过10，000种，是德国最大的产业集团。该公司生产的阿司匹林，被人们称为“世纪之药”，也创造出了“魔鬼的杰作”，就是海洛因。
BAYER,拜耳,拜耳公司是世界最为知名的世界500强企业之一。公司的总部位于德国的勒沃库森，在六大洲的200个地点建有750家生产厂；拥有120000名员工及350家分支机构，几乎遍布世界各国。高分子、医药保健、化工以及农业是公司的四大支柱产业。公司的产品种类超过10，000种，是德国最大的产业集团。该公司生产的阿司匹林，被人们称为“世纪之药”，也创造出了“魔鬼的杰作”，就是海洛因。
Umbra,umbra,Umbra是当代时尚休闲家居用品的领导者，虽然每件产品都经过精心设计，但价格合理并不昂贵。现时Umbra产品在全球75个国家共25000间零售商里发售。你家中的每个房间，都肯定会有Umbra产品适用。当中包括相架、废物箱、窗帘装饰、厨具、桌面用品、家居摆设及小家具等。
其他,其他,其他，三种用法：1、别的，其余，不分人与物。语出《国语·晋语四》：“民生安乐，谁知其他？”古汉语流行通假，形近和音同的字常通假，他、佗、它同音或形近，因为通假而不区分人称代词与物主代词。2、其余的人（此他为人称代词），只作为（其余者里面的）人称代词而区别于物主代词“其它”，这种区别是现代汉语里的现象。3、其余的男子（此他为男称代词），区别于“其她”，这种用法也有，但很少。谈物时，用“其他”是继承古代用法，用“其它”是现代汉语环境里的合逻辑用法，都可以。因为，古汉语不区分其他与其它，现代汉语里他作为人称代词而它作为物主代词了。
海纳斯,海纳斯,海纳斯是国产动画片《斗龙战士》系列中的角色，主人是欧阳零。登场于《斗龙战士》、《斗龙战士2星龙圣域》、《斗龙战士3龙印之战》（第1集）、《斗龙战士外传》。
妇炎洁,妇炎洁,妇炎洁，是由苦参、百部、蛇床子等制成的洗剂，性凉，味苦，主要成份为苦参素。妇炎洁能快速抑杀金黄色葡萄球菌、霉菌、绿脓杆菌等致病菌，具有清洁、滋润、杀菌的功效。“妇炎洁”于1999年诞生在拥有两千年悠久历史的“中国药都”樟树市。承载着仁和企业“关爱女性，呵护女性健康”的爱心，凝聚着仁和科技人员的智慧结晶，饱含着仁和全体员工辛勤耕耘的汗水，成为中国女性保健市场的领导品牌。“关爱女性、关注家庭幸福”是“妇炎洁”的宗旨和理念。从“知心爱人”到“健康的你，幸福的家”，“妇炎洁”始终不渝地为女性与家庭奉献最真挚的关爱。“妇炎洁”品牌在女性保健市场拥有极高的知名度及美誉度。历经10余年的发展，妇炎洁产品已形成系列，包括护理液、凝胶、卫生巾、护垫等，为广大女性提供更多的选择和更贴心的服务，2012年4月27日，国家工商行政管理总局商标局发布通告，仁和企业拥有的“妇炎洁”商标被认定为中国驰名商标。
nak,NAK,NAK是否定应答或者非应答的缩写，全拼为NegativeAcknowledgment没有应答。它是一个用于数字通信中确认数据收到但是有小错误的信号。
斐亚诺,斐亚诺,
美舒洁,美舒洁,武汉超好生物科技有限公司是一家日化批发企业，地处九省通衢的武汉市，位于武昌区雄楚大街袁家墩特一号，毗邻武昌火车站、付家坡长途客运站，交通十分便利。公司组织机构完备，内设质管部、企管部、业务部、仓储部、财务部，实现了企业管理的微机化、科学化。企业兴旺，质量为本。公司于2008年1月再次通过GSP认证，在此基础上公司依据GSP标准建立了完善的质量监督管理体系“质量第一，顾客至上，诚信经营，止于至善”的质量方针深入人心。公司现建有符合GSP标准的仓库，实行分类、分区、色标管理，严把产品质量关，保障了全面质量管理的推行。销售过程全部采用网络智能化管理，提供完善的售后服务，使合作伙伴满意，让客户放心。 
花椰菜,花椰菜,花椰菜，又称花菜、菜花或椰菜花，花椰菜为十字花科芸苔属一年生植物，又名花菜、椰花菜、甘蓝花、洋花菜、球花甘蓝。原产于地中海东部海岸，约在19世纪初清光绪年间引进中国。花椰菜，是一种很受人们欢迎的蔬菜，味道鲜美，营养也很高，还有很高的药用价值。维生素C含量非常丰富，还具有抗癌功效，平均营养价值及防病作用远远超出其他蔬菜。
南,南,南，方向。早晨面对太阳，右手的一边，与“北”相对。南北，南方，南面。南国（指中国南部）。南陲（南部边疆）。南极，南半球。
灯下,灯下,《灯下》是17K小说网首发的探险揭秘小说，作者是茗门倒爷。主要讲述了唐朝时期主人公从小贩变为盗墓者后的一系列盗墓事件。
有乐,有乐,《有乐》是小米推出的直播竞答App，在直播时答对12道问题的用户就可以与其他赢家平分当场的奖金。2018年1月29日，“有乐”正式开启对外测试。 
飞利浦,飞利浦,飞利浦，1891年成立于荷兰，主要生产照明、家庭电器、医疗系统方面的产品。飞利浦公司，2007年全球员工已达128100人，在全球28个国家有生产基地，在150个国家设有销售机构，拥有8万项专利，实力超群。2011年7月11日，飞利浦宣布收购奔腾电器（上海）有限公司，金额约25亿元。2011年10月17日，飞利浦电子发布了第三季度财报，第三季度净利润同比下滑85.9%；同时宣布，飞利浦将在全球范围内裁员4500人。2013年1月底，飞利浦消费电子业务已全部剥离，将聚焦优质生活，医疗和照明设备行业。北京时间2014年12月17日，飞利浦宣布，将以12亿美元收购美国医疗设备制造商Volcano公司。
PHILIPS,飞利浦,飞利浦，1891年成立于荷兰，主要生产照明、家庭电器、医疗系统方面的产品。飞利浦公司，2007年全球员工已达128100人，在全球28个国家有生产基地，在150个国家设有销售机构，拥有8万项专利，实力超群。2011年7月11日，飞利浦宣布收购奔腾电器（上海）有限公司，金额约25亿元。2011年10月17日，飞利浦电子发布了第三季度财报，第三季度净利润同比下滑85.9%；同时宣布，飞利浦将在全球范围内裁员4500人。2013年1月底，飞利浦消费电子业务已全部剥离，将聚焦优质生活，医疗和照明设备行业。北京时间2014年12月17日，飞利浦宣布，将以12亿美元收购美国医疗设备制造商Volcano公司。
CNP,CNP,CNP（中文：希恩派），始建于2000年，CNP化妆品是韩国专业皮肤品牌，拥有50余名专业皮肤专家，通过多年的经验与技术从R&D阶段开始主导并研发制作出更多卓越的更符合亚洲人肤质的产品。以理解肤质为理念，严选绿色有机成分，所有产品全部经过彻底细致的测试与检验。 
绿牌,绿牌,“LOPO绿牌”是力曼环境面向全球市场推出的室内环保旗舰品牌，关爱、健康、品质的品牌内涵，颠覆性的开创了一种全新的室内环保生活理念。力曼环境旗下的“LOPO绿牌”专注于室内环境污染净化、优化，六年来一直致力于向市场提供具有国际领先技术的家居环保、清洁、护理产品，其先进的技术创新能力使之成为国内唯一的纳米微化学治理产品专业提供商。艾乐奇、沃玛两大系列近百款产品，填补了国内市场的空白，也引领着行业的技术发展方向，一举成为室内人居环保行业的典范，绿牌产品已入驻百安居、沃尔玛、家乐福等近2000家国际品牌连锁超市，同时进入天猫、京东、一号店、亚马逊等国内主流电子商务平台，正式实现全网销售，绿牌已经无可争议成为室内人居环境行业的领导品牌，绿色生活、绿牌标志！绿牌已赢得了国际和国内市场的广泛认可并具备极高的影响力。
苏兹,苏兹,《苏兹》是紫陌青寒创作的网络小说，发表于起点网。
suzy,裴秀智,裴秀智（BaeSuzy、배수지），1994年10月10日生于韩国光州广域市，韩国女歌手、演员、主持人。2010年，以missA组合成员身份出道。2011年，主演的校园剧《DreamHigh》夺得月火剧年度收视冠军，凭借该剧获得KBS演技大赏最佳女新人奖 ；同年，作为固定嘉宾出演综艺节目《青春不败2》，并获得2012年KBS演艺大赏综艺部门最佳女新人。 2012年，首次触电大银幕，凭借爱情电影《建筑学概论》获得第48届百想艺术大赏电影部门女子新人演技奖、第33届韩国青龙电影奖人气奖等多个奖项，成为韩国首位在歌曲、电视剧、电影、综艺4个领域都获得新人奖的艺人。 2013年，主演古装剧《九家之书》，凭借该剧获得第8届首尔国际电视节韩剧部门最佳女主角奖和MBC演技大赏迷你剧女子最优秀演技奖；同年，名列福布斯韩国名人榜第3位 。2015年，主演古装电影《桃李花歌》，并获得第52届韩国百想艺术大赏电影部门最佳人气女演员奖 。2016年，主演爱情剧《任意依恋》 ；同年，名列福布斯韩国名人榜第6位。 2017年，发行首张solo专辑《Yes?No?》，作为solo歌手出道 ；同年，还主演了奇幻爱情剧《当你沉睡时》，并凭借该剧获2017年SBS演技大赏水木剧女子最优秀演技奖 ，名列2017年韩国盖洛普调查电视剧演员榜第6位 。2018年5月3日，获得韩国百想艺术大赏人气女演员奖。 
通仙,通仙,霍小天长篇玄幻小说。追求长生不老，羽化登仙，无论王侯将相，平民百姓，自古使然，然真正有几人成仙，无人目睹，多为道听途说，路野传说。
鹊桥仙,鹊桥仙,鹊桥仙，词牌名，又名“鹊桥仙令”“忆人人”“金风玉露相逢曲”“广寒秋”等。以欧阳修《鹊桥仙·月波清霁》为正体，双调五十六字，前后段各五句、两仄韵。另有双调五十六字，前后段各五句、三仄韵；双调五十八字，前后段各五句、两仄韵等变体。代表作品有苏轼《鹊桥仙·七夕》、秦观《鹊桥仙·纤云弄巧》等。
大鹏,董成鹏,董成鹏，又名大鹏，1982年1月12日出生于吉林省通化市集安市，华语影视男演员、导演、编剧、主持人、歌手，毕业于吉林建筑大学管理学院工程管理专业。2004年，担任搜狐视频明星访谈类节目《明星在线》的主持人，从而开启了主持生涯。2006年，推出个人单曲《秋天是用来分手的季节》。2007年，担任搜狐视频脱口秀节目《大鹏嘚吧嘚》的主持人 。2008年，出演个人首部电影《完美新娘》，从而正式进军影坛 。2010年，正式拜赵本山为师，成为赵本山第53位弟子 。2011年，在职场喜剧《疯狂办公室》中饰演男二号郑靠谱，并为该剧创作主题曲《不是路人甲》 。2012年，自编自导自演迷你喜剧《屌丝男士》；同年，参加湖南卫视明星模仿竞技类节目《百变大咖秀》，最终获得总决赛冠军 。2013年，出版书籍《在难搞的日子笑出声来》 。2014年，获得时尚先生年度盛典年度跨界人物奖 。2015年，凭借电影《煎饼侠》获得第12届电影频道传媒大奖最佳新人导演奖、最佳新人男演员奖 ；同年，获得第11届中美电影节中美人才交流杰出中国青年导演奖 。2016年，主演剧情电影《我不是潘金莲》 ，并凭借该片获得第11届亚洲电影大奖最佳男配角奖的提名 。2017年自导自演电影《缝纫机乐队》，并凭借该片获得第25届北京大学生电影节最受大学生欢迎男演员奖 。
佳能,佳能,佳能（Canon ），是日本的一家全球领先的生产影像与信息产品的综合集团，从1937年成立以来，经过多年不懈的努力，佳能已将自己的业务全球化并扩展到各个领域。佳能的产品系列共分布于三大领域：个人产品、办公设备和工业设备，主要产品包括照相机及镜头、数码相机、打印机、复印机、传真机、扫描仪、广播设备、医疗器材及半导体生产设备等。佳能总部位于日本东京，并在美洲、欧洲、亚洲及日本设有4大区域性销售总部，在世界各地拥有子公司200家，雇员超过10万人。2016年3月9日，日本东芝公司于今日召开董事会并最终决定将旗下东芝医疗系统公司出售给佳能公司，佳能公司提出的收购报价为7000亿日元(约合人民币405亿元)。
Glad,glad,glad，发音英，形容词或者动词；意为高兴的，乐意的;令人高兴的，使人愉快的;（风光）明媚的，（景色）美丽的;充满欢乐的，兴高采烈的；使高兴。
宫诺,宫诺,宫诺是长沙恩邦生物科技有限公司旗下品牌。源于古代宫廷养生理念，致力于全天然高品质、高纯度营养补充剂产品的研发、销售和推广，服务于人类的健康。
苏子,苏子,苏子是一种唇形科紫苏属的植物，分布于东南亚、中国江西、铁岭、台湾、湖南等中南部地区、内蒙古呼伦贝尔市莫力达瓦达斡尔族自治旗及喜马拉雅地区，日本、缅甸、朝鲜半岛、印度、尼泊尔。
乐扣乐扣,乐扣乐扣,乐扣乐扣是一个品牌，隶属于韩国乐扣企业，该企业是专门生产新概念密封容器的，现今正向全世界90多个国家出口产品。乐扣乐扣注册于1985年，从2004年7月开始进入中国市场。
LOCK&LOCK,lock&lock,lock&lock（乐扣乐扣）四面锁定保鲜盒locklock来自韩国(株)乐扣乐扣公司已将独自开发的采用四面锁扣方式的乐扣乐扣保鲜盒推向市场。到目前为止，该产品已占据了韩国同类产品的大部分市场，并在国际市场备受世人关注。
遇见香芬,遇见香芬,
勿相忘,勿相忘,据电视剧《甘十九妹》里所提及：《勿相忘》本是由武当派高手诸葛洪与太阳教护法张志极两人合创而成，其后经泰山派大弟子胡天一转赠于太阳教教主之女上官云，方使此曲流传于世。它是一首歌曲。
和光堂,和光堂,和光堂─百年品牌，起源于1906年，迄今已有一百多年的历史。由小儿科教授弘田长开设的和光堂药房是公司前身。创立之初，公司即着手于婴幼儿保健和科学育儿指导方面的工作。和光堂品牌诚信宣言：永远的婴幼儿品质。全系列婴幼儿产品，包含奶粉、辅食及用品，坚持品质第一，提供最专业的照护，深受广大消费者的喜爱。
必酷蕾,必酷蕾,“必酷蕾” 是专业空气净化品牌，由加拿大必酷蕾医学材料有限公司授权、上海酷蕾环保科技有限公司负责国内生产和销售。加拿大必酷蕾医学材料有限公司，是从事空气污染治理产品研发、生产、销售及空气污染治理服务的高科技环保企业，也是最早的销售、生产室内污染治理产品的专业公司之一。上海必酷蕾环保科技有限公司率先引进先进技术，并与同济大学、中南大学等国内高校科研机构合作，共同开发了目前市场上最高效的除毒、除味、灭菌宜家类环保必酷蕾系列用品。必酷蕾是2011年新面市的高科技产品，它具有除毒、除味、灭菌、缓释、安全五大显著特点 
天骏,天骏,姓名：天骏原名：张永强国籍：中国出生地：内蒙古包头市土默特右旗民族：汉族生日：1978年6月22日星座：巨蟹座血型：O型职业：歌手毕业学校：内蒙古大学特长：书法
娇妍,娇妍,娇妍（广州）日用品有限公司成立于1996年，是中国生产女性护理液的先行者，自创品牌有“娇妍”、“娇研”等。
JOLLy,LOVE桥林,Love桥林是我国电子竞技著名解说人陈梁敏的土豆网注册网名。LOVE桥林就是：loveJolin（蔡依林）。因为其专业而诙谐、固定而不乏亮点的解说风格受到了广大电子竞技爱好者的欢迎。陈梁敏在电子竞技圈内被广泛称呼为“桥老湿”，由于他的电子竞技ID是u·s·T_3H·Qiaomm而被一些粉丝旎称为“桥MM”。同时，陈梁敏还是一位电子竞技业余玩家，取得了一定的成绩。
阿玛施,阿玛施,阿玛施，哥弟品牌，AMASS英文意为积累，聚积（尤指财富），“积财先聚才”AMASS引申为团队，以智慧和坚毅，同舟共济，荣辱与共。定位个性品味，精品路线，永恒的黑白灰，经典的咖驼卡。此外，阿玛施还是哈尼族民间祭祀节日。
AMASS,amass,英v.积聚；收集
京美,京美,
JM,JM,旨在培养高层次法律实践型专门人才。自1996年试办至今，中国已有78所高等院校开展JM教育。“法律硕士专业学位”是中国专业学位的一种，是在借鉴美国、欧洲等国家培养高层次应用型法律专门人才的基础上，结合中国的国情和教育实际而建立起来的。
画情,画情,《画情》是姚贝娜演唱的一首歌曲。由田辰明作词，陈致逸作曲，这首歌曲是2012年上映的电影《画皮2》的宣传主题曲，收录在《画皮Ⅱ电影原声带》中 。
洁康,洁康,洁康，该机采用100%天然植物纤维为原料，通过柔巾机加热、杀菌、切割、卷曲、喷洒等系统，便生产出一张张冷热可调、温度可控、柔软护肤的柔巾纸，您还可以加入香精，让您在使用时备感清新。
Renova,Renova,Renova作为葡萄牙家用纸类设计制造的头牌大厂，主脑JoseMPinheiro以“谁规定手纸一定是白色的”之理念在2005年发表了Renova黑色系列手纸，上厕所似乎变的有点感觉了，RenovaBlack黑色系列从此受到了欧洲设计酒店的欢迎，此后更衍生出红绿橘粉等色系，大卖100万卷。Renova从来不为了让产品的气味芬芳，而在制造过程中使用化学合成香料，RenovaBlack特殊的香气，是葡萄牙原厂始终坚持使用天然素材而成的。Renova独特的檀香气氛和羽柔触感，是其产品最独特的细节。
七彩龙,七彩龙,《七彩龙》是桌游世界开发的一款网上对战游戏软件，属于选秀型的拍卖游戏《七彩龙》的规则是多获得同颜色的牌，颜色种类要少，使自己的得分高。游戏开始后，玩家有两个选择，一个是发牌，一个是取牌。玩家每次只能发一张牌，放在置牌处，每个置牌处只能放3张牌，放满以后就不能再向上放牌。玩家可以在已经放了牌的置牌处取牌，被取过牌的置牌处就不能往上放牌，而且取过牌的玩家，在本回合就不能再进行任何操作了。当玩家取了牌就结束了本回合的行动，而当所有玩家都取过牌以后，就回合结束，然后重新开始发牌。本游戏一共有76张牌，当玩家发牌发到倒数第15张牌的时候，那回合就为最后一回合，当这个回合结束以后，游戏就结束了。。
安全地带,安全地带,安全地带是由玉置浩二，矢萩渉，武沢豊，六土开正，田中裕二等五位日本人所组成的一批乐队。乐队的代表作品有《コンプリートベスト》、《ゴールデン☆ベスト》等。
托兰,托兰,托兰，美国电影摄影师。代表作品《呼啸山庄》和《十二月七日》曾获奥斯卡最佳摄影奖。
沃尔玛,沃尔玛百货有限公司,沃尔玛百货有限公司，即沃尔玛公司（WalMartInc.）（NYSE：WMT），是一家美国的世界性连锁企业，以营业额计算为全球最大的公司，其控股人为沃尔顿家族。总部位于美国阿肯色州的本顿维尔。沃尔玛主要涉足零售业，是世界上雇员最多的企业，连续4年在美国《财富》杂志世界500强企业中居首位。沃尔玛公司有8500家门店，分布于全球15个国家。沃尔玛在美国50个州和波多黎各运营。沃尔玛主要有沃尔玛购物广场、山姆会员店、沃尔玛商店、沃尔玛社区店等四种营业方式。2013年11月25日，任命国际业务部主管董明伦（DougMcMillon）接任杜克（MikeDuke）为沃尔玛总裁兼首席执行官，该任命从2014年2月1日起正式生效。 2014年12月11日，海外媒体称沃尔玛将关闭约30%的中国门店。沃尔玛12月2日对中国区管理层以重组进行了裁员。 2014年12月沃尔玛非常重视对其公司不当行为的指控。 2016年6月29日，沃尔玛表示将向美国所有消费者开放两日达免费送货服务，这是沃尔玛在这一服务上的再一次拓展。 北京时间2016年7月20日晚与全球同步发布了最新的《财富》世界500强排行榜 。2017年6月7日发布的2017年《财富》美国500强排行榜，沃尔玛连续第五年蝉联榜首。2017年7月20日发布的《财富》世界500强排行榜，沃尔玛连续四年排名第一位。 
ELE,ELE,E.L.E.，electronic电子商务电子商务是指在互联网（Internet）、企业内部网（Intranet）和增值网（VAN，ValueAddedNetwork）上以电子交易的方式进行交易活动和相关服务的活动，是传统商业活动各环节的电子化、网络化。E.L.E.，即extinctionlevelevent缩写，译为灭世级、浩劫毁灭级级别事件，曾出现于影片《天地大冲撞》，"美国总统"提出，暗示彗星撞地球，即将发生灭绝事件。
INI,INI,INI文件格式是某些平台或软件上的配置文件的非正式标准，以节(section)和键(key)构成，常用于微软Windows操作系统中。这种配置文件的文件扩展名多为INI，故名。INI是英文“初始化”（initialization）的缩写。正如该术语所表示的，INI文件被用来对操作系统或特定程序初始化或进行参数设置。
喜福会,喜福会,《喜福会》（TheJoyLuckClub）是美国的HollywoodPictures在1993年出品，由王颖执导，周采芹、温明娜、俞飞鸿等主演的剧情类电影。总片长为139分钟，有粤语、英语和汉语普通话，于1993年9月8日在美国上映。影片以旅美的四对华裔母女为中心，讲述了几个家庭近百年来的遭遇，从而对比出中国女性从受尽辛酸屈辱的祖母辈逐渐成长为具有独立人格和经济地位的新一代女性。
PINA,皮娜,《皮娜》是维姆·文德斯拍摄的关于21世纪著名舞蹈家皮娜·鲍什舞蹈创作的纪录片，HeinerBastian、WolfgangBergmann、ChrisBolzli等参与制作。该片于2011年2月24日在德国上映 。该片收录了三段皮娜的舞蹈：《穆勒咖啡馆》（1978年）、《春之祭》（1975年）和《月圆》（2006年），影片重心放在了舞团的几个主要舞者的身上 。
我买网,中粮我买网,中粮我买网是由世界500强企业中粮集团有限公司于2009年投资创办的食品类B2C电子商务网站。中粮我买网致力于打造中国最大、最安全的食品购物网站。我买网坚持的使命是让更多用户享受到更便捷的购物，吃上更放心的食品。中粮我买网商品包括：休闲食品、粮油、冲调品、饼干蛋糕、婴幼食品、果汁饮料、酒类、茶叶、调味品、方便食品和早餐食品等百种品类。是办公室白领、居家生活和年轻一族的首选食品网络购物网站。
三邦,三邦,扬州三邦生物工程有限公司位于人类宜居，全国文明的古城扬州，1970年建厂以来一直从事蜜蜂养殖、蜂产品科研、开发、生产和销售，是行业龙头和高新技术企业，通过国家认监委和进出口检验检疫局出口产品卫生注册，通过保健食品GMP审查、ISO9001质量体系管理和食品安全QS等诸多认证。2006年“三邦”牌被评为江苏省著名商标。
赫曼,赫曼,赫曼(MattHerman)威尔士足球运动员，球队阵容前锋马克钟斯，S.史马尔。
erma,eRMA,ERMA(ElectronicRecordingMachine-Accounting)是电子记录机会计.
兰蔻,兰蔻,兰蔻1935年诞生于法国，是由ArmandPetitjean（阿曼达·珀蒂让）创办的品牌。作为全球知名的高端化妆品品牌，兰蔻涉足护肤、彩妆、香水等多个产品领域，主要面向教育程度、收入水平较高，年龄在25～40岁的成熟女性 。凭借着对香水的天才敏感嗅觉、执着不懈的冒险精神，以及他立志让法国品牌在当时已被美国品牌垄断的全球化妆品市场占有一席之地的抱负，兰蔻为世界化妆品历史写下美的一页。一支来自法国古堡的玫瑰，凭借着气质，在变幻莫测的女性心理间，在捉摸不定的时尚法则中，足足绽放了六十年。
LANCOME,兰蔻,兰蔻1935年诞生于法国，是由ArmandPetitjean（阿曼达·珀蒂让）创办的品牌。作为全球知名的高端化妆品品牌，兰蔻涉足护肤、彩妆、香水等多个产品领域，主要面向教育程度、收入水平较高，年龄在25～40岁的成熟女性 。凭借着对香水的天才敏感嗅觉、执着不懈的冒险精神，以及他立志让法国品牌在当时已被美国品牌垄断的全球化妆品市场占有一席之地的抱负，兰蔻为世界化妆品历史写下美的一页。一支来自法国古堡的玫瑰，凭借着气质，在变幻莫测的女性心理间，在捉摸不定的时尚法则中，足足绽放了六十年。
梦家,梦家,
LAN,局域网,局域网（LocalAreaNetwork，LAN）是指在某一区域内由多台计算机互联成的计算机组。一般是方圆几千米以内。局域网可以实现文件管理、应用软件共享、打印机共享、工作组内的日程安排、电子邮件和传真通信服务等功能。局域网是封闭型的，可以由办公室内的两台计算机组成，也可以由一个公司内的上千台计算机组成。局域网（LocalAreaNetwork，LAN）是在一个局部的地理范围内（如一个学校、工厂和机关内），一般是方圆几千米以内，将各种计算机，外部设备和数据库等互相联接起来组成的计算机通信网。它可以通过数据通信网或专用数据电路，与远方的局域网、数据库或处理中心相连接，构成一个较大范围的信息处理系统。局域网可以实现文件管理、应用软件共享、打印机共享、扫描仪共享、工作组内的日程安排、电子邮件和传真通信服务等功能。局域网严格意义上是封闭型的。它可以由办公室内几台甚至上千上万台计算机组成。决定局域网的主要技术要素为：网络拓扑，传输介质与介质访问控制方法。局域网由网络硬件（包括网络服务器、网络工作站、网络打印机、网卡、网络互联设备等）和网络传输介质，以及网络软件所组成。
名蔻,名蔻,名蔻是胜梅（中国-广州）化妆品有限公司旗下的品牌，该公司是一家具备雄厚的科技实力与完善的管理体制，及引进先进高科研技术建立的企业。目前，胜梅工厂已拥有一支铿锵有力的研发团队（教授级专家顾问、在职医学博士和研究生、医学美容专业本科生及专业科研院所）和经过严格培训的、技术娴熟的生产员工，严格遵行ISO9001:2000认证标准。自成立以来致力于推广中医草药，草本护肤，功效性产品的研制与开发，是集生产、销售、服务于一体的企业，已经为广大爱美人士研制出产品近1000多个种类。
无印良品,无印良品,无印良品是一个日本杂货品牌，在日文中意为无品牌标志的好产品。产品类别以日常用品为主。产品注重纯朴、简洁、环保、以人为本等理念，在包装与产品设计上皆无品牌标志。产品类别从铅笔、笔记本、食品到厨房的基本用具都有。最近也开始进入房屋建筑、花店、咖啡店等产业类别。2017年3月15日，3·15晚会曝光，在无印良品超市，一些日本食品的外包装上都被贴上了产地为日本的中文标签，但是当揭开中文标签后，露出了这些产品的真实产地为东京都，名列禁止进口名单。2017年3月16日，无印良品在其官方微博和微信上发布声明，称被曝光的食品日文标识上所标示的地址是该公司在日本的注册所在地，而不是食品生产地址，并出具了原产地证明书和入境检疫检验证明。上海国检局随后也确认，“经核查无印良品(上海)商业有限公司的进口记录，未发现有来自于日本核辐射地区的产品。” 
MUJI,muji,MUJI即无印良品，是西友株式会社于1980年开发的PB品牌，1983年于东京流行发讯地的“青山”开出第一家独立旗舰店，于1990年正式成立良品计划株式会社。现为日本最大的LifeStyleStore。此外，无印良品在英国、法国、香港三地已经成立了公司。
波斯猫,波斯猫,波斯猫（Persiancat）是以阿富汗的土种长毛猫和土耳其的安哥拉长毛猫为基础，在英国经过100多年的选种繁殖，于1860年诞生的一个品种。波斯猫是最常见的长毛猫，波斯猫有一张讨人喜爱的面庞，长而华丽的背毛，优雅的举止，故有“猫中王子”、“王妃”之称，是世界上爱猫者最喜欢的纯种猫之一，占有极其重要的地位。
CAT,cat,CAT鞋也叫catfootwear。公司成立于1904年，出产工业制造工具和全世界闻名的CAT品牌各类休闲衣服与鞋业。CAT制造登山鞋，休闲运动鞋已经有着很长的历史，其执著与粗犷的风格品味，可以做为登山和休闲两者兼得效果的专业设计，所以更受年轻一族的喜爱，经久耐穿用料的选择和制作工艺，即使是对一双鞋，也像对待机械设备一样，充满细节的考究和对人的呵护。鞋侧有推土机凹印为CAT商标注册。1994年Caterpill.ar和世界最大的鞋类生产厂Wolverine（狐狼）签署了5年授权协议，1994年1月生效开始了Wolverine4000万美元营销项目。
Jj,林俊杰,林俊杰（JJLin），1981年3月27日出生于新加坡，华语流行乐坛男歌手、词曲创作者、音乐制作人。2003年发行首张创作专辑《乐行者》 。2004年凭专辑《第二天堂》中的《江南》一曲成名 。2014年以专辑《因你而在》夺得第25届台湾金曲奖最佳国语男歌手奖 。2016年以专辑《和自己对话》获得第27届台湾金曲奖最佳国语男歌手奖 ，并推出个人首部音乐纪录片《听·见林俊杰》 。截止到2017年，已发行13张正式专辑，累计创作数百首歌曲。2007年成立个人音乐制作公司JFJProductions。2008年创立潮流品牌SMG。2016年获得国际汽车联盟（FIA）职业赛车执照 。2017年成立“SMG”电竞战队 。2004年、2015年两度受邀演唱新加坡国庆庆典主题曲 ，担任2008年北京奥运会 及2010年新加坡青奥会 火炬手，创作并演唱2010年上海世博会新加坡馆主题曲《感动每一刻》 。凭借在音乐创作与慈善公益等方面的表现，2009年荣获新加坡杰出青年奖 ，2014年获得第5届通商中国青年奖 。2018年3月17日，林俊杰“圣所”世界巡回演唱会从上海起跑 ；5月19、20日，“圣所”演唱会将在北京五棵松体育馆开唱。
百露,百露,百露是专业从事高品味的种生活品牌，具特色生活用品的品牌，所有产品都人性化设计，从人们日常生活出发，以为生活提供更多方便为目标，生产各类便利收纳产品。是国内最早提供便利收纳用品专业生产厂商之一。
W5,荣威W5,荣威W5是上海汽车的首款SUV车型，也是中国首款自主品牌的中高端SUV，产品定位为“跨领域专业SUV”。该车拥有的P-4WD专业级全模式驱系统、HFA高强度越野型车体结构（非承载式车身）、双叉臂前悬挂+五连杆后悬挂、进口越野轮胎和SCS智能主动安全控制系统等，决定了它在专业越野方面的实力。荣威W5既糅合了轿车的舒适性又具备专业SUV的越野性能，无疑是城市SUV种群中最具备专业性的车型。跨领域的专业设计能使荣威W5在关键时刻的越野行车中表现不俗。荣威W5共有5款车型，售价17.18万~29.88万。
帕可丽,帕可丽,帕可丽品牌，自98年创立以来，以健康、环保为诉求，传播全中国，营造健康、环保的生活态度，它的目标是融入中国广大百姓的生活中，品味生活，品味美丽 ，让多数人使用帕可丽清洁保养品，一起享受清晰，亮丽的环境，让品牌和文化之间的连带效应继续在全中国扩张。帕可丽以超低加盟门栏引进中小创业投资者，不收任何加盟费用，赠送价值几万元的市场返点，提供业务培训方案，从加盟到产品到物流到经营管理一条龙服务，借助雄厚的生产实力，惊人的研发能力，多渠道拓展和品牌推广方式，帮助加盟者从创业到拓展，从无到有，从小到大，一路扶持，同舟共济
双飞人,双飞人,历史悠久，为著名老牌药，是从1838年就开始行销全世界万灵特效良药。1838年，药剂师亨利里克莱斯创建一个基于薄荷和乙醇的药水——双飞人，双飞人这个商标由此被提出，但其在1857年才真正开始。两次世界大战促进了双飞人药水品牌的发展，因为双飞人的多功效使它倍受欢迎，是当时士兵不可或缺的药水。双飞人药水以其功效齐全而被广泛认知，具有治疗伤风感冒、肚痛疴呕、蚊咬止痒、消化不良、烫火灼伤、牙痛头痛、消暑提神、驱风救急、舟车晕浪、消毒止炎的功效。
依莲花,依莲花,依莲花是莆田市丰和佳美贸易有限公司旗下的护肤品牌。致力于东方人群美丽事业，取材源于自然，通过对天然药用植物成分的突破性开发，完美结合现代生物技术科技，力求展现自然美，沁入人心。 
金鱼,金鱼,金鱼和鲫鱼在分类学上同属于一种（Carassiusauratus）金鱼起源于中国，也称“金鲫鱼”，近似鲤鱼（Cyprinuscarpio）但它没有口须，是由鲫鱼进化而成的观赏鱼类。金鱼的品种很多，颜色有红、橙、紫、蓝、墨、银白、五花等，分为文种、草种、龙种、蛋种四大品系。在12世纪已开始金鱼家化的遗传研究，经过长时间培育，品种不断优化，现在世界各国的金鱼都是直接或间接由中国引种的。在人类文明史上，中国金鱼已陪伴着人类生活了十几个世纪，是世界观赏鱼史上最早的品种。金鱼易于饲养，它身姿奇异，色彩绚丽，一般都是金黄色，形态优美。金鱼能美化环境，很受人们的喜爱，是具有中国特色的观赏鱼。中国的金鱼主要是在鲫鱼上发展而来。而彩色鲤鱼传到日本后得到很大重视。在一代代金鱼养殖者的努力下，中国金鱼至今仍向世人演绎着动静之间美的传奇。金鱼在我国民间还有另外一种说法：到过年的时候家里买上两条金鱼供着，寓意在来年金玉满堂、年年有余。
GoldFish,goldfish,goldfish是韩国知名童装品牌，一直以纯美靓丽的色彩元素和充满奇幻想象力的设计风格独具特色，成为众多有一定生活品质的家长们钟情的童装品牌。另外，他也是英文，翻译为金鱼。
UPIN,UPIN,Upin主要经营致力于打造成为亲民的时尚购物网站，以超低折扣给消费者提供正品品牌。Upin坚持以用户体验为核心，给消费者一个时尚消费网站。
摩洛哥阿甘油,摩洛哥阿甘油,阿甘油又称坚果油，它由生长于摩洛哥的阿甘树上的坚果榨取而成，摩洛哥人世世代代都在使用着。近些年来研究发现它的许多独特的化学成份，使其成为一种对付各种皮肤和头发问题的美容珍宝！从此阿甘油一直吸引着外界不断的关注，欧美国家每年都从摩洛哥进口大量的阿甘油，它已经在世界范围内被公认为”液体黄金”并成为一种可靠的纯天然护肤品。
UNIC,unic,UNIC=UNInformationCenter联合国情报中心; 
健美创研,健美创研,
Athena,雅典娜,雅典娜（希腊语：Ἀθήνη、英语：Athena），也称帕拉斯·雅典娜，是古希腊神话中的智慧女神，奥林匹斯十二主神之一。 同时也是艺术女神、纺纱工艺的女神。密教祷歌称她为“创始艺术的”。她传授纺织、园艺、陶艺、畜牧等技艺，绘画、雕塑、音乐等艺术给人类。 她亦是军事策略的女神。航海、农业、医疗的保护神。法庭、秩序的女神，她创立人类的第一座法庭。 雅典娜与赫斯提亚、阿尔忒弥斯被视为奥林匹斯山上的三位一体处女神。初民最早把她作为霁色初开的境界崇拜，代表处女和纯洁的光明。 雅典娜是宙斯和智慧女神墨提斯（“Μῆτις”意为智慧的，睿智的）的女儿，她是波洛斯的同母姊妹。盖亚和乌拉诺斯预言，墨提斯生下明眸女儿后，会再生一个推翻宙斯的儿子（波洛斯），宙斯惧怕预言成真，遂将墨提斯整个吞入腹中。此后宙斯严重头痛，阿波罗对他医治无效，宙斯只好要求火神赫菲斯托斯打开他的头颅（或普罗米修斯或赫尔墨斯），火神那样做了。令诸神惊讶的是：一位体态婀娜、披坚执锐的美丽女神从裂开的头颅中跳了出来，光彩照人，仪态万方。 
SMAC,Smac,Smac，全称为secondmitochondria-derivedactivatorofcaspases，是存在于线粒体并调节细胞凋亡的蛋白质，其促凋亡作用是通过逆转凋亡抑制蛋白（IAPs）尤其是X连锁凋亡抑制蛋白（xIAP）的作用实现的。当细胞受到凋亡刺激时，线粒体释放Smac蛋白到细胞质中，后者与IAPs结合，使其丧失抑制半胱氨酸天冬氨酸蛋白酶（caspase）活性的作用，从而促进细胞凋亡。
小蜜蜂,小蜜蜂,小蜜蜂（全称：小蜜蜂拓客、小蜜蜂拓客派单），是房地产行业营销手段中的一种硬广告式推广手段之一，其营销手段具有：准确性高，性价比高，成交率高的三大特性，故有：开盘一月全报广，卖房全靠小蜜蜂的业内说法。
Burt's Bees,Burt's Bees,美国缅因州起家的Burt'sBees以一个“大胡子老爷爷”养蜂人肖像及一只小蜜蜂为标记，几乎所有产品都与蜜蜂有关，质地软滑甜润，宣传却毫不甜言蜜语。价格亲民，是个绿色环保、老少皆宜的护肤品牌。
PORORO,pororo,小企鹅Pororo，是韩国国宝级的卡通人物，其主要作品载体是一部益智搞笑类型的动画片，在韩国多个电视台频道及其它媒体均有播放，风靡韩国，在韩国被称为“Po总统”，并受到多个国家观众的欢迎。小企鹅Pororo有不少衍生品，如玩具、食品、用品、应用程序、定期展览及音乐剧等，而电影版已于2013年在中国上映。2014年5月22日，国内首家Pororo卡通主题乐园在北京爱琴海购物中心正式开业。 
时间煮雨,时间煮雨,《时间煮雨》是华语流行乐女歌手郁可唯演唱的一首慢板抒情歌，由郭敬明、落落填词，刘大江编曲。这首歌为郭敬明执导的《小时代》电影官方宣传曲，并收录于《小时代电影原声带》中。此后，这首歌由华语流行乐男歌手吴亦凡重新演绎，并再次被选为《小时代3：刺金时代》的片尾曲 ，以及《小时代4：灵魂尽头》的宣传曲。此曲获得了2012年第四届乐视盛典年度电影金曲奖和2013年酷狗十年音乐盛典最热搜索奖两个奖项 。
HOWARD,HOWARD,1969年，道格拉斯（DouglasG.Howard）试图解决一个难题：如何不用打磨的方法消除木制古董表面的污垢并使其光彩如新？
碧柔,碧柔,碧柔(Biore)，是著名的全球500强企业，日本最大的日用消费品制造商——花王企业旗下的肌肤护理品牌，花王总部位于日本东京，在全球40多个国家设有工厂和办事处。作为一个家喻户晓的全球品牌，Biore碧柔自研发20多年来一直为消费者提供促进清洁、美丽与健康生活的系列产品，并以成为最受顾客支持与信赖的品牌为目标。花王株式会社成立于1887年，产品涉及化妆品等共300多种。2002年8月花王株式会社(Kao)(KAOCF)斥资3000万美元在创建了花王(中国)股份公司，从而一举将其在中国境内的三家企业纳入统一的管理之下。
Biore,碧柔,碧柔(Biore)，是著名的全球500强企业，日本最大的日用消费品制造商——花王企业旗下的肌肤护理品牌，花王总部位于日本东京，在全球40多个国家设有工厂和办事处。作为一个家喻户晓的全球品牌，Biore碧柔自研发20多年来一直为消费者提供促进清洁、美丽与健康生活的系列产品，并以成为最受顾客支持与信赖的品牌为目标。花王株式会社成立于1887年，产品涉及化妆品等共300多种。2002年8月花王株式会社(Kao)(KAOCF)斥资3000万美元在创建了花王(中国)股份公司，从而一举将其在中国境内的三家企业纳入统一的管理之下。
邦怡,邦怡,邦怡全称为“杭州邦怡日用品科技有限公司”，由杭州老板实业集团投资创立，传承了老板三十年的品质经验，充分利用集团下属的诺邦公司在水刺无纺布行业内的前沿技术，依托自身超前的自主创新意识，耗巨资成立了“邦怡洁肤研究院”。五年以来，“邦怡洁肤研究院”一直专注于皮肤清洁、护理方面的研究，并为日本、美国、英国、澳大利亚等大型国际企业提供有效的皮肤清洁护理方案和ODM、OEM生产配套服务。
鳄鱼宝宝,鳄鱼宝宝,鳄鱼宝宝是广州丽信化妆品有限公司旗下品牌。20多年来始终致力于婴幼儿肌肤护理的研究，采用优质进口原料。品质纯正，温和无刺激，为婴幼儿娇嫩的肌肤提供专业的呵护，包括沐浴、洗发、润肤等多个品类，全方面地满足婴幼儿护理的需要；并且与华南地区各大经销商和KA客户建立了良好的合作关系为华南地区的知名婴幼儿护理品牌。“绿色安全更健康”是鳄鱼宝宝产品对品质的永远追求。
力士,力士,1924年力士在美国首次推出第一块美容香皂。到现在，它已遍布全球100多个国家。主要市场包括阿拉伯，印度，巴西，中国等，在日本，力士占市场主导地位。2003年的销售额将近11亿美元。其产品包括洗发乳，润发素，沐浴露和香皂等。
LUX,卢森堡,卢森堡大公国（卢森堡语：GroussherzogtumLëtzebuerg，法语：Grand-DuchédeLuxembourg，德语：GroßherzogtumLuxemburg)，简称卢森堡，位于欧洲西北部，被邻国法国、德国和比利时包围，是一个内陆小国，也是现今欧洲大陆仅存的大公国，首都卢森堡市。因国土小、古堡多，又有“袖珍王国”、“千堡之国”的称呼。 卢森堡地形富于变化，在历史上又处于德法要道，地势险要，一直是西欧重要的军事要塞，有北方直布罗陀的称号。 卢森堡于公元963年形成统一体。15~18世纪经历西班牙、法国、奥地利的统治，1815年成为大公国。1867年成为中立国，1948年起放弃中立。 卢森堡是一个高度发达的资本主义国家，也是世界上最富有的国家，欧盟和北约创始成员国之一，拥有欧盟多个下设机构，如欧洲法院、欧洲审计院以及欧洲投资银行，被称为继布鲁塞尔和斯特拉斯堡之后的欧盟“第三首都”。同时是高度发达的工业国家，还是欧元区内最重要的私人银行中心，及全球第二大仅次于美国的投资信托中心。金融、广播电视、钢铁是其三大经济支柱产业，该国失业率极低，人均寿命80岁。 
RMK,RMK,RMK是日本新生代美容品牌，由国际知名的日籍化妆师宏濑留美子（Rumiko）创立，理念就是崇尚自然，在彩妆中寻求自我，在makeup中找到快乐。
萱草,萱草,萱草（学名：Hemerocallisfulva）属多年生宿根草本。具短根状茎和粗壮的纺锤形肉质根。萱草别名众多，有“金针”、“黄花菜”、“忘忧草”、“宜男草”、“疗愁”、“鹿箭”等名，英文中称萱草为“虎百合”（TigerLily，这也是卷丹的英文名）。当食用时，多被称为“金针”（goldenneedle）。其叶形为扁平状的长线型，与地下茎有微量的毒，不可直接食用。花形则是于开花期会长出细长绿色的开花枝，花色橙黄、花柄很长、呈为像百合花一样的筒状。结出来的果子有翅。全国各地常见栽培，秦岭以南各省区有野生的。萱草类花卉虽原主产中国，但长期以来改良不多。1930年代以后，美国一些植物园、园艺爱好者收集中、日等国所产萱草属植物，进行杂交育种，现品种已达万种以上，成为重要的观赏及切花花卉，也是百合科花卉中品种最多的一类。同时，萱草也是中国的母亲花。 
网易严选,网易严选,网易严选，网易旗下原创生活类自营电商品牌，于2016年4月正式面世，是国内首家ODM（原始设计制造商）模式的电商，以“好的生活，没那么贵”为品牌理念。严选通过ODM模式与大牌制造商直连，剔除品牌溢价和中间环节，为国人甄选高品质、高性价比的天下优品。 
安公主,安公主,安公主，历史原型为安定思公主，《太平公主秘史》中人物，武则天和唐高宗李治的长女，性格强势刚毅。
Small egg,Small egg,Smallegg是以美容面膜、洁肤护理等商品为主的化妆品品牌，创立于2015年。
Getter,吸气剂,吸气剂是指能有效地吸着某些（种）气体分子的制剂或装置的通称，用来获得或维持真空以及纯化气体等。吸气剂有粉状、碟状、带状、管状、环状、杯状等多种形式。 
getter,吸气剂,吸气剂是指能有效地吸着某些（种）气体分子的制剂或装置的通称，用来获得或维持真空以及纯化气体等。吸气剂有粉状、碟状、带状、管状、环状、杯状等多种形式。 
Pororo,pororo,小企鹅Pororo，是韩国国宝级的卡通人物，其主要作品载体是一部益智搞笑类型的动画片，在韩国多个电视台频道及其它媒体均有播放，风靡韩国，在韩国被称为“Po总统”，并受到多个国家观众的欢迎。小企鹅Pororo有不少衍生品，如玩具、食品、用品、应用程序、定期展览及音乐剧等，而电影版已于2013年在中国上映。2014年5月22日，国内首家Pororo卡通主题乐园在北京爱琴海购物中心正式开业。 
超活水,超活水,
朗森,朗森,朗森lonsan是森松尼公司旗下的一个知名电脑外设品牌，依托公司强大的研发和生产能力，已经形成产品设计、营销、生产、售后服务的商业运行模式，得到广大消费者和经销商的认可与信赖。
康丰,康丰,康丰是浙江黄岩康丰塑料厂旗下的家居塑料日用品品牌。其康丰品牌产品主要有饭盒，保鲜盒，密封杯，仿乐扣杯，口杯，脸盆，果蔬筛，牙刷盒，饺子盘，糖果盘，沐浴套装，衣架，垃圾桶等常用家居用品。
纯妃,纯惠皇贵妃,纯惠皇贵妃（1713年6月13日-1760年6月2日）苏氏，苏召南之女，清高宗妃，生皇三子循郡王永璋、皇六子质庄亲王永瑢、皇四女和硕和嘉公主。乾隆朝第三位贵妃，清代唯一一位名副其实的皇贵妃，生前死后均为皇贵妃。康熙五十二年五月二十一日（1713年6月13日）出生，雍正年间，入侍宝亲王府为格格。雍正十三年（1735）五月二十五日，生皇三子循郡王永璋。雍正十三年（1735）九月初三，宝亲王弘历继位，即清高宗。雍正十三年（1735）九月二十四日，封纯嫔。乾隆二年（1737），晋封纯妃。十二月初四，行纯妃册封礼。乾隆八年（1743）十二月十四日酉时，生质庄亲王永瑢。乾隆十年（1745）正月二十三日，晋封纯贵妃。十一月十七日，行纯贵妃册封礼。乾隆十年（1745）十二月初二，生皇四女和硕和嘉公主。乾隆二十五年（1760）三月二十四日，晋封皇贵妃。四月十一日，行皇贵妃册封礼。四月十九日，薨，享年四十八。五月，册谥曰纯惠皇贵妃。
冰晶花,冰晶花,《冰晶花》是起点中文网连载的小说，作者是至杉。
丽芙,丽芙,丽芙祛疤系列产品，选用中草药成分，采用透皮给药加工工艺，使有效成分迅速渗透到疤痕组织内部，根据不同疤痕情况进行修复，从而达到修复疤痕目的，患者满意度达到80%以上。
LifeVC,lifevc,LifeVC，一个源自欧洲灵感的家居品牌，始终坚持品质和人本精神。很多人都会将它的产品，和欧洲健康、清新、简单的生活方式联系在一起，在LifeVC，这种生活方式被称之为“新鲜生活”。所以，无论是家具、家纺、洗漱用品、餐具炊具、家居饰品，LifeVC始终强调舒适、实用和简单的设计精神。在LifeVC，这句话已经融入到了他们的血液里：为家设计产品！
KOWA,kowa,KOWA是日本兴和株式会社集团所拥有的品牌。
OMI,OMI,
Judith,Judith,
兴和,兴和,兴和县位于内蒙古自治区中南部，地处晋、冀、蒙三省区交界处，素有“鸡鸣闻三省”之称。
舒德尔玛,舒德尔玛,舒德尔玛，1975年诞生于法国，2003年就通过民间的渠道进入中国市场，2014年舒德尔玛正式由九州通国际引入中国市场。
OUO,OUO,OUO，个人安全存储和中小企业服务器领域的全球首家集团化公司，公司专注一个核心：数据安全；覆盖两大产业：移动互联网和中小企业服务器。
深呼吸,深呼吸,所谓深呼吸就是胸腹式呼吸联合进行可以排出肺内残气及其他代谢产物吸入更多的新鲜空气以供给各脏器所需的氧分提高或改善脏器功能。深呼吸能使人的胸部、腹部的相关肌肉、器官得以较大幅度的运动，能较多地吸进氧气，吐出二氧化碳，使血液循环得以加强，对于解除疲惫，放松情绪，都是有益的。
凤全,凤全,凤全（？—1905年3月1日）字茀堂，满洲镶黄旗人，荆州驻防，清朝大臣。以举人入赀为知县，铨四川。光绪二年，权知开县，至则使吏捕仇开正。开正故无赖，痛以重法绳之，卒改为善。
仙卡,仙卡,丹田被破少年，偶得超级仙卡神器！从此走上一条与众不同的修仙路！一张张仙卡在手，神仙妖怪都不怕！无限仙卡无限可能！火系卡：给我烧死这些妖兽！火球术。
松下,松下,松下（Panasonic），是日本的一个跨国性公司，在全世界设有230多家公司，员工总数超过290493人。其中在中国有54，000多人。2001年全年的销售总额为610多亿美元，为世界制造业500强的第26名。Panasonic的中文为“松下”（早期叫National，1986年开始逐步更改为Panasonic，2008年10月1日起全部统一为Panasonic）由日本松下电器产业株式会社自1918年松下幸之助创业，发展品牌产品涉及家电、数码视听电子、办公产品、航空等诸多领域而享誉全球；该企业品牌跃入《世界品牌500强》排行榜。松下于2012年10月31日宣布2012财年(2012年4月～2013年3月）的合并最终损益（按照美国会计标准）预期从盈利500亿日元下调为亏损7650亿日元。
Panasonic,松下,松下（Panasonic），是日本的一个跨国性公司，在全世界设有230多家公司，员工总数超过290493人。其中在中国有54，000多人。2001年全年的销售总额为610多亿美元，为世界制造业500强的第26名。Panasonic的中文为“松下”（早期叫National，1986年开始逐步更改为Panasonic，2008年10月1日起全部统一为Panasonic）由日本松下电器产业株式会社自1918年松下幸之助创业，发展品牌产品涉及家电、数码视听电子、办公产品、航空等诸多领域而享誉全球；该企业品牌跃入《世界品牌500强》排行榜。松下于2012年10月31日宣布2012财年(2012年4月～2013年3月）的合并最终损益（按照美国会计标准）预期从盈利500亿日元下调为亏损7650亿日元。
文博,文博,文博，4月18日出生于吉林，毕业于吉林艺术学院，中国内地女歌手。2010年出版发行个人第一张音乐专辑《相约春天》。文博身材纤细、面容秀气、歌声甜美，初见她的人都以为她是南方姑娘，其实她是位地道的吉林籍歌手，好友都亲切地叫她“文博格格”。
香蕉船,香蕉船,香蕉船多为海边的一项娱乐设施，由海上摩托牵引着船体在海上移动，一般船上可坐3-4人。此项目不具有太大的危险性，多为孩子所喜爱。之所以称之为“香蕉”船，是因为船体本身很像香蕉，故此得名。其实就是形似香蕉型的气垫船。
BananaBoat,BananaBoat,BananaBoat（香蕉船）是在SUNCARE领域享有盛名的美国品牌。BananaBoat隶属Playtex公司，总部位于美国Connecticut，是专业的防晒品牌。
OPI,OPI,来自美国的国际级专业美甲领导品牌OPI，创立于1981年，拥有多年美甲产品研发历史。 
水宝宝,水宝宝,水宝宝是胶丸大小的彩色小珠子。其放在水里浸泡后，就能很快地变成大珠子，甚至还能生出小“珠子”。它在儿童之间较为流行。另有同名防晒霜品牌。
Coppertone,coppertone,Coppertone，译名“科普特”，是美国一家历史相当悠久的防晒产品公司，现隶属于默克集团，总部位于美国新泽西州。旗下产品包括水宝宝系列防晒霜。
米蓝晞,米蓝晞,Milensea米蓝晞，一个源自以色列的良好口碑品牌。Milen英文是“感恩的宝贝”的意思，也是Millennium“千年”的缩写，SEA代表海洋；Milensea代表250万年前形成的今天陆地的最低点----位于以色列、巴勒斯坦和约旦交界处的死海。Milensea米蓝晞养肤品是全球第一款原生态死海养肤圣品，能深层渗透到人体真皮组织、彻底改善人类皮肤质量的革命性产品！该产品的原料坚决不使用羟苯类防腐剂，而是有机结合植物活性能量，每款产品都配搭完全取自天然的稀缺植物材料，可在极短的时间内透过表皮直达真皮及其皮下组织，使皮肤对营养元素的吸收率达到92.7%，且可长时间储存于真皮内层，持久养育皮肤；米蓝晞养肤品并首次针对亚洲女性肤质，设计出极其珍贵的，世界级原生态死海养肤圣品。
Astonish,astonish,astonish，英语动词，意思是：使惊讶，使大为吃惊。
优芬,优芬,优芬，电子商务公司，淘宝起家。
cure,Cure,Cure建立于2001年8月，是日本老牌COSPLAY网站，提供COSPLAYER之间的交流与照片投稿服务，注册会员数截至2012年11月约95万人，其中约14万人是COSPLAYER，在COSPLAER中很有人气。
白元,白元,白元，网络小说作者，动漫作者，“永亲”、“灵木爱人”动漫人物形象创作者，“灵爱学”创立者，提出“平衡生活”的环保思想。
欧本,欧本,欧本（英语：Auburn）是一个位于阿拉巴马州李郡的城市，它是阿拉巴马州东部最大的城市，截至2005年为止人口有49928人。阿拉巴马州知名的欧本大学又称奥本大学，USNEWS排名中居第89位 、以及一些研究机构如路德维希·冯·米塞斯研究所也位于此地。
ZOZ,zoz,ZOZ是广州市佐姿生物科技有限公司旗下化妆品品牌。创立于2013年，以“ZOZ，越美，越不凡”为品牌口号，以“轻奢”为品牌理念。 
阿萨姆,阿萨姆邦,阿萨姆是藏南地区南边的一个平原，源于喜马拉雅山脉的布拉马普特拉河流经于平原之上，印度洋的暖湿气流因喜马拉雅山脉的阻挡在该地区形成大量的降雨，热带气候以及充足的水资源让阿萨姆成为了一个植被繁茂、人口稠密并且富饶的地方，阿萨姆拥有漫山遍野的茶树，阿萨姆红茶远销世界。阿萨姆是阿萨姆红茶的产地，境内以自然风光而闻名，景观包括丘陵茶园、雅鲁藏布江、古迹和寺庙。属于热带季风气候，3～9月降雨量较多，夏季潮湿，气温通常比较舒适。阿萨姆是傣族的别称，最早记载于中国玄奘编著的《大唐西域记》中，称为“迦摩缕波国”，玄奘曾经受邀当地国王拘摩罗到该国讲法。13世纪，傣族在此建立阿豪姆王国，阿豪姆王国在第一次英缅战争中被英国占领，1947成为印度的阿萨姆邦。因民族问题，阿萨姆存在傣族独立组织阿萨姆联合解放阵线，寻求独立建国。
康维佳,康维佳,康维佳，男，中央人民广播电台记者·1962年2月生于山西省运城市，祖籍山西省平遥县南郑乡南郑村，高级记者，中央人民广播广播电台山西记者站站长。
full circle,Full Circle,FullCircle由一群有着共同信念的环保爱好者创立于美国纽约。这个信念专注于为人们提供环保的、具有可持续概念的创新产品，寻求人类活动与自然的和谐共处，减少生活废弃物对自然环境的破坏。Full提倡环保的生活方式我们一直不满于市场上没有足够高品质的绿色环保产品可供我们选择。这就是为什么FullCircle致力于努力创造那些使用环保材料并具有环保功能、卓越设计和创新性的优秀产品。
和畅,和畅,和畅，亦作“和昶”，汉语词汇。拼音：héchàng释义：1、指和暖舒适。2.温和舒畅。3.和协通畅；融和顺畅。如：王羲之《兰亭集序》：“天朗气清，惠风和畅。”
HC,HC,HC是多种意义的缩写，它们分别是：梁柱的断面尺寸、花茶、汽车行业术语、喝彩、胡扯、很差、虎扑体育论坛、人名缩写、磁性材料专业术语、医学（超声）、一个网络电台、魔都罪恶装备著名玩家、化学物质、辅助软件、暗黑破坏神、HonorCode、Health-Canada。
添宁,添宁,添宁拥有40年以上护理经验的添宁，是全世界尿失禁管理方面的领导品牌。为全球90个国家的消费者与医疗保健机构提供优质产品和服务。添宁是瑞典爱生雅集团（SCA）旗下的品牌之一。SCA集团旗下还有其它众多知名品牌，包括女性卫生用品品牌Libresse、Nana、Nuvenia与Bodyform等，以及婴儿尿片品牌Libero和Drypers等。SCA集团由IvarKreuger于1929年在瑞典创办成立，目前在全球拥有大约50000名员工，年销售额高达115亿欧元。公司股票在斯德哥尔摩、伦敦与纽约证交所上市交易。
森,森,全名森希望（漫画415话），漫画《妄想学生会》及其衍生动漫作品中的角色，英稜高中学生会副会长，高中二年级，是会长鱼见的右手。跟樱才高中学生会副会长津田隆利一样，是学生会的吐槽役。
隆华,隆华,
阿琪思,阿琪思,阿琪思，英文名aqisi，是义乌市港鹏生物科技有限公司注册的商标，是一个化妆品品牌。 
标奇,标奇,标奇简称为"BQ"，它的意思是“biaoqi”的缩写，全称是标奇制衣有限公司。
加州宝宝,加州宝贝,加州宝贝CaliforniaBaby是美国专为婴幼儿发展天然产品及个人护理的领导品牌，更是许多担心受化学刺激伤害的父母们的第一选择。因为所使用的成分是如此的"纯净"，加州宝贝CaliforniaBaby广受小儿科、妇产科、及皮肤科医生的推荐。此品牌是为婴儿所研发而成，但产品也同时适用于成人，特别被那些对化学成分过敏而造成皮肤问题的人们所喜爱。
艾贝尔,艾贝尔,艾贝尔（AbelJaonJacob）美国生物化学家。1857年5月19日生于俄亥俄州克利夫兰；1938年5月26日马里兰州巴尔的摩。
可可熊,可可熊,可可熊是IOS手机游戏《嗨皮精灵遗迹之塔》 中的虚拟宠物。
可拉熊,可拉熊,
易龙,易龙,易龙，又名龙吟、龙行天下、龙啸九州，独立学者，作家，致力于国学应用。
麦天,麦天,【麦天】体现了现代人对田园生活的一种眷恋，对人与自然和谐的一种回味，体现着劳动之乐、亲情之美，作者用鲜美生动的语言，谱写了一曲情深意长的乡村麦天曲。
开馨宝,开馨宝,
太太乐,太太乐,太太乐，是荣耀中先生于1989年1月在上海建成投产鸡精工厂，并于1996年将原品牌更名为“太太乐”。技术、工艺、品质、控制、渠道服务等诸多环节构成了太太乐品牌大厦的根基部分。2002年太太乐牵头起草了中国鸡精调味料的行业标准，并于2004年7月1日正式颁布执行。2007年7月1日太太乐牵头起草的《中国鸡粉行业标准》也已实施。2009年，太太乐商标被中国工商总局商标局认定为“中国驰名商标”。“太太乐”已经在消费者心目中树立起了“高品质，好滋味”的形象。
魔乐,魔乐,《魔乐》是狮子的西诺写的网络小说连载于17k小说网。
Ability,ability,ability是英文单词，指能力，才能。
美安,美安,
法克曼,法克曼,法克曼 是法克曼两合公司旗下产品品牌，品牌申请于2006年06月21日；。 
Fackelmann,Fackelmann,法克曼家庭用品（深圳）有限公司是欧洲知名的家庭用品公司，FACKELMANNGMBH在中国投资的独资企业，产品欧陆风格，功能实用，材料环保，畅销全球。致力于打造中国厨用品的首选品牌。
艾茜,艾茜,艾茜，中央财经大学法学院讲师、硕士生导师。
曼秀雷敦,曼秀雷敦,曼秀雷敦(Mentholatum)公司1889年在美国创立，创办人希尔先生成功创制曼秀雷敦薄荷膏，迅即成为家喻户晓的必备良药，曼秀雷敦(Mentholatum)的英文名字“Mentholatum”是由“MENTHOL”(薄荷醇)及“PETROLATUM”(石腊油)组合而成。 曼秀雷敦除生产薄荷膏外，还推出润唇膏、男士护肤、女士护肤、防晒、抗痘、手霜、面膜等护肤品，以及眼药水、摩擦膏等OTC药品，畅销世界150多个国家和地区。 
Mentholatum,曼秀雷敦,曼秀雷敦(Mentholatum)公司1889年在美国创立，创办人希尔先生成功创制曼秀雷敦薄荷膏，迅即成为家喻户晓的必备良药，曼秀雷敦(Mentholatum)的英文名字“Mentholatum”是由“MENTHOL”(薄荷醇)及“PETROLATUM”(石腊油)组合而成。 曼秀雷敦除生产薄荷膏外，还推出润唇膏、男士护肤、女士护肤、防晒、抗痘、手霜、面膜等护肤品，以及眼药水、摩擦膏等OTC药品，畅销世界150多个国家和地区。 
绿岛,绿岛,绿岛旧称“鸡心屿”、“青仔屿”、“火烧岛”，是个山丘纵横的火山岛，最高点为火烧山，高280公尺，东南临海处多为断崖，西南角是长达10多公里的平原沙滩，西北近海岸区地势低缓，系全岛主要聚落所在。火烧岛名称由来众说纷纭，以清嘉庆年间大火焚岛之说最为大众所相信。绿岛为台湾第四大附属岛，行政上属台东县的绿岛乡。岛上居民以清朝中期从小琉球、东港移民而来的汉人（闽南民系）为主。 
Green island,贪婪之岛,源自富坚义博的漫画作品《Hunter×Hunter》全职猎人。它虚构了一个猎人的世界，在这个世界里，充斥着各色的狩猎者与被狩猎者，猎人既是职业也是阶级。由猎人协会每年举办试验，合格的人会得到猎人牌照，然后可依自己的意思使用牌照，他们有各种权利，不过也必须选择做自己想要种类的猎人，尽该尽的义务。
爱博,爱博,爱博是美国动漫《成龙历险记》中的角色，是成龙与小玉在马来西亚找到的一只公鸡，它身上具有鸡符咒的能量，因此能用它的意念使人或物凌空漂浮。
AIBO,AIBO机器狗,索尼AIBO的英文意思为“人工智能机器人”(ArtificialIntelligenceRobot)。该系列机器人大致有五代机型，每代的外形都大不一样，最后发售的一款ers-7型号颜色有珍珠白、香槟金色、纯黑，按目前汇率售价约16000人民币。2017年11月1日，日本索尼公司发布了狗型家用机器人“aibo”。新型“aibo”搭载了人工智能，能够自己靠近主人，发出有个性的叫声。这是1999年发售的世界首台家用机器人“AIBO”的新机型。 
超人,奥特曼,奥特曼系列（日语：ウルトラマンシリーズ），是日本“特摄之神”的圆谷英二导演一手创办的“圆谷制作公司”（円谷プロダクション，原名：圆谷株式会社）所拍摄的作品，自二十世纪六十年代起推出的空想特摄系列电视剧。以1966年的《奥特Q》为首，自同年刚播出的《初代奥特曼》开始，建立了“巨大英雄与怪兽对战”的模式。昭和时代的奥特曼作品（《奥特曼》至《爱迪·奥特曼》）中奥特曼英雄的出身地均设定成“M78星云”的宇宙人，（例外：雷欧·奥特曼及其弟弟阿斯特拉·奥特曼则设定为L77星云的奥特曼；乔尼亚斯·奥特曼设定为U40星云的奥特曼）但自1996年的《迪迦·奥特曼》起则打破了这个传统观念，并将奥特曼加入了不同的形态转换能力。中国台湾早期则有《飞天超空人》《大超人》《银河飞超人》《超人战士》等译名，后来受中国香港的影响也曾经一度用过《咸蛋超人》的译名。
SID,sid,SID号码是指在CDMA/AMPS蜂窝移动通信网中唯一地识别一个移动业务本地网的号码。
宝丽,宝丽,宝丽POLA，是日本化妆品企业宝丽奥蜜思控股（POLAORBISHOLDINGS）旗下品牌，创立于日本静冈，在日本被誉为“化妆界四大花旦之一”。POLA基于皮肤咨询分析系统缔造每一个人独特"肌肤之美"，通过丰富内在和提供整体时尚理念来实现感性之美，以扎实的技术和细心周到的想法，历经10年、20年孕育出与肌肤相称的"美丽关系"。这些理念，帮助POLA提出"支持顾客一生的美丽"的承诺。2017年11月25日，POLA（宝丽）的一家门店公然贴出“中国人禁止入内”的告示。此举在华人中引起了强烈反响，并激起了国人的怒火。对此，POLA在官网上刊登出中日双语道歉书，并表示已撤掉那张“中国人禁止入内”的告示。
Real Techniques,real techniques,
明朗,明朗,明朗，汉语词汇。拼音：mínglǎng释义：1.光线充足；明亮。2.明白；清晰。3.光明磊落；乐观，开朗。见唐韩愈《贺太阳不亏状》：“自卯及巳，当亏不亏，虽有阴云，转更明朗。”
满芝堂,满芝堂,“满芝堂”原名“一草堂”，清朝时期最负盛名的外科药铺之一，主攻痘疹心法（即现代护肤学），由南粤（今广东一带）名医刘乐道创建于乾隆元年1735年，至今已近300年；在企业整体框架下，“满芝堂”医药产业已发展成为中医除螨和皮肤外科二大板块。尤其是在肌肤除螨方面，已经成为该行业标杆。香港满芝堂医药化妆品集团现分两大集团板块：中医除螨和皮肤外科，产品远销大陆、台湾、日本、新加坡、美国、欧洲、东南亚、中东等国家和地区，在全球拥有2000多家经销商和代理商。
Inomata,inomata,inomata是日本最大的家居用品制造商。会社设立于昭和56年10月（1979年）。
KIKO,Kiko,Kiko，1991年2月2日出生于西班牙萨内蒂内格拉尔斯，西班牙足球运动员，场上司职右后卫，现效力于英超的沃特福德足球俱乐部。 
郁美净,郁美净,郁美净人坚持优质产品的标准起步要高，郁美净儿童系列护肤品，如郁美净儿童霜、高级儿童霜、儿童营养霜、儿童营养保湿霜等都采用了国际标准，并取得了采用国际标准产品标志证书。天津郁美净集团拥有科研成果及核心技术，获省市级企业技术中心认证，并已申请专利136项，其中包括国际发明专利2项，国内发明专利5项，实用新型专利13项。此外，郁美净产品的安全性也一直为人所称道。据权威部门检测，该公司产品的安全使用性远远高于国家标准，如国家标准产品中的微生物小于等于500个/克，而郁美净产品已达到小于等于10个/克。
迪士尼,迪士尼,全球闻名遐迩的迪士尼，全称为TheWaltDisneyCompany，取名自其创始人华特·迪士尼，是总部设在美国伯班克的大型跨国公司，主要业务包括娱乐节目制作，主题公园，玩具，图书，电子游戏和传媒网络。皮克斯动画工作室（PIXARAnimationStudio）、惊奇漫画公司（MarvelEntertainmentInc）、试金石电影公司（TouchstonePictures）、米拉麦克斯（Miramax）电影公司、博伟影视公司（BuenaVistaHomeEntertainment）、好莱坞电影公司（HollywoodPictures）、ESPN体育，美国广播公司（ABC）都是其旗下的公司（品牌）。迪士尼于2012年11月收购了卢卡斯影业。2017年6月，《2017年BrandZ最具价值全球品牌100强》公布，迪士尼排名第18位。 
Disney,迪士尼,全球闻名遐迩的迪士尼，全称为TheWaltDisneyCompany，取名自其创始人华特·迪士尼，是总部设在美国伯班克的大型跨国公司，主要业务包括娱乐节目制作，主题公园，玩具，图书，电子游戏和传媒网络。皮克斯动画工作室（PIXARAnimationStudio）、惊奇漫画公司（MarvelEntertainmentInc）、试金石电影公司（TouchstonePictures）、米拉麦克斯（Miramax）电影公司、博伟影视公司（BuenaVistaHomeEntertainment）、好莱坞电影公司（HollywoodPictures）、ESPN体育，美国广播公司（ABC）都是其旗下的公司（品牌）。迪士尼于2012年11月收购了卢卡斯影业。2017年6月，《2017年BrandZ最具价值全球品牌100强》公布，迪士尼排名第18位。 
家家宜,家家宜,家家宜是东莞市立顿洗涤用品有限公司推出的一款生活（洗涤）日用品牌。其洗衣粉产品为——家家宜，产品种类有：洗衣粉、洗涤液、洗衣皂等品牌，其主要功能是高除细菌，超强去污。可以有效去除衣物上99.3%的金黄色葡萄球菌。
雅氏,雅氏,achette中文名称：雅氏。始创于1968年，专注于高端休闲时尚鞋履的设计与制作。由PierreRobertHelaine先生与AndreHelaine女士共同创立，总部设在古老而浪漫的法国卢瓦尔河谷城堡区。achette品牌低调内敛，鞋履产品设计色彩鲜艳、优雅简洁致力于为穿着者带来舒适行走体验。
九九香,九九香,九九香是九九香餐饮管理培训有限公司的简称，是知名的小吃创业培训品牌，主要是各地的特色小吃培训为主。前身为“九九香小吃美食店”，以经营多种小吃为主。于2010年10月份正式挂牌成立为“九九香餐饮管理培训有限公司”，主要股东为杨磊和陈坤召。主要以小吃培训和连锁加盟为主，直到2010年10月，累计培训学员5200余人，包括2位股东经营店面时培训的学员。
居优乐,居优乐,居优乐是一家公司，全称为居优乐电器有限公司。
今上,今上,今上，是词语，释义指的是当朝皇帝。
满婷,满婷,满婷是山东省著名商标。中国国内化妆品品牌，产地山东。满婷品牌是九鑫集团旗下一个专业的除螨品牌，创立于2002年。
MANTING,满婷,满婷是山东省著名商标。中国国内化妆品品牌，产地山东。满婷品牌是九鑫集团旗下一个专业的除螨品牌，创立于2002年。
泰禾,泰禾,泰禾，音tàihé，是五谷丰登的意思，引申为圆满，祥和。
正能量,正能量,“正能量”指的是一种健康乐观、积极向上的动力和情感，是社会生活中积极向上的行为。当下，中国人为所有积极的、健康的、催人奋进的、给人力量的、充满希望的人和事，贴上“正能量”标签。它已经上升成为一个充满象征意义的符号，与我们的情感深深相系，表达着我们的渴望，我们的期待。正能量可以引导人们有积极向上的三观。
上海药皂,上海药皂,上海药皂，中国上海第一块特效除菌皂，历经改良，长期畅销。特效除菌成分能有效杀灭皮肤和衣物上常见的有害细菌，帮助预防由细菌引起的疾病、感染、过敏和汗臭，天天使用确保全家健康安心。上海药皂可杀灭：金黄色葡萄球菌、大肠杆菌、绿脓杆菌、白色念珠菌、溶血性链球菌和肝炎病菌等。
狮山,狮山镇,狮山镇位于广东省佛山市南海区中部，在东经112.51′～113.15′、北纬22.48′～23.18′之间。 地处珠三角广佛经济圈核心地带，邻近广州、港澳，是佛山国家高新技术产业开发区的核心园区，与佛山国家高新区管委会形成“园镇融合”发展格局，先后荣获全国重点镇、 国家卫生镇、 广东省食品安全示范镇等称号。 2014年在全国综合实力百强镇中名列第三、居广东之首。 2015年狮山镇获国家发改委同中编办、公安部等11个部委批准成为国家新型城镇化综合试点地区。 狮山镇的经济形成了汽车及零部件、高端装备制造、有色金属、光电显示、生物医药及医疗器械、智能家电、照明（新光源）、陶瓷洁具等八大主导产业，拥有世界500强设立的企业23家，2014年地区生产总值约800亿元（不含一汽-大众及其配套企业），工业总产值约2800亿元（不含一汽-大众及其配套企业），三级税收达100.51亿元。 2013年，狮山镇330.6平方公里，人口67.42万。 狮山镇被列为第二批国家新型城镇化综合试点地区。 
DaNuo,d.anuo,d.anuo（狄亚诺）诞生于19世纪的意大利，d.anuo已发展成为世界著名的品牌男装，d.anuo立足于欧洲，早年以制造皮具精品而闻名，现为都会男性打造独具品味之服饰、皮具、皮鞋等精品。秉承意大利原创理念及管理哲学，以精致的细节处理搭配简洁的设计，处处体现意大利品牌的不凡和男人的“智·远”气度。
BETTER LIFE,Better Life,《BetterLife》是飞儿乐团于2013年12月13日发行的专辑，共收录10首歌曲。专辑的制作人是陈建宁。2014年，飞儿乐团凭借该专辑获得MusicRadio中国TOP排行榜“港台地区年度最佳乐团奖” 。
逍遥王,逍遥王,《逍遥王》是一款战争策略网页游戏，争权夺势抢皇位、权倾天下；斗妃争后拿后位、争艳群芳；穿越各朝乱世，明争暗斗层出不穷；前世记忆恍如一梦；是随波逐流，任世事多变，还是放手一搏，成为权倾天下的主宰？乱世中你该如何生存？从一介草民到权倾天下究竟需要付出多少努力？站在至高巅峰又有如何感想？宝将科技压轴大作《逍遥王》等你来战！
简然,简然,真实姓名：张坚英文名：jane学位：经济学硕士毕业院校：华中师范大学籍贯：北京主持经历：《今夜不寂寞》《阳光假日》《阳光访谈》《欢乐100》2012年中国播音主持“金话筒奖”在京揭晓，湖北省广播电台湖北之声《今夜不寂寞》节目主持人简然获中国播音主持“金话筒奖”个人奖 ，她也是湖北省本年度唯一的获奖者。
奥古,奥古,奥古，读音àogǔ，汉语词语，基本意思为深奥古朴。
五月天,五月天,五月天，中国台湾摇滚乐团，由温尚翊（怪兽）、陈信宏（阿信）、石锦航（石头）、蔡升晏（玛莎）、刘谚明（冠佑）组成。乐团前身为“SoBand”乐团，在1997年3月29日更名为“五月天”。乐团至2016年，四次拿下"台湾金曲奖"和“最佳乐团奖”。 1999年，发行首张专辑《第一张创作专辑》。 2000年7月7日，发行了第二张创作专辑《爱情万岁》。2001年7月6日，推出暂别歌坛之作第三张创作专辑《人生海海》。2003年11月11日，发行第四张专辑《时光机》。2004年11月5日，推出第五张专辑《神的孩子都在跳舞》。2005年8月，推出精选辑《知足JustMyPride最真杰作选》。2006年12月29日，发行第六张专辑《为爱而生》。2008年10月23日，发行第七张专辑《后青春期的诗》。2011年12月16日，发行第八张专辑《第二人生》。2016年7月21日，发行第九张专辑《自传》。 
膳道,膳道,膳，简单的说就是关于我们的日常生活饮食，道，也可以简单的说是我们日常饮食中遵循一定的方式方法，让我们学会健康饮食。“膳道”健康管理始终把导致慢性病的主要健康危险因素——不健康的饮食和能量过剩、体力活动不足作为控制与管理目标，把世界卫生组织提出的健康四大基石“合理膳食、适量运动、戒烟限酒、心理平衡”从定性的理论变成量化的手段与措施，形成了一套行之有效的以“能量平衡、有效运动、量化管理”为核心内容的行为干预服务模式。
欧莱雅,欧莱雅（法国）化妆品集团公司,欧莱雅集团是法国的化妆品公司，创办于1907年。欧莱雅集团是美妆品行业中的领导者，经营范围遍及130多个国家和地区，在全球拥有283家分公司、42家工厂、100多个代理商，以及5万多名的员工，是总部设于法国的跨国公司，也是财富全球500强企业之一。2016年6月8日，《2016年BrandZ全球最具价值品牌百强榜》公布，欧莱雅排第36名。 
米尼,米尼,《米尼》是由陈苗执导、刘烨等人主演的一部爱情类电影。于2005年上映。该片改编自著名作家王安忆的同名小说。讲述的是当代青年人的爱情观和价值观。
三花,桂林三花股份有限公司,桂林三花股份有限公司创始于1952年，由“安泰源”、“品冽”等几家百年老字号酿酒作坊合并成立“桂林酿酒厂”。1994年改制为“桂林三花股份有限公司”。1999年获国家“中华老字号”荣誉称号，迄今仍是广西唯一的“中华老字号”白酒生产企业。公司1996年进入“国家大型二档企业”行列，年税利近1.5亿元，被桂林市政府列为“工业发展重点骨干企业”。
相模,相模,
硕源,硕源,
三次元,三次元,三次元一指三坐标测量机，它是指在一个六面体的空间范围内，能够表现几何形状、长度及圆周分度等测量能力的仪器，又称为三坐标测量仪或三坐标量床。三坐标测量仪可定义为“一种具有可作三个方向移动的探测器，可在三个相互垂直的导轨上移动，此探测器以接触或非接触等方式传送讯号，三个轴的位移测量系统（如光学尺）经数据处理器或计算机等计算出工件的各点坐标（X、Y、Z）及各项功能测量的仪器”。三坐标测量仪的测量功能应包括尺寸精度、定位精度、几何精度及轮廓精度等。三次元亦指三维空间，若需详情请浏览三维空间或3D词条。
Canon,卡农,卡农Canon——复调音乐的一种原意为“规律”。一个声部的曲调自始至终追逐着另一声部直到最后的一个小节最后的一个和弦融合在一起，给人以一个神圣的意境。卡农是一种音乐谱曲技法，复调音乐。卡农的所有声部虽然都模仿一个声部，但不同高度的声部依一定间隔进入，造成一种此起彼伏，连绵不断的效果，轮唱也是一种卡农。在卡农中，最先出现的旋律是导句，以后模仿的是答句。根据各声部高度不同的音程差，可分为同度卡农，五度卡农，四度卡农等；根据间隔的时间长短，可分为一小节卡农，两小节卡农等；此外还有伴奏卡农，转位卡农，逆行卡农，反行卡农等各种手法。
一帆,一帆,
润本,润本,润本是婴幼儿本草护理品牌之一产于广州。润本RUNBEN天然健康的婴儿护肤品牌这个从不依靠华丽包装也没有明星代言人的品牌一直靠产品的质素及实力维系人心
杰士派,杰士派,杰士派引自1978年推出以来，在三十多年里，以"始终满足时代标准时尚需求的男士化妆品"为宗旨，不断推出新产品。今天，杰士派以其种类多样、品种齐全的产品不断满足男士化妆的需求和变化，赢得了广泛的认知度、信赖感和安心感，成为各个不同时代中均深受年轻人钟爱的品牌。随着网络的发展，在网上可以随时找到。
GATSBY,GATSBY,1978年诞生于日本的男性化妆品品牌。杰士派Gatsby一直坚持“永远符合时尚潮流的男性造型化妆品”的理念。希望能够满足男性的各项时尚需求，不断地研发推出新商品。
老中医,老中医,获得“名中医”称号的专家共有69位，借助网络，特别是百度百科的宣传，详细例举了其中几位老专家。这几位专家只是众多中医名家的缩影，在上海，还有许多与他们一样德高望重的中医专家正默默耕耘于望、闻、问、切与辩证施治之妙方良药的开拓与创新，为人类健康倾其毕生心血。
TRG,TRG,TRG是一个纺织品品牌，由.TarragoBesc先生于1940年在西班牙创建。
可易,可易,
U2,U2,U2，爱尔兰摇滚乐队，由主唱保罗·大卫·休森、吉他手大卫·荷威·伊凡斯、贝斯手亚当·克莱顿和鼓手拉里·木伦组成。1976年，U2在爱尔兰都柏林成立 。1980年，发行首张录音室专辑《Boy》 。1983年，发行录音室专辑《War》，该专辑获得了英国专辑榜的冠军 。1987年，发行录音室专辑《TheJoshuaTree》，该专辑全球销量超过2500万张 ，获得了第30届格莱美奖年度专辑奖 。1991年，发行录音室专辑《AchtungBaby》，该专辑的全球销量突破1800万张 。1995年，献唱科幻片《永远的蝙蝠侠》主题曲《HoldMe，ThrillMe，KissMe，KillMe》 。2001年，凭借歌曲《BeautifulDay》获得第43届格莱美奖年度制作奖、年度歌曲奖和最佳摇滚乐队奖 。2002年，登上第36届超级碗中场秀 。2003年，凭借为电影《纽约黑帮》献唱的主题曲《TheHandsThatBuiltAmerica》入围第75届奥斯卡金像奖最佳原创歌曲奖 。2005年，入驻美国摇滚名人堂 。2006年，凭借专辑《HowtoDismantleanAtomicBomb》在第48届格莱美奖中获得五个奖项 。2009年，发行录音室专辑《NoLineontheHorizon》 。2011年，获得Q音乐奖25年最伟大摇滚乐队奖 。2014年，凭借为电影《曼德拉：漫漫自由路》献唱的主题曲《OrdinaryLove》入围第86届奥斯卡金像奖最佳原创歌曲奖 。2017年，发行录音室专辑《SongsofExperience》 。
SCD,SCD,科学引文数据库(英文名：ScienceCitationDatabase，简称：SCD)是《中国大学评价》课题组独立研发、拥有全部知识产权的国内引文数据库。自2006年开始用于《中国大学评价》和《中国大学研究生院评价》。大学评价应以客观、公正、公开为宗旨。SCD作为实现大学评价宗旨的工具的一部分，首先应该保证对每一个评价对象都公正和公平。作为易测量的绩效评价工具，SCD还应该具有一目了然的直观属性。SCD各学科源期刊数量的确定贯彻了上述观点。
贝贝熊,贝贝熊,《贝贝熊系列丛书》，“美国儿童行为教育之父”博丹夫妇的心血之作，享誉欧美国家近半个世纪，被专家、读者誉为父母家庭教育的好帮手，孩子性格、行为养成的好保姆！系列童书立足行为教育理念，致力于家长和子女的共同成长。登陆中国以来，在延续境外口碑及销售神话的同时，令千千万万个中国家庭找到了育儿的最佳途径，中国家长因此对孩子的成长教育有的放矢！
泊美,泊美,泊美（PURE&MILD）诞生于2001年8月，是日本资生堂专为希望永葆青春美丽的中国女性所设计的专业护肤产品。泊美护肤系列包括洁面膏、柔肤化妆水、保湿乳液、保湿面霜、眼霜等多款不同品种，充分满足肌肤护理的不同需要，为中国女性带来更娇嫩、美丽的容颜。泊美化妆品主要包括泊美眼霜、泊美隔离霜、泊美面膜、泊美粉底液、泊美防晒霜等。它的系列产品在5000多家专卖店有售，并于2007年3月开始进入中国各地区百货店及屈臣氏。泊美会继续不断努力，使更多女性了解这一日本资生堂研究所专为中国女性打造的产品，享受资生堂专业技术。
Cien,CIEN,作为通用汽车公司技术旗舰的代表作，顶极V12动力的凯迪拉克Cien概念车将是2002年该品牌100周年纪念的最合适的展示作品。这辆引人注目、极具动感的Cien名称源自西班牙语，是100的意思，将凯迪拉克的设计与技术完美的融合在一辆中置引擎、2座超级跑车中。
汉方,汉方,汉方，使用中草药治病的一种方法，简称“中医”。海外多称中医为汉方。
扬美,扬美,扬美佳酿传承于福建平和地区民间的一种土酿米酒，甘甜醇厚、回味无穷，有抵御寒气、增强体质的功效，因明朝大理寺卿陈扬美深爱此酒，得皇帝赐名“扬美佳酿”。
申江,申江,申江毕业于西安交通大学，获得硕士学位，对制冷装置优化及节能关键技术、食品冷链技术与装置等领域有深入研究，先后发表了50多篇学术论文，并主持了国家级、省部级科研课题6项。现任天津商业大学机械工程学院院长。
SJ,Super Junior,SuperJunior（슈퍼주니어）是韩国SM娱乐有限公司于2005年推出的男子演唱组合，由朴正洙（利特）、金希澈、韩庚、金钟云（艺声）、金永云（强仁）、申东熙（神童）、李晟敏、李赫宰（银赫）、崔始源、李东海、金厉旭、金起范和曺圭贤13名成员组成 。2005年11月6日，SuperJunior以《Twins(KnockOut)》正式登台出道 ，发行首张专辑《SuperJunior05》 。出道初期为12名成员，第13名成员圭贤于2006年5月27日加入 。2007年凭借第二张专辑《Don'tDon》获得MKMF“年度歌手大奖” 。2009年凭借第三张专辑《SorrySorry》获得金唱片大赏“唱片大奖” ；同年3月起，起范淡出组合专注于演员活动 ；12月21日，韩庚提出解约 。2010年发行第四张专辑《Bonamana》 ；同年6月22日，韩庚正式解约单飞 。2011年凭第五张专辑《Mr.Simple》获颁该年度韩国三大颁奖典礼的大赏 。2012年凭借第六张专辑《SexyFree&Single》第三次赢得金唱片大奖“唱片大奖”及连续两届获得MAMA“最佳专辑大奖” 。2013年发行首张日语专辑《Hero》 ，并于亚、欧、南北美四大洲20个城市举办28场演唱会 。2014年发行第七张专辑《Mamacita》 ；同年9月21日，举办第100场世界巡回演唱会《SuperShow》 。2015年凭借出道十周年纪念专辑《Devil》第五次赢得GaonChartK-POP大奖“季度专辑销售奖” ；设立独立工作室“LabelSJ” ；同年8月18日，起范约满离队 。2017年发行第八张专辑《Play》并获得韩国金唱片奖专辑本奖 。
DHC,DHC,DHC，是一家日本的拥有多个事业部的庞大企业集团。包括翻译事业部、教育事业部、出版事业部、医药食品事业部、食品事业部、酒店事业部、美容院及水疗事业部、内衣事业部等。日本DHC的化妆业务始于1983年，所有产品均以通信贩卖的形式进行销售。从基本肌肤护理至化妆品、美体产品、护发用品、男士护肤品、婴儿护肤品以及健康食品。DHC作为日本通信销售化妆品知名品牌，30年来致力于打造天然、温和、高效护肤、彩妆及健康食品。 
维妮,维妮,维妮，本名韦娜，出生于新疆乌鲁木齐，中国内地女演员、模特。2009年，出演张艺谋执导的喜剧电影《三枪拍案惊奇》进入演艺圈。2011年，搭档任达华主演喜剧动作片《回马枪》 。2015年，凭借主演都市职场喜剧《女人的秘密》系列受到关注 。2016年，与鹿凌桀合作主演悬疑惊悚电影《夜魔人》；同年，出演魔幻战争剧《雪女王》 。
依彤,依彤,黑龙江人。毕业于北京师范大学影视学院表演主持专业，文学学士学位。
初心,初心,初心，汉语词汇。拼音：chūxīn，意指做某件事的最初的初衷、最初的原因。随着时间的消逝，人们做某件事的初心也渐渐逝去，也就是“不忘初心，方得始终”的由来。 2017年12月21日，当选“汉语盘点2017”活动年度国内词。 
达人,达人,达人，是指在某一领域非常专业，出类拔萃的人物。指在某方面很精通的人，即某方面的高手。在网络中，也指活跃用户，用户上线时长和内容更新频率很高的网民。
卡芙尼诗,卡芙尼诗,卡芙尼诗（CloverEnergyCells）是瑞士殿堂级的护肤品牌，寓意着原生态植物活力细胞组织液的活肤能量。卡芙尼诗着重于细胞美容，其成分主要是运用世界一流的生物萃取技术提取的上百种天然植物细胞组织精华。这种植物活肤的理念绿色健康，自然清新，温和淡雅，安全防辐，邀您进行一场与自然的约会，与活力共舞，沁心体会自然的优雅与温馨。
苏诺,丝诺,丝诺，日本动漫《龙珠》系列中的女性角色。孙悟空小时候结识的知己。
片仔癀,片仔癀,片仔癀，中成药名。为清热剂，具有清热解毒、凉血化瘀，消肿止痛之功效。用于热毒血瘀所致急慢性病毒性肝炎，痈疽疔疮，无名肿毒，跌打损伤及各种炎症。
魅可,M.A.C,M·A·C是雅诗兰黛化妆品集团旗下第一个非由兰黛夫人自创的品牌。M·A·C的耀眼光芒，吸引了雅诗兰黛集团慧眼拾得这块熠熠生辉的美玉。而在雅诗兰黛集团的协助与支持之下，M·A·C的优异特质才得以被发掘、散播，从北美地区远扬至欧亚各国。
M.A.C,M.A.C,M·A·C是雅诗兰黛化妆品集团旗下第一个非由兰黛夫人自创的品牌。M·A·C的耀眼光芒，吸引了雅诗兰黛集团慧眼拾得这块熠熠生辉的美玉。而在雅诗兰黛集团的协助与支持之下，M·A·C的优异特质才得以被发掘、散播，从北美地区远扬至欧亚各国。
植护,植护,植护作为新生代婴幼儿日护品牌，2013年植护应爱而生植护，提出“植物护养，天生滋润”的理念。旨在根据不同产品的不同功效，精选不同的植物，科学配比，为宝宝提供适合、安全、可靠的日护产品。我们严苛把控从选料到加工到包装到运送的所有环节：所有原料必须是天然优质的；整个加工过程必须在无菌环境中进行；严控质量关，只有百分之百合格的产品才能出厂入市。 一切，只为给宝宝如父母般的贴心关爱。 
DMF,N,N-二甲基甲酰胺,NN-二甲基甲酰胺，NN-Dimethylformamide是一种化学物品，无色透明液体，既是一种用途极广的化工原料，也是一种用途很广的优良的溶剂。极性惰性溶剂。除卤化烃以外能与水及多数有机溶剂任意混合。对多种有机化合物和无机化合物均有良好的溶解能力和化学稳定性。
古达,古达苗族彝族乡,隶属贵州省赫章县，与毕节、纳雍两县相接壤，古境内峰峦重叠，沟壑纵横。地势西高东低，最高海拔2350米，最低海拔1230米。古达有着丰富的植物资源、水能资源、矿产资源和旅游资源，古达还有着厚重的历史文化和文物古迹。
微狼,微狼,微狼是一款网络社区类软件，运行环境支持Android2.2，应用版本是1.1.1。
龙剑,龙剑,龙剑，女，侗族，1973年8月生，贵州天柱人，2000年7月加入中国共产党，1995年9月参加工作，贵州师范大学资源与环境科学系地理专业毕业。现任贵州省黔东南苗族侗族自治州天柱县人大常委会副主任。
world life,World Life,《WorldLife》是一款壁纸美化类软件。软件支持Android2.1平台运行。
趣玩,趣玩,趣玩，是一款免费的基于地理位置（LBS）的活动社交APP。使用者可以借助趣玩发现身边有意思的人和活动，扩展自己的生活圈；可以借助趣玩查看其他人的实时地理位置，并进行多媒体信息交流和位置互动；更可以加入和创建各类兴趣圈子，和志同道合的人交朋友，让社交圈更加丰富。
MKS,mks,MKS是全球最著名的先进生产工艺控制设备供应商之一，其产品广泛地应用于各种半导体器件生产，平板显示器，光学储存介质，玻璃镀膜，光电产品等生产设备及制药和医学成像设备。MKS前瞻性的创新开发，推动其产品一直处于全球技术领先地位。MKS的电源，测量，控制和复杂气体相关的工艺监控技术，改善了设备完好率和产品成品率，提高了生产产量和产品性能。
开爽,开爽,【出处】《三国志·吴书·甘宁传》：“宁虽粗猛好杀，然开爽有计略，轻财敬士，能厚养健儿，健儿亦乐为用命。”
比尚,比尚,比尚是一个汉语词语，拼音是bǐshàng，意思是比配。
GDX,GDX,
柏松,柏松,柏松，人名。有远古人物，有三国人物，有副主任医师，有央视制片人，有IT人士，有凌源禾丰牧业有限公司人物。另有一种植物叫柏松。
sunbeam,Sunbeam,
米雅诗,米雅诗,米雅诗是国产护肤品牌，它是不同于一般化妆品的，是中国化妆品界第一家成功采用医药级别技术，研发“吃”系列化妆品，其结合医药生产中，严谨的各项生物标准，经过长期验证，且日趋符合现代人追求平衡之美的潮流和愿望。
RCR,RCR,
MF,厦门航空有限公司,厦门航空有限公司（XIAMENAIR，简称“厦航”），成立于1984年7月25日，厦门航空是由民航局与福建省合作创办的中国首家按现代企业制度运营的航空公司，现股东为中国南方航空股份有限公司（55%）、厦门建发集团有限公司（34%）和福建省投资开发集团有限责任公司（11%）。 厦门航空承运人代码为“MF”，企业标志为“蓝天白鹭”。厦航是中国唯一使用全波音系列飞机的航空公司，截止2015年4月11日，拥有全波音系列的116架飞机，平均机龄5.6年，经营国内航线220余条，国际及地区航线近30条，每周执行航班3200多个，构建了以厦门、福州、杭州为核心，覆盖全国、辐射东南亚、连接港澳台地区的航线网络，设有福州、杭州、天津、南昌、北京、长沙、泉州7家分公司 ，以及48个驻境内外营业部、办事处，总资产突破350亿元，净资产达到130亿元，是中国民航唯一连续保持28年盈利的航空公司。截止2017年12月31日，厦航第33个航空运输安全年，全年完成运输总周转量50亿吨公里、旅客运输量3270万人次，货邮运输量26万吨，同比分别增长24.4%、17.9%和8.3%，累计安全飞行近450万小时，荣获飞行安全“四星奖”，并成为全球首家荣获“IOSA杰出成就奖”的航空公司。 
雅琪朵,雅琪朵,雅琪朵（ARGITAL）是来自于意大利西西里岛的个人护理及家居品牌，成立于1976年。 
森迷,森迷,
依米,依米,依米花生长在非洲的荒漠地带，默默无闻，很少有人注意过它。许多游人以为它只是一株草而已。但是，它会在某个清晨绽放出美丽的花朵，那是无比绚丽的一朵。它的花瓣呈莲叶状，与非洲大地上空的毒日争艳。一株依米花往往需要七年的时间在干燥的沙漠里寻找水源，然后一点点积聚养分，在完成蓓蕾所需要的全部养分后，它开花了。所以在它最美丽的时候，它也因耗尽自己所有的养分而凋零。
景湖,景湖,景湖（JEEH）家居是丹麦一家致力于为消费者提供健康、休闲、舒适的人性化家居的品牌商。
龙虎,龙虎,龙虎一个汉语词汇，其主要作为养生术语使用，因各家有不同的说法，故龙虎的含义有多种。有穴旁左右二砂，贴身左右等意思。
安塞尔,安塞尔,安塞尔是一名后卫，现在效力于墨尔本胜利足球俱乐部。
ansell,Ansell,Ansell，是一家成立于1905年，拥有悠久历史的全球知名公司。Ansell是全球领先的安全防护产品和服务提供商。
博朗,博朗,1921年在德国法兰克福奠下基业，德国博朗以精致的设计缔造出一个又一个经典，成为德国设计的典范。旗下10大类200多种产品涵盖男士剃须、女士脱毛、美发护发等，成为全球小家电巨头。德国博朗的产品曾经荣获60多项红点设计大奖，现代气息、简约、纯正和高品质正是博朗的风格。而德国博朗的设计理念，更被其设计大师迪特·拉姆斯总结成那赫赫有名的“十句箴言”，影响着一代又一代的设计师。2014年博朗理发器系列震撼登陆中国，带给消费者来自博朗的终极理发体验。
BRAUN,BRAUN,布劳恩1850年6月6日出生于德国的富尔达（Fulda）。他在此地接受了地方普通中学的教育。他曾在马尔堡大学、柏林大学学习过，1872年毕业，他的毕业论文是关于弹性弦的振动。后来他在维尔茨堡大学担任过昆开（Quincke）教授的助手，1874年受聘到莱比锡的圣托马斯中学任教。两年后他受聘为马尔堡大学的理论物理学编外教授，1880年又被聘请到斯特拉斯堡大学担任同样的职务。1883年布劳恩成了卡尔斯鲁厄（Karlsruhe）工业大学的物理学教授，并于1885年受聘到杜宾根大学任教。他到这里的任务之一是建立一所新的物理研究所。他没有接受莱比锡大学的邀请去继承魏德曼的职务，而是在10年后于1895年又返回斯特拉斯堡担任物理研究所主任。
纳川,纳川,纳川（琥珀酸舒马普坦胶囊），适应症为用于成人有先兆或无先兆偏头痛的急性发作。
NC,NC,用友NC6是用友NC产品的全新系列、是面向集团企业的世界级高端管理软件，目前NC基于8000家集团企业客户的实力，使其在同类产品市场占有率已经达到亚太第一，面向大型企业集团和成长中的集团企业的信息化需求，用友NC6的产品定位于大型企业管理与电子商务平台。他综合利用最新的互联网技术、云计算技术、移动应用技术等，通过构建大企业私有云来全面满足集团企业管理、全产业链管控和电子商务运营，为集团企业提供了一个全新的支持合规化应用需求和创新需求，以及个性化配置、集成、实施、运维、管理一体化的大型企业管理与电子商务平台，不断帮助集团企业创新管理模式，引领商业变革，实现长期发展目标。
益欣,益欣,益欣是适用于敏感细菌引起的成人与儿童的感染的药品。
希芸,希芸,希芸是悦萱堂化妆品有限公司旗下品牌。
syrinx,Syrinx,Syrinx是一款适用于Mac操作系统的软件。
爱护,爱护,指爱惜并保护。
CM,犯罪心理,《犯罪心理》（Criminalminds）是CBS出品的犯罪剧情电视剧，由费利克斯·恩里克斯·阿卡拉和格伦·克肖执导，由托马斯·吉布森、乔·曼特纳、谢玛·摩尔、马修·格雷·古柏勒等人主演。 《犯罪心理》讲述了美国联邦调查局总部下属的行为分析科部门（简称“BAU”）中，行为分析师们剖析最棘手的案件，分析凶手的心理和作案特征，并在他们再次施暴前预测出他们的下一步行动，协助当地警察捉拿凶手。该剧于2005年9月22日在美国首播，该剧多次获得艾美奖和人民选择奖的提名。 
空消,空消,空消是指清除空间内不好的或不需要的杂质，使之达到无害化的洁净程度。
亲纳,亲纳,
英吉利,英吉利海峡,英吉利海峡，又名拉芒什海峡，是分隔英国与欧洲大陆的法国、并连接大西洋与北海的海峡。海峡长560公里（350英里），宽240公里（150英里），最狭窄处又称多佛尔海峡，仅宽34公里（21英里）。英国的多佛尔与法国的加莱隔海峡相望。 主权归属：英国和法国。
宝优妮,宝优妮,
纳爱斯,纳爱斯,纳爱斯是专业从事洗涤和个人护理用品的生产企业。前身是成立于1968年的地方国营“丽水五七化工厂”，1993年改制为股份公司，2001年组建集团。纳爱斯在改革开放中长足发展，是全国洗涤行业的“龙头”企业。纳爱斯集团总部设在华东地区的浙江丽水。曾获集团诚信经营，荣获“全国轻工业优秀企业”、“全国轻工业系统先进集体”、“全国轻工业质量效益型先进企业”，以及“全国文明单位”、“诚信示范企业”、“AAA级信用企业”、“国家生态工业示范点”等殊荣。
飞羽,飞羽,飞羽电器又称：飞羽快热产品主要包括：即热式电热水龙头、电热水器、台下宝、冲凉宝、小厨宝等几大类产品，是小型家电产品，从1994年研发，拥有93项国家专利发明，堪称电热水龙头行业中的龙头老大！品质与口碑非常有保证。企业创始人陈非先生发明国内第一台电热水龙头（专利号：94216426.1），飞羽是国内最早从事电热水龙头行业的企业，为电热水龙头行业做出了非常大的贡献
妍瑟,妍瑟,妍瑟是一个笔名，昵称，笔者的用意是同颜色一个意思，色彩的混合造就想象的结果，妍瑟在新浪，网易，百度上都有自己的空间；
惠氏,惠姓,惠姓，在中国并不是一个常见的姓氏，但也是中国较为古老的姓氏之一。在过去2000多年期间，惠氏的活动地区主要是长江以南的江、浙一带，长久以来在历史上成名的惠氏名人，也几乎全是江、浙人氏。古代的扶风，在今陕西平东南，全国惠氏老家便在这里。望族居扶风郡（今陕西省扶风县一带）。
Kipling,kipling,凯浦林是世界著名的时尚休闲包袋品牌， 1987年创建于比利时的安特卫普。 Kipling一直致力于突破，就像品牌标志性抓皱尼龙面料，成就了独树一帜的风格!还有出现在每个手袋、背包或行李箱上的标志性小猴子，传递着品牌快乐的精神。并非只是一个包袋品牌，而是一个让人们笑容洋溢的品牌，所做的一切都是以快乐的小猴子精神为中心，并以此深深地打动消费者。让世界充满正能量并MakeHappy！
巨头,巨头,指经济、政治界势力大的首脑人物。
后,后,后，读音hòu，是合并字，合并“后”与“後”。“后”，从人从口，司的镜像，君后也，继体君也，象人之形。施令以告四方，故之从一，口。发号者，君后也。本义是发号施令者，即君主，《说文》“继体君也”，《尔雅》“后者，君也”。诸侯亦称后。后来成为帝王妻子的专用名称，《礼记》“天子之妃曰后”。“後”，本义为行路迟缓，《说文》“後，迟也”。前後、後面之意。汉字简化时将“後”与“后”进行了合并，在书写繁体字的时候需要注意不要写错！“后”字在《汉语大字典》袖珍本第257页，本身非简化字，而是由夏启的史官在公元前2000年根据既有汉字“司”创造的，方法就是把后者反转写，并赋予新的读音。这是因为夏王室出身于“司空”家族，是“群司”（司空、司徒、司马、司稷等）之一，为了表示子孙后代不敢与皇祖大禹比肩等列，故以“司”的镜像“后”作为自贬一级的称号。“司”有“子承父业”的意思，“后”也有同样意思，符合夏后氏“家天下”的统治理念。1.上古称君主：商之先后（先王）。2.帝王的妻子：皇后、太后。3.指空间在背面，反面的，与“前”相对：后窗户、后面、后学、后缀、后进。4.时间较晚，与“先”相对：日后、后福、后期。5.指次序，与“前”相对：后排、后十名。6.子孙：后辈、后嗣、后裔、后昆、无后（没有子孙）。7.姓。 
小精灵,精灵弓箭手,游戏《英雄无敌》系列中，最早从《英雄无敌1》中的女巫族开始就有精灵射手的设定，原型是来自神话传说中的一个著名奇幻种族，普遍特点长寿（有时甚至被认为是长生不老），擅长艺术、高贵，优雅，聪明，美丽，一定程度的洁癖和大自然几乎融为一体，擅长使用魔法和弓箭，居住在森林中。这个单位在《英雄无敌1》就开始登场，按照大多数奇幻作品的惯例，是最优秀的弓箭手。直到最后登场的《英雄无敌5》为止，该单位的固定特性一直都是强大的远程输出，近身战脆弱，并且亲近自然、森林环境。常见译名有精灵，小精灵，大精灵，木精灵，精灵猎手，大地精灵等等。
KARIN HERZOG,Karin Herzog,是含氧护肤的鼻祖，创始人是瑞士（Vevey）的保罗·赫容博士（Paul一整排间隔规律的柱子。），于2008年进入中国市场。KarinHerzog凯伦赫容有着奇特发展的历史，并始终由其家族所经营，传承家族的专业和专注的优秀基因。虽然不是大型公司拥有复杂的产品线，但本产品像瑞士钟表一样，强调产品的卓越品质。
洁沃,洁沃,GEHWOL洁沃德文含意为行走健康，德国爱德华·洁兰赫公司（EduardGerlachGmbH）最具有代表性品牌之一，德国及欧洲知名足部护理品牌。
全棉时代,全棉时代,全棉时代是指深圳全棉时代科技有限公司（简称Purcotton全棉时代）是稳健医疗集团的子公司。成立于2009年12月7日，创始人李建全。Purcotton全棉时代，取自Pure+Cotton的单词组合，意为用天然棉花生产出健康、亲肤、高品质的生活护理用品。
PurCotton,全棉时代,全棉时代是指深圳全棉时代科技有限公司（简称Purcotton全棉时代）是稳健医疗集团的子公司。成立于2009年12月7日，创始人李建全。Purcotton全棉时代，取自Pure+Cotton的单词组合，意为用天然棉花生产出健康、亲肤、高品质的生活护理用品。
顺美,顺美,顺美公司以产销中高档男女西装为主体，并经营男女时装，休闲装、高科技面辅料西装，以及服装辅料、服饰产品等。该公司是中国服装"百强"企业之一。
申星,申星,申星曾担任多部影视作品首席造型师，为大量时尚杂志担任造型指导和设计。2002年进入形象顾问领域，凭借自身对美感的独特天赋，一度被誉为亚洲业内最杰出造型师之一。也曾担任《奋斗》《蜗居》《媳妇的美好时代》等多部影视作品的造型工作。大量作品刊发于《米娜》《瑞丽》《ELLE》《BAZZAR》《世界时装之苑》《时尚》《FASHION》等知名时尚杂志上。时尚业内的一些大型盛典晚会、时装秀、模特大赛都有着申星的身影。
雅克菱,雅克菱,雅克菱，是北京雅克菱生物科技有限公司的企业名称和产品注册品牌。北京雅克菱生物科技有限公司是一家专注于口腔健康领域的高科技生物公司，主要从事义齿护理产品研发、制造和销售的专业公司，潜心致力于为国内义齿镶配者提供更专业的义齿护理产品，其产品包括义齿安固粉、义齿清洁片和义齿护理盒等，注册商标为“雅克菱”。
唐易,唐易,小说《黑白》中的男主人公。是受阿瑞斯庇护的特洛伊城，但最终为一个叫纪以宁的女子而沦陷，并以极端的方式留住了心爱的纪以宁。第一次，赌了婚姻，第二次，赌了性命......
蜈蚣王,蜈蚣王,蜈蚣王，日本任天堂公司开发的掌机游戏系列《口袋妖怪》中登场精灵的一种，首次出现在口袋妖怪黑白。 以敏捷的动作紧逼对手，用头顶的角进行攻击，直到作出最后一击为止绝不留情。将头上的爪子掐住对方的身体注入毒液，性格极具攻击性。
千秋明月,千秋明月,《千秋明月》是连载于起点中文网的一本古装言情类小说，作者是千秋与明月。
WMF,wmf,WMF，德国百年高端餐具、厨具品牌，自1853年以来，WMF就一直致力于将烹饪，用餐及品饮变成一种快乐的生活体验。WMF的产品涵盖家庭及社会餐饮领域，产品线包括西餐具，厨具，餐具，玻璃器皿及刀具。持续的创新及时尚的设计与优异的品质相得益彰，是WMF产品的独特之处。这些优势帮助WMF确立了德国餐具及厨具的市场领袖地位，并成为著名德国品牌。
康铭,康铭,深圳市康铭盛实业有限公司坐落于风景秀丽的深圳市宝安区观兰富康工业区。
袋鼠,袋鼠,袋鼠是任一种属于袋鼠目的有袋动物，主要分布于澳大利亚大陆和巴布亚新几内亚的部分地区。其中，有些种类为澳大利亚独有。不同种类的袋鼠在澳大利亚各种不同的自然环境中生活，从凉性气候的雨林和沙漠平原到热带地区。袋鼠是跳得最高最远的哺乳动物。”袋鼠“有时候指所有的有袋动物。这个词源自GuuguYimidhirr（一种澳洲原住民语言），后来袋鼠这个词被约瑟夫·班克斯在詹姆斯·库克的第一次航海旅行中命名。
博柏利,博柏利,博柏利（Burberry）是极具英国传统风格的奢侈品牌，其多层次的产品系列满足了不同年龄和性别消费者需求，公司采用零售、批发和授权许可等方式使其知名度享誉全球。博柏利（Burberry）创办于1856年 ，是英国皇室御用品。过去的几十年，Burberry主要以生产雨衣，伞具及丝巾为主，而今博柏利强调英国传统高贵的设计，赢取无数人的欢心，成为一个永恒的品牌。
BURBERRY,博柏利,博柏利（Burberry）是极具英国传统风格的奢侈品牌，其多层次的产品系列满足了不同年龄和性别消费者需求，公司采用零售、批发和授权许可等方式使其知名度享誉全球。博柏利（Burberry）创办于1856年 ，是英国皇室御用品。过去的几十年，Burberry主要以生产雨衣，伞具及丝巾为主，而今博柏利强调英国传统高贵的设计，赢取无数人的欢心，成为一个永恒的品牌。
金童,金童,金童，汉语词语，读音是jīntóng，指天真活泼的男儿童。
DAWN,DAWN,DAWN，英语单词，释义为黎明，拂晓。开端；曙光，端倪。
英力特,英力特,“英力特”首先对外表示其集团公司------国电英力特能源化工集团股份有限公司（简称国电英力特能源化工集团）；其次表示在深圳证券交易所上市的股票------英力特(证券代号：000635)“英力特”是国电英力特集团公司控股的上市公司------宁夏英力特化工股份有限公司的证券简称。
居都,居都,《居都》是1997年10月1日贵州人民出版社出版的图书。该书主要对两个住址的文化生活进行了详细的探讨，对居都人和仡佬族人生活中的相互联系做出了细致的描绘。
凝香公主,凝香公主,《凝香公主》是宜涵所著的一本小说，在晋江文学城连载。
隆力奇,隆力奇,江苏隆力奇生物科技股份有限公司位于隆力奇生物工业园内，园区占地2000余亩，公司主要经营化妆品、家用洗涤品、养生保健产品、家具、房地产、物流等八大系列1000多个品种。江苏隆力奇生物科技股份有限公司是目前国内日化产品、养生保健品的研究、开发和产销基地。公司拥有员工总数一万余名，其中大学生、研究生、博士生和专家的比例超过35%。企业发展30年来，始终健康、稳定地向前发展，成为今天民族日化行业的领军品牌。 
1905,1905,《1905》是由黑泽清执导，梁朝伟、松田翔太、前田敦子主演的剧情电影。影片以1905年的日本横滨为背景，讲述了一个中国人和一个日本人之间的友情故事。
众恒,众恒,1.许多：与“寡”相对：～人。～多。～矢之的。芸芸～生。2.许多人：大～。群～。民～。～口铄金。～目睽睽。～叛亲离。～擎易举。【谜语】乍眼看去见三兄，实则力气大无穷（打一字）——众谜语解析：三兄弟为“人”，“众”字表面看去只有三个人，但实际意思为：许多人，与“寡”相对，俗语有云：众人拾柴火焰高，说的正是众人的力量是无穷大。
吉越,吉越,吉越中国模特之星华南赛区商业组冠军
九喜,九喜,九喜是一个具有强大分公司的企业。
澳佳宝,Blackmores,Blackmores，又名澳佳宝。是澳大利亚的保健品品牌。提供一系列高品质的维生素、矿物质、草药以及营养补充品。澳佳宝成立于1930年，已经有近87年历史。经过87年努力，它已经成长为澳洲本土及全世界最被信任的生活科技健康食品公司。在1985年5月正式成为上市公司。目前拥有超过400名员工，总部设在澳大利亚悉尼。
Blackmores,Blackmores,Blackmores，又名澳佳宝。是澳大利亚的保健品品牌。提供一系列高品质的维生素、矿物质、草药以及营养补充品。澳佳宝成立于1930年，已经有近87年历史。经过87年努力，它已经成长为澳洲本土及全世界最被信任的生活科技健康食品公司。在1985年5月正式成为上市公司。目前拥有超过400名员工，总部设在澳大利亚悉尼。
AHC,AHC,AHC是隶属于韩国CarverKorea（珂泊亚）化妆品集团，为韩国美容专业线高端品牌，也是功效性化妆品牌，核心价值就是帮助女性寻找专属于自己的美丽，传递幸福。
爱乐维,爱乐维,爱乐维®(复合维生素片)，用于妊娠期和哺乳期妇女对维生素、矿物质和微量元素的额外需求；并预防妊娠期因缺铁和叶酸所致的贫血。
Lucas,谢振轩,谢振轩（LucasTse）是一名童星，是谢霆锋与张柏芝的长子，生得趣致可爱、精灵活泼，天生一副明星相，并遗传了演戏细胞，被不少儿童用品公司看中，代表作是《无价之宝》。
露华浓,露华浓,露华浓是露华浓公司的品牌。1932年，露华浓公司成立于纽约，创始人是查尔斯·郎佛迅、约瑟夫·郎佛迅兄弟和化学家查尔斯·郎曼。
猫胡子,猫胡子,《猫胡子》是灰衣创作的网络小说，发表于晋江文学网。
安娜苏,安娜苏,安娜苏（AnnaSui）彩妆品牌的创始人安娜苏凭借绝佳的流行感和色彩触觉，创造出专属自我的安娜苏彩妆品牌，除了色调大胆，还在化妆品中加入蔷薇花香与多种天然植物精油，给肌肤额外滋润。但颜色与质感不是AnnaSui安娜苏彩妆的一切，它最令人为之疯狂的，是那精致奢华、优雅独特的黑色雕花容器。盒盖上精雕细琢、永不凋谢的蔷薇花图腾，已成为玩家的收藏品。
Anna sui,安娜苏,安娜苏（AnnaSui）彩妆品牌的创始人安娜苏凭借绝佳的流行感和色彩触觉，创造出专属自我的安娜苏彩妆品牌，除了色调大胆，还在化妆品中加入蔷薇花香与多种天然植物精油，给肌肤额外滋润。但颜色与质感不是AnnaSui安娜苏彩妆的一切，它最令人为之疯狂的，是那精致奢华、优雅独特的黑色雕花容器。盒盖上精雕细琢、永不凋谢的蔷薇花图腾，已成为玩家的收藏品。
FANCL,Fancl,FANCL是日本最大及最有规模的“无添加”护肤及健康食品品牌，现为东京证券交易主版的上市公司，它的中文商标是芳珂，又名芳凯尔。
505,505,505是一种由湖南省水稻研究所选育的籼型常规水稻。
立本,立本,常用意义:立足于本质，本分做人，不虚无空洞名人姓名：张立本。
芜琼花,芜琼花,芜琼花，是无穷花株式会社的旗下口腔护理品牌，品牌创立于1947年。其产品主要包括成人牙膏系列、儿童牙膏系列、牙刷系列等。2013年，广州市和麦贺达贸易有限公司 将该品牌引进中国。
沐丝,沐丝,沐丝是是CRPG（CardRPG）网游《我叫MTOnline》中的卡牌，也是同名动漫《我叫MT》中的主角人物。
其它,其它,其它，即"其余的它者"，物主代词。在“其他”作人称代词时，其他与其它是区别的；在“其他”表示其余者而用于物称时，二者就可以换用。古汉语里有的也写作“其佗”，佗是物主代词，如《左传·隐公元年》”佗邑唯命“，它也是物主代词，如《后汉书·列女传》”无它异“。佗、它通假而用，类似通假在先秦秦汉是普遍现象。古汉语不区分其他与其它，现代汉语里他作为人称代词而它作为物主代词了，因此，在现代汉语环境，谈物时，用“其他”是继承古代用法，用“其它”是新环境里的合逻辑用法，都可以。
老爹,爱德华·纽盖特,爱德华·纽盖特，日本漫画《海贼王》及其衍生作品中的角色，外号“白胡子”，伟大航路后半段“新世界”的『四皇』之一（生前），白胡子海贼团的船长，实力极其强劲，被称为「世界最强男人」。能力是被誉为最强超人系的震震果实，武器为薙刀。顶上战争被战国设计暗算身受重伤，随后被数万精英海军围殴积累了大量的伤害，最后因受伤过重后被伺机出手的黑胡子马歇尔·D·蒂奇一伙乱枪扫射杀害，并被黑胡子夺走震震果实的能力。
满趣健,满趣健,满趣健 商标由满趣健公司申请注册品牌。国际分类号（ 第8类） 。
Munchkin,Munchkin,Munchkin，演员，主要作品有1984年上映的《街头浪子》。
查利,查利,影片主要讲述：查利是个30岁的成年人，但大脑却停留在6岁儿童的程度。在神精系统专家理查德和精神病专家安娜大夫的帮助下，通过手术使他变成了一个天才，但不幸的是所谓的社会文明，这两个专家又决定把他从天才变回白痴。扮演主人公的克里弗·罗伯森因其出色表演而获得奥斯卡最佳男主角。
森林人,斯巴鲁森林人,斯巴鲁森林人（Forester）最早于1997年2月份首次面世。森林人汇集了多功能车和客车的特点，如果引用现代的概念，就是一款“交叉”车型。森林人的底盘借鉴了1993年的斯巴鲁翼豹，移植到森林人的身上，这款经典的底盘被提高了离地间隙，但是全时四驱和水平对置发动机没有改变。因此森林人不但拥有在恶劣路况条件下的卓越性能以及多用运动车（SUV）所要求的较高的驾驶位置的同时，它还为车手提供令人愉悦的舒适驾驶。
凡茜,凡茜,凡茜是2004年诞生的北京银曼企业旗下一个个人护理品牌，是专门为女性设计的护肤品牌。 
凡斯,凡斯,凡斯（TundeVaszi），是罗马尼亚女子田径运动员跳远选手。其个人高峰成绩为686M。
超级猫,超级猫,包括服装鞋包、珠宝配饰、数码家电、美食特产、母婴用品、日用百货及其他类目的商品交易的B2B2C平台
开普特,开普特,广州开普特健身用品有限公司是国内第一批健身用品生产商，创建于1992年，是集品牌推广、产品研发、制造、销售以及售后服务等为一体的国内领先健身器材企业。
KPT,KPT,KPT3为其外挂设置了三个用户界面。Standard界面用于最流行的滤镜，Compact界面用于选项较少的滤镜，而Lensf/x界面则用于修改单个像素值的滤镜。
利其尔,利其尔,利其尔（Richell）是一个专门生产设计高档生活用品的日本牌子，其产品一直以高质安全著称。成立于1960年7月23日。
山水,叶千华,叶千华，男，汉族，1961年12月出生，籍贯江苏溧阳，祖籍湖北随州，原名叶全树，字清林，号山水情人、读月楼主，曾用名叶乾华，笔名山水、野夫、林子、叶子等，人称：山水先生（诗禅）。系现代诗人、学者、编辑家、德教情感专家。先后从事教育教学和编辑策划管理等工作三十余年，历任教师、编辑、研究员、政协委员、社长、总编辑、特约编审、客座教授和顾问等，发表诗歌（诗词）、论文、散文（随笔）等数百首（篇），著作有《芳野集》《沉思集》《垦春集》《读月楼诗存》《心灵夜语》《今夜无眠》《千华随笔》《情意集》《漫步者漫笔》等二十多部书籍。 
Tory Burch,Tory Burch,汤丽柏琦（ToryBurch）是一个实际可行的时尚生活方式品牌，源于经典的美国运动时装风格，充满无拘无束的活力与感觉，充分体现了行政总裁ToryBurch的个人风格和精神。她独具慧眼，将设计师的审美观与价值观在市场上取得平衡，创作出时尚又适合所有年龄女性穿着的时装与配饰。品牌成立于2004年2月，迄今为止，ToryBurch的产品已在全美国、欧洲、中东、拉丁美洲及亚洲的170多家独立店面精品店，toryburch网站，以及全球3000多家精选的商场和专卖店有售。 
CPB,cle de peau beaute,ClédePeauBeauté简称CPB，法文含义是“开启美丽肌肤的钥匙”，中文翻译为“肌肤之钥”，是日本资生堂旗下的一个的顶级品牌。 
季德胜,季德胜,季德胜，蛇伤治疗专家。毕生致力于毒蛇咬伤的治疗和“季德胜蛇药”的研制，获得卓越成就。
普方,普方,普方，是萧鼎仙侠小说《诛仙》中的人物。他不是一个正面出场的人物，只在别人的话语中被偶尔提起。他存在最大的意义，就是害碧瑶当年的失去母亲的伤痛惨祸的罪魁祸首了吧。
幸福阳光,幸福阳光,在中国志愿服务联合会的倡导下，在全国范围内开展了“邻里守望”志愿服务活动，号召广大志愿者从关爱做起、从身边做起、从你我做起、从日常做起，关爱空巢老人、留守儿童、农民工和残障人士，用志愿服务使每一个遇到困难、渴望帮助的人得到及时的关爱。根据这一倡导，西城区首当其冲，在第一时间邀请中国煤矿文工团青年词作家李俊伟、总政歌舞团作曲家鄂矛一起联手打造了“邻里守望”志愿者服务活动主题歌《幸福阳光》，并邀请青年歌唱家李晖、汤非领衔演绎。
霏羽,霏羽,《霏羽》是连载于晋江文学城的一部架空历史小说，作者是南以冬。
锦上花,锦上花,锦上花位于成都锦江大川巷8号，精装修小户型寓所，由一幢12层电梯公寓和一幢5层住宅组成。地处市中区标志性建筑合江亭，天仙桥南路旁。南临四川大学、四川音乐学院，染百年书香；中接春熙路、总府路，得百样精彩；俯瞰府南河，涤百般心境。
巴厘虎,巴厘虎,巴厘虎 ，Pantheratigrisbalica（Schwarz1912），猫科豹属虎的一个亚种，是现代虎中最小的一种，体型不到北方其他虎的1/3。它的体长约1.15米，重100公斤上下，生活在印尼巴厘岛北部的热带雨林里。已经在人类的大肆捕杀下于1937年灭绝，现在人们已经无法欣赏这种体型最小的虎种了。据记载，最后一只巴厘虎于1937年9月27日在巴厘岛西部的森林里被贪婪成性的猎人射杀。
绿房子,绿房子,《绿房子》是秘鲁作家马里奥·巴尔加斯·略萨的作品。《绿房子》该部以丛林为背景的长篇小说通过一家妓院的兴衰叙述了秘鲁北部的社会生活。 《绿房子》这部小说，涉及了秘鲁整个北部地区社会生活的各个方面，它场面宏大，人物众多，既有上流社会醉生梦死的豪华奢侈，又有底层民众水深火热的挣扎呻吟，为读者展示了一幅广阔的社会生活画卷。
丝芙兰,丝芙兰,丝芙兰（SEPHORA），“全球化妆品零售权威”，1969年创立于法国里摩日。SEPHORA在全球拥有超过1000家门店，途径遍布巴黎、米兰、罗马、马德里、巴塞罗那、华沙、里斯本、雅典、纽约、洛杉矶、旧金山、迈阿密、莫斯科等超过28个国家的国际化都市。 丝芙兰在1997年加入全球奢侈品牌公司LVMH。SEPHORA在全球21个国家拥有1665家店铺。2005年4月，SEPHORA在上海开启了她们在中国大陆的第一家店。SEPHORA（丝芙兰）在商店内提供全面的产品选择：从护肤、美容到香水；既有久负盛名的化妆品精选品牌，还有最新亮相的市场新品如微气泡技术，更有独家专有的SEPHORA（丝芙兰中国）品牌产品。
SEPHORA,丝芙兰,丝芙兰（SEPHORA），“全球化妆品零售权威”，1969年创立于法国里摩日。SEPHORA在全球拥有超过1000家门店，途径遍布巴黎、米兰、罗马、马德里、巴塞罗那、华沙、里斯本、雅典、纽约、洛杉矶、旧金山、迈阿密、莫斯科等超过28个国家的国际化都市。 丝芙兰在1997年加入全球奢侈品牌公司LVMH。SEPHORA在全球21个国家拥有1665家店铺。2005年4月，SEPHORA在上海开启了她们在中国大陆的第一家店。SEPHORA（丝芙兰）在商店内提供全面的产品选择：从护肤、美容到香水；既有久负盛名的化妆品精选品牌，还有最新亮相的市场新品如微气泡技术，更有独家专有的SEPHORA（丝芙兰中国）品牌产品。
柯杰,柯杰,柯杰，博士，口腔科主任，主要从事口腔医学（口腔修复专业、口腔正畸专业）工作，中华口腔医学会会员，中华口腔医学会北京分会委员，全军口腔专业委员会常务委员，全军牙病防治专家组副组长，空军牙病防治专家组组长，硕士生导师，空军高科技人才。
卓蓝雅,卓蓝雅,卓蓝雅，专注于个人洗护用品。由刘杰先生于2008年获得英国专业沙龙美发品牌“ZOOLY”授权后，在中国注册创立。引进英国洗护配方以作改进，以“生态个人护理管家”为理念，针对亚洲人研发出一系列产品。品牌形象追求优雅不凡，质量做到专业可靠。 
泡泡精灵,泡泡精灵,Pozzle是一款使用三个或更多同样颜色元素匹配的消除游戏。具有九种不同类型的比赛规则，包括Classic，Progressive，Rotation和TimeAttack四种模式，并增加了高分榜供你上传成绩的到世界网络中。
bubble,Bubble,Bubble，英语词汇，基本释义为水泡、气泡、泡。
元荣,元荣,
丹尼尔,丹尼尔·雷德克里夫,丹尼尔·雷德克里夫（DanielRadcliffe），1989年7月23日出生于伦敦，英国影视演员 。1999年，丹尼尔在10岁的时候首次于英国广播公司第一台电视改编的上下集电视电影《大卫·科波菲尔》中饰演少年时期的大卫科波菲尔。2001年开始，他在《哈利·波特》系列电影中担任主演，饰演哈利·波特。2007年，丹尼尔·雷德克里夫出演舞台剧《马属》。2012年，他在《黑衣女人》中饰演一个年轻的律师，并主演英国迷你剧《一位年轻医生的笔记》。2013年9月，他主演的《杀死汝爱》上映。
郁然,郁然,郁然，汉语词语，拼音为：yùrán，基本解释：指烦恼的样子，也可表示郁葱，树木等繁盛的样子，或者高大的样子。
紫蜻蜓,紫蜻蜓,紫蜻蜓是蜻蜓科、Libellula属的一种动物，体型中等大小，前缘室与亚缘室的横脉常联成直线。分布于美国（佛罗里达州）。
大赏,大赏,大赏，来源于日语，是大奖的意思，也就是最高的奖项。不光是在日本，在韩国也有大赏。
阔步,阔步,阔步kuòbù，汉语词汇，释义为大步走。
NUK,NUK,NUK是德国MAPA公司生产的世界高质量的婴儿用品的著名商标，在世界婴儿用品市场上享有很高的声誉。公司前身是创立于1947年德国不莱梅市(Bremen)的HanseatischeGummiwerkeBachmann&Co.KG，于60年代陆续并购多家橡胶制品公司后规模日渐扩大。目前已在全世界70多个国家和地区销售。主要产品有洗澡水温计、安全指甲钳、婴儿湿巾等。
珂洛雪,珂洛雪,“珂洛雪”是雅诗国际旗下的护肤品牌，雅诗国际经过十余年的深耕发展现已成为国际知名的企业，并在香港拥有近两万平米的世界先进研发基地。在无尘净化车间中，严格贯彻GPM管理标准，采用先进的生产技术和设备，所有原料均来自世界多个国家。按照研发、生产、加工、包装及常规管理等流程，严格保证工厂生产的每一个产品都达到国际质量标准，并与香港、东南亚构成国际化战略体系，迅速推向全球。我们有实力并满怀热忱的为您提供最安全有效的护肤用品。目前，该品牌产品以独特的肌肤抗氧化理念，在淘宝网化妆品类取得优异成绩。
凌峰,凌峰,凌峰出生于山东青岛市，长于台湾，1985年获得台湾第二十届金钟奖最佳男歌手奖，恰走红之际，1987年转行拍摄电视系列片《八千里路云和月》，历尽磨难，最终于1987年11月11日开拍此电视系列片，并亲自担任主持，成为第一位到大陆拍片的台湾艺人，撞开了两岸近40年的封冻，成为两岸文化交流的摆渡者，历尽艰辛，但百折不挠。1990年中央电视台春节联欢晚会上一首撩人心扉的《小丑》，诙谐幽默的表演征服了电视机前的观众，为全国人民所熟知。2013年4月参加天津卫视《王者归来》特别节目——但愿人长久，邓丽君生前故友凌峰怒骂成龙。
巴锡,巴锡,第十二任云贵总督。
益若翼,益若翼,益若翼（MasuwakaTsubasa）1985年10月13日出生于琦玉县越谷市，日本超人气模特、歌手。 由于向往成为同年龄段的东京时尚女性那样的女孩，益若翼从中学时代就开始流连于涉谷附近。17岁时以读者模特的身份在《Popteen》杂志初次登场！益若翼在杂志上诉说了自己的过去、恋爱观和恋人等，唤起许多读者的共鸣，并渐渐崭露头角而日益走红。当年4度成为封面人物。自己担任《Popteen》杂志封面的最高销量达到41万册，是《Popteen》杂志史上的最高销量。益若翼被称为“带动日本流行经济效益100亿日元的GAL系の神样”。是日本的GAL系教主、流行教主。日本涩原系四天王之首（小森纯星野加奈菅野结以）。在09年带动日本流行经济效益100亿日元，后于2011年带动日本经济效益500亿日元，在亚洲带动经济效益1000亿！设计的产品DollyWink等大受欢迎。2011年以艺名为“MilkyBunny”作为歌手出道。2012年益若翼以倒数第二次恋爱饰演栗山遥作为演员出道 。2014创建自己的品牌EATME。
七日爱,七日爱,
金稻,金稻,金稻，是一种制作烟草的材料。是一种有名的金稻，他与其他的稻谷可不一样。我国最早的字典《说文》是这样写的：“烟，火气也。”烟的本义就是火气，是物品燃烧时产生的气体。由此产生了许多与烟有关的词语，常见的烟雾、烟霞、烟花、烟波、烟尘、烟春、烟柳、烟岛、烟径、烟浦、烟雪、烟野、烟村、烟郊、烟云、烟景等等。近现代，国人渐称之为烟。
楚,楚国,楚国（公元前1115年—公元前223年）是先秦时期位于长江流域的诸侯国，国君为芈姓、熊氏。周成王时期，封楚人首领熊绎为子爵，建立楚国。 楚国在周文、武之世开始崛起， 奄有江汉，史称“大启群蛮”。前704年，熊通僭越称王，是为楚武王。楚成王时，楚国在令尹子文的治理下更显强盛。楚庄王时，任用虞邱子、孙叔敖等贤臣，问鼎中原、邲之战大败晋国而称霸，开创春秋时期楚国最鼎盛的时代。进入战国，楚悼王任用吴起变法，一时间兵强马壮，初露称雄之势。楚宣王、楚威王时期，疆土西起大巴山、巫山、武陵山，东至大海，南起南岭，北至今河南中部、安徽和江苏北部、陕西东南部、山东西南部，幅员广阔。楚国至此进入了最鼎盛时期。楚怀王时期灭越国，但因为怀王用人不当以及秦相张仪欺诈导致国势渐衰。前223年，秦军攻破楚都寿春，楚国灭亡。前209年，楚地起义军将领项梁起事，在薛城立楚怀王的孙子“熊心”为新“楚怀王”，重新建立楚国，后项羽自立为西楚霸王，派人杀死楚怀王熊心。项羽在楚汉战争中兵败自杀，刘邦建立汉朝。
SinGee,singee,SINGEE（新购），新格精品作为一个精品云集平台，网站所有商品如想购买将自动转入淘宝网平台进行安全交易，让您交易安全放心。
Fabuloso,Fabuloso,Fabuloso位于波尔图，是家3星级酒店。酒店距离自由广场步行9分钟。
左右,左右,左右是一个汉语词汇，读音为zuǒyòu，有帮助，辅佐；袒护，保护等意思。出自《易·泰》：“辅相天地之宜，以左右民。”孔颖达疏：“左右，助也，以助养其人也。”《国语·晋语四》：“此三人者，实左右之。”
博若莱,博若莱,博若莱位于勃艮第的南部，有时也被归到勃艮第产区。属于较为典型的大陆性气候，夏天温度高，秋天干燥时间长，有利于佳美的成熟。博若莱地区北部多为山坡地貌，在坚硬的花岗岩层上覆盖着风化的碎石，硅土、矿物质含量较丰富，是10个特级葡萄园所在地，能酿造出口感浓郁，具有深度的佳美葡萄酒。南部则是一大片平原，多为浅薄黏土，主要用于酿造口味清爽的博若莱新酒。
JOSEPH JOSEPH,Joseph Joseph,
POKO,poko,.poko是日本的婴幼儿产品。poko是一家品牌钨金饰品，poko.show。poko是日本不二家棒棒糖的漫画形象人物名称：poko&peko。poko的英文翻译是人名，波克。
王妃,王妃,《王妃》是台湾歌手萧敬腾在2009年7月17日发行的第二张专辑，共收录了12首歌曲。专辑的制作人是李偲菘、李伟菘、阿弟仔、陈伟、萧敬腾等人共同担任。2009年，该专辑获得了新城国语力颁奖礼最佳演绎奖 、第十五届新加坡金曲奖最佳演绎男歌手奖、最受欢迎男歌手奖等奖项。
赛生,赛生,
凛然,凛然,凛然，形容令人敬畏的神态。如：凛然不可侵犯。《宋史·李芾传》：“强力过人，自旦治事至暮无倦色，夜率至三鼓始休，五鼓复起视事，望之凛然犹神明。”
RAPAS,RAPAS,
TOPO,TOPO,TOPO是集项目计划、任务分配、需求管理、错误跟踪、代码浏览、自动集成、知识共享于一体的商业软件，是一个协作式的软件研发平台。作为创新的研发管理平台，TOPO实现了统一的平台下提供研发项目管理、流程管理、团队协作完整解决方案，功能全面，界面友好，安装简单，配置灵活，权限管理以及可扩展性方面都十分出色。
麦迪生,麦迪生,“麦迪生”（OLEMATHIESENE）源自北欧的丹麦王国ARRIN（DENMARK）A/S（爱润）公司。是丹麦著名商标。方圆集团全权引进，并强力打造“麦迪生”床上用品系列。将中国的传统文化融入“麦迪生”的设计中在产品风格上寻求东西方文化的和谐统一。“麦迪生”床上用品以天然的高档纯棉面料和先进的印染技术，给人自然、温馨的舒适感受。形成了华贵典雅、浪漫温馨、舒适柔和、活泼卡通四大系列，上万个款式品种，满足不同消费者的需求。“麦迪生”以崇尚自然，奉献精品；完美品质源自创造的经营理念。给消费者送去一片浓浓的北欧风情，给成千上万个家庭带来甜蜜和温馨。
魅丝蔻,魅丝蔻,魅丝蔻是江西魅丝蔻化妆用品有限公司产品品牌
洁净,洁净,干净，洁净，整洁的意思。在数据修复过程中，排除硬盘物理故障的一个必不可少的环境就是洁净间。洁净间一般为100级、1000级、10000级、100000级几个等级，每一等级都对每立方米空气中大于一定直径灰尘的数量有严格的规定。
Bluetex,Bluetex,
安康信,安康信,安康信（通用名：依托考昔®），是一种选择性COX-2抑制剂，具有抗炎、镇痛和解热作用，适用于治疗骨关节炎急性期和慢性期的症状和体征，也可以治疗急性痛风性关节炎。由默沙东公司（在美国和加拿大被称为默克）研发、生产，目前已在包括中国在内的全球的84个国家和地区上市。安康信已被美国风湿病学会痛风诊治指南推荐用于急性痛风性关节炎的治疗。我国骨关节炎诊治指南以及中华医学会骨科学分会的骨科疼痛处理专家意见推荐有胃肠道风险的患者选用选择性COX-2抑制剂，可使用安康信。
弗兰,迭戈·弗兰,迭戈·弗兰，1979年5月19日生于蒙得维的亚，乌拉圭职业足球运动员。司职前锋。现效力于杰志足球俱乐部。迭戈·弗兰职业生涯开始于阿根廷独立足球俱乐部，于1998年加入。2002年1月，转会至英超曼彻斯特联足球俱乐部。同年进入乌拉圭国家足球队。2004年，转会至西甲比利亚雷亚尔足球俱乐部，并在2005年获得西甲金靴奖、欧洲金靴奖等荣誉。2007年，加盟另一支西甲球队马德里竞技足球俱乐部，并在2009年再次荣获西甲金靴奖以及欧洲金靴奖。2010年南非世界杯，带领球队获得世界杯殿军，个人荣获世界杯金球奖。2011年帮助球队获得第43届美洲杯冠军。同年9月，加盟意甲国际米兰足球俱乐部。2012年7月，加盟巴甲巴西国际足球俱乐部。2014年1月，加盟J联赛大阪樱花足球俱乐部。2015年3月，宣布退出乌拉圭国家足球队。同年6月，回国加盟乌拉甲佩纳罗尔足球俱乐部。2016年8月，加盟印超孟买城足球俱乐部 。2018年1月，加盟港超杰志足球俱乐部 。北京时间2017年12月2日，弗兰出席2018年俄罗斯世界杯抽签仪式。 
RIO,柚木提娜,柚木提娜（日文名：柚木ティナ）1986年10月29日出生于东京都，日本AV女优。2005年11月MAX-A公司制作的柚木提娜专属AV初次亮相。2006年，获得Videoboy最佳偶像奖第2位；2009年，票选成为最受欢迎美少女第一名。2015年12月，Rio传出即将引退的消息。 
樱爱,樱爱,《樱爱》是连载于17k小说的小说，作者是网散年了。
虎猫,虎猫,虎猫（学名：Leoparduspardalis）：共有10个亚种，躯体均匀，四肢中长，趾行性。头大而圆，吻部较短，视、听、嗅觉均很发达。犬齿及裂齿极发达；上裂齿具三齿尖，下裂齿具2齿尖；臼齿较退化，齿冠直径小于外侧门齿高度。皮毛柔软，具显著花纹。前足5趾，后足4趾；爪锋利，可伸缩。善攀缘及跳跃。喜独居。视觉十分灵敏，具有夜视能力。其食物包括猴类、蛇、啮齿类、鱼、两栖类和鸟，有时也捕食家养的小猪和禽类。是独居动物，只在交配的时候聚集。虎猫的孕期为70天，每胎可产2-4仔，在每年秋天产仔。分布于美洲，从美国得克萨斯州到阿根廷。
逗儿,逗儿,逗儿是广东雅丽洁集团精细化工有限公司的产品，于2003年，由吕宏喜创立，提供专业儿童洗护品牌服务。
京东众筹,京东众筹,2014年7月1日，京东众筹正式诞生，在新消费升级时代下，京东众筹不仅是一个为用户提供“与众，不同”的趋势性产品体验的品质生活平台，更是一个为创新创业企业发展提速的筹资与孵化平台。 
苏宇,苏宇,1941年生，湖南长沙人。广州美术学院工艺美术系研究生毕业，现任教于湖南师范大学艺术学院设计系，中国包装协会设计委员会委员，从事设计教育工作，多次荣获教学优秀奖，专业学术论文“创造性思维——设计教育之魂”获省学术论文二等奖。著有“美术高考强化训练”系列著作，在湖南设计教育界有广泛的影响。
SY,SY,SY是一个缩写，有多种含义。一是squareyard平方码。二是SteamYacht蒸汽机快艇SyrianArabRepublic，叙利亚。
甲正王,甲正王,甲正王是一款运行在Android平台的软件，大小为1.35MB。
蓝莲花,蓝莲花,歌曲《蓝莲花》由许巍作词作曲并演唱，选自专辑《时光·漫步》，多次作为歌曲被选入电影、电视剧。 
basicare,basicare,BasiCare国际知名美妆品品牌。已经成功销往世界上40多个国家，涉足于美容院发廊，SPA休闲馆，个人护理用品专卖店，各大零售超市，化妆品专柜等。BasiCare致力于提供给消费者简约、自然、基本，品质优良、价格合理的美妆相关商品。商品的设计并不凸现设计师的个人风格，而着重于平实好用、简约无华，及还原商品本质的手法。
青蛙王子,青蛙王子,青蛙王子（中国）日化有限公司，是一家领先于中国市场专注于儿童护理产品，融研发、生产制造、营销为一体的综合型、专业化经营企业。旗下“青蛙王子”品牌不仅以其健康、活泼、富有灵性的卡通形象，获得了小朋友们的青睐，更以其优异的产品质量，赢得了家长们的认可，目前已成为儿童个人护理产品的领先国内品牌之一。随着经济发展，中国消费者日益关注儿童护理产品。中国儿童护理有限公司（前称为青蛙王子国际控股有限公司） 始终坚持"专心致意，儿童护理"的经营理念，不断升级现有产品及开发符合客户及市场需求的新产品，不断增加研发活动资金并加强与国内外大学及研究机构的合作，坚持打造具有独特创新特色的品牌营销之路，呵护中国儿童的健康成长。
Duit,Duit,《Duit》是Kembara演唱的歌曲，所属专辑《SiriBintangPujaan》。
蓝杉,蓝杉,蓝杉是一种常绿树种。株高9—15米，冠幅3—6米。树形为柱状至金字塔状，结构紧凑。树形美观，为不多见的蓝色叶树种，可孤植或丛植于庭院、广场、草坪绿地、建筑物前等，作为欧美传统的彩叶观赏树种，也可作盆栽于室内观赏。
CLUB,club,club译为俱乐部，新造词汇又称可乐部，就是由企业、品牌经营者或个人出面组织，会员在自愿、互助、互惠的基础上自主参加，并有相应的权利和义务的自由协会、品牌会员、企业团体。“俱乐部”这个词是日本人对英文Club的音译，现在全球认可通用Club这一词。另有俱乐部专属.CLUB域名。
尚锦,尚锦,尚锦是一家徽菜馆，位于长治市。
百字,百字,百字，读音bǎizì，汉语词汇，很多字的意思。
佑天兰,佑天兰,佑天兰utena是日本的美容品牌。日本佑天兰utena成立于1927年，是日本历史悠久的化妆保养品公司，多数保养品更为日本人气商品，品质与效果，81年来一直深受日本女性的喜爱及肯定。
Utena,乌田纳,乌田纳（Utena）是立陶宛东北部的一座城市，是乌田纳区和乌田纳县的行政中心。乌田纳是立陶宛最早出现的聚居地之一，地名最早见于1261年，可能取自一个水文名称。
KDF,KDF,KDF用于活性炭过滤设备中具有明显的抑菌效果，美国环境保护署（USEPA）将KDF处理介质定为“微生物抑制装置”。KDF适用于氯气处理过的市政自来水，KDF水处理介质符合环保要求，是目前较为理想的水处理方法。其原理是利用氧化还原反应，KDF与水中氧化性有害物质进行电子交换，把许多有害物质变为无害物质。KDF目前有两种主要产品：KDF55和KDF85。KDF55处理介质使用反冲洗装置且寿命长，受污染时可用盐酸清洗。用KDF55处理介质可以进行高纯水生产预处理，在厨房水龙头到工业冷却水处理中均可应用。
Boots,Boots,《Boots》是由美国女歌手Kesha录唱的一首歌曲，歌曲被收录在歌手的第三张录音室专辑《Rainbow》中为第11首歌曲 。
tescoma,tescoma,Tescoma，泰斯科玛 品牌，1993年创始于意大利，拥有齐全的不锈钢厨具、餐具、厨房及餐桌配件，产品遍布全球50个国家，品牌获得一致好评。
emc,emc,EMC（易安信）为一家美国信息存储资讯科技公司，主要业务为信息存储及管理产品、服务和解决方案。EMC公司创建于1979年，总部在马萨诸塞州霍普金顿市。2003年，EMC收购了VMware。2015年10月，EMC被DELL收购。EMC公司的股票符号是EMC，在纽约股票交易所交易，并且是S&P500成份股之一。EMC作为全球领导厂商，帮助企业和服务提供商实现运营转型，交付IT即服务。这一转型的基础是云计算。EMC通过创新的产品和服务，加速云计算之旅，帮助IT部门以更灵活、更可信和成本效益更高的方式，存储、管理、保护和分析他们的最宝贵的资产——信息。2015年10月12日，戴尔与数据存储公司EMC的并购宣布完成，最终戴尔以670亿美元收购了EMC。 2016年8月31日，戴尔公司(DellInc.)周二表示，已取得中国监管机构的批准，计划于9月7日完成收购EMCCorp.(EMC)的交易 。
特惠美,特惠美,
EAORON,EAORON,EAORON 是澳大利亚健康产业有限公司旗下护肤品牌，品牌注册号：19499993。 
燕丽,燕丽,燕丽是树种，板栗学名。选育人:王同坤齐永顺张京政杨济民韩青瑞。
探戈,探戈,探戈（tango)是一种双人舞蹈，虽源于非洲，但流行于阿根廷。探戈最早期属于拉丁舞项目，后来演变成摩登舞五种舞项目之一，目前探戈是国际标准舞大赛的正式项目之一。 探戈舞伴奏音乐为2/4拍，但是顿挫感非常强烈的断奏式演奏，因此在实际演奏时，将每个四分音符化为两个八分音符，使每一小节有四个八分音符。
安俊,安俊,安俊，字智周，其先太原人。祖赟，高州团练使。仁宗为皇太子，俊以将家子谨厚，选为资善堂祗候。及即位，补右班殿直，累迁东头供奉官、阁门祗候，为环州都监。破赵元昊吃江、井那等诸砦，安抚使韩琦上其功，迁内殿崇班、环庆路都监，徙泾原。契丹欲渝盟，与狄青、范恪同召至京师，将使备北边，擢内园副使。翌日，改礼宾使。
千趣会,千趣会,千趣会，商标申请/注册号12671521，国际分类25，申请人名称株式会社千趣会。 
帕加马,帕加马王国,帕加马王国Pergamum（公元前281—133年）希腊化时期古国。位于小亚的西北部，首都帕加马城。伊普苏斯战役后，帕加马归吕辛马库斯统治。公元前281年，吕辛马库斯在与塞琉古的战争中兵败身亡，其派驻帕加马城的部下菲勒泰洛斯自立为王，归顺塞琉古王朝。公元前3世纪中期，塞琉古王朝发生内争，帕加马的阿塔罗斯一世乘乱独立。帕加马王国是希腊—马其顿人统治世界中的后起者。为了在塞琉古、马其顿和托勒密埃及的争夺中求得生存，为了在贫富分化剧烈的社会矛盾中维持统治，它不得不在外界寻求保护伞，而这时挺兵东进的罗马就成了帕加马王朝投靠的对象。帕加马最后一个国王阿塔罗斯三世立下遗嘱，将国家拱手让给罗马，帕加马王国的历史结束于公元前133年。
一默,一默,默者无言之意。诸佛菩萨或说或默，皆能显于妙理，故维摩经卷中三十二菩萨各说不二法门后，文殊师利问维摩 ‘何等是菩萨入不二法门’，时维摩默然无言。文殊叹道（大一四·五五一下）：‘善哉！善哉！乃至无有文字语言，是真入不二法门。’此即以无言遣言，正谏实相之意，故教内有‘维摩一默一声雷’之语。
纳彩,纳彩,纳彩，就是男女双方互赠礼物。纳彩，即纳其采择之礼于女家也。中国婚仪之一。民间传统婚礼的内容具体表现在婚姻礼仪过程。纳彩是古代婚仪六礼之一。
美露华,美露华,美露华，上海美臣化妆品有限公司的化妆品品牌，涵盖了多种类型化妆品，具体有：女士护肤产品、男士护肤产品、儿童护肤产品、彩妆产品、洗护产品、祛痘防晒等功效型产品。
贝贝怡,贝贝怡,贝贝怡 （Bornbay）是厦门蓓蕾初华网络科技有限公司旗下的婴幼服装品牌，经过近四年的高速发展，贝贝怡已经成为国内知名的婴幼儿内衣B2C品牌。
Bornbay,贝贝怡,贝贝怡 （Bornbay）是厦门蓓蕾初华网络科技有限公司旗下的婴幼服装品牌，经过近四年的高速发展，贝贝怡已经成为国内知名的婴幼儿内衣B2C品牌。
家的感觉,家的感觉,《家的感觉》是勇钢演唱的歌曲，勇钢填词，勇钢编曲。
apache,apache, Apache是世界使用排名第一的Web服务器软件。它可以运行在几乎所有广泛使用的计算机平台上，由于其跨平台和安全性被广泛使用，是最流行的Web服务器端软件之一。它快速、可靠并且可通过简单的API扩充，将Perl/Python等解释器编译到服务器中。同时Apache音译为阿帕奇，是北美印第安人的一个部落，叫阿帕奇族，在美国的西南部。也是一个基金会的名称、一种武装直升机等等。
IOPE,IOPE,IOPE 是韩国最大的化妆品公司—爱茉莉太平洋集团出品的顶级系列化妆品，创始于1945年，2007年获得英国kifus化妆品有限公司技术配方支持。IOPE是植物萃取物的复合体的简称。IOPE是太平洋株式会社出品的顶级系列化妆品。IOPE是在韩国首次推出的医学化妆品。
伊诗兰顿,伊诗兰顿,伊诗兰顿是广州阿丽斯化妆品有限公司旗下植物护肤品牌。 
Zoli,Zoli,Zoli，演员，主要作品有2009年上映的《女孩自毁之生活指南》。
cosmos,COSMOS,COSMOS是次元文化于2017年1月15日推出的男子养成系偶像组合，包括李向哲、陈斯琪、马哲文、徐鹤尼、张家铭、林以薛、张曦晨等7名成员 。2017年1月15日，COSMOS正式出道 ；2月，COSMOS发行组合首支单曲《Idon'tknow》 ；3月，推出白色情人节单曲《LoveLine》 ；同年7月，COSMOS获得首届“ChinaJoyeLive红鹰奖”年度超人气组合奖 。2018年3月，团队成员参加爱奇艺综艺节目《偶像练习生》 。
倍加洁,倍加洁,倍加洁，系扬州明星牙刷有限公司旗下自有品牌，公司先后从德国和台湾引进世界先进生产设备（线），已形成日产牙刷100多万支的生产能力。经过多年的努力，公司已发展成为一家专业生产牙刷、湿巾等个人护理用品，年销售额超过2亿元的生产企业。2000年10月，在国内同行中率先通过ISO9002认证，并于2004年通过了SGS的2000版换版认证，于2008年在同行业中率先获得“国家免检”称号。
无限极,无限极,“无限极”是无限极（中国）有限公司——原“南方李锦记有限公司”的核心品牌、香港李锦记集团旗下专门从事中草药健康产品开发与销售的独资子公司。成立于1992年，以“无限极”为核心品牌，是一家从事中草药健康产品开发、生产及销售的大型港资企业，总部位于中国广州。 
知竹,知竹,《知竹》是连载于晋江文学城的近代现代小说，作者是恋故。
龙士达,龙士达,龙士达控股集团总部设在辽宁沈阳，是东北最大的集设计研发、产销承包、安装制造于一体的大型综合性生产企业。
王麻子,王麻子,"南有张小泉，北有王麻子"，这是近代在剪刀行业中出现的两名"状元"。老北京的王麻子刀剪铺原是宣武门外菜市口附近的一家卖火镰、剪刀的杂货铺，铺名"刀顺号"。
欧树,欧树,欧树NUXE是法国纯植物美容品牌，创立于1957年。欧树NUXE崇尚自然，创立伊始便坚持独创，注重优选成分，不一味追逐潮流，成为天然美学的领导品牌。欧树NUXE结合现代科技和植物及芳香精油能量，创造出蕴含丰富天然活性成份的温和护肤产品，细腻柔滑，精致优雅，让用户感受源于大自然的轻松舒畅。1989年由崇尚植物与芳香疗法的知名法国女企业家AlizaJabes收购，并已经密如制药厂般的制作过程，经严密的企业行销于品质塑造，更促使NUXE成为天然美学的教主品牌。
Nuxe,NUXE,NUXE是法国纯植物美容品牌，创立于1957年。NUXE崇尚自然，创立伊始便坚持独创，注重优选成分，不一味追逐潮流，成为天然美学的领导品牌。NUXE结合现代科技和植物及芳香精油能量，创造出蕴含丰富天然活性成份的温和护肤产品，细腻柔滑，精致优雅，让用户感受源于大自然的轻松舒畅。1989年由崇尚植物与芳香疗法的知名法国女企业家AlizaJabes收购，并已经密如制药厂般的制作过程，经严密的企业行销于品质塑造，更促使NUXE成为天然美学的教主品牌。
露兰姬娜,露兰姬娜,露兰姬娜，2009年，露兰姬娜品牌邀请国内著名节目主持人谢娜倾情代言。著名节目主持人谢娜来到广东清远，出席了她代言的化妆品牌—露兰姬娜·姿维雅的新品宣传活动。
健安喜,健安喜,GNC在1935年，DavidShakarian在匹兹堡成立了一家专门贩售食品的小店，称之为Lackzoom。akarian's于418WoodStreetBS。美国GNC健安喜为全球闻名之优良营养食品公司，在全球拥有5000多家连锁店；500多万个金卡会员；在亚洲地区包括新加坡、台湾、菲律宾、马来西亚、印尼、香港等地，均有连锁店的成立。
GNC,健安喜,GNC在1935年，DavidShakarian在匹兹堡成立了一家专门贩售食品的小店，称之为Lackzoom。akarian's于418WoodStreetBS。美国GNC健安喜为全球闻名之优良营养食品公司，在全球拥有5000多家连锁店；500多万个金卡会员；在亚洲地区包括新加坡、台湾、菲律宾、马来西亚、印尼、香港等地，均有连锁店的成立。
琴叶,琴叶,“琴叶”是化妆品及洗发液用品品牌，主要商品服务有洗发液;化妆品;去渍剂;上光剂;梳妆用品;香;香精油;香水;牙膏;动物用化妆品多个系列产品。 
