圣罗兰,YSL,YSL（YvesSaintlaurent）的简称，中文译名圣罗兰，是法国著名奢侈品牌，由1936年8月1日出生于法属北非阿尔及利亚的伊夫圣罗兰先生创立，主要有时装、护肤品，香水，箱包，眼镜，配饰等。家境优渥，在成长过程中不乏接触高级时装珠宝的机会，久而久之累积酝酿起对于时装的热诚。17岁时只身前往时尚之都巴黎学习美术，不久后即转移到服装画的领域内。18岁时，他一举夺得时装设计比赛的冠军，被引荐到ChristianDior旗下工作，担任Dior的副手。
YSL,YSL,YSL（YvesSaintlaurent）的简称，中文译名圣罗兰，是法国著名奢侈品牌，由1936年8月1日出生于法属北非阿尔及利亚的伊夫圣罗兰先生创立，主要有时装、护肤品，香水，箱包，眼镜，配饰等。家境优渥，在成长过程中不乏接触高级时装珠宝的机会，久而久之累积酝酿起对于时装的热诚。17岁时只身前往时尚之都巴黎学习美术，不久后即转移到服装画的领域内。18岁时，他一举夺得时装设计比赛的冠军，被引荐到ChristianDior旗下工作，担任Dior的副手。
美宝莲,美宝莲,Maybelline的名字是由美国化学家威廉姆斯的妹妹的名字（Maybel）以及凡士林（Vaseline）的后半部分组成的。美宝莲纽约于1917年成立之时，生产出了世界上第一支现代眼部化妆品：美宝莲纽约块状睫毛膏(MaybellineCakeMascara)。如今，美宝莲纽约已经成为了一个具有传奇色彩的全球化妆品先驱公司。世界90多个国家及城市中，美宝莲纽约已经成为第一个针对女性生产化妆及护肤品的公司。至今已经有了100年品牌历史。美宝莲纽约（MaybellineNewYork）提供包括专业脸部彩妆、眼部彩妆、唇部彩妆产品。美宝莲纽约在中国出售的纯矿物油粉底销量雄踞第一，并建立第一条生产帮助改善皮肤的矿物粉底生产线。美宝莲纽约在纽约成立了城市肌肤研究所，旨在研究城市居住环境对女性肌肤的影响，同时针对城市肌肤，生产一系列将以种籽为配方的护肤产品，从大自然探寻到肌肤的净化力量，让肌肤保持自然美丽。
迪奥,迪奥,克里斯汀·迪奥（英语：ChristianDior），简称迪奥（Dior），是法国著名时尚消费品牌。亦为全球最大的高级时尚品牌控股公司：LVMH酩悦轩尼诗路易威登集团的母公司（MoëtHennessy-LouisVuittonLVMHGroup）路威酩轩集团，是一法国酒业与高价奢侈品制造集团。Dior握有LVMHGroup42.38%的普通股及59.3%的表决权。迪奥公司由法国时装设计师克里斯汀·迪奥（ChristianDior，1905年1月21日－1957年10月24日）创立，总部设在巴黎。主要经营女装、男装、首饰、香水、化妆品、童装等高档消费品。其男装品牌现已独立为迪奥男装。 
Dior,迪奥,克里斯汀·迪奥（英语：ChristianDior），简称迪奥（Dior），是法国著名时尚消费品牌。亦为全球最大的高级时尚品牌控股公司：LVMH酩悦轩尼诗路易威登集团的母公司（MoëtHennessy-LouisVuittonLVMHGroup）路威酩轩集团，是一法国酒业与高价奢侈品制造集团。Dior握有LVMHGroup42.38%的普通股及59.3%的表决权。迪奥公司由法国时装设计师克里斯汀·迪奥（ChristianDior，1905年1月21日－1957年10月24日）创立，总部设在巴黎。主要经营女装、男装、首饰、香水、化妆品、童装等高档消费品。其男装品牌现已独立为迪奥男装。 
香奈儿,香奈儿,香奈儿（Chanel）是一个法国奢侈品品牌，创始人是CocoChanel（原名是GabrielleBonheurChanel，中文名是加布里埃·可可·香奈儿），该品牌于1910年在法国巴黎创立。该品牌产品种类繁多，有服装、珠宝饰品及其配件、化妆品、护肤品、香水等。该品牌的时装设计有高雅、简洁、精美的风格，在20世纪40年代就成功地将“五花大绑”的女装推向简单、舒适的设计。
Chanel,香奈儿,香奈儿（Chanel）是一个法国奢侈品品牌，创始人是CocoChanel（原名是GabrielleBonheurChanel，中文名是加布里埃·可可·香奈儿），该品牌于1910年在法国巴黎创立。该品牌产品种类繁多，有服装、珠宝饰品及其配件、化妆品、护肤品、香水等。该品牌的时装设计有高雅、简洁、精美的风格，在20世纪40年代就成功地将“五花大绑”的女装推向简单、舒适的设计。
玛丽黛佳,玛丽黛佳,玛丽黛佳，是一个化妆品品牌。玛丽黛佳秉承“自由、创意、艺术”的精神，一直努力坚持并倡导着“新艺术彩妆”的品牌理念。它勇于追求生活的本真艺术，试图打破传统艺术和美学理念的束缚，通过吸纳不同艺术领域的精髓，创造出一种新的但又不等同于现代流行的大众艺术风格，实现将纯艺术与彩妆的实用艺术完美跨界融合。 玛丽黛佳，一个不断变化着的新艺术彩妆，它描绘着你一生的美丽！
卡姿兰,卡姿兰,卡姿兰，时尚彩妆领导品牌，始终坚持并倡导“活出经典”的时尚美妆理念，用“年轻、轻经典”的创意灵感指引彩妆潮流趋势，不断开发高品质彩妆产品，让年轻爱美女性永远走在时尚的尖端。 
Carslan,卡姿兰,卡姿兰，时尚彩妆领导品牌，始终坚持并倡导“活出经典”的时尚美妆理念，用“年轻、轻经典”的创意灵感指引彩妆潮流趋势，不断开发高品质彩妆产品，让年轻爱美女性永远走在时尚的尖端。 
纪梵希,纪梵希,纪梵希(Givenchy)是来自法国的时装品牌，优美、简洁、典雅是纪梵希最大特点，纪梵希最初以香水为其主要产品，后开始涉足护肤及彩妆事业。在世界品牌实验室编制的2006年度《世界品牌500强》排行榜中名列第411位。
Givenchy,纪梵希,纪梵希(Givenchy)是来自法国的时装品牌，优美、简洁、典雅是纪梵希最大特点，纪梵希最初以香水为其主要产品，后开始涉足护肤及彩妆事业。在世界品牌实验室编制的2006年度《世界品牌500强》排行榜中名列第411位。
阿玛尼,阿玛尼,阿玛尼（Armani）是世界知名奢侈品牌，1975年由时尚设计大师乔治·阿玛尼（GiorgioArmani）创立于意大利米兰，他以使用新型面料及优良制作而闻名。 阿玛尼品牌标志是由一只在往右看的雄鹰变形而成。
ARMANI,ARMANI,ARMANI是以服装设计师GiorgioArmani命名的一个服饰品牌，包括13个服装品牌系列，有低价位的EmporioArmani和运动系列A/XArmaniExchange，同时还包括牛仔，Armani内衣，配件和香氛。
欧莱雅,欧莱雅（法国）化妆品集团公司,欧莱雅集团是法国的化妆品公司，创办于1907年。欧莱雅集团是美妆品行业中的领导者，经营范围遍及130多个国家和地区，在全球拥有283家分公司、42家工厂、100多个代理商，以及5万多名的员工，是总部设于法国的跨国公司，也是财富全球500强企业之一。2016年6月8日，《2016年BrandZ全球最具价值品牌百强榜》公布，欧莱雅排第36名。 
兰蔻,兰蔻,兰蔻1935年诞生于法国，是由ArmandPetitjean（阿曼达·珀蒂让）创办的品牌。作为全球知名的高端化妆品品牌，兰蔻涉足护肤、彩妆、香水等多个产品领域，主要面向教育程度、收入水平较高，年龄在25～40岁的成熟女性 。凭借着对香水的天才敏感嗅觉、执着不懈的冒险精神，以及他立志让法国品牌在当时已被美国品牌垄断的全球化妆品市场占有一席之地的抱负，兰蔻为世界化妆品历史写下美的一页。一支来自法国古堡的玫瑰，凭借着气质，在变幻莫测的女性心理间，在捉摸不定的时尚法则中，足足绽放了六十年。
LANCOME,兰蔻,兰蔻1935年诞生于法国，是由ArmandPetitjean（阿曼达·珀蒂让）创办的品牌。作为全球知名的高端化妆品品牌，兰蔻涉足护肤、彩妆、香水等多个产品领域，主要面向教育程度、收入水平较高，年龄在25～40岁的成熟女性 。凭借着对香水的天才敏感嗅觉、执着不懈的冒险精神，以及他立志让法国品牌在当时已被美国品牌垄断的全球化妆品市场占有一席之地的抱负，兰蔻为世界化妆品历史写下美的一页。一支来自法国古堡的玫瑰，凭借着气质，在变幻莫测的女性心理间，在捉摸不定的时尚法则中，足足绽放了六十年。
雅诗兰黛,雅诗兰黛,雅诗兰黛是美国雅诗兰黛公司旗下的化妆品旗舰品牌，以抗衰修护护肤品闻名。雅诗兰黛公司是全球领先的大型生产商和销售商。1946年雅诗兰黛公司成立于美国纽约，拥有护肤品品牌Clinique（倩碧）、LaMer（海蓝之谜）、LABSERIES（朗仕）、Prescriptives、Origins（悦木之源），以及化妆品品牌BobbiBrown、M·A·C，和男性香水品牌Aramis等等，同时，该公司也为7大美国顶级时装品牌，比如DonnaKaran、MichaelKors等进行香水的贴牌生产。
Estee Lauder,雅诗·兰黛,雅诗·兰黛(EsteeLauder)全球最大的护肤、化妆品和香水公司之一，与其创始人同名。雅诗兰黛公司创立于1946年。
dior,迪奥,克里斯汀·迪奥（英语：ChristianDior），简称迪奥（Dior），是法国著名时尚消费品牌。亦为全球最大的高级时尚品牌控股公司：LVMH酩悦轩尼诗路易威登集团的母公司（MoëtHennessy-LouisVuittonLVMHGroup）路威酩轩集团，是一法国酒业与高价奢侈品制造集团。Dior握有LVMHGroup42.38%的普通股及59.3%的表决权。迪奥公司由法国时装设计师克里斯汀·迪奥（ChristianDior，1905年1月21日－1957年10月24日）创立，总部设在巴黎。主要经营女装、男装、首饰、香水、化妆品、童装等高档消费品。其男装品牌现已独立为迪奥男装。 
魅可,M.A.C,M·A·C是雅诗兰黛化妆品集团旗下第一个非由兰黛夫人自创的品牌。M·A·C的耀眼光芒，吸引了雅诗兰黛集团慧眼拾得这块熠熠生辉的美玉。而在雅诗兰黛集团的协助与支持之下，M·A·C的优异特质才得以被发掘、散播，从北美地区远扬至欧亚各国。
M.A.C,M.A.C,M·A·C是雅诗兰黛化妆品集团旗下第一个非由兰黛夫人自创的品牌。M·A·C的耀眼光芒，吸引了雅诗兰黛集团慧眼拾得这块熠熠生辉的美玉。而在雅诗兰黛集团的协助与支持之下，M·A·C的优异特质才得以被发掘、散播，从北美地区远扬至欧亚各国。
范思哲,范思哲,范思哲创立于1978年，品牌标志是神话中的蛇发女妖美杜莎（Medusa），代表着致命的吸引力。来自意大利知名的奢侈品牌范思哲（Versace）创造了一个独特的时尚帝国，代表着一个品牌家族，它的时尚产品统领了生活的每个领域，其鲜明的设计风格，独特的美感，极强的先锋艺术表征让它风靡全球。范思哲的设计风格鲜明，是独特的美感极强的先锋艺术的象征。其中最魅力独具的是那些展示充满文艺复兴时期特色的华丽的具有丰富想象力的女装款式，它们性感漂亮，女性味十足，色彩鲜艳，既有歌剧式的超平现实的华丽，又能充分考虑穿着舒适性及恰当地修饰体型。范思哲还经营香水、眼镜、领带、皮件、包袋、瓷器、玻璃器皿、丝巾、羽绒制品、家具产品等。范思哲的设计风格鲜明，独特的先锋艺术表征让他风靡全球，他强调快乐与性感，领口常开到腰部以下，拮取了古典贵族风格的豪华、奢丽，又能充分考虑穿着舒适及恰当的显示体型，在考虑不同的人的所需的同时更是一直坚持自己的风格。范思哲善于采用高贵豪华的面料，借助斜裁方式，在生硬的几何线条与柔和的身体曲线间巧妙过渡，范思哲的作品等都以线条为标志，性感地表达女性的身体，比起其他的品牌更提高了一个层面。范思哲标志设计运用象征的手法，采用神话中蛇妖美杜莎的造型作为精神象征所在，汲取古希腊、埃及、印度等的瑰丽文化打造而成。美杜莎代表着致命的吸引力，它象征着范思哲不仅有着超脱歌剧式的华丽，极强的先锋潮流艺术特征受到世人的追捧。
VERSACE,范思哲,范思哲创立于1978年，品牌标志是神话中的蛇发女妖美杜莎（Medusa），代表着致命的吸引力。来自意大利知名的奢侈品牌范思哲（Versace）创造了一个独特的时尚帝国，代表着一个品牌家族，它的时尚产品统领了生活的每个领域，其鲜明的设计风格，独特的美感，极强的先锋艺术表征让它风靡全球。范思哲的设计风格鲜明，是独特的美感极强的先锋艺术的象征。其中最魅力独具的是那些展示充满文艺复兴时期特色的华丽的具有丰富想象力的女装款式，它们性感漂亮，女性味十足，色彩鲜艳，既有歌剧式的超平现实的华丽，又能充分考虑穿着舒适性及恰当地修饰体型。范思哲还经营香水、眼镜、领带、皮件、包袋、瓷器、玻璃器皿、丝巾、羽绒制品、家具产品等。范思哲的设计风格鲜明，独特的先锋艺术表征让他风靡全球，他强调快乐与性感，领口常开到腰部以下，拮取了古典贵族风格的豪华、奢丽，又能充分考虑穿着舒适及恰当的显示体型，在考虑不同的人的所需的同时更是一直坚持自己的风格。范思哲善于采用高贵豪华的面料，借助斜裁方式，在生硬的几何线条与柔和的身体曲线间巧妙过渡，范思哲的作品等都以线条为标志，性感地表达女性的身体，比起其他的品牌更提高了一个层面。范思哲标志设计运用象征的手法，采用神话中蛇妖美杜莎的造型作为精神象征所在，汲取古希腊、埃及、印度等的瑰丽文化打造而成。美杜莎代表着致命的吸引力，它象征着范思哲不仅有着超脱歌剧式的华丽，极强的先锋潮流艺术特征受到世人的追捧。
TOM FORD,汤姆·福特,汤姆·福特（TomFord），1961年8月27日出生于奥斯汀。设计师、导演、制作人、编剧；在1990年至1999年任职古驰的创意总监，1999年至2004年任职YSL的创意总监，2006年创立个人品牌“TomFord”；在2009年上映执导电影《单身男子》 、在2016年上映执导电影《夜行动物》 。
古驰,古驰,古驰是意大利的知名品牌一向以高档、豪华、性感而闻名于世，古驰现在是意大利最大的时装集团。
GUCCI,GUCCI,Gucci，意大利时装品牌，由古驰奥·古驰在1921年于意大利佛罗伦萨创办。古驰的产品包括时装、皮具、皮鞋、手表、领带、丝巾、香水、家居用品及宠物用品等，中文译作古驰。GUCCI品牌时装一向以高档、豪华、性感而闻名于世，以“身份与财富之象征”品牌形象成为富有上流社会的消费宠儿，一向被商界人士垂青，时尚又不失高雅。古驰现在是意大利最大的时装集团。古驰--永恒而经典并深受明星们的青睐，品牌灵感源自演员，公主和名媛等杰出女性。如今其创作总监：弗里达·贾娜妮(FridaGiannini)将这一历史悠久的品牌推向了全新的高度。其产品包括：经典鞋履，奢华手袋，珠宝手表等。2016年6月8日，《2016年BrandZ全球最具价值品牌百强榜》公布，Gucci排第80名。
伊蒂之屋,伊蒂之屋,伊蒂之屋ETUDEHOUSE是韩国第一化妆品集团爱茉莉太平洋集团旗下直营的甜美彩妆品牌，也是集团在中国大陆五大品牌中唯一的彩妆品牌，以其粉红、梦幻的公主风格和潮流创意的化妆品深受世界各地女性的喜爱。曾为中国少女所熟知的“爱丽”、“爱丽小屋”。由品牌直营在中国开设单品牌独立门店。现在ETUDEHOUSE伊蒂之屋的代言人是韩国人气女团f(x)的成员郑秀晶Krystal。
ETUDE HOUSE,伊蒂之屋,伊蒂之屋ETUDEHOUSE是韩国第一化妆品集团爱茉莉太平洋集团旗下直营的甜美彩妆品牌，也是集团在中国大陆五大品牌中唯一的彩妆品牌，以其粉红、梦幻的公主风格和潮流创意的化妆品深受世界各地女性的喜爱。曾为中国少女所熟知的“爱丽”、“爱丽小屋”。由品牌直营在中国开设单品牌独立门店。现在ETUDEHOUSE伊蒂之屋的代言人是韩国人气女团f(x)的成员郑秀晶Krystal。
蜜丝佛陀,蜜丝佛陀,蜜丝佛陀由现代MaxFactor于1909年在好莱坞创立。品牌创立至今，一直被全球彩妆师奉为挚爱，被誉为“化妆师的化妆品”。百年来，蜜丝佛陀一直坚持与全球知名彩妆大师合作，为更多女性的绽放魅丽带来灵感！ 
MAXFACTOR,蜜丝佛陀,蜜丝佛陀由现代MaxFactor于1909年在好莱坞创立。品牌创立至今，一直被全球彩妆师奉为挚爱，被誉为“化妆师的化妆品”。百年来，蜜丝佛陀一直坚持与全球知名彩妆大师合作，为更多女性的绽放魅丽带来灵感！ 
露华浓,露华浓,露华浓是露华浓公司的品牌。1932年，露华浓公司成立于纽约，创始人是查尔斯·郎佛迅、约瑟夫·郎佛迅兄弟和化学家查尔斯·郎曼。
爱丽小屋,伊蒂之屋,伊蒂之屋ETUDEHOUSE是韩国第一化妆品集团爱茉莉太平洋集团旗下直营的甜美彩妆品牌，也是集团在中国大陆五大品牌中唯一的彩妆品牌，以其粉红、梦幻的公主风格和潮流创意的化妆品深受世界各地女性的喜爱。曾为中国少女所熟知的“爱丽”、“爱丽小屋”。由品牌直营在中国开设单品牌独立门店。现在ETUDEHOUSE伊蒂之屋的代言人是韩国人气女团f(x)的成员郑秀晶Krystal。
自然堂,自然堂,自然堂，伽蓝（集团）股份有限公司旗下产品，2001年创立于上海。以天人合一的中国哲学思想为基础，倡导乐享自然，美丽生活的理念，针对中国人的文化、饮食和肌肤特点研制，甄选珍稀天然成分融合先进科技，致力于为中国消费者提供更好更专业品质的产品和服务。
菲拉格慕,菲拉格慕,菲拉格慕(Ferragamo)是意大利的女鞋王国，1927年诞生。创造力、激情和韧性是Ferragamo家族恒久不变的价值观，并代代相传。因为SalvatoreFerragamo异常关注质量和细节，他赢得了"明星御用皮鞋匠"的称号。而今，SalvatoreFerragamo是皮鞋、皮革制品、配件、服装和香氛的世界顶级的设计者之一。风格华贵典雅，实用性和款式并重，以传统手工设计和款式新颖誉满全球。
Ferragamo,菲拉格慕,菲拉格慕(Ferragamo)是意大利的女鞋王国，1927年诞生。创造力、激情和韧性是Ferragamo家族恒久不变的价值观，并代代相传。因为SalvatoreFerragamo异常关注质量和细节，他赢得了"明星御用皮鞋匠"的称号。而今，SalvatoreFerragamo是皮鞋、皮革制品、配件、服装和香氛的世界顶级的设计者之一。风格华贵典雅，实用性和款式并重，以传统手工设计和款式新颖誉满全球。
姬芮,za,Za是为追求自信活力之美的女性而创立的化妆品品牌。 Za化妆品轻松简便的护肤步骤与彩妆理念，无需专业技巧就能缔造自然美颜。 Za护肤令个性时尚的你展现更多不一样的魅力。 其护肤系列能为肌肤注入更多自身修护能力，实现健康肌肤宛若天生的魅力。 Za彩妆系列打造卓越妆效，使肌肤呈现自然美丽。 
ZA,za,Za是为追求自信活力之美的女性而创立的化妆品品牌。 Za化妆品轻松简便的护肤步骤与彩妆理念，无需专业技巧就能缔造自然美颜。 Za护肤令个性时尚的你展现更多不一样的魅力。 其护肤系列能为肌肤注入更多自身修护能力，实现健康肌肤宛若天生的魅力。 Za彩妆系列打造卓越妆效，使肌肤呈现自然美丽。 
兰芝,兰芝,韩国女性对美的向往以及对美好生活的追求，并没有因为战争和贫穷的生活重担而消失，相反更加强烈了。眼光锐利的徐大根先生（爱茉莉太平洋集团创始人），从战场上归来。细心的他对韩国女性们这种积极向上、向往美好生活的热情所感动，悉心钻研，从零开始，购买原料拿回自己家里配制，经过不断的探索和努力，终于开发出韩国的第一瓶雪花霜。随后，徐大根先生在早高丽化妆品CORENER开了化妆品店，吸引了众多的爱美女性，激发了她们重拾美丽的梦想。兰芝与水：在法语里，laneige意味着雪，冬去春来，雪幻化成水，第一道融雪幻化出的曙光，水和光的“浪漫相遇”。如今爱茉莉太平洋集团已是韩国最大的化妆品公司，拥有250多位科研人员、3个科研机构、并成为韩国本地排名第一、世界排名前二十名的国际化妆品集团。到了二十世纪九十年代，爱茉莉太平洋集团将清新快乐的美丽文化融入到了LΛNEIGE兰芝这个灵感源于韩国东海岸的品牌中。“水”和“光”所构成的是LΛNEIGE兰芝快乐的内涵。
LANEIGE,兰芝,韩国女性对美的向往以及对美好生活的追求，并没有因为战争和贫穷的生活重担而消失，相反更加强烈了。眼光锐利的徐大根先生（爱茉莉太平洋集团创始人），从战场上归来。细心的他对韩国女性们这种积极向上、向往美好生活的热情所感动，悉心钻研，从零开始，购买原料拿回自己家里配制，经过不断的探索和努力，终于开发出韩国的第一瓶雪花霜。随后，徐大根先生在早高丽化妆品CORENER开了化妆品店，吸引了众多的爱美女性，激发了她们重拾美丽的梦想。兰芝与水：在法语里，laneige意味着雪，冬去春来，雪幻化成水，第一道融雪幻化出的曙光，水和光的“浪漫相遇”。如今爱茉莉太平洋集团已是韩国最大的化妆品公司，拥有250多位科研人员、3个科研机构、并成为韩国本地排名第一、世界排名前二十名的国际化妆品集团。到了二十世纪九十年代，爱茉莉太平洋集团将清新快乐的美丽文化融入到了LΛNEIGE兰芝这个灵感源于韩国东海岸的品牌中。“水”和“光”所构成的是LΛNEIGE兰芝快乐的内涵。
宝格丽,宝格丽,宝格丽（BVLGARI ）成立于1884年 ，是意大利珠宝品牌 。1879年，索帝里欧·宝格丽举家移民到意大利的那不勒斯，1884年他在罗马开了一家银器店，专门出售精美的银制雕刻品。宝格丽在首饰生产中以色彩为设计精髓，独创性地用多种不同颜色的宝石进行搭配组合，再运用不同材质的底座，以凸显宝石的耀眼色彩。
BVLGARI,宝格丽,宝格丽（BVLGARI ）成立于1884年 ，是意大利珠宝品牌 。1879年，索帝里欧·宝格丽举家移民到意大利的那不勒斯，1884年他在罗马开了一家银器店，专门出售精美的银制雕刻品。宝格丽在首饰生产中以色彩为设计精髓，独创性地用多种不同颜色的宝石进行搭配组合，再运用不同材质的底座，以凸显宝石的耀眼色彩。
资生堂,资生堂,资生堂（Shiseido），是日本著名的化妆品品牌。取名源自中文《易经》中的“至哉坤元，万物资生”，资生堂的涵义为孕育新生命，创造新价值。“至哉坤元，万物资生”意为“赞美大地的美德，她哺育了新的生命，创造了新的价值。”这一名称正是资生堂公司形象的反映，是将东方的美学及意识与西方的技术及商业实践相结合，将先进技术与传统理念相结合，用西方文化诠释含蓄的东方文化。资生堂是株式会社资生堂（ShiseidoCompanyLimited）旗下品牌，总部在东京都中央区银座7丁目5番5号(104-0061)，于1872年创立，注册资金645亿日元。总经理兼董事长末川久幸，销售额6442亿日元（截止2010年3月），集团员工人数约29000名（截止至2010年3月）。
Shiseido,资生堂,资生堂（Shiseido），是日本著名的化妆品品牌。取名源自中文《易经》中的“至哉坤元，万物资生”，资生堂的涵义为孕育新生命，创造新价值。“至哉坤元，万物资生”意为“赞美大地的美德，她哺育了新的生命，创造了新的价值。”这一名称正是资生堂公司形象的反映，是将东方的美学及意识与西方的技术及商业实践相结合，将先进技术与传统理念相结合，用西方文化诠释含蓄的东方文化。资生堂是株式会社资生堂（ShiseidoCompanyLimited）旗下品牌，总部在东京都中央区银座7丁目5番5号(104-0061)，于1872年创立，注册资金645亿日元。总经理兼董事长末川久幸，销售额6442亿日元（截止2010年3月），集团员工人数约29000名（截止至2010年3月）。
谜尚,谜尚,MISSHA谜尚是韩国三大化妆品集团之一ABLEC&C株式会社旗下品牌，它谜尚倡导用合理的价格提供生活必需品的高档化妆品，拥有护肤、彩妆、特殊功能化妆品及工具等共500余种多样化的产品。谜尚化妆品主要包括谜尚妆前乳、谜尚BB霜、谜尚睫毛膏、谜尚眼影、谜尚面膜、谜尚遮瑕膏等。其产品一直深受韩国女性追捧，同时也深受韩国明星的喜爱和拥护。2007年获得英国科夫氏化妆品有限公司技术配方支持。2009年，谜尚在韩国已经开设366家门店，拥有720万名会员的支持。不仅如此，其在海外市场也迅速扩张，目前已在海外开始400家门店，涉及中国大陆、美国、澳大利亚、中国香港、泰国、中国台湾、新加坡、日本、中国澳门16个国家和地区，成为韩国化妆品牌在海外门店最多的品牌。
MISSHA,谜尚,MISSHA谜尚是韩国三大化妆品集团之一ABLEC&C株式会社旗下品牌，它谜尚倡导用合理的价格提供生活必需品的高档化妆品，拥有护肤、彩妆、特殊功能化妆品及工具等共500余种多样化的产品。谜尚化妆品主要包括谜尚妆前乳、谜尚BB霜、谜尚睫毛膏、谜尚眼影、谜尚面膜、谜尚遮瑕膏等。其产品一直深受韩国女性追捧，同时也深受韩国明星的喜爱和拥护。2007年获得英国科夫氏化妆品有限公司技术配方支持。2009年，谜尚在韩国已经开设366家门店，拥有720万名会员的支持。不仅如此，其在海外市场也迅速扩张，目前已在海外开始400家门店，涉及中国大陆、美国、澳大利亚、中国香港、泰国、中国台湾、新加坡、日本、中国澳门16个国家和地区，成为韩国化妆品牌在海外门店最多的品牌。
爱马仕,爱马仕,爱马仕（Hermès）是世界著名的奢侈品品牌，1837年由ThierryHermès创立于法国巴黎，早年以制造高级马具起家，迄今已有180年的悠久历史。2017年6月，《2017年BrandZ最具价值全球品牌100强》公布，爱马仕在全球排名第41位。 爱马仕（Hermes）从1837年在巴黎开设首家马具店以来的180年间，就一直以精美的手工和贵族式的设计风格立足于经典服饰品牌的颠峰。它奢侈、保守、尊贵，整个品牌由整体到细节，再到它的专卖店，都弥漫着浓郁的以罗马文化为中心的深厚底蕴。
HERMES,hermes,Hermes，法国著名时装及奢侈品的品牌，大中华区统一中文译名为“爱马仕”。早年以制造高级马具闻名于法国巴黎，及后推出的箱包、服装、丝巾、香水、珐琅，饰品及家居用品，令品牌更全面多样化。爱马仕的总店位于法国巴黎，分店遍布世界各地。历经了160多年的风雨沧桑，爱马仕（Hermes）家族经过几代人的共同努力使其品牌生名远扬。早在20世纪来临之时，爱马仕就已成为法国式奢华消费品的典型代表。爱马仕一直秉承着超凡卓越、极至绚烂的设计理念，造就优雅之极的传统典范。
兰瑟,兰瑟,年轻的兰斯·贝尔蒙上尉(又名兰瑟)隶属第十火星师。2038年，在太空堡垒远征军的首次收复地球的失败尝试中，他被不幸击落。一位当地的年轻女子卡拉将他从残骸中救出并与他相爱。在她的悉心照料下，兰瑟逐渐康复。因维人对这次进攻的幸存者紧密搜捕，兰瑟不得不化装成女性，躲避外星人的魔爪。过了两年，为了使卡拉远离冲突与纷争，兰瑟终于在火车开动的最后一刻离开了她，让自己终于可以毫无羁绊地继续抗敌的斗争
博柏利,博柏利,博柏利（Burberry）是极具英国传统风格的奢侈品牌，其多层次的产品系列满足了不同年龄和性别消费者需求，公司采用零售、批发和授权许可等方式使其知名度享誉全球。博柏利（Burberry）创办于1856年 ，是英国皇室御用品。过去的几十年，Burberry主要以生产雨衣，伞具及丝巾为主，而今博柏利强调英国传统高贵的设计，赢取无数人的欢心，成为一个永恒的品牌。
BURBERRY,博柏利,博柏利（Burberry）是极具英国传统风格的奢侈品牌，其多层次的产品系列满足了不同年龄和性别消费者需求，公司采用零售、批发和授权许可等方式使其知名度享誉全球。博柏利（Burberry）创办于1856年 ，是英国皇室御用品。过去的几十年，Burberry主要以生产雨衣，伞具及丝巾为主，而今博柏利强调英国传统高贵的设计，赢取无数人的欢心，成为一个永恒的品牌。
阿迪达斯,adidas,adidas（阿迪达斯）创办于1949年，是德国运动用品制造商阿迪达斯AG成员公司。以其创办人阿道夫·阿迪·达斯勒（AdolfAdiDassler）命名，1920年在黑措根奥拉赫开始生产鞋类产品。1949年8月18日以adidasAG名字登记。阿迪达斯原本由两兄弟共同开设，在分道扬镳后，阿道夫的哥哥鲁道夫·达斯勒（RudolfDassler）开设了运动品牌puma。其经典广告语：“没有不可能”（Impossibleisnothing）。2011年3月，斥资1.6亿欧元启用全新口号——adidasisallin（全倾全力）。2017年6月，adidas入选《麻省理工科技评论》2017年度全球50大最聪明公司”榜单。 
adidas,adidas,adidas（阿迪达斯）创办于1949年，是德国运动用品制造商阿迪达斯AG成员公司。以其创办人阿道夫·阿迪·达斯勒（AdolfAdiDassler）命名，1920年在黑措根奥拉赫开始生产鞋类产品。1949年8月18日以adidasAG名字登记。阿迪达斯原本由两兄弟共同开设，在分道扬镳后，阿道夫的哥哥鲁道夫·达斯勒（RudolfDassler）开设了运动品牌puma。其经典广告语：“没有不可能”（Impossibleisnothing）。2011年3月，斥资1.6亿欧元启用全新口号——adidasisallin（全倾全力）。2017年6月，adidas入选《麻省理工科技评论》2017年度全球50大最聪明公司”榜单。 
菲诗小铺,菲诗小铺,菲诗小铺（THEFACESHOP）源自韩国，2007年获得英国kifus化妆品有限公司技术配方支持。全球知名高档化妆品品牌，在韩国以销售量计算是规模最大的化妆品公司。在韩国为前100大企业之一（其中只有2个化妆品品牌）、为韩国前三大保养品、化妆品公司。菲诗小铺（THEFACESHOP）产品包括护肤品、彩妆、男士护理等系列。
The Face Shop,菲诗小铺,菲诗小铺（THEFACESHOP）源自韩国，2007年获得英国kifus化妆品有限公司技术配方支持。全球知名高档化妆品品牌，在韩国以销售量计算是规模最大的化妆品公司。在韩国为前100大企业之一（其中只有2个化妆品品牌）、为韩国前三大保养品、化妆品公司。菲诗小铺（THEFACESHOP）产品包括护肤品、彩妆、男士护理等系列。
莫杰,莫杰,莫杰，男，汉族，1937年7月出生，研究员，中共党员。1960年毕业于长春地质学院地质系。现任国土资源部青岛海洋地质研究所科学技术咨询委员会办公室主任；
MARC JACOBS,马克·雅可布,马克·雅可布（MarcJacobs），1963年4月9日出生于美国纽约，毕业于帕森斯设计学院，美国知名服装设计师。他的个人品牌MarcJacobs和MarcbyMarcJacobs以及设计作品在时装界享有美誉。也因此，受到LV，Chanel等众多品牌的邀请出任设计总监。2007年，在其个人网站上声明出柜。2013年，在经历了长达16年与LV的合作后，Jacobs正式离职。至此，他将独立发展自己的时装品牌。
火烈鸟,火烈鸟,火烈鸟（学名：Phoenicopteridae）：亦称红鹳。3属6种：高约80-160厘米，体重2.5-3.5千克。体型大小似鹳；嘴短而厚，上嘴中部突向下曲，下嘴较大成槽状；颈长而曲；脚极长而裸出，向前的3趾间有蹼，后趾短小不着地；翅大小适中；尾短；体羽白而带玫瑰色，飞羽黑，覆羽深红，诸色相衬，非常艳丽。栖息于温热带盐湖水滨，涉行浅滩，以小虾、蛤蜊、昆虫、藻类等为食。觅食时头往下浸，嘴倒转，将食物吮入口中，把多余的水和不能吃的渣滓排出，然后徐徐吞下。性怯懦，喜群栖，常万余只结群。以泥筑成高墩作巢，巢基在水里，高约0.5米。孵卵时亲鸟伏在巢上，长颈后弯藏在背部羽毛中。每窝产卵1-2枚。卵壳厚，色蓝绿。孵化期约1个月。雏鸟初靠亲鸟饲育，逐渐自行生活。因羽色鲜丽，被人饲为观赏鸟。大红鹳分布于地中海沿岸，东达印度西北部，南抵非洲，亦见于西印度群岛；小红鹳分布于非洲东部、波斯湾和印度西北部；加勒比海红鹳、智利红鹳、安第斯红鹳和秘鲁红鹳分布均限于南美。
BOB,bob,BOB又名鲍伯头，BOB头的灵感来源于“圣女贞德”。1909年，一位名叫AntoinedeParis的波兰发型师在法国发明了它。
悦诗风吟,悦诗风吟,Innisfree（悦诗风吟）是韩国化妆品品牌，也是由韩国第一化妆品集团AmorePacific爱茉莉太平洋集团潜心研制的自然主义化妆品，是高科技和自然的完美结合。这一品牌的化妆品的特性：自然、健康、朴素、时尚。从推出第一支产品迄今，悦诗风吟一直坚持这些理念，并运用先进科技，不断对品牌进行提升，追求自然与肌肤的完美融合。
Innisfree,悦诗风吟,Innisfree（悦诗风吟）是韩国化妆品品牌，也是由韩国第一化妆品集团AmorePacific爱茉莉太平洋集团潜心研制的自然主义化妆品，是高科技和自然的完美结合。这一品牌的化妆品的特性：自然、健康、朴素、时尚。从推出第一支产品迄今，悦诗风吟一直坚持这些理念，并运用先进科技，不断对品牌进行提升，追求自然与肌肤的完美融合。
美康粉黛,美康粉黛,美康粉黛天然美容超细粉，作为普通彩妆的替代品在中国彩妆发展史上具有里程碑式的意义，她开辟了彩妆也能护肤的新概念。在中国和日本等亚洲国家，受到崇尚天然护肤人士的狂热追捧，在美容养颜粉热销的同时，纯中药面膜粉、天然植物护肤品相继推出，每款产品及原料均接受严格的品质控制。
Calvin Klein,Calvin Klein,CalvinKlein（简称：CK），是一个美国时装品牌，于1968年成立，创始者为同名设计师卡尔文·克雷恩，曾经连续四度获得知名的服装奖项；其创始人CalvinKlein1942年出生于美国纽约，就读于著名的美国纽约时装学院（FIT）。
FLAMINGO,红鹳,红鹳（学名：Phoenicopterusroseus）是火烈鸟科火烈鸟属的鸟类，又名火烈鸟。1属6种：高约80-160厘米，体重2.5-3.5千克。体型大小似鹳；嘴短而厚，上嘴中部突向下曲，下嘴较大成槽状；颈长而曲；脚极长而裸出，向前的3趾间有蹼，后趾短小不着地；翅大小适中；尾短；体羽白而带玫瑰色，飞羽黑，覆羽深红，诸色相衬，非常艳丽。栖息于温热带盐湖水滨，涉行浅滩，以小虾、蛤蜊、昆虫、藻类等为食。觅食时头往下浸，嘴倒转，将食物吮入口中，把多余的水和不能吃的渣滓排出，然后徐徐吞下。性怯懦，喜群栖，常万余只结群。以泥筑成高墩作巢，巢基在水里，高约0.5米。孵卵时亲鸟伏在巢上，长颈后弯藏在背部羽毛中。每窝产卵1-2枚。卵壳厚，色蓝绿。孵化期约1个月。雏鸟初靠亲鸟饲育，逐渐自行生活。因羽色鲜丽，被人饲为观赏鸟。大红鹳分布于地中海沿岸，东达印度西北部，南抵非洲，亦见于西印度群岛；小红鹳分布于非洲东部、波斯湾和印度西北部；加勒比海红鹳、智利红鹳、安第斯红鹳和秘鲁红鹳分布均限于南美。
悠珂思,悠珂思,悠珂思（UKISS）为知名化妆品品牌，行业内首创功能护理品牌。漂胡剂为其明星产品。
奇士美,奇士美,奇士美KissMe，创立于1966年，台湾奇士美为与日本伊势半集团合资之化妆品公司。经历各年代美容趋势不断演进与变迁，在求新求变的美妆市场中，为满足女性追求美丽永不停歇的需求，以制造高质量的产品为永恒不变的原则，缔造丰硕的美丽奇迹。
kiss me,kiss me,《kissme》是由萨拉萨瓦蒂·翁索姆佩奇执导，披拉·尼迪裴善官、李海娜主演的电视剧。该剧讲述了总是把事情搞糟的笨蛋女高中生Taliw和学园第一的天才美少年TenTen在同一屋檐下的爱情故事。
稚优泉,稚优泉,稚优泉彩妆护肤化妆品是一个依靠网络口碑传播的年轻潮流化妆品品牌，品牌核心理念是坚持做安全、年轻、潮流的化妆品 。
巧迪尚惠,巧迪尚惠,巧迪尚惠QUTY，致力成为时髦少女最喜爱的彩妆品。始创于2001年，以“PickYourColor”为品牌理念，以“年轻、时尚、有趣”为品牌升级关键点，力求通过快乐的彩妆时间展现女性最美丽的瞬间使巧迪尚惠成为新一代时尚年轻女性最喜爱的大众彩妆品牌。
the saem,the saem,THESAEM即得鲜。thesaemofwisebeauty。品牌理念：知道挽留肌肤时光的秘密。
韩熙贞,韩熙贞,韩熙贞 是广州昂泰电子有限公司于2012年03月26日在国家工商总局申请注册成功的品牌 ，注册号为9147493， 类号为3。 韩熙贞是广州昂泰电子有限公司旗下的美妆品牌，拥有彩妆产品。 
曼秀雷敦,曼秀雷敦,曼秀雷敦(Mentholatum)公司1889年在美国创立，创办人希尔先生成功创制曼秀雷敦薄荷膏，迅即成为家喻户晓的必备良药，曼秀雷敦(Mentholatum)的英文名字“Mentholatum”是由“MENTHOL”(薄荷醇)及“PETROLATUM”(石腊油)组合而成。 曼秀雷敦除生产薄荷膏外，还推出润唇膏、男士护肤、女士护肤、防晒、抗痘、手霜、面膜等护肤品，以及眼药水、摩擦膏等OTC药品，畅销世界150多个国家和地区。 
Mentholatum,曼秀雷敦,曼秀雷敦(Mentholatum)公司1889年在美国创立，创办人希尔先生成功创制曼秀雷敦薄荷膏，迅即成为家喻户晓的必备良药，曼秀雷敦(Mentholatum)的英文名字“Mentholatum”是由“MENTHOL”(薄荷醇)及“PETROLATUM”(石腊油)组合而成。 曼秀雷敦除生产薄荷膏外，还推出润唇膏、男士护肤、女士护肤、防晒、抗痘、手霜、面膜等护肤品，以及眼药水、摩擦膏等OTC药品，畅销世界150多个国家和地区。 
雅邦,雅邦,公司生产的产品主要有电子酒店冰箱，电子红酒柜，压缩机红葡萄酒柜，是目前国内外最主要的电子酒店冰箱与红酒柜的供货商之一。同时也是中国半导体酒店冰箱，半导体红酒柜的开拓者，引领者。
丝芙兰,丝芙兰,丝芙兰（SEPHORA），“全球化妆品零售权威”，1969年创立于法国里摩日。SEPHORA在全球拥有超过1000家门店，途径遍布巴黎、米兰、罗马、马德里、巴塞罗那、华沙、里斯本、雅典、纽约、洛杉矶、旧金山、迈阿密、莫斯科等超过28个国家的国际化都市。 丝芙兰在1997年加入全球奢侈品牌公司LVMH。SEPHORA在全球21个国家拥有1665家店铺。2005年4月，SEPHORA在上海开启了她们在中国大陆的第一家店。SEPHORA（丝芙兰）在商店内提供全面的产品选择：从护肤、美容到香水；既有久负盛名的化妆品精选品牌，还有最新亮相的市场新品如微气泡技术，更有独家专有的SEPHORA（丝芙兰中国）品牌产品。
SEPHORA,丝芙兰,丝芙兰（SEPHORA），“全球化妆品零售权威”，1969年创立于法国里摩日。SEPHORA在全球拥有超过1000家门店，途径遍布巴黎、米兰、罗马、马德里、巴塞罗那、华沙、里斯本、雅典、纽约、洛杉矶、旧金山、迈阿密、莫斯科等超过28个国家的国际化都市。 丝芙兰在1997年加入全球奢侈品牌公司LVMH。SEPHORA在全球21个国家拥有1665家店铺。2005年4月，SEPHORA在上海开启了她们在中国大陆的第一家店。SEPHORA（丝芙兰）在商店内提供全面的产品选择：从护肤、美容到香水；既有久负盛名的化妆品精选品牌，还有最新亮相的市场新品如微气泡技术，更有独家专有的SEPHORA（丝芙兰中国）品牌产品。
娥佩兰,娥佩兰,娥佩兰是运用日本先进技术而诞生的高级化妆品。品质优异，价格合理一直是OPERA品牌的主要特点，性价比高，安全性高，过敏率低，新潮入时，并且还提供品种繁多的护肤系列化妆品，促进肌肤的新陈代放，确保青春长驻。
OPERA,Opera浏览器,Opera浏览器，是一款挪威OperaSoftwareASA公司制作的支持多页面标签式浏览的网络浏览器，是跨平台浏览器可以在Windows、Mac和Linux三个操作系统平台上运行。Opera浏览器创始于1995年4月。2018.5.11日最新版本53.0(53.0.2907.37)。2016年2月确定被奇虎360和昆仑万维收购。 
DHC,DHC,DHC，是一家日本的拥有多个事业部的庞大企业集团。包括翻译事业部、教育事业部、出版事业部、医药食品事业部、食品事业部、酒店事业部、美容院及水疗事业部、内衣事业部等。日本DHC的化妆业务始于1983年，所有产品均以通信贩卖的形式进行销售。从基本肌肤护理至化妆品、美体产品、护发用品、男士护肤品、婴儿护肤品以及健康食品。DHC作为日本通信销售化妆品知名品牌，30年来致力于打造天然、温和、高效护肤、彩妆及健康食品。 
尊蓝,尊蓝,尊蓝 是深圳高盛电子商务有限公司创立的男士彩妆品牌，商标申请于2010年。 
井田,井田,井田指的是具有一定规划的方块田，井田制是我国奴隶社会的土地国有制度，西周时盛行。那时，道路和渠道纵横交错，把土地分隔成方块，形状像"井"字，因此称做"井田"。井田属周王所有，分配给奴隶主使用。奴隶主不得买卖和转让井田，还要交一定的贡赋。奴隶主强迫奴隶集体耕种井田，无偿占有奴隶的劳动成果。
Canmake,Canmake,Canmake是日本井田制药株式会社旗下的人气化妆品品牌。Canmake的销售理念是以最平易的价格、最便于使用的产品，将优质的化妆品打入大众市场。因此Canmake一直深受学生族群及白领阶级的喜爱。日本知名女星松田圣子也是Canmake的忠实粉丝。
欧珀莱,欧珀莱,欧珀莱是舶来品和民族品牌的有效融合。1994年1月诞生于中国。具有“伴你左右”含义的欧珀莱产品，秉承资生堂“高品质、高服务、高形象”的企业文化理念，引进日本资生堂的先进技术和科学的经营管理方法，旨在缔造一流的、具高知名度、高品质的“AUPRES欧珀莱”美容品。欧珀莱商标中英文的注册地均是中国，品牌的使用权则属于中日合资企业——资生堂丽源化妆品有限公司。
AUPRES,欧珀莱,欧珀莱是舶来品和民族品牌的有效融合。1994年1月诞生于中国。具有“伴你左右”含义的欧珀莱产品，秉承资生堂“高品质、高服务、高形象”的企业文化理念，引进日本资生堂的先进技术和科学的经营管理方法，旨在缔造一流的、具高知名度、高品质的“AUPRES欧珀莱”美容品。欧珀莱商标中英文的注册地均是中国，品牌的使用权则属于中日合资企业——资生堂丽源化妆品有限公司。
水密码,水密码,水密码是丹姿集团旗下专业补水护肤品牌；包含海洋源萃、冰川矿泉、雪颜萃、绿茶控油、红石榴新活、透肌水润这六大系列，2013年水密码正式宣布杨幂成为其品牌代言人，双方共同启动了全新海洋源萃系列的发布仪式，最新发布的水密码海洋源萃系列，定位于中高端市场，外形拥有水滴形的立体专利设计，外包装用精致梦幻的蓝色凸显高品质和科技感2017年2月魏晨正式成为水密码的“首席颜值官”。 
伊丽莎白雅顿,伊丽莎白·雅顿,伊丽莎白雅顿（ElizabethArden）是1960年在美国建立的品牌。雅顿的产品线包括护肤保养品、彩妆、香水等，在美容界享有很高的声誉。有人称雅顿为众香之巢，并为其打出标语“美是自然和科学的结晶”。其不断攀升的业绩及来自世界各地的赞誉使它成为一个全球知名的化妆品名牌。旗下除了ElizabethArden这个品牌以外，还有一个著名的香水品牌ElizabethTaylor。
Elizabeth Arden,伊丽莎白·雅顿,伊丽莎白雅顿（ElizabethArden）是1960年在美国建立的品牌。雅顿的产品线包括护肤保养品、彩妆、香水等，在美容界享有很高的声誉。有人称雅顿为众香之巢，并为其打出标语“美是自然和科学的结晶”。其不断攀升的业绩及来自世界各地的赞誉使它成为一个全球知名的化妆品名牌。旗下除了ElizabethArden这个品牌以外，还有一个著名的香水品牌ElizabethTaylor。
完美日记,完美日记,完美日记是广州逸仙电子商务有限公司旗下品牌 
植村秀,植村秀,“植村秀”品牌起名源于其品牌创始人，当今国际世界著名化妆艺术大师植村秀先生。作为日本第一位男性化妆师，植村秀是全球首创“风尚主题妆容”的先驱，因其创作的概念前卫和用色大胆而被公认为彩妆艺术界大师级人物。 
clio,clio,clio（珂莱欧）是1992年创始于韩国的彩妆品牌，品牌代言人是金荷娜，李孝利，朴山多拉，品牌名字源于希腊神话中冥想历史之神，是品质与高贵的象征。在工作过程中，一群韩国顶级化妆师发现市场上的产品，从质地到颜色的选择均非常缺乏，为彩妆师带来诸多不便。出于对艺术的热情以及对完美的追求，CLIO这个品牌终于在一九九三年诞生。
糖果小姐,糖果小姐,糖果小姐米古尔·寇图里尔诺·赫南德兹斯黛芬尼·西格曼主演的剧情片。
Miss Candy,Miss Candy,MissCandy 品牌专注于健康美甲产品的研发，开创了“健康指彩”新品类，目前美誉度、知名度、销售额等均位列国内各品牌前茅。 核心人群为25~34岁的中高收入女性。 MissCandy 推出200余种独特色彩，均使用国外进口原料，产品无毒无味，健康环保 。MissCandy 在一线城市的shoppingmall里建立了数家如梦幻色彩城堡一般的体验店，如上海环球港、静安寺晶品、杭州万象城、银泰IN77等。 MissCandy 品牌的愿景是打造全世界健康的甲油，让女性方便享受健康美甲生活。 
CANMAKE,Canmake,Canmake是日本井田制药株式会社旗下的人气化妆品品牌。Canmake的销售理念是以最平易的价格、最便于使用的产品，将优质的化妆品打入大众市场。因此Canmake一直深受学生族群及白领阶级的喜爱。日本知名女星松田圣子也是Canmake的忠实粉丝。
MAKE UP FOR EVER,make up for ever,MAKEUPFOREVER中文翻译为玫珂菲。DanySanz女士1984年于法国巴黎创立的专业彩妆品牌。主营化妆师与普通消费者的专业用品。1984年，DanySanz女士创立了MAKEUPFOREVER专业彩妆品牌。Dany女士的初衷是为了满足专业人士各种化妆风格的需求，化出从传统古典到奢侈华贵等各种彩妆效果。时至今日，Dany女士也一直担任着MAKEUPFOREVER品牌的艺术创意总监职务。1999年MAKEUPFOREVER加入LVMH集团，更提出“艺术生活化”的概念，令MAKEUPFOREVER即卓然不凡又简捷实用，拥有MAKEUPFOREVER，即拥有了魔力，让你有能力成为自己的专业化妆师。在巴黎、米兰、罗马、纽约等艺术表演及时尚发布会的殿堂里，MAKEUPFOREVER已成为时尚彩妆的代名词，指引彩妆流行趋势，为专业人士顶礼膜拜，更被专业model与彩妆师肯定。
韩后,韩后,韩后，著名护肤品牌，成立于2008年 ，隶属于韩后化妆品股份有限公司。在其“天然造”品牌理念下，韩后已进入到了全渠道增长的快速上升期，而立体化营销更是韩后之所以置身国内美妆产品一线行列的制胜关键。
安娜苏,安娜苏,安娜苏（AnnaSui）彩妆品牌的创始人安娜苏凭借绝佳的流行感和色彩触觉，创造出专属自我的安娜苏彩妆品牌，除了色调大胆，还在化妆品中加入蔷薇花香与多种天然植物精油，给肌肤额外滋润。但颜色与质感不是AnnaSui安娜苏彩妆的一切，它最令人为之疯狂的，是那精致奢华、优雅独特的黑色雕花容器。盒盖上精雕细琢、永不凋谢的蔷薇花图腾，已成为玩家的收藏品。
Anna sui,安娜苏,安娜苏（AnnaSui）彩妆品牌的创始人安娜苏凭借绝佳的流行感和色彩触觉，创造出专属自我的安娜苏彩妆品牌，除了色调大胆，还在化妆品中加入蔷薇花香与多种天然植物精油，给肌肤额外滋润。但颜色与质感不是AnnaSui安娜苏彩妆的一切，它最令人为之疯狂的，是那精致奢华、优雅独特的黑色雕花容器。盒盖上精雕细琢、永不凋谢的蔷薇花图腾，已成为玩家的收藏品。
泊泉雅,泊泉雅,泊泉雅是一个新兴的化妆品品牌。
KATE,Kate,《Kate》，是美国偶像组合SpaldingRockwell发表的一张专辑。风格舞曲化，很适合青少年口味。SpaldingRockwell的卖点很明确，时髦的音乐路线、火辣野性的外包装，相信不会卖得太差。
健美创研,健美创研,
妙巴黎,妙巴黎,妙巴黎（Bourjois），创立于1863年，来自法国巴黎，拥有超越150多年的历史，是世界级的彩妆品牌。妙巴黎以其清新的包装，配合如糖果般的迷人色调，赢得女性的欢心。现已在在50个国家和地区销售，覆盖西欧、中东以及亚洲等市场。 
Bourjois,bourjois,bourjois是法国巴黎的世界级的彩妆品牌，创立於1863年，拥有超越一个世纪的历史。其清新包装，配合如糖果般的迷人色调，赢得不少少女性的欢心，成为巴黎少数屹立至今的老字号品牌，Bourjois的彩妆产品经常带动彩妆潮流。
NARS,全国空气质量高分辨率预报和污染控制决策支持系统,全国空气质量高分辨率预报和污染控制决策支持系统（NARS，简称呐思系统），是探索军民融合发展路子的有效尝试，它的精准治霾技术方法体系，是在防化学院核生化危害预测与控制理论、方法和技术基础之上开展的。这些成果，曾获得国家技术发明二等奖、国家科技进步二等奖和军队科技进步一等奖等十多个奖项。
雅芳,雅芳,雅芳创建于1886年，由“雅芳之父”大卫·麦可尼(DavidMcConnell)从一瓶随书附送的小香水中受到启发，公司起初名称叫做“加州香芬公司”(theCaliforniaPerfumeCompany)。经过一百多年的发展，雅芳已成为世界上最大的美容化妆品公司之一，其下产品包括著名的雅芳色彩系列、雅芳新活系列、雅芳柔肤系列、雅芳肌肤管理系列、维亮专业美发系列、雅芳草本家族系列、雅芳健康产品和全新品牌Mark系列，以及种类繁多的流行珠宝饰品。雅芳于1990年进入中国。雅芳（中国）有限公司现有74家分公司，覆盖国内23个省、5个自治区及4个直辖市，拥有雇员约2000人。
AVON,雅芳,雅芳创建于1886年，由“雅芳之父”大卫·麦可尼(DavidMcConnell)从一瓶随书附送的小香水中受到启发，公司起初名称叫做“加州香芬公司”(theCaliforniaPerfumeCompany)。经过一百多年的发展，雅芳已成为世界上最大的美容化妆品公司之一，其下产品包括著名的雅芳色彩系列、雅芳新活系列、雅芳柔肤系列、雅芳肌肤管理系列、维亮专业美发系列、雅芳草本家族系列、雅芳健康产品和全新品牌Mark系列，以及种类繁多的流行珠宝饰品。雅芳于1990年进入中国。雅芳（中国）有限公司现有74家分公司，覆盖国内23个省、5个自治区及4个直辖市，拥有雇员约2000人。
克丽丝汀迪奥,克丽丝汀迪奥,克里斯汀·迪奥（ChristianDior，简称CD），一直是炫丽的高级女装的代名词。他选用高档的华丽、上乘的面料表现出耀眼、光彩夺目的华丽与高雅女装，倍受时装界关注。他继承着法国高级女装的传统，始终保持高级华丽的设计路线，做工精细，迎合上流社会成熟女性的审美品味，象征着法国时装文化的最高精神，迪奥品牌在巴黎地位极高。
DIOR,迪奥,克里斯汀·迪奥（英语：ChristianDior），简称迪奥（Dior），是法国著名时尚消费品牌。亦为全球最大的高级时尚品牌控股公司：LVMH酩悦轩尼诗路易威登集团的母公司（MoëtHennessy-LouisVuittonLVMHGroup）路威酩轩集团，是一法国酒业与高价奢侈品制造集团。Dior握有LVMHGroup42.38%的普通股及59.3%的表决权。迪奥公司由法国时装设计师克里斯汀·迪奥（ChristianDior，1905年1月21日－1957年10月24日）创立，总部设在巴黎。主要经营女装、男装、首饰、香水、化妆品、童装等高档消费品。其男装品牌现已独立为迪奥男装。 
高田贤三,高田贤三,高田贤三（1939年2月27日－），生于日本兵库县姫路市，日本时尚设计师。著名时尚品牌Kenzo（包括香水，化妆品及时装）的创始人。 高田贤三这位法国籍的日本时装设计师用自己的名贤三命名的KENZO品牌，已经不仅仅是时装业的精品，在化妆品、香水领域一们是大名鼎鼎。KENZO的时装不是那种标新立异的拔高，它有一点点传统，有许多热情的颜色，有活生生的图案，还有几分狂野。几乎每一款都能找到实际穿着的场合，但吸引力之强却使你绝不厌倦。在云集 中提到：高田贤三还是青年的时候，他远赴巴黎开始他的国际时装设计师生涯，他有备而来，已经在日本对服装有了深入的研究，虽然，他设计的服务对象从东方人转为西方人，但丝毫没有碍障，而从此，他开始了不以国界为设计范畴的国际性工作。
KENZO,KENZO,KENZO是由高田贤三在法国创立的品牌，结合了东方文化的沉稳意境、拉丁民族的热情活泼，大胆创新的融合了缤纷色彩与花朵，创造出活泼明亮、优雅独特的作品。KENZO自1970年起开始在时尚界崭露头角，并于1993年加入LVMH集团，自此KENZO旗下的服装、饰品、餐具以及香水均受到广大的欢迎。
大卫杜夫,大卫·杜夫,大卫·杜夫（DAVIDOFF）由季诺·大卫杜夫（ZinoDavidoff）于1980年在瑞士创立，隶属于季诺大卫杜夫集团(ZinoDavidoffGroup)，主营奢侈品腕表、皮具、书写工具、男女时尚配饰（如领带、围巾及袖扣）、香水、咖啡、干邑等商品。
Davidoff,大卫·杜夫,大卫·杜夫（DAVIDOFF）由季诺·大卫杜夫（ZinoDavidoff）于1980年在瑞士创立，隶属于季诺大卫杜夫集团(ZinoDavidoffGroup)，主营奢侈品腕表、皮具、书写工具、男女时尚配饰（如领带、围巾及袖扣）、香水、咖啡、干邑等商品。
Jo Malone,祖马龙,英国知名品牌祖马龙JOMALONE，属于雅诗兰黛集团，其香水以简单而纯粹为诸多明星喜爱。质朴的包装，透露着浓厚的英伦风情。JOMALONE是一家位于伦敦的营销高档护肤和香水产品的公司，1999年由雅诗兰黛集团购得。它的特色是个性化、高品质和与众不同的香水。约有200种护肤产品。其香水以简单而纯粹为诸多明星喜爱。
CPB,cle de peau beaute,ClédePeauBeauté简称CPB，法文含义是“开启美丽肌肤的钥匙”，中文翻译为“肌肤之钥”，是日本资生堂旗下的一个的顶级品牌。 
MAC,MAC,Mac 它是苹果公司自1984年起以“Macintosh”开始开发的个人消费型计算机，如：iMac、Macmini、MacbookAir、MacbookPro、Macbook、MacPro等计算机。使用独立的MacOS系统，最新的OSX系列基于NeXT系统开发，不支持兼容。是一套完备而独立的操作系统。
娇兰,娇兰,娇兰（Guerlain）成立于1828年，主营香水、化妆品及保养品。是酩悦·轩尼诗－路易·威登集团（MoëtHennessy-LouisVuittonLVMHGroup）旗下的产品。娇兰品牌享有盛誉的国际品牌，自创办以来，推出的娇兰香水品种超过300多种。这个香氛王国一抹最骄艳的骄子，一百多年来，娇兰以她那特有的贵族气质与幽雅浪漫的品质保障，奠定了它在法国及世界上的品牌地位。
Guerlain,娇兰,娇兰（Guerlain）成立于1828年，主营香水、化妆品及保养品。是酩悦·轩尼诗－路易·威登集团（MoëtHennessy-LouisVuittonLVMHGroup）旗下的产品。娇兰品牌享有盛誉的国际品牌，自创办以来，推出的娇兰香水品种超过300多种。这个香氛王国一抹最骄艳的骄子，一百多年来，娇兰以她那特有的贵族气质与幽雅浪漫的品质保障，奠定了它在法国及世界上的品牌地位。
瓷妆,瓷妆,CHARMZENUS瓷妆是为追求青春时尚，寻求蜕变之美的女性而创立的彩妆品牌，秉承“粉嫩、优雅、初彩”的品牌定位，为了让每一位女性“初彩即出彩”而不懈努力，始终倡导“你原来可以这么美”的初妆概念，融合日韩唯美清新元素以及欧美简约时尚风格，充分地展现了女性的感性与性感。
贝玲妃,Benefit,贝玲妃(Benefit)由美国一对双胞胎姐妹创建于1976年，前身叫做FACEPLACE。最初有的著名产品为benetint，lipplump和oohlalift。
Benefit,Benefit,贝玲妃(Benefit)由美国一对双胞胎姐妹创建于1976年，前身叫做FACEPLACE。最初有的著名产品为benetint，lipplump和oohlalift。
梦妆,梦妆,梦妆是韩国的护肤品品牌，1991年10月梦妆 在韩国上市，针对追求自我的当代女性而设计。韩国品牌凭借其不断创新的企业理念及产品研发实力，吸引了众多新时代女性，并获得了空前的成功。 
Mamonde,梦妆,梦妆是韩国的护肤品品牌，1991年10月梦妆 在韩国上市，针对追求自我的当代女性而设计。韩国品牌凭借其不断创新的企业理念及产品研发实力，吸引了众多新时代女性，并获得了空前的成功。 
雪花秀,雪花秀,雪花秀(Sulwhasoo)是韩国高端草本护肤品牌，是韩国著名化妆品集团爱茉莉（太平洋）株式会社旗下三大高端品牌（爱茉莉太平洋、雪花秀、赫妍）之一。50年间，雪花秀将传统古法和现代技术结合，精心选取具有护肤功效的东方草本，采用独特炮制法，提炼人参和滋盈凝萃复合体™的核心成分，研发出诸如人参系列等抗老化护肤产品。
赫拉,赫拉,赫拉（希腊语：Ἥρα、英语：Hera），是古希腊神话中的婚姻与生育女神和第三代天后，奥林匹斯十二神之一。第二代神王神后克洛诺斯和瑞亚的女儿，与宙斯分享权力的共治者，宙斯的姐姐和第七位妻子。她的名字在古希腊语中为“贵妇人”、“女主人”、“高贵的女性”的意思。古希腊诗人—赫西俄德的著作《神谱》中则把赫拉称为“脚穿金鞋的赫拉（gold-shodHera）”；在荷马史诗中，她被称为“白臂女神赫拉（white-armedgoddessHera）”、“金座女神赫拉（golden-seatedgoddessHera）”以及“牛眼睛的天国王后（简称天后）（ox-eyedQueenofHeaven）”，形容坐在黄金宝座上的天后赫拉异常美丽，拥有一双炯炯有神和洞察一切事物的大眼睛，臂膀洁白如百合，一头秀美的卷发从王冠下边泻出，流露出威严而安详的神情。赫拉拥有的代表性圣物有石榴、布谷鸟、老鹰、狮子和乌鸦。
Hola,Hola,HOLA是广州澳希亚实业有限公司旗下护肤品牌 。
CLIO,clio,clio（珂莱欧）是1992年创始于韩国的彩妆品牌，品牌代言人是金荷娜，李孝利，朴山多拉，品牌名字源于希腊神话中冥想历史之神，是品质与高贵的象征。在工作过程中，一群韩国顶级化妆师发现市场上的产品，从质地到颜色的选择均非常缺乏，为彩妆师带来诸多不便。出于对艺术的热情以及对完美的追求，CLIO这个品牌终于在一九九三年诞生。
ZFC,ZFC,ZFC彩妆品牌为中国自有的专业彩妆品牌。ZFC是拼音“zealForevercirculating”的首字母，意思是热情永远流传。它还是创始人ZHAOFUCHENG的名字拼音缩写。它是一个国产的彩妆品牌。以其丰富的色彩，富有质感而又轻盈透气的品质，迅速铺开国内市场，深受化妆造型师欢迎。 
丸美,丸美,MARUBI丸美 ，中国领先的护肤品企业，以卓越的眼部护理著称化妆品界，拥有全球最大最专业的眼部肌肤研究中心。在中国拥有超1000个百货公司专柜，超15000个精品加盟店，商业版图遍布全国，是国家级高新技术企业，中国驰名商标企业、中国最有价值品牌500强、全球100大美容品企业。 2013年，LVMH旗下的LCapital基金战略投资丸美， 进一步推动了丸美国际化品牌梦想的实现。3月20日，丸美股份在证监会网站披露了新版招股说明书，公司计划在上交所上市，募集资金约5.84亿元，投向彩妆产品生产建设等项目。 
MARUBI,丸美,MARUBI丸美 ，中国领先的护肤品企业，以卓越的眼部护理著称化妆品界，拥有全球最大最专业的眼部肌肤研究中心。在中国拥有超1000个百货公司专柜，超15000个精品加盟店，商业版图遍布全国，是国家级高新技术企业，中国驰名商标企业、中国最有价值品牌500强、全球100大美容品企业。 2013年，LVMH旗下的LCapital基金战略投资丸美， 进一步推动了丸美国际化品牌梦想的实现。3月20日，丸美股份在证监会网站披露了新版招股说明书，公司计划在上交所上市，募集资金约5.84亿元，投向彩妆产品生产建设等项目。 
Sweet Color,sweet color,sweetcolor环保指甲油源自法国的时尚体验，以环保的理念，与时尚融合在一起，于是诞生了sweetcolor，不但流淌着塞纳河畔的清纯，也散发着香榭里大街的潮流。
朵色,朵色,朵色 是广州方蕊生物科技有限公司旗下化妆品品牌，品牌创立于2012年03月19日。 
ZUZU,ZUZU,
透真,透真,透真品牌秉承“晶莹剔透，返璞归真”的美学理念，精选优质植物原料，将植物的护肤理念与生物萃取工艺结合，致力于为女性打造高品位的优质产品。
瓷肌,瓷肌,瓷肌（CHNSKIN）来自韩国，是由专业皮肤科医师团队参与产品设计与研发的医学护肤品牌，基于深厚医学背景，不断深化在法国化妆品领域的合作，包括建立在法国护肤研究室及化妆品研究中心。韩国瓷肌化妆品有限公司创立于2009年，企业从品质、品牌、品性三个维度，打造优质产品及服务。秉诚真心凝听每一位消费者的声音，是CHNSKIN瓷肌品牌肩负的责任和使命，确立了瓷肌在专业护肤行业佼佼者的地位。韩国瓷肌（CHNSKIN）对产品质量高标准、高要求、严格把关、严格监控，韩国瓷肌(CHNSKIN）与韩国多家顶级化妆品生产商（科丝美诗COSMAX、蔻诗曼嘉COSMECCA）深度合作，整合来自世界各地优质原料，确保每一样产品都能成为瓷肌用心的护肤之作。
蓝秀,蓝秀,蓝秀底妆专家，倡导1+1>2的品牌销售理念，“彩妆+护肤品”模式，彩妆护肤品销量并驾齐驱互相促进，2010年底跻身国内三大彩妆行列，并吸引了全智贤、金喜善、林心如等明星代言。
妮维雅,妮维雅,妮维雅（NIVEA)德国拜尔斯道夫公司所有的大型全球护肤品与身体护理品品牌。1911年拜耳斯道夫拥有EUCERIT的油基乳剂皮肤软膏后成立了该公司，该乳剂为同类产品中第一种稳定的乳剂。该公司所有人OskarTroplowitz将公司命名为NIVEA，其中的灵感来自于拉丁语niveus-a-um(雪白之意)。30年代，拜耳斯道夫开始生产防晒油，剃须膏，洗发水和面部护理产品。“NIVEA”商标在第二次世界大战后被许多国家没收，但是拜耳斯道夫最终于1997年购回所有商标权。今天，在全球公认的最具权威性的肌肤及医学研究中心——BDF公司的PGU研究中心，有一百多位博士正在研发自然，高效的产品，其成果已使妮维雅(Nivea)成为全球最大的护肤用品品牌。其品牌形象——“妮维雅能给肌肤最温和的呵护”已深入人心。在欧洲，妮维雅(Nivea)更已成为皮肤保养的代名词。妮维雅(Nivea)产品在身体保养，脸部保养，防晒，唇部保养，个人清洁，男士护肤等品类已稳居欧洲市场排名第一。
NIVEA,nivea,妮维雅（NIVEA）是一个由德国公司Beiersdorf所有的大型全球性护肤品与身体护理品品牌。1911年Beiersdorf硏发了拥有Eucerit的油基乳剂皮肤软膏后成立该公司，该乳剂为同类第一种稳定的乳剂。该公司所有人OskarTroplowitz将公司命名为NIVEA，灵感来自拉丁语nivius（意为雪白）。
尚惠,尚惠,尚惠品牌定位为中高端彩妆、护肤品牌，立足于中国博大精深的传统文化，发掘新时代女性消费和品味价值需求，体现“中国风”特色美妆优势。同时重金聘请最具代表性的台湾著名娱乐主持明星徐熙娣（小S）小姐出任形象代言人，完美诠释品牌中国风尚。惠品牌以全新的终端形象开始终端百货商场的快速建设，并全面推出最具中国文化的“青花瓷”全新彩护系列新品，演绎最具中国特色的品牌风尚，打造行业内标杆品牌。
草木之心,草木之心,草木之心（Beature）一改普通化妆品的厚重与刺激，提出减式天然护肤新主张，倡导清新、天然、简单，并且以中草药纯植物原料，添加维他命、矿物质与多种活性成分，融合现代生物科技最新成果，开发出天然高科技保养品，使产品能有效调养。
希芸,希芸,希芸是悦萱堂化妆品有限公司旗下品牌。
syrinx,Syrinx,Syrinx是一款适用于Mac操作系统的软件。
法颂,法颂,法颂 ，创办于二十世纪九十年代末，它开创了新时代法式风格的香水品牌，由法国BOITOWN公司和FENSHINE联手，在香水领域新晋崛起的香水品牌，其香料来源于法国久负盛名的格拉斯。 
BOSS,BOSS,《BOSS》是由日本富士电视台制作播出的11集刑侦电视剧，该剧由光野道夫、石井佑介、星野和成、成田岳联合执导，天海佑希，竹野内丰，户田惠梨香，玉山铁二等主演，于2009年4月16日在日本首播。该剧讲述了日本东京警视厅面临巨大的问题，越来越多样化的凶恶犯罪、低下的检举率，为此设立了专门美国归来的经验丰富的女警花大泽绘里子，她的属下是从各个部门调来的，被认为是多余包袱的所谓“精锐” 。
爱茉莉,爱茉莉太平洋集团,爱茉莉太平洋集团是韩国享誉全球的化妆品集团公司。公司成立于1945年，至今已有70年的历史，旗下子公司跨行数十业，不仅拥有自己的研发中心，而且海外分支机构横跨全球，国际行销网遍及40多个国家，所生产的化妆品项目多达4000多种。品质优良的产品，不仅在韩国，更受到全球消费者及用户欢迎，并已成为世界性企业。爱茉莉太平洋集团以“亚洲之美”为基础，致力于实现亚洲人的美丽之梦，进而与世界共同分享亚洲之美。同时为了携手人类共同探索可持续发展，不断研发可持续的产品以及开展各种各样的社会公益活动。2015年12月17日，获得韩国国家品牌大奖。 
Amore,爱茉莉太平洋集团,爱茉莉太平洋集团是韩国享誉全球的化妆品集团公司。公司成立于1945年，至今已有70年的历史，旗下子公司跨行数十业，不仅拥有自己的研发中心，而且海外分支机构横跨全球，国际行销网遍及40多个国家，所生产的化妆品项目多达4000多种。品质优良的产品，不仅在韩国，更受到全球消费者及用户欢迎，并已成为世界性企业。爱茉莉太平洋集团以“亚洲之美”为基础，致力于实现亚洲人的美丽之梦，进而与世界共同分享亚洲之美。同时为了携手人类共同探索可持续发展，不断研发可持续的产品以及开展各种各样的社会公益活动。2015年12月17日，获得韩国国家品牌大奖。 
韩束,韩束,2002年，“上海韩束化妆品有限公司”创立于中国上海，同年，韩束品牌创建。2012年，韩束公司完成品牌聚焦和品类聚焦的战略转型，布局护肤、面膜、男士、母婴、高端洗护、彩妆等品类。2015年11月，韩束公司正式更名为“上海上美化妆品有限公司”，并秉持多元、乐观、创新、冒险的企业精神。韩束，作为上美化妆品有限公司旗下最大的中高端时尚品牌。多年来，韩束一步一个脚印，遵循上美多元、乐观、创新、冒险的企业精神，在生产实力、科研力量、渠道建设、品牌精髓等各个方面，均跻身行业第一集团，成为国货自强的代表性品牌。韩束同时在百货商场、SHOPPINGMALL、KA（含屈臣氏）、日化精品店、百强连锁、电子商务、新兴渠道、微商、电视购物等渠道全面发展，销售连创新高，已成为国内全渠道营销的代表性企业 。2016年4月，韩束潜心专研REDBOOSTER好气色科技，为中国女性量肤定制红润气垫霜红CC。同年6月，以复活草“伺水复活”神奇能力为灵感，集水光玻尿酸科技于一体的韩束巨水光系列产品华丽上市。9月，韩束携手当红女星古力娜扎，倾情代言韩束巨水光系列，开启水光活力新纪元。2017年1月，国际著名影星景甜代言的韩束黑面膜上架；4月，韩束聚时光上市；同年5月，韩束聚光白全新上市。 目前韩束品牌拥有众多产品，并推出红CC，韩束巨补水，韩束巨水光、韩束面膜等明星产品，它们都得到市场和消费者的一致好评，并拥有郭采洁、古力娜扎、景甜等一线明星为韩束品牌倾情代言。
KanS,韩束,2002年，“上海韩束化妆品有限公司”创立于中国上海，同年，韩束品牌创建。2012年，韩束公司完成品牌聚焦和品类聚焦的战略转型，布局护肤、面膜、男士、母婴、高端洗护、彩妆等品类。2015年11月，韩束公司正式更名为“上海上美化妆品有限公司”，并秉持多元、乐观、创新、冒险的企业精神。韩束，作为上美化妆品有限公司旗下最大的中高端时尚品牌。多年来，韩束一步一个脚印，遵循上美多元、乐观、创新、冒险的企业精神，在生产实力、科研力量、渠道建设、品牌精髓等各个方面，均跻身行业第一集团，成为国货自强的代表性品牌。韩束同时在百货商场、SHOPPINGMALL、KA（含屈臣氏）、日化精品店、百强连锁、电子商务、新兴渠道、微商、电视购物等渠道全面发展，销售连创新高，已成为国内全渠道营销的代表性企业 。2016年4月，韩束潜心专研REDBOOSTER好气色科技，为中国女性量肤定制红润气垫霜红CC。同年6月，以复活草“伺水复活”神奇能力为灵感，集水光玻尿酸科技于一体的韩束巨水光系列产品华丽上市。9月，韩束携手当红女星古力娜扎，倾情代言韩束巨水光系列，开启水光活力新纪元。2017年1月，国际著名影星景甜代言的韩束黑面膜上架；4月，韩束聚时光上市；同年5月，韩束聚光白全新上市。 目前韩束品牌拥有众多产品，并推出红CC，韩束巨补水，韩束巨水光、韩束面膜等明星产品，它们都得到市场和消费者的一致好评，并拥有郭采洁、古力娜扎、景甜等一线明星为韩束品牌倾情代言。
KIKO,Kiko,Kiko，1991年2月2日出生于西班牙萨内蒂内格拉尔斯，西班牙足球运动员，场上司职右后卫，现效力于英超的沃特福德足球俱乐部。 
倩碧,倩碧,倩碧，（CliniqueLaboratoriesLLC.）于1968年创立于美国纽约，现隶属于美国雅诗兰黛集团，其推广的基础护肤三步骤世界闻名。其首席皮肤科医生为Dr.NormanOrentreich。倩碧在其专柜中实行一种开架式的服务方式，藉由精心设计、具有双向沟通的产品展示空间，将护肤和彩妆品展示在顾客面前，让消费者可以尽兴、自由地试用，了解并喜爱每一件倩碧的产品。
CLINIQUE,倩碧,倩碧，（CliniqueLaboratoriesLLC.）于1968年创立于美国纽约，现隶属于美国雅诗兰黛集团，其推广的基础护肤三步骤世界闻名。其首席皮肤科医生为Dr.NormanOrentreich。倩碧在其专柜中实行一种开架式的服务方式，藉由精心设计、具有双向沟通的产品展示空间，将护肤和彩妆品展示在顾客面前，让消费者可以尽兴、自由地试用，了解并喜爱每一件倩碧的产品。
大创,大创,大创是汉语词汇，拼音dàchuàng，解释为在军事上使敌人受到严重的损伤。
daiso,daiso,大创（DaisoJapan），由矢野博丈 创立于1972年，于全球又拥有逾4000家分店，遍布30多个国家。2012年，大创百货正式进驻中国大陆，首家分店落户广州，取名为“大创生活馆”，由香港四洲集团与日本大创产业联合投资，并由四洲集团统一运营。 
柔色,柔色,柔色是汉语词汇，拼音：róusè解释是谓和颜悦色。出自《礼记·内则》，
rouse,惊醒,惊醒，汉语词汇。拼音：jīngxǐng释义：指因受惊动而从睡眠状态中醒来，例句：一阵猛烈的敲门声把人从睡梦中惊醒。
三宅一生,三宅一生,三宅一生（1938年4月22日－），1938年4月22日出生，日本著名服装设计师，他以极富工艺创新的服饰设计与展览而闻名于世。其后创建了自己的品牌，它根植于日本的民族观念、习俗和价值观，成为知名的世界优秀时装品牌。
ISSEY MIYAKE,三宅一生,三宅一生（1938年4月22日－），1938年4月22日出生，日本著名服装设计师，他以极富工艺创新的服饰设计与展览而闻名于世。其后创建了自己的品牌，它根植于日本的民族观念、习俗和价值观，成为知名的世界优秀时装品牌。
NYX,纽约尼克斯队,纽约尼克斯队，成立于1946年并加入美洲篮球协会（BAA，NBA的前身），是一支属于美国的纽约州纽约市为基地的NBA职业篮球队，是美国男篮职业联赛（NBA）东部联盟大西洋赛区的一部分。纽约尼克斯队是从最初的BAA联盟开始就没有搬迁过城市的两支球队之一（另外一支是波士顿凯尔特人队） 。尼克斯在联盟的三个不同时代有着辉煌的表现，每个时代都相差二十年左右。在20世纪50年代初，尼克斯三次进入NBA总决赛。20世纪70年代初是球队的黄金一代，球队赢得了2个NBA总冠军。当时在队中的有威利斯·里德、沃尔特·弗雷泽、戴夫·德布斯切尔、厄尔·门罗和比尔·布拉德利等优秀的球员。接着是在20世纪90年代，尼克斯再次统治了联盟，因为中锋帕特里克·尤因出现，球队在1993-94和1998-99赛季均打进总决赛。
雅诗泉,雅诗泉,雅诗泉(ARSYCHLL)是雅诗泉(英国)国际集团有限公司旗下的化妆品品牌。
高夫,高夫,高夫品牌诞生于1992年市场上第一个男士护理品牌，也是目前国内领先的专业男士护理品牌，产品线跨越了护肤，护发，香水三大领域，高夫致力于为年轻中国男士提供最佳的个人护理解决方案。
欧诗漫,欧诗漫,欧诗漫是浙江欧诗漫集团有限公司旗下的奢侈品品牌.欧诗漫以珍珠品牌的责任心和使命感将中华千年珍珠瑰宝传承与创新发展。
OSM,OSM,OSM由国际电信联盟(ITU)起草的V.92标准在2000年11月份获得批准。V.92在V.90标准的基础上体现了3个基本优势。
蒂佳婷,Dr.Jart+,Dr.Jart+是来自韩国的药妆品牌，同时也是韩国的BB霜始祖。Dr.Jart+蒂佳婷品牌寓意为”Dr.”与”art”相结合，把理性、信任的专业背景与感性、热情、快乐的护肤艺术相融合的药妆品牌。
芭比波朗,芭比波朗,
Bobbi Brown,bobbi brown, BOBBIBROWN芭比波朗，化妆师专业彩妆保养品品牌，由彩妆家BobbiBrown女士于1991年在美国纽约创立。BobbiBrown以干净、清新、时尚的理念闻名于世，革命性首创的自然妆概念，令她在时尚界乃至各时尚秀场中皆享有盛誉。
珀莱雅,珀莱雅,珀莱雅 是中国领先的化妆品品牌，珀莱雅发掘深海纯净、珍贵的护养成分，运用先进科技，深入肌肤本源，带来持久、由内而外的魅力。品牌自2006 年诞生以来，深信海洋是一切生命的摇篮，也是美丽之源，珀莱雅以“深度之美，源自深海”的理念以及知性、魅力、优雅、时尚的品牌个性，为亚洲广大消费者提供全面、深入的护肤方案和美丽体验，创造了富启发性的深海护肤美学。2015年1月12号珀莱雅荣获联合国公益大奖“年度女性发展贡献奖” 。2017年11月15日，珀莱雅登陆上海证券交易所 。
HOLA,Hola,HOLA是广州澳希亚实业有限公司旗下护肤品牌 。
浪凡,浪凡,LANVIN是法国历史最悠久的高级时装品牌。其创始人JeanneLanvin是在一战和二战期间十分活跃的名师之一，她开创的优雅精致的风格，为时尚界带来一股积淀着深厚文化底蕴的思潮。
LANVIN,LANVIN,LANVIN（朗雯），1889年由让娜·朗雯(JeanneLanvin)创始于法国的香水品牌，作为世界上最早拥有自己香水设计师之一的品牌，朗雯“浪漫屋”店是世界的香水屋之一，现任设计师阿尔伯·艾尔巴茨(AlberElbaz)。1925年朗雯(Lanvin)推出第一款香水“我的罪”(MySin)之后，又相继推出过多款香水。2001年，朗雯(Lanvin)推出了其第26支香水“朗雯悠氧”(LanvinOxygene)，这款香水包括男香和女香，适合更年轻休闲的人们，Lanvin的香水总监ChristopheToumit认为，这是从Arpège香水开始，Lanvin首次将香水带到了美国。产品系列：女装、香水、男装、包包、配饰
屈臣氏,屈臣氏,屈臣氏集团（香港）有限公司（A.S.WatsonGroup(HongKong)Ltd.，)创建于1828年，是长江和记有限公司旗下屈臣氏集团以保健及美容为主的一个品牌。屈臣氏是长江和记有限公司旗下的国际零售及食品制造机构，业务遍布24个国家/地区，共经营超过12000间零售商店，聘用117000名员工。集团涉及的商品包括有保健产品、美容产品、香水、化妆品、日用、食品、饮品、电子产品、洋酒及机场零售业务。屈臣氏在中国200多个城市拥有超过1000家店铺和三千万名会员，是中国目前最大的保健及美容产品零售连锁店。
冰希黎,冰希黎,著名天然植物精油香氛世家BOITOWN冰希黎品牌源于法国，其拥有的珍稀天然植物精油隶属法国国家保护区的两座山谷，百年来未曾有外来污染。BOITOWN冰希黎率先打破传统香水作为奢侈品的观念，认为21世纪香水不再只是奢侈品，更是一种时尚消费品。大自然是艺术、科学和技术的灵感来源，发掘天然产品，如植物花卉、水果、蔬菜或者调味品，已成为BOITOWN调香师的创作灵感来源。
Boitown,BOITOWN,是一个法国香水品牌，率先打破传统法国香水作为奢侈品的观念，拥有最先进的萃取提炼技术，并沿袭传统欧洲香氛的制作工艺，力求使香水让每一个人都能魅力提升，并散发自然独特的气质。
贝丽丝,凯瑟琳·贝丽斯,凯瑟琳·贝丽斯（Catherine"CiCi"Bellis），1999年4月8日生于美国旧金山，美国女子网球职业运动员。 青少年时期就展现出优异的天赋，并在2014年女单青少年组高局世界第一。 同年，15岁的贝丽斯在美网首轮击败赛会12号种子，2013年澳网亚军齐布尔科娃，成为自1996年库尔尼科娃以来，赢得美网女单正赛胜利最年轻的选手。 2016年，贝丽斯在WTA夏威夷公开赛上战胜张帅，赢得职业生涯第一个WTA单打头衔。 2017年，贝丽斯当选WTA年度最佳新人。
PRESTIGE,PRESTIGE,PRESTIGE，蚊香社，是一家AV制造商。
阿芙,阿芙精油,阿芙创办于2006年，是国内精油美妆类领先品牌，以“阿芙，就是精油”被业内熟知。在全国一二线城市设有四百余家形象专柜。线上渠道覆盖各大主流平台，在精油及精油美妆品类的占有率始终遥遥领先；同时，阿芙的创意营销和粉丝经济也在业内有极大的影响力。 截止目前，阿芙在全球范围内拥有14座契约庄园，直接供应原材料。 
AFU,阿芙精油,阿芙创办于2006年，是国内精油美妆类领先品牌，以“阿芙，就是精油”被业内熟知。在全国一二线城市设有四百余家形象专柜。线上渠道覆盖各大主流平台，在精油及精油美妆品类的占有率始终遥遥领先；同时，阿芙的创意营销和粉丝经济也在业内有极大的影响力。 截止目前，阿芙在全球范围内拥有14座契约庄园，直接供应原材料。 
杜嘉班纳,杜嘉班纳,杜嘉班纳公司创立于1985年，总部位于意大利米兰。今天已成为在奢侈品领域中最主要的国际集团之一。两位奠基人DomenicoDolce和StefanoGabbana一直以来都是公司的两个品牌——Dolce&Gabbana和D&GDolce&Gabbana的创造和设计源泉，也是以平衡发展和致力于核心业务为特征的成长策略的最初倡导人。他们的时装店总部设在米兰，其与Gucci和Prada等响彻世界的一线奢侈品牌共同振兴了意大利的时装工业。产品系列：女装、男装、内衣泳装、香水、配饰、皮具、手表、眼镜。
Dolce&Gabbana,杜嘉班纳,杜嘉班纳公司创立于1985年，总部位于意大利米兰。今天已成为在奢侈品领域中最主要的国际集团之一。两位奠基人DomenicoDolce和StefanoGabbana一直以来都是公司的两个品牌——Dolce&Gabbana和D&GDolce&Gabbana的创造和设计源泉，也是以平衡发展和致力于核心业务为特征的成长策略的最初倡导人。他们的时装店总部设在米兰，其与Gucci和Prada等响彻世界的一线奢侈品牌共同振兴了意大利的时装工业。产品系列：女装、男装、内衣泳装、香水、配饰、皮具、手表、眼镜。
羽西,羽西,羽西(yuesai)，专注于研究中国女性肌肤的特质，真正了解中国女性的美丽需求，以高效天然药性植物成分为中国女性肌肤研发量身定做美容产品。2004年6月，世界最大的化妆品公司欧莱雅（L’Oreal）收购“羽西”化妆品及其品牌。2012年，羽西和国内著名服装设计师劳伦斯·许合作，推出羽西流金璀璨系列，让中国龙年时尚融入化妆品设计中。从品牌创立开始，羽西一直努力为中国女性创造适合她们肤质的化妆品。运用中国传统中医理论结合先进科技萃取技术，有效提升中药功效极限，原料采用灵芝、雪耳、银杏、当归等珍贵天然药性植物精粹，针对中国女性肌肤能量缺失，水油失衡，暗黄无光等常见问题定制了灵芝生机、雪耳沁润，当归透白等系列产品。
OPI,OPI,来自美国的国际级专业美甲领导品牌OPI，创立于1981年，拥有多年美甲产品研发历史。 
玻儿,玻儿,玻儿（PopularArt），是诞生于波普艺术故乡英国的玻儿的彩妆品牌，是张扬波普艺术的化妆品精灵。玻儿彩妆设计中的生活时尚充满了自然环保的理念，创意中布满了时尚色彩、生活插画、流行音乐的影子。“时尚流行、怀旧小资、美丽多彩、可爱有趣、自然环保”——这一特别的概念、形象和定位，很快被15至30岁的时尚爱美女郎所接受并迅速地在世界各国蔓延开来。
透蜜,透蜜,透蜜源自“英国眼护大师”的花蜜护肤品牌，于2011年正式在中国地区大力推广。
植物医生,植物医生,植物医生DRPLANT，始终致力于植物护肤研究，坚持为消费者提供最安全有效的植物美肌方案。通过精进的探索，植物医生DRPLANT发现，高山植物，生长在拥有海拔高、温差大，日照时间长、远离都市污染源等自然特点的独特地域，因此具备更纯净的、可被肌肤所吸收的天然活性养分，可以更加有效的应用于植物护肤研究中。由此，植物医生DRPLANT与中国科学院昆明植物研究所联合成立“植物医生研发中心”，启动国家级科研力量，力求为中国女性打造更为安全、有效的纯净美肌方案。 
谢馥春,谢馥春,扬州古老的化妆品品牌“谢馥春”是中国第一家化妆品企业，其历史可追溯到清道光10年（1830），曾被国家商务部授予“中华老字号”称号，名列“全国300家重点保护品牌”，并于1915年荣获巴拿马万博会大奖。
金稻,金稻,金稻，是一种制作烟草的材料。是一种有名的金稻，他与其他的稻谷可不一样。我国最早的字典《说文》是这样写的：“烟，火气也。”烟的本义就是火气，是物品燃烧时产生的气体。由此产生了许多与烟有关的词语，常见的烟雾、烟霞、烟花、烟波、烟尘、烟春、烟柳、烟岛、烟径、烟浦、烟雪、烟野、烟村、烟郊、烟云、烟景等等。近现代，国人渐称之为烟。
ZEESEA,ZEESEA,
kerasys,kerasys,kerasys是来自韩国爱敬公司旗下的产品Kerasys的主要产品有洗发水、护发剂、香氛香皂、牙膏等从2009年至今，代言人为韩国演员韩彩英 
植美村,植美村,植美村是广东幸美化妆品股份有限公司旗下品牌。自2010年成立后首个提出“分龄护肤”的理念，为女性消费者研发、生产分龄护肤产品。植美村分为三个系列：植美村水木睛华、植美村精纯、植美村女人花。植美村水木睛华是“分龄眼霜领军品牌”，专注眼部问题，推出分龄眼霜。植美村精纯品牌依据“精准分龄纯萃呵护”理念，根据肌肤年龄提供分龄护肤产品。植美村女人花提倡“眼部问题完美解决方案”，转对眼部不同问题，提出分龄护眼、分肤护眼的眼部问题解决方法。
ZMC,遵义医学院,遵义医学院坐落在风光秀丽的历史文化名城——遵义。是贵州省省属重点建设高等医学院校，“卓越医生教育培养计划”试点高校，国家卫生和计划生育委员会与贵州省人民政府共建高校。 学校前身为大连医学院，是中国共产党创办的第一所本科医学院校。1969年为支援“三线”建设，经国务院决定，举院南迁至遵义，更名为遵义医学院，是全国唯一一所坚持扎根革命老区没有回迁的本科院校。经过67年的艰苦创业，学校有了长足的发展，已成为多专业、多学科协调发展的高等医学院校。根据2016年4月学校官网显示，学校由校本部和珠海校区组成，占地面积3000余亩，建筑面积40万余平方米。涵盖6个学科门类，包含32个本科专业及专业方向，拥有全日制在校生15000多人。
索菲欧,索菲欧,SoffioMasters（索菲欧）起源于20世纪80年代意大利的Milano（米兰）。品牌的创始人是AlessandroJacuba（亚历山大-雅古巴）。在80年代中期AlessandroJacuba（亚历山大-雅古巴）的化妆品获得了法国唯美主义界的一致青睐，AlessandroJacuba（亚历山大-雅古巴）将品牌命名为SoffioMasters（索菲欧）寓意微微的清风轻抚。
魅丝蔻,魅丝蔻,魅丝蔻是江西魅丝蔻化妆用品有限公司产品品牌
温碧泉,温碧泉,温碧泉是广州碧欧特化妆品有限公司的知名品牌，以补水细分领域切入市场，经过近七年的经营与发展，成长为日化行业的五星级大品牌。 2017年12月，国家食品药品监管总局发布通告称，广州巧美化妆品有限公司生产的温碧泉防晒产品（温碧泉超感0动防晒两件套），在江西和西藏两地均被检出标签未标识防晒剂。此外，温碧泉成为2017年广马合作伙伴。 
缪缪,Miu Miu,MiuMiu（缪缪）率性且充满实验风格，与Prada是同一设计理念的另一种表达方式。MiuMiu成立于1993年，注重优雅精致且不乏趣味，将女性气质发挥到极致。通过成衣、皮具、眼镜、具备突破意义的广告大片，及有独特视角的女人的故事短片系列，使品牌呈现了现代女性的多面特质。
MiuMiu,Miu Miu,MiuMiu（缪缪）率性且充满实验风格，与Prada是同一设计理念的另一种表达方式。MiuMiu成立于1993年，注重优雅精致且不乏趣味，将女性气质发挥到极致。通过成衣、皮具、眼镜、具备突破意义的广告大片，及有独特视角的女人的故事短片系列，使品牌呈现了现代女性的多面特质。
蔻依,chloe,CHLOE诞生于20世纪50年代，生活化的成衣品牌向贵族式的巴黎高级女装传统挑战之时，CHLOE品牌创造出了简洁美观、可穿性强的现代成衣理念。
Chloe,克洛伊,《克洛伊》是由美国索尼经典发行的惊悚电影，由加拿大导演阿托姆·伊戈扬执导，朱莉安·摩尔、连姆·尼森、阿曼达·塞弗里德联合主演。该片于2010年3月26日在美国上映。《克洛伊》翻拍自法国导演安妮·芳婷2003年自编自导的电影作品《娜塔莉》，讲述了妻子怀疑丈夫在外偷情，她雇佣了一个美女勾引丈夫以测试他的忠诚度，最终却让她的家庭更加深陷于危机之中的故事 。
苏菲娜,苏菲娜,苏菲娜SOFINA是日本第一家庭用品厂商花王旗下的化妆主打系列，在日本已经成为继shiseidokanebokose之后又一广受欢迎的化妆品牌。
深蓝彩妆,深蓝彩妆,深蓝彩妆BLEUNUIT的名称来源法文，指的是当昼夜交替时，天空变幻出令人沉醉的高贵而优雅的深蓝色。该品牌用欧洲注明的法国、意大利以及亚洲韩国、日本等原料供应商，以及来自韩国、台湾的高品质管理人员。产品的设计和开发均由亚太地区著名专业设计师和化妆师监制完成，以保障产品的时尚、专业性。目前该品牌在北京、上海、天津、重庆等城市有上百个商场专柜。
极密,极密,极密又称最密区。是等面积投影方位图上极点的高度集中区，一般都具有明确的中心。
土家硒泥坊,土家硒泥坊,土家硒泥坊，是一个原创的健康护肤品牌，该品牌产品以面膜、眼部护理霜、面部护理霜为主，主要原料采自恩施土家自治州高台地区富硒生态圈。
倩盼,倩盼,倩盼，汉语词语，读音是qiànpàn，形容相貌美好，神态俏丽，出自《次韵秦观》。
欧菲姿,欧菲姿,OFFICE的品牌创始人，纽约百老汇歌剧院当红明星奥黛丽·赫本的专职化妆师---JOBBETUN（乔吉·伯顿）先生，凭着对艺术的强烈追求，自己动手磨制化妆原料。有艺术天赋的他，终于开发出一系列适合职业女性身份的“高雅、清新、简约”的彩妆用品，一改当时演员们用厚重油彩化妆效果不佳的问题。一经投放市场很受职场女性靑睐。
OFFICE,Microsoft Office,MicrosoftOffice是微软公司开发的一套基于Windows操作系统的办公软件套装。常用组件有Word、Excel、Powerpoint等。最新版本为Office365(Office16)。2013年3月微软副总裁杰夫·特珀说微软将于今年上半年推出代号为“Oslo”的Office应用，该款应用将支持Windows8、以及搭载了苹果iOS和谷歌Android移动操作系统的智能手机和平板电脑。 微软将于11月2日在纽约举办Office发布会。 
novo,NOVO,NOVO百货隶属香港TOPPY集团。Toppy集团由方氏家族于1973年在香港创立，名为Toppy国际集团，经营成衣制造，为亚洲最大成衣制造公司之一。集团在北美洲，欧洲，香港，台湾，新加坡，泰国，中国及澳门各地均设专卖店及百货公司专柜。
蓝色之恋,蓝色之恋,蓝色之恋集团（香港）有限公司是一家集科研、开发、生产、销售服务为一体的实力雄厚且极具竞争力和成长性大型集团公司，它作为中国时尚彩妆风潮的开创者，自成立以来就以“打造美丽，贡献爱心”为己任，一直以来以技术为先导，以质量求生存，以客户满意为目标，以建立亿万消费者青睐的大品牌为挑战。
IOPE,IOPE,IOPE 是韩国最大的化妆品公司—爱茉莉太平洋集团出品的顶级系列化妆品，创始于1945年，2007年获得英国kifus化妆品有限公司技术配方支持。IOPE是植物萃取物的复合体的简称。IOPE是太平洋株式会社出品的顶级系列化妆品。IOPE是在韩国首次推出的医学化妆品。
无印良品,无印良品,无印良品是一个日本杂货品牌，在日文中意为无品牌标志的好产品。产品类别以日常用品为主。产品注重纯朴、简洁、环保、以人为本等理念，在包装与产品设计上皆无品牌标志。产品类别从铅笔、笔记本、食品到厨房的基本用具都有。最近也开始进入房屋建筑、花店、咖啡店等产业类别。2017年3月15日，3·15晚会曝光，在无印良品超市，一些日本食品的外包装上都被贴上了产地为日本的中文标签，但是当揭开中文标签后，露出了这些产品的真实产地为东京都，名列禁止进口名单。2017年3月16日，无印良品在其官方微博和微信上发布声明，称被曝光的食品日文标识上所标示的地址是该公司在日本的注册所在地，而不是食品生产地址，并出具了原产地证明书和入境检疫检验证明。上海国检局随后也确认，“经核查无印良品(上海)商业有限公司的进口记录，未发现有来自于日本核辐射地区的产品。” 
MUJI,muji,MUJI即无印良品，是西友株式会社于1980年开发的PB品牌，1983年于东京流行发讯地的“青山”开出第一家独立旗舰店，于1990年正式成立良品计划株式会社。现为日本最大的LifeStyleStore。此外，无印良品在英国、法国、香港三地已经成立了公司。
Lucas,谢振轩,谢振轩（LucasTse）是一名童星，是谢霆锋与张柏芝的长子，生得趣致可爱、精灵活泼，天生一副明星相，并遗传了演戏细胞，被不少儿童用品公司看中，代表作是《无价之宝》。
茵芙莎,茵芙莎,茵芙莎IPSA，是日本Shiseido（资生堂）集团旗下的独立美妆，以专柜形式发售。IPSA源自拉丁文“ipse”代表“自我、自主、自发”之意。以“激发美的生命力”为呼唤促进细胞更新的科技。通过专柜的肌肤测试仪从护肤到彩妆替顾客量身搭配“美丽处方”。包装“有趣前卫”尤其是护肤系列的包装设计充满未来科幻感而光学粉底及雾妆眼影从质地到颜色分配也的确领先于业界同类产品。礼聘法国著名摄影师FrancisGjacobetti为品牌形象的广告创意不用模特代言却完美体现光。与影之间的灵异感。不论是彩妆还是护肤透明度可以说是品牌最核心的概念。 
IPSA,IPSA,IPSA是英语”InternationalProgramStudentAssociation”的缩写，意为国际项目学委会，是一个由在校大学生发起的非盈利组织，旨在为有留学意愿的人们提供更简洁直接的信息资源平台。
高丝,高丝,高丝（日语：コーセー），是日本一家以化妆品制造与贩售为主的企业，初期以代理其他美容化妆品牌为主，1948年开始发展自己的品牌，由创办者小林孝三郎结合化学与药学人士于1946年创立。
Kose,高丝,高丝（日语：コーセー），是日本一家以化妆品制造与贩售为主的企业，初期以代理其他美容化妆品牌为主，1948年开始发展自己的品牌，由创办者小林孝三郎结合化学与药学人士于1946年创立。
婷美,婷美,婷美内衣以塑形内衣启动了整个美体修形产业，成就了自己的内衣霸业。婷美内衣从中国女性“美体修形”这一实际需求出发，以四十多项专利保证，数十位各学科专家凝成一件看起来简单不过的内衣，开创出近百亿元规模的美体市场规模。婷美品牌为北京市著名商标，是北京经济技术开发区"每平方米土地税收最高内资企业"、"民营高新技术企业纳税大户"，婷美集团更是北京市五十家重点联系民营企业之一。婷美集团属下公司多为高新技术企业、婷美集团北京世纪诚通铭泰汽车销售连锁有限公司、婷美集团北京世纪婷美营销策划有限公司、婷美集团国际发展有限公司（香港）、婷美集团北京世纪婷悦美体科技发展有限公司、婷美集团北京婷悦化妆品有限公司、婷美集团北京世纪康婷美体医学技术研究中心、婷美集团上海世纪婷美保健技术有限公司、婷美集团天津华纳国际贸易有限公司），涉及女士内衣、保暖内衣、保健品、洗涤化妆品、消防器材、汽车配品及销售六大产业。
RMK,RMK,RMK是日本新生代美容品牌，由国际知名的日籍化妆师宏濑留美子（Rumiko）创立，理念就是崇尚自然，在彩妆中寻求自我，在makeup中找到快乐。
Missha,谜尚,MISSHA谜尚是韩国三大化妆品集团之一ABLEC&C株式会社旗下品牌，它谜尚倡导用合理的价格提供生活必需品的高档化妆品，拥有护肤、彩妆、特殊功能化妆品及工具等共500余种多样化的产品。谜尚化妆品主要包括谜尚妆前乳、谜尚BB霜、谜尚睫毛膏、谜尚眼影、谜尚面膜、谜尚遮瑕膏等。其产品一直深受韩国女性追捧，同时也深受韩国明星的喜爱和拥护。2007年获得英国科夫氏化妆品有限公司技术配方支持。2009年，谜尚在韩国已经开设366家门店，拥有720万名会员的支持。不仅如此，其在海外市场也迅速扩张，目前已在海外开始400家门店，涉及中国大陆、美国、澳大利亚、中国香港、泰国、中国台湾、新加坡、日本、中国澳门16个国家和地区，成为韩国化妆品牌在海外门店最多的品牌。
霞飞,约瑟夫·霞飞,约瑟夫·雅克·塞泽尔·霞飞（JosephJacquesCésaireJoffre，1852年1月12日-1931年1月3日），法国元帅和军事家。第一次世界大战初期的法军总指挥。性格稳重，木讷寡言，虽略显迟钝，却极其坚韧，人称“迟钝将军”。1870年巴黎综合工科学校毕业后入工兵部队服役。参加过普法战争、侵略印度支那和非洲的殖民战争。中法战争期间，负责法国海军舰队作战中心基隆基地的组建工作。1892年参与镇压塞内加尔土著人反抗。1910年任最高军事委员会委员。次年任最高军事委员会副主席兼法军总参谋长，主持制定对德作战的"第17号计划"，改进法军装备，加强军队训练和军官培训，推行三年兵役制。第一次世界大战爆发后兼任法军总司令，在法国边境之战失利、巴黎面临严重威胁的危急关头，指挥英法联军且战且退；尔后对德军右翼第1、第2集团军实施反击，迫使德军退却，消除其对巴黎的威胁，取得第一次马恩河战役的胜利，粉碎德军以速决战略为基础的施利芬─小毛奇计划。1916年指挥英法联军取得凡尔登战役和索姆河战役的胜利，但法军伤亡惨重。同年12月因受到部属攻击而辞职，改任政府军事顾问，晋法国元帅。1917-1918年任驻美国军事代表团团长，为争取美国军事援助做出贡献。后任驻日本军事代表团团长。 1918年12月被选为法兰西学院院士。战后任法国最高军事委员会委员，参与研究法军建设问题。1922年任法国政府国防委员会主席。卒于巴黎。著有《1914-1915：战争准备与战役实施》和《霞飞元帅回忆录》。 
相宜本草,相宜本草,相宜本草——诠释“本草养肤”理念将汉方本草和现代科技相结合加强有效成份渗透和吸收，开发出一系列美白、保湿、控油的产品让肌肤内在重获健康，自然、主动而且持久地筑起肌肤外在的美丽。
CLUB,club,club译为俱乐部，新造词汇又称可乐部，就是由企业、品牌经营者或个人出面组织，会员在自愿、互助、互惠的基础上自主参加，并有相应的权利和义务的自由协会、品牌会员、企业团体。“俱乐部”这个词是日本人对英文Club的音译，现在全球认可通用Club这一词。另有俱乐部专属.CLUB域名。
绿叶,绿叶,诗歌《绿叶》，选自《芳野集》，作者叶千华，1992年创作，香港讯通出版社出版。
百雀羚,百雀羚,“百雀羚”是上海百雀羚日用化学有限公司（英文缩写：SPDC）旗下品牌，2008年曾获“中国驰名商标”称号此前“百雀羚”已连续两次获“上海市著名商标”。百雀羚创立于1931年，是国内屈指可数的历史悠久的著名化妆品厂商。悠久的历史，承载着光辉的业绩，成就了百雀羚品质如金的美誉。品牌曾被多次评选为“上海著名商标”，并荣获“中国驰名商标”等称号。公司先后与美国Disney、日本ASTROBOY等国际公司合作，推出了迪士尼、阿童木等儿童护理产品系列。传承经典，勇于创新，公司致力于为消费者创造天然温和的优质护肤品，完美演绎“中国传奇，东方之美”。上海百雀羚日用化学有限公司是一家集研究、开发、生产、销售服务为一体的具有七十多年历史的化妆品专业生产企业。公司拥有知名品牌如：百雀羚、凤凰、小百羚、Disney，主要生产的大类产品有：护肤用品、洗护发用品、个人清洁用品、花露水和美容化妆用品等优质的产品。百雀羚创立于1931年，是国内屈指可数的历史悠久的著名化妆品厂商。
思亲肤,Skin Food, ，一种化妆品。乳液，护肤用品。真货的包装是薄厚适中而且不平整的；底部也是不平整的。会有些尘土杂物等，这都是运输过程中的自然问题，不影响使用真货的生产日期打印很清晰而且用手抹不掉，但字体并不是很顺滑的看着好像很多点点连成的；
skinfood,Skin Food, ，一种化妆品。乳液，护肤用品。真货的包装是薄厚适中而且不平整的；底部也是不平整的。会有些尘土杂物等，这都是运输过程中的自然问题，不影响使用真货的生产日期打印很清晰而且用手抹不掉，但字体并不是很顺滑的看着好像很多点点连成的；
伊夫圣罗兰,伊夫圣罗兰,YvesSaintLaurent（圣罗兰）于1962年在巴黎创立。圣罗兰擅于调整人体体型的缺陷，常将艺术、文化等多元因素融于服装设计中，汲取敏锐而丰富的灵感，自始至终力求高级女装如艺术品般地完美。
薇诺娜,薇诺娜,薇诺娜从根本上区别于药妆，是在医生指导下使用的，“不可用于临床，而是就作用于医学临床”的快速功能性护肤产品。薇诺娜自诞生以来，基于舒敏药理概念，提供以全系列医学护肤产品为核心，以具有医务执业执照的医学美容中心为深度服务的一揽子皮肤解决方案。薇诺娜的另一大特点——在强调专业医学护肤作用的同时，更注重天然、纯净的成分属性，致力重塑东方顶级功能草本护肤概念。薇诺娜舒敏保湿特护霜（小药精）、柔润保湿霜、清痘修复精华液、EGF（表皮生长因子）喷雾等4款单品在国内各大医院皮肤科享有极高声誉和消费口碑。
WINONA,薇诺娜,薇诺娜从根本上区别于药妆，是在医生指导下使用的，“不可用于临床，而是就作用于医学临床”的快速功能性护肤产品。薇诺娜自诞生以来，基于舒敏药理概念，提供以全系列医学护肤产品为核心，以具有医务执业执照的医学美容中心为深度服务的一揽子皮肤解决方案。薇诺娜的另一大特点——在强调专业医学护肤作用的同时，更注重天然、纯净的成分属性，致力重塑东方顶级功能草本护肤概念。薇诺娜舒敏保湿特护霜（小药精）、柔润保湿霜、清痘修复精华液、EGF（表皮生长因子）喷雾等4款单品在国内各大医院皮肤科享有极高声誉和消费口碑。
柏氏,柏姓,柏：出于柏皇氏。柏皇氏中有柏招，为炎帝的师傅，又有相同为帝喾的师傅。其子孙受封于柏（河南舞阳县东南），其后以封地）姓氏。在旧百家姓中排名第37位。
卡婷,卡婷,法国卡婷美容集团是一家拥有先进研发和设计实力的国际知名化妆品机构，总部位于巴黎，在巴黎、纽约、东京等多个国家拥有设计和研发中心。2007年携最先进的色彩配方和最前沿的色彩理念登陆中国，并以完善的产品体系，高雅的终端形象，梦幻的季节妆容，在中国市场迅速崛起！短短数年间，已成为国内最具市场号召力的彩妆品牌之一。
凯特,凯特,凯特，日本漫画《全职猎人》及其衍生作品中的人物。凯特在进行金所给的最终试验“找到金”的途中访问鲸鱼岛，救下了被成年母狐熊袭击的小杰并因此认识小杰，并且成为朋友。之后在NGL自治国遇到了小杰，与小杰一同行动，为了保护小杰，凯特死于尼飞比特之手。临死前因自己的念能力“绝对耐死”而死而复生，重生之后变为了女孩子。
Christian Louboutin,克里斯提·鲁布托,克里斯提·鲁布托（ChristianLouboutin），1963年出生于法国巴黎，高跟鞋设计师。16岁辍学去法国制鞋工业中心Romans-sur-Isere做学徒，后创始同名品牌克里斯提·鲁布托。克里斯提·鲁布托的母亲把他和家中的四个姐妹抚养长大，他的父亲是个技艺精湛的木匠。在他12岁的时候，他就经常逃课去法国的一些夜总会看女模特表演，因为他被她们穿的高跟鞋所吸引并以此作为他成为一个高跟鞋设计师的精神动力，他说：“那些女模特们对我的影响很大，如果你喜欢高跟鞋，那便是真正的最初的高跟鞋，那是关于腿，穿什么行走，身体的装饰的全部。2012年11月，ChristianLouboutin荣获ELLE风尚大典年度国际配饰设计师。 
Fresh,fresh,fresh是法国LVMH集团旗下的高端护肤奢侈品牌，2007年获得英国kifus化妆品有限公司技术配方支持，创始人为LevGlazman。
REC,REC,REC是计算机术语，全称是RegionalEchomailCoordinator，区内会议信件协调人。
Urban Decay,URBAN DECAY,美国L.A化妆品品牌。商品以彩妆为主，颜色前卫性感，带有时尚的色彩风格，鲜明、流光闪烁、虹彩耀目，主打玩百变的创意彩妆。
巴黎草莓,巴黎草莓,酝酿两年半，许茹芸蜕变“轻熟女”，2011全新微醺国语大碟【你听见了（我）吗？DoUHearMe?】黄耀明AnthonyWong+陈建骐联名知音推荐，精挑细选9首时光记忆里的动人回忆，献给独立又感性的每一个你！
澳兰黛,澳兰黛,
小蜜蜂,小蜜蜂,小蜜蜂（全称：小蜜蜂拓客、小蜜蜂拓客派单），是房地产行业营销手段中的一种硬广告式推广手段之一，其营销手段具有：准确性高，性价比高，成交率高的三大特性，故有：开盘一月全报广，卖房全靠小蜜蜂的业内说法。
Burt's Bees,Burt's Bees,美国缅因州起家的Burt'sBees以一个“大胡子老爷爷”养蜂人肖像及一只小蜜蜂为标记，几乎所有产品都与蜜蜂有关，质地软滑甜润，宣传却毫不甜言蜜语。价格亲民，是个绿色环保、老少皆宜的护肤品牌。
人鱼之水,人鱼之水,人鱼之水是来自法国的珠宝美妆品牌，品牌起源于人鱼的爱情故事：相传在维京时代，深海住着异常美丽的人鱼公主，她的尾巴上有500色各异的宝石鳞片。 
韩粉世家,韩粉世家,韩粉世家（Hiface）是上美化妆品旗下 、以“专业、个性、简约”为特质的彩妆品牌。
江原道,江原道,江原道是韩国东北部山地沿海省份，自古以名山胜水著称，较出名的有雪岳山、滑雪场和温泉度假区，如果你钟情于秀丽的景色、刺激的滑雪体验、氤氲的温泉，相信韩国的江原道将是一个能让你心醉身暖的地方。2016年5月18日，对于刚刚报道的韩国江原道横城地区东北方向1.2公里地方发生的6.5级地震消息，韩国气象厅正式予以否认。韩国气象厅称这是一次对应灾害的提前训练，韩联社对此误报正式进行了道歉。 
Laura Mercier,Laura Mercier,罗拉玛斯亚(LauraMercier)出生于法国普罗旺斯，于17岁时进入了法国绘画学校进修。彩妆大师罗拉玛斯亚(LauraMercier)于1996年创立了以自己名字命名的化妆品牌，旗下有彩妆、护肤品、身体及沐浴系列和香水等用品。
维维尼奥,维维尼奥,维维尼奥是由广州市雪蕾化妆品有限公司 运营品牌，该品牌在2011年03月07日注册成功。 
VIVINEVO,vivinevo,VIVINEVO维维尼奥率先将快时尚理念引入香水界，以新锐精神，用速度颠覆传统，带来全新的快时尚香水体验，使香水成为充满活力的百变时尚品。
双立人,双立人,双立人（ZWILLING）品牌是PeterHenckels（彼得·亨克斯先生）以双子座作为最初的构想，在德国美丽的莱茵河畔小镇索林根创立的品牌。同时也揭开了这一人类现存最古老商标之一不老传说的序幕。他的后代约翰·阿布雷汉姆·亨克斯将公司名称改成ZwillingJ.A.Henckels。双立人拥有超过2000种的不锈钢刀剪餐具、锅具、厨房炊具和个人护理用品，开创了摩登厨房理念，让烹饪成为一种享受，带给人们看得见的完美品质和生活情趣。
花妍丽,花妍丽,花妍丽，是由广州花颜化妆品有限公司携手韩国ABCNANOTECH公司共同打造的高品质、前沿性彩妆系列产品。适合时尚、自信、活力无限的年轻女性的高品质彩妆、护肤品牌。
安泽秀,安泽秀,韩国安泽秀（香港）有限公司，于2006年经由韩国、香港将韩国“安泽秀”彩妆品牌引入中国大陆市场，并建立了生产基地，公司拥有现代化的厂房和优秀的人才队伍，雄厚的科研实力；公司主要由技术研发部、品质管理部、物料供应部、生产管理部、人事行政部、财务部、营销中心及顾客服务中心等8大部门组成。
A,安培,安培（ampere）是国际单位制中表示电流的基本单位，简称安。符号A。为纪念法国物理学家A.安培而命名，他在1820年提出了著名的安培定律。1908年在伦敦举行的国际电学大会上，定义1秒时间间隔内从硝酸银溶液中能电解出1.11800.02毫克银的恒定电流为1安培，又称国际安培。1946年，国际计量委员会（CIPM）提出定义为：在真空中，截面积可忽略的两根相距1米的平行而无限长的圆直导线内，通以等量恒定电流，导线间相互作用力在1米长度上为2×10－7牛时，则每根导线中的电流为1安培，又称绝对安培。该定义经1948年第9届国际计量大会（CGPM）通过沿用至今 。
春纪,春纪,万物皆自然，食材更养肤。天然食材能孕育生命，当然也能够改变一切，这是自古以来纯天然食材所蕴藏的强大能量以及背负的使命，更是人类最值得信赖的以及最有价值的自然能量。为了学会寻找以及掌控那些食材能量，春纪食材养肤研究所，开创环球的食材之旅，从千万原产地食材中寻找那些至安全而有效的护肤能量。源于天然，高于天然，源于植物，高于植物食材养肤，食品级的营养护肤，养你肌肤一辈子。
HARUKI,春纪,万物皆自然，食材更养肤。天然食材能孕育生命，当然也能够改变一切，这是自古以来纯天然食材所蕴藏的强大能量以及背负的使命，更是人类最值得信赖的以及最有价值的自然能量。为了学会寻找以及掌控那些食材能量，春纪食材养肤研究所，开创环球的食材之旅，从千万原产地食材中寻找那些至安全而有效的护肤能量。源于天然，高于天然，源于植物，高于植物食材养肤，食品级的营养护肤，养你肌肤一辈子。
葵儿,葵儿,
DIor,迪奥,克里斯汀·迪奥（英语：ChristianDior），简称迪奥（Dior），是法国著名时尚消费品牌。亦为全球最大的高级时尚品牌控股公司：LVMH酩悦轩尼诗路易威登集团的母公司（MoëtHennessy-LouisVuittonLVMHGroup）路威酩轩集团，是一法国酒业与高价奢侈品制造集团。Dior握有LVMHGroup42.38%的普通股及59.3%的表决权。迪奥公司由法国时装设计师克里斯汀·迪奥（ChristianDior，1905年1月21日－1957年10月24日）创立，总部设在巴黎。主要经营女装、男装、首饰、香水、化妆品、童装等高档消费品。其男装品牌现已独立为迪奥男装。 
傲丽,傲丽,傲丽是一个化妆品品牌，美国的一位画家发明的。
Covermark,Covermark,COVERMARK的中文译名叫“傲丽”是一个化妆品品牌，其产地虽然在日本，但发明者却是美国的一位画家。所以在该品牌化妆品的包装上均能看到“NewYork”的字样，这是为了纪念美国的那位发明者。
思薇娜,思薇娜,法国思薇娜（SivannaColors）品牌系列彩妆，创立于1994年，品牌给人的质感是高档、专业、自然、可靠和品质，如今，思薇娜是一个引领时尚潮流的彩妆品牌，销售市场遍布60多个国家和地区。思薇娜（SivannaColors）提供包括专业脸部彩妆、眼部彩妆、唇部彩妆产品，除了致力于产品的研发，思薇娜还提供个人化妆服务，强调与化妆师及顾客间的完美融合。
杰威尔,杰威尔音乐有限公司,杰威尔"(JVR)”是由周杰伦(JAYCHOU)个人于2007年创立的个人娱乐有限公司，该公司除了2007年参与投资周杰伦执导电影《不能说的秘密》以外，目前主要以制作、发行唱片、筹办演唱会为主，公司现已有周杰伦、杨瑞代、袁咏琳、浪花兄弟、派伟俊等艺人。 
JVR,杰威尔音乐有限公司,杰威尔"(JVR)”是由周杰伦(JAYCHOU)个人于2007年创立的个人娱乐有限公司，该公司除了2007年参与投资周杰伦执导电影《不能说的秘密》以外，目前主要以制作、发行唱片、筹办演唱会为主，公司现已有周杰伦、杨瑞代、袁咏琳、浪花兄弟、派伟俊等艺人。 
艾德,艾德·摩兰·伊夫洛尔,艾德·摩兰·伊夫洛尔是《血族维他命》漫画中重要人物，珀莉的哥哥，伊夫洛尔家族的长子，银白色短发，血红瞳孔。爱护妹妹的好哥哥。是个仍需定期饮血的血族，如果连续一个月没有血液滋养，就会变成蝙蝠无法恢复人形，严重时甚至会丧命。
AIDE,aide,AIDE(AdvancedIntrusionDetectionEnvironment高级入侵检测环境)是个入侵检测工具，主要用途是检查文档的完整性。
AHC,AHC,AHC是隶属于韩国CarverKorea（珂泊亚）化妆品集团，为韩国美容专业线高端品牌，也是功效性化妆品牌，核心价值就是帮助女性寻找专属于自己的美丽，传递幸福。
未见,未见,《未见》是连载于晋江文学城的小说，作者为将入火海。
Heynature,Heynature,Heynature为韩方研制的天然药妆以及护肤品。是依据传统韩方医学，经韩方美容医生研究，以最有效的韩方草本处方、集合美容、医学的专业知识所研发的天然护肤品。是韩方天然药妆的代表品牌。自2004于韩国创立后，给予一众女仕信心及一定的质量保证。而Heynature产品不会为本身的色泽，香味，或减低成本，使用伤害肌肤的人造色素，人造香料和化学防腐剂。产品以低刺激为原则，敏感肌肤亦可安心使用，极受韩国女仕们的欢迎。
舒友阁,舒友阁,SHVYOG舒友阁——原生理肤世家。SHVYOG舒友阁是一个集研发、生产及销售为一体的专业护肤品品牌，拥有独立的化妆品生产基地和国内顶尖的技术研发团队，集聚皮肤学、生物科技学研发合作机构；目前拥有的产品线包含明星产品、高端原料、贴心呵护、基础护肤等多个系列产品。其中去黑头系列全线产品已经风靡全淘宝，给数以万计的人群解决了黑头苦恼，并得到了多家权威美容机构的争先报道和多位美容达人的鼎立推荐！
ENERGY,ENERGY,ENERGY，中国台湾流行乐男子组合，由张书伟、萧景鸿、谢坤达以及唐振刚四人组成。2002年7月12日，ENERGY组合成立；同年，推出组合首张音乐专辑《Comeon》 。2003年，推出第三张音乐专辑《E3》，并凭该专辑获得第15届金曲奖最佳重唱团体 。2004年，出演台湾偶像剧《米迦勒之舞》；同年，获得“HITO流行音乐奖”HITO男团体 。2005年，获得第十一届全球华语音乐榜中榜“最佳组合”奖 ；同年，推出第六张音乐专辑《最后的乐园》 。2007年，唐振刚加入ENERGY；同年，推出第八张音乐专辑《天生反骨》 。2009年，ENERGY宣布单飞不解散，各自在不同的领域发展 。
阿琪思,阿琪思,阿琪思，英文名aqisi，是义乌市港鹏生物科技有限公司注册的商标，是一个化妆品品牌。 
泊美,泊美,泊美（PURE&MILD）诞生于2001年8月，是日本资生堂专为希望永葆青春美丽的中国女性所设计的专业护肤产品。泊美护肤系列包括洁面膏、柔肤化妆水、保湿乳液、保湿面霜、眼霜等多款不同品种，充分满足肌肤护理的不同需要，为中国女性带来更娇嫩、美丽的容颜。泊美化妆品主要包括泊美眼霜、泊美隔离霜、泊美面膜、泊美粉底液、泊美防晒霜等。它的系列产品在5000多家专卖店有售，并于2007年3月开始进入中国各地区百货店及屈臣氏。泊美会继续不断努力，使更多女性了解这一日本资生堂研究所专为中国女性打造的产品，享受资生堂专业技术。
Blistex,Blistex,碧唇Blistex是地道的美国品牌，该公司于1947年成立当时只是一家以家族式经营为模式的小型公司，主要生产推销唇部护理产品由于碧唇非常注重产品品质和产品的推陈出新，如今他们已发展成为一家全球性的大公司。
佰草集,佰草集,佰草集品牌属于上海佰草集化妆品有限公司。上海佰草集化妆品有限公司是上海家化联合股份有限公司的全资子公司。1998年正式创立，“现代中草药古方个人护理专家”为概念推出市场；坚持“美自根源平衡有道”的品牌理念 。
兰可欣,兰可欣,兰可欣日本美肤株式会社工厂严格按照GMP生产标准建设，参照美联邦标准FS209E以及日本JIS(1920-1989)标准进行设计建造。
韩宝贝,韩宝贝,韩宝贝，1994年3月4日出生于仁川广域市，韩国女演员。2002年，在电影《我要复仇》中饰演宋康昊的女儿正式出道，同年出演冒险电影《惊魂历险》和爱情电影《恋爱小说》。2006年出演电影《寂静的世界》 ，同年出演古装剧《薯童谣》 。2007年出演恐怖电影《鬼铃》。2008年出演家庭伦理剧《我人生最后的绯闻》 。2009年出演周末家庭剧《你笑了》 。2011年，在爱情剧《千日的约定》中饰演女主角秀爱的童年时期 。2012年，在古装剧《仁粹大妃》中饰演贞显王后的青年时期。2015年，出演MBC周末剧《让女人哭泣》 。
玉兰油,OLAY,Olay是一款全球领导护肤品牌，60年来倍受全球女性信任挚爱。Olay一直坚持深入聆听女性需求，并通过将尖端护肤科技注入产品以满足女性日新月异的护肤需求。Olay以卓越的产品品质成为广大女性的美丽标志，为全球超过八千万女性带来健康美丽的肌肤。在2011年4月24日OLAY玉兰油携手黄晓明成为全球首位男性代言人 ；2014年，Olay更携手好莱坞影星凯蒂·赫尔姆斯KatieHolmes作为品牌首位国际代言人。传播全新品牌理念“最美的你(YourBestBeautiful)”，向全球各地的女性传达出永不妥协，不断追求美好生命和美丽肌肤的期许，由内而外缔造最美的你！ 
OLAY,OLAY,Olay是一款全球领导护肤品牌，60年来倍受全球女性信任挚爱。Olay一直坚持深入聆听女性需求，并通过将尖端护肤科技注入产品以满足女性日新月异的护肤需求。Olay以卓越的产品品质成为广大女性的美丽标志，为全球超过八千万女性带来健康美丽的肌肤。在2011年4月24日OLAY玉兰油携手黄晓明成为全球首位男性代言人 ；2014年，Olay更携手好莱坞影星凯蒂·赫尔姆斯KatieHolmes作为品牌首位国际代言人。传播全新品牌理念“最美的你(YourBestBeautiful)”，向全球各地的女性传达出永不妥协，不断追求美好生命和美丽肌肤的期许，由内而外缔造最美的你！ 
伊丽丝雅,伊丽丝雅,伊丽丝雅（ilisya)源于古希腊伊丽丝彩虹女神的名字，取其前三个字，彩虹女神集美丽、智慧、勇敢和慷慨于一身，在古希腊的众神中，彩虹女神伊丽丝的微笑最为美丽。寓意伊丽丝雅人希望用过ilisya祛皱贴产品后的每一为顾客的微笑都和彩虹女神一样灿烂，一样美丽。大雨过后，她的微笑化为虹，悬于空中。她的微笑预示着旅人的平安，葡萄的丰收和城邦的结盟。
Ilisya,ilisya,ilisya，伊丽丝雅源于古希腊伊丽丝彩虹女神的名字，取其前三个字，彩虹女神集美丽、智慧、勇敢和慷慨于一身，在古希腊的众神中，彩虹女神伊丽丝的微笑最为美丽。
万宝龙,万宝龙,万宝龙（MontblancInternational(GmbH)）万宝龙国际是历峰集团旗下位于德国的一家精品钢笔、手表与配件的制造商。以「白色六角星」商标作为识别 。于1906年在德国汉堡由一个文具商、一个工程师、和一个银行家共同创立，在1911年采纳万宝龙的商标前该公司以SimploFillerPenCompany的名字成立。该公司后来由登喜路所有而现时为历峰集团形式上的一部份。
MONTBLANC,万宝龙,万宝龙（MontblancInternational(GmbH)）万宝龙国际是历峰集团旗下位于德国的一家精品钢笔、手表与配件的制造商。以「白色六角星」商标作为识别 。于1906年在德国汉堡由一个文具商、一个工程师、和一个银行家共同创立，在1911年采纳万宝龙的商标前该公司以SimploFillerPenCompany的名字成立。该公司后来由登喜路所有而现时为历峰集团形式上的一部份。
ReFa,REFA,REFA–德国企业管理协会源自1924年9月成立的“帝国劳动时间考察委员会”，是当今世界上历史最悠久、规模最大的劳动研究和企业管理组织。REFA的目标是结合企业生产能力和员工需求为企业定制盈利的解决方案。对高效工作流程的开发是REFA的第一次重要创新成果。第二个重要成果是以测量、评估和塑造工作系统为基础的研究工作的发展。REFA努力在实践中实现理论和科学相结合的解决方案，而以科学管理为基础的REFA解决方案，可应用于各个行业、各种规模的企业工厂。
英尚,英尚,英尚创立以来，致力于为皮肤保养抗衰需求提供最好对策，以高端科技，产品质量为命脉，追求百分百健康，完美自然为经营理念。
SKIN79,SKIN79,SKIN79是韩国SKIN79株式会社旗下化妆品品牌。SKIN79专为年轻肌肤设计，专注年轻肌肤17年，品牌坚信：美丽绝不能以损伤肌肤为代价，一定要在安全滋养的基础上让年轻肌肤绽放美丽。年轻人护肤，就用韩国SKIN79。此次与形象健康、阳光的韩国男星郑容和携手，使SKIN79在全球年轻人中更受欢迎。
AEKYUNG,aekyung,B&F不单是一个品牌，他包括了几大系列，如B&F的彩妆、A-Solution（专门针对暗疮的系列）、POINT（专业洁面系列）、PRESIS（专业护肤系列）、Celpure（美白系列）等等。
SUQQU,SUQQU,SUQQU是日本化妆品品牌，其中基础护肤品是这个品牌的基础。产品富有质感，并能提亮妆色，适合所有肤色的人使用。因此SUQQU被许多还处在天然护肤阶段的化妆品牌认为是竞争对手。到目前为止，它的睫毛夹和每一季的彩妆发布都引起了化妆品鉴赏家的关注。该品牌将产品定位于天然护肤并保护肌肤免受衰老催化。SUQQU在这一点上做到了精细并透明化。SUQQU彩盒中的粉末状眼影和腮红颗粒很细微，它这一系列自然的深粉色给人们很深刻的印象。与此同时，SUQQU还提供了一些色调惊人的指甲油、睫毛液用以满足不同人群的护肤需要和选择。（这其中包括从眼部化妆品一直到保护肌肤抗紫外线的隔离护肤品）。
番茄派,番茄派,番茄派是一道以小番茄200克、派皮面团150克为主材料的美食。
上海,上海,上海，简称“沪”或“申”，是中华人民共和国直辖市，国家中心城市，超大城市，沪杭甬大湾区核心城市，国际经济、金融、贸易、航运、科技创新中心 ，首批沿海开放城市。上海地处长江入海口，是长江经济带的龙头城市，隔东中国海与日本九州岛相望，南濒杭州湾，北、西与江苏、浙江两省相接。 春秋战国时期，上海是楚国春申君黄歇的封邑，故别称申。四、五世纪晋朝时期，因渔民创造捕鱼工具“扈”，江流入海处称“渎”，因此松江下游一带称为“扈渎”，以后又改“沪”，故上海简称“沪”。 唐朝置华亭县。上海是国家历史文化名城，拥有深厚的近代城市文化底蕴和众多历史古迹。江浙吴越文化与西方传入的工业文化相融合形成上海特有的海派文化。 1843年后上海成为对外开放的商埠并迅速发展成为远东第一大城市。 上海市总面积6340平方公里，辖16个市辖区，属亚热带湿润季风气候。 上海GDP居中国城市第一位，亚洲城市第二位，仅次于日本东京。上海是全球著名的金融中心，全球人口规模和面积最大的都会区之一。上海被GaWC评为世界一线城市 。上海住户存款总额和人均住户存款均居全国第二 。2017年，上海高新技术企业总数达到7642家， 位列福布斯2017年“中国大陆最佳商业城市排行榜”第一位。 上海港货物吞吐量和集装箱吞吐量均居世界第一，设有中国大陆首个自贸区中国（上海）自由贸易试验区。上海市与安徽、江苏、浙江共同构成了长江三角洲城市群，是世界六大城市群之一。 
芬尚,芬尚,芬尚（ForShine）”隶属于法国冰希黎（BOITOWN)香水品牌，传承冰希黎一贯秉持的“香水不是奢侈品
伊夫·圣罗兰,伊夫·圣·罗兰,伊夫·圣·洛朗，1936年出生于阿尔及利亚的奥尔兰。他的父亲是一个成功的商人，而他的母亲是鸡尾酒会的常客。
Yves Saint Laurent,伊夫·圣·罗兰,伊夫·圣·洛朗，1936年出生于阿尔及利亚的奥尔兰。他的父亲是一个成功的商人，而他的母亲是鸡尾酒会的常客。
高姿,高姿,高姿化妆品有限公司具有30年的发展历史，是中国日化行业知名的化妆品企业。公司以其稳定的产品质量获得了广大消费者的信赖和好评。2006年公司与立白集团进行了资产重组，在激烈竞争的化妆品市场诞生了上海新高姿化妆品有限公司。
网易严选,网易严选,网易严选，网易旗下原创生活类自营电商品牌，于2016年4月正式面世，是国内首家ODM（原始设计制造商）模式的电商，以“好的生活，没那么贵”为品牌理念。严选通过ODM模式与大牌制造商直连，剔除品牌溢价和中间环节，为国人甄选高品质、高性价比的天下优品。 
一叶子,一叶子,2014年，上美集团旗下一叶子品牌应运而生，作为新一代植物护肤品牌，将新鲜植物营养与创新专利科技结合，重新发现植物护肤的新价值。汇萃全球植物鲜活精萃，运用护肤品界最新鲜植物科技，与肌肤相遇一刻，便注入满满的植物新鲜能量，让你亲身见证肌肤满鲜赋活，养出水鲜肌。品牌代言人：刘昊然、郭采洁。
one leaf,one leaf,oneleaf（一叶子），是一款护肤产品，取材于大自然纯粹植物精华。
美丽誓颜,美丽誓颜,美丽誓颜 品牌创建于2013年，是一家集科研、生产、销售、服务为一体的综合性美容化妆品品牌。美丽誓颜以中国传统文化和理念为特色结合中国精英工程师的辛勤汗水以优良的品质，显著的效果，现已成功入驻马来西亚屈臣氏和SASA美妆连锁卖场。
小蜜坊,小蜜坊,新西兰卓越天然活机护肤品牌——geoskincare，推出ManukaBeeLipCare小蜜坊专业唇部护理品牌。ManukaBeeLipCare小蜜坊专注研究消费者不同唇部护理诉求，以纯净的manuka蜂蜜之方，注入源自天然的食品级配方基质，借助活机植物护肤能量，糅合国际领先护唇技术，研制成天然温和的护唇产品，为全球消费者带来安心舒适的四季分类护唇体验！
dayshow,dayshow,dayshow创立于1983年，是全球最专业美容仪器研发生产中心之一。品牌秉承一切以用户体验为归依的核心理念，为客户提供“全方位保障服务”，提出30天安心体验周期、1年超长换货期和3年保修期等多项行业最高标准售后服务。dayshow提倡科技美容，不拘泥于传统的美容方式，以高新美容仪器兴起全球科技美容新纪元。
奥丁,奥丁,奥丁（英语：Odin，德语：Wotan，盎格鲁-撒克逊语：Wōden，阿勒曼尼语：Wuoden，伦巴底语：Gotan或Odan，古诺斯语：Óðinn，古高地德语∶Wuotan（意为“狂暴者”）。 是北欧神话中的至高神，被视作诸神之王，也是死者之王、战神、权力之神、魔法之神。天空的人格化，世界的统治者，被称为诸神之父，司掌战争、权力、智慧、魔法和死亡。初代阿萨神族之王布利（Buri）的孙子，第二代阿萨神王包尔（Borr）和女巨人贝斯特拉（Bestla）的儿子。 传说中，奥丁身形高大，身披金甲，骑八足神马“斯莱普莱尼”(Sleipnir)，手持名枪“冈格尼尔”(Gungnir)，居住在“瓦尔哈拉”的神殿中。他让女武神收集死者魂魄，为终末之战“诸神的黄昏”做准备。 他头戴大金盔，肩上栖息着两只神鸦，分别象征“思想”和“记忆”。它们每天早上飞遍全世界，回来向奥丁报告它们的见闻。他发明了北欧古文字卢恩字母（Runes），司命运的仙女即用这种文字把命运记载在盾上。他曾以一人之力冒险闯入冥界，为人类取得古文字，从而拥有大量知识，因此而失去一只眼睛。在诸神的黄昏（Ragnarok）一战中，被邪神洛基（Loki）的长子巨狼芬里厄（Fenrisulfr）吞食而死。 
ODIN,奥丁,奥丁（英语：Odin，德语：Wotan，盎格鲁-撒克逊语：Wōden，阿勒曼尼语：Wuoden，伦巴底语：Gotan或Odan，古诺斯语：Óðinn，古高地德语∶Wuotan（意为“狂暴者”）。 是北欧神话中的至高神，被视作诸神之王，也是死者之王、战神、权力之神、魔法之神。天空的人格化，世界的统治者，被称为诸神之父，司掌战争、权力、智慧、魔法和死亡。初代阿萨神族之王布利（Buri）的孙子，第二代阿萨神王包尔（Borr）和女巨人贝斯特拉（Bestla）的儿子。 传说中，奥丁身形高大，身披金甲，骑八足神马“斯莱普莱尼”(Sleipnir)，手持名枪“冈格尼尔”(Gungnir)，居住在“瓦尔哈拉”的神殿中。他让女武神收集死者魂魄，为终末之战“诸神的黄昏”做准备。 他头戴大金盔，肩上栖息着两只神鸦，分别象征“思想”和“记忆”。它们每天早上飞遍全世界，回来向奥丁报告它们的见闻。他发明了北欧古文字卢恩字母（Runes），司命运的仙女即用这种文字把命运记载在盾上。他曾以一人之力冒险闯入冥界，为人类取得古文字，从而拥有大量知识，因此而失去一只眼睛。在诸神的黄昏（Ragnarok）一战中，被邪神洛基（Loki）的长子巨狼芬里厄（Fenrisulfr）吞食而死。 
LUNA,朴善怜,朴善怜（Luna），1993年8月12日出生于韩国首尔。韩国女歌手、音乐剧演员、主持人，韩国女子组合f(x)成员之一。2006年加入韩国SM娱乐有限公司成为旗下练习生学习3年演艺，实力派歌手，2009年9月5号以f(x)组合出道，担任f(x)组合高音，领舞，发言担当。2013年与SuperJunior厉旭参演音乐剧《歌舞青春》。 2016年，Luna于5月31日公开首张迷你专辑“FreeSomebody” 。2016年8月，Luna开通个人YouTube频道《Luna’sAlphabet》。
Kiss me,kiss me,《kissme》是由萨拉萨瓦蒂·翁索姆佩奇执导，披拉·尼迪裴善官、李海娜主演的电视剧。该剧讲述了总是把事情搞糟的笨蛋女高中生Taliw和学园第一的天才美少年TenTen在同一屋檐下的爱情故事。
欧舒丹,欧舒丹,欧舒丹（L'OCCITANE），全称L'OCCITANEENPROVENCE（法语发音：，意即“普罗旺斯的欧舒丹”)，是一家专门制造及售卖个人护理产品及家居产品的国际零售企业，主要生产基地设于法国马诺斯克（Manosque）。公司成立于1976年，创办人为奥利维埃·博桑（OlivierBaussan），他希望建立一家保留并弘扬家乡普罗旺斯传统的公司。公司名字L'OCCITANE在法语中的意思是“来自欧西坦尼亚的女人”。欧舒丹希望“透过提供独特的个人护理及家居产品，成为提倡地中海式舒适安康感觉的国际模范”，并以“舒适愉悦”、“真实纯净”及“关怀尊重”等为企业理念。2010年5月7日，欧舒丹在香港联合交易所主板挂牌上市，成为首家在港上市的法国企业。
黛珂,黛珂,黛珂，CosmeDecorte是日本Kose（高丝）集团旗下的顶级护肤及彩妆，以专柜形式发售。Kose（高丝）集团由小林孝三郎先生在1946年创办于日本东京，是日本三大化妆品生产商之—。旗下最顶级的品牌CosmeDecorte诞生于1970年，以国际化、尊贵、知性、优雅为定位，不沦是品质还是价位都“贵气”十足。COSMEDECORTE，这个美好的名字来自法语cosmetique与decoration，寓意着【美的勋章】。
KRYOLAN,Kryolan,近六十年来以产品的完整度稳居彩妆界领导地位，深获好莱坞巨星的青睐，屡被指定为必备彩妆造型品；质感多样化的粉底，庞大齐全的彩妆色库，更被专业model与彩妆师MOTOMI肯定。
浮生若梦,浮生若梦,浮生若梦是一个成语，读音是fúshēngruòmèng，意思是把人生当作短暂虚幻的梦境。谓世事无定，生命短促，如梦幻一般。
香娜露儿,香娜露儿,
CHANTELLE,chantelle,法国第一品牌内衣Chantelle(仙黛尔)开创于1876年，内衣材质上采用最高级的Leaver蕾丝、Guipur蕾丝和立体感十足的Textron蕾丝等，为了收到第二层肌肤般舒适、无压迫感的效果，也采用了较体贴的高级丝光棉、超柔纤等面料。产品的设计及制造上十分注重每一个小细节的特色。
莫斯奇诺,莫斯奇诺,以风格戏谑著称的莫斯奇诺Moschino在坚守实穿、优雅路线的米兰时装界而言实在是个异数。他的设计总是充满了戏谑的游戏感与对于时尚的幽默讽刺。
MOSCHINO,moschino,moschino（莫斯奇诺）是设计师francomoschino以自己的名字命名的一个意大利品牌，创立于1983年，产品以设计怪异著称，风格高贵迷人、时尚幽默、俏皮为主线，主要产品有高级成衣、牛仔装、晚宴装及服装配饰。Moschino旗下共三个路线，分别为以高单价正式服装为主的Couture、单价较低的副牌Cheap&Chic以及牛仔装Jeans系列。而最直接的辨识方式，便是找到粗体大写的设计师名字MOSCHINO，它一定会出现在服装的布标上，或者偶尔也会变成服装上的图案。
Meiko,田野,田野，1998年6月6号出生于云南楚雄，游戏ID：Meiko，英雄联盟Ray战队的前辅助，EDG战队辅助选手。田野于2014年开始参加职业比赛，在2015年LPL春季赛中获得冠军，2015赛季英雄联盟MSI季中赛获得冠军。 
美素,美素,美素MAYSU，源自上海，源自内心对中国现代女性的赞美。2001年从专业美容开始，在护肤、彩妆、香氛领域全方位聆听中国女性心声，发现东方花园十种传奇花与籽的再生奥秘，融合东方美学与世界尖端科技，全面满足25-40岁女性对美的需求。 
MAYSU,美素,美素MAYSU，源自上海，源自内心对中国现代女性的赞美。2001年从专业美容开始，在护肤、彩妆、香氛领域全方位聆听中国女性心声，发现东方花园十种传奇花与籽的再生奥秘，融合东方美学与世界尖端科技，全面满足25-40岁女性对美的需求。 
PAUL&JOE,PAUL&JOE,Paul&Joe是少有的以男装成衣起家的法国品牌，1995年她成立个人品牌Paul&Joe，以自己的两名儿子命名，最初只推出男装系列，一年后才加推女装系列。Paul&Joe具有浓郁的法国风情，专为迎合自我而设计，体现快乐、轻盈、大胆、品位、优雅和坚定。复古主义风格的外观设计让人仿佛回到了童年时代。
露娜,露娜,是腾讯手游《王者荣耀》中的一名女性英雄。为法系战士，以神话中月光之女为原型。容貌绝世，堪称佳人。由于操作难度比较高，所以建议新手玩家尽量不要使用。露娜最主要的技巧就是连招。打团的时候露娜因为自身的脆皮，连招技巧并不能很容易打出。使用大招切入到团战中，这时候露娜的作用就像一个辅助，很讲究队友跟你的配合。如果对面残血的话利用大招的位移去抓人，否则必须要标记后再开大切入。大招是露娜重要的保命技能和输出伤害技能，如果没有事先标记就追，很容易断大，进而被对面英雄击杀。不停的刷新大招，冲刺的距离使得露娜可进可退，切后排脆皮，借标记追击残血等。
碧素堂,碧素堂,
海蓝之谜,海蓝之谜,雅诗兰黛集团旗下的LAMER海蓝之谜面霜，被誉为化妆品界的奇迹，LaMer的面霜人称“面霜之王”。物理学家麦克斯·贺伯博士(MaxHuber)在遭受了严重的灼伤之后苦于无药可医，便亲身投入了研究开发，历时12年、6000次实验之后，在1965年发明了海蓝之谜。神奇的面霜让贺伯博士的皮肤重新变得细滑、健康。
LA MER,海蓝之谜,雅诗兰黛集团旗下的LAMER海蓝之谜面霜，被誉为化妆品界的奇迹，LaMer的面霜人称“面霜之王”。物理学家麦克斯·贺伯博士(MaxHuber)在遭受了严重的灼伤之后苦于无药可医，便亲身投入了研究开发，历时12年、6000次实验之后，在1965年发明了海蓝之谜。神奇的面霜让贺伯博士的皮肤重新变得细滑、健康。
贝特优美,贝特优美,贝特优美是东莞市特优美圣缇雅装饰材料有限公司旗下的皮雕品牌之一。
凯伊秀,凯伊秀,新加坡LD.WAXSON(S)PTELTD凯伊秀公司创始于1986年·公司创始人是董事长杜南发博士。杜博士是新加坡人，在新加坡他是优秀中华文化的崇拜者和推广者。
碧欧泉,碧欧泉,碧欧泉(Biotherm)是一个高档的护肤品品牌，总部设在巴黎，隶属于欧莱雅集团(L'Oréal)，其产地分布于法国、摩纳哥和日本，创建年代为1952年。碧欧泉(Biotherm)的产品均含有独特的矿泉活细胞因子LifePlankton™活源精粹。碧欧泉(Biotherm)根据不同系列产品具体功效，针对性加入自然活性成分，两者相辅相成，对肌肤倍加呵护。20世纪中期，在法国南部的比利牛斯山下，一个法国生物学家发现其中的矿泉水含一种能够修复肌肤的物质ThermalPlankton，于是就为自己的发现注册了专利，并于1952年，将这种物质运用到护肤品的生产中。碧欧泉（Biotherm）的产品均含有独特的灵魂成分LifePlankton™活源精粹，它无比精纯、无限活性，与天然肌肤细胞的完美状态惊人的相似。LifePlankton能实现重建肌肤的5大功效：密集保湿、均匀肤色、修复细纹、增加弹性、舒缓过敏。碧欧泉不仅在女性护肤上做出了专研60年的贡献，而且在1985年彻底推翻“男人不该用护肤品”的禁忌，突破性地上市了碧欧泉男士。2001年镇牌之宝水动力保湿乳诞生，引领“清洁、滋润”新潮流。2006年炽能醒肤系列“充电面霜”风行全球，精英男士们一扫倦容，恢复奕奕神采。2009年，滋养紧致系列蕴含革命性抗老化科技，让男人全方位征服岁月。2011年，开创性的“精准减龄”方案，针对易老化的三大区域精准出击。
BIOTHERM,碧欧泉,碧欧泉(Biotherm)是一个高档的护肤品品牌，总部设在巴黎，隶属于欧莱雅集团(L'Oréal)，其产地分布于法国、摩纳哥和日本，创建年代为1952年。碧欧泉(Biotherm)的产品均含有独特的矿泉活细胞因子LifePlankton™活源精粹。碧欧泉(Biotherm)根据不同系列产品具体功效，针对性加入自然活性成分，两者相辅相成，对肌肤倍加呵护。20世纪中期，在法国南部的比利牛斯山下，一个法国生物学家发现其中的矿泉水含一种能够修复肌肤的物质ThermalPlankton，于是就为自己的发现注册了专利，并于1952年，将这种物质运用到护肤品的生产中。碧欧泉（Biotherm）的产品均含有独特的灵魂成分LifePlankton™活源精粹，它无比精纯、无限活性，与天然肌肤细胞的完美状态惊人的相似。LifePlankton能实现重建肌肤的5大功效：密集保湿、均匀肤色、修复细纹、增加弹性、舒缓过敏。碧欧泉不仅在女性护肤上做出了专研60年的贡献，而且在1985年彻底推翻“男人不该用护肤品”的禁忌，突破性地上市了碧欧泉男士。2001年镇牌之宝水动力保湿乳诞生，引领“清洁、滋润”新潮流。2006年炽能醒肤系列“充电面霜”风行全球，精英男士们一扫倦容，恢复奕奕神采。2009年，滋养紧致系列蕴含革命性抗老化科技，让男人全方位征服岁月。2011年，开创性的“精准减龄”方案，针对易老化的三大区域精准出击。
Agent Provocateur,Agent Provocateur,AgentProvocateur是伦敦高级内衣品牌，这个内衣品牌由英国时装女王VivienneWestwood的儿子JosephCorre和妻子SerenaReese共同创立。AgentProvocateur在英国已拥有4家店和2个特许商店，在美国开了2家，并计划在莫斯科、都柏林、迪拜、北美和东南亚新增5家代销店。截止到08年3月的一年中，其营业额已突破800万英镑，而且这些数字仅限于内衣及其配饰。
LB,Little Busters!,《LittleBusters!》是日本VisualArt's公司旗下的游戏品牌Key社发售的恋爱冒险游戏，本作以青春和友情为主题。Key开发本作品的消息于2005年年末发表，当初并未定下对象年龄，后来发表是全年龄对象游戏。于2007年6月1日公开试玩版，同年7月27日发售。电击G'smagazine（MediaWorks）于2006年3月号开始连载本作的四格漫画，由笹桐ゆうや绘画。作品讲述主人公直枝理树自幼父母双亡，当他深陷孤单与绝望的时候，一个名为「LittleBusters」的四人组（枣恭介、枣铃、井之原真人、宫泽谦吾）拯救了他。他们把理树带出了阴暗的世界，不停的尝试各种新活动。理树与他们在一起，忘记了寂寞和痛苦。时间飞逝，他们进入了同一所高中，现在已经是二年级生了。即使面临升学和求职的压力，今年他们还是围绕恭介的提案，在棒球场上尽情挥洒着青春……
莎娜,莎娜,莎娜，主持人，编剧，演员，中国新生代主持人。主持时尚风格大气，睿智。代表作品旅游卫视《美丽俏佳人》东方卫视《时尚汇》优酷网《优酷名人坊》。 
SANA,凑崎纱夏,凑崎纱夏，1996年12月29日出生于日本大阪，韩国女歌手，韩国女子演唱组合TWICE成员。2015年5月，出演JYPEntertainment与Mnet共同制作的选拔生存节目《SIXTEEN》，最后胜出比赛并成为TWICE成员 ；10月20日，发布首张迷你专辑《THESTORYBEGINS》并正式出道 ，主打曲MV在视频网站上点击量超过2000万 。2016年1月21日，获得第30届金唱片大赏唱片部门新人奖 。2017年12月27日，凑崎纱夏被评选为全球最美面孔第21名 ，
伊卡露诗,伊卡露诗,伊卡露诗，伊丽莎白·伊卡露诗女士以其多年的化妆心得结合皇家植物园科研成果研制出天然植物彩妆，色彩丰富自然，兼具护肤功效，为英国皇室御用。
NATURE REPUBLIC,NATURE REPUBLIC,NATUREREPUBLIC自然乐园是由亚洲巨星RAIN，JYJ等韩国众多明星代言的韩妆品牌，秉承韩国化妆品一贯的优秀作风，采用天然的绿色植物为原料，配以自然乐园专利技术MDWATER制作的化妆品，对皮肤没有任何刺激和伤害。产品通过的法国护肤品认证机构ECO-CERT认证，产品符合欧洲有机护肤品标准。自然乐园是韩国化妆品界的一匹黑马。包装也相当精致，味道很温和。每一件产品都源于大自然，绿色环保，远离公害，完全没有以往化妆品的那种化学香味。
伊思,伊思,
朵拉朵尚,朵拉朵尚,朵拉朵尚品牌灵感源自欧洲东南部的古老国度，继承了古老神话的经典，延续了花神青春、自然的使命，传承了美与社会天然合一，育蕴出极具典雅时尚的香薰精品——DoraDoSun（朵拉朵尚）。
KOOGIS,KOOGIS,KOOGIS（可其氏）是一个品牌，由广州可其氏生物科技有限公司创立，公司以“真善美”全方位打造品味女人。
名爵,MG,MG（名爵）全称MorrisGarages，成立于1924年是一个源自英国的汽车品牌，公司以生产著名的MG系列敞篷跑车而闻名，MG跑车向来以独特的设计、做工精细和性能优良而著称。MG之父是威廉·莫里斯，这个靠4英磅起家的英国伍斯特的自行车修理工，在1910年建立了莫里斯车库（MorrisGarages），简称MG。十年后，他从汽车经销改为制造和研发。1920年第一辆莫里斯汽车在小镇考利被制造出来。至此MG走上了辉煌的汽车研发之路。威廉·莫里斯执着于自己的汽车工业家的梦想，一生致力于汽车和慈善事业，曾经被授予诺非尔德勋爵称号。
罗意威,Loewe,创立于1846年的西班牙百年皮具奢华品牌LOEWE罗意威在创意总监JonathanAnderson(J.W.Anderson)的无尽创意下，其精湛的手工艺、产品创新能力及无与伦比的皮革知识得到全新演绎的同时，融入了现代时尚及文化意识。 
LOEWE,Loewe,创立于1846年的西班牙百年皮具奢华品牌LOEWE罗意威在创意总监JonathanAnderson(J.W.Anderson)的无尽创意下，其精湛的手工艺、产品创新能力及无与伦比的皮革知识得到全新演绎的同时，融入了现代时尚及文化意识。 
LACUES,LACUES,LACUES 是露可莳有限公司旗下护肤品牌，品牌注册号16733770。 
伊诗兰顿,伊诗兰顿,伊诗兰顿是广州阿丽斯化妆品有限公司旗下植物护肤品牌。 
艾丝珀,艾丝珀,
梵颜,梵颜,梵颜是香薰界著名精油护肤品牌。由法国JEARTURE化妆品有限公司持有商标。
FOYAGE,梵颜,梵颜是香薰界著名精油护肤品牌。由法国JEARTURE化妆品有限公司持有商标。
卢卡斯,乔治·卢卡斯,乔治·卢卡斯（GeorgeLucas），1944年5月14日出生于美国加州，美国导演、制片人、编剧。1971年，在科波拉的辅导下，卢卡斯首次制作了短片《THX-1138》 。1973年，卢卡斯导演了带有自传色彩的影片《美国风情画》。1977年，卢卡斯执导了影片《星球大战》并获得了第50届奥斯卡奖2项提名 。1980年，他参与制作了《星球大战》的续集《帝国反击战》。1999年，乔治·卢卡斯执导了电影《星球大战1：魅影危机》。2002年，执导了影片《星球大战2：克隆人的进攻》。2005年，卢卡斯获得美国电影学会颁发的终身成就奖。 2012年，卢卡斯宣布自己进入“退休”的状态，并不再接拍任何商业大制作了。 
lucas,谢振轩,谢振轩（LucasTse）是一名童星，是谢霆锋与张柏芝的长子，生得趣致可爱、精灵活泼，天生一副明星相，并遗传了演戏细胞，被不少儿童用品公司看中，代表作是《无价之宝》。
JOYJULY,Joyjuly,
Milani,MILANI,MILANICOSMETICS是来自美国洛杉矶的彩妆品牌。MILANI在美国号称平价MAC，其产品品质及口碑都可以跟MAC相媲美。“据说这牌子在超市里卖的相当不错，尤其是眼影和唇彩，眼影更有号称‘平价版MAC’的美誉”。
贝印,贝印,贝印-在日本已拥有近百年的悠久历史作为国际知名品牌其商品分为：高级专业用剪（分高档成衣剪、理发剪两种）、剃刀（男、女）、美妆用品、家庭用品、医疗手术刀（尖端科技领域中）凭借着优良的品质销售网络遍及世界许多国家。占有一定的市场份额并得到广大消费者的认可拥有强大的市场竞争力。中国是目前世界上最大的消费市场之一随着中国市场的不断扩大贝印于2000年4月成立了上海贝印贸易有限公司专门负责中国市场的开拓与销售。贝印的开拓和深入人心将使其扎根并活跃于中国市场。
KAI,金钟仁,金钟仁，艺名KAI，1994年1月14日出生于韩国首尔，韩国男歌手。男子演唱组合EXO/EXO-K成员。2011年12月29日，于SBS《歌谣大战》上表演《TheSoundofHallyu》，首次亮相 。2012年4月8日，随EXO-K发行首张迷你专辑《MAMA》并正式出道，专辑发行一个月后售出7万张 ；10月，加入限定组合YouniqueUnit，为现代汽车拍摄广告并演唱宣传曲《MaxStep》 ；12月29日，于SBS《歌谣大战》表演《Spectrum》 。2013年，随组合发行首张专辑《XOXO(Kiss&Hug)》和Repackage版专辑，两个版本的专辑销量加起来超过100万，是韩国乐坛自2001年后出现的首张百万张销量唱片 。2014年4月18日，演唱泰民《PrettyBoy》的Rap部分 。2015年9月，拍摄时尚杂志《Nylon》创刊七周年纪念号的封面和内页画报 。2016年2月，主演金融爱情网络剧《ChocoBank》 。2017年1月，主演KBS1TV晨间励志成长剧《Andante》。 3月，主演日本WOWOW台制作剧《春天来了》。 
秋霞,秋霞,《秋霞》是由宋存寿执导，陈秋霞，钟镇涛、关山主演的一部香港剧情片。
AVANCE,AVANCE,AVANCE总部位于丹麦，经营范围为音箱。
crinty,crinty,
Cyber Colors,cyber colors,CyberColors是来自韩国的美容品牌
DAS,DAS,开放系统的直连式存储(Direct-AttachedStorage，简称DAS)已经有近四十年的使用历史，随着用户数据的不断增长，尤其是数百GB以上时，其在备份、恢复、扩展、灾备等方面的问题变得日益困扰系统管理员。直连式存储与服务器主机之间的连接通道通常采用SCSI连接，随着服务器CPU的处理能力越来越强，存储硬盘空间越来越大，阵列的硬盘数量越来越多，SCSI通道将会成为IO瓶颈；服务器主机SCSIID资源有限，能够建立的SCSI通道连接有限。
花皙蔻,花皙蔻,花皙蔻（ClorisLand） ，源自澳洲的有机护肤品牌，致力于永续与大自然共存的价值理念，新一季，花皙蔻牵手代言人白敬亭 ，共同传播有机护肤理念。
christian louboutin,克里斯提·鲁布托,克里斯提·鲁布托（ChristianLouboutin），1963年出生于法国巴黎，高跟鞋设计师。16岁辍学去法国制鞋工业中心Romans-sur-Isere做学徒，后创始同名品牌克里斯提·鲁布托。克里斯提·鲁布托的母亲把他和家中的四个姐妹抚养长大，他的父亲是个技艺精湛的木匠。在他12岁的时候，他就经常逃课去法国的一些夜总会看女模特表演，因为他被她们穿的高跟鞋所吸引并以此作为他成为一个高跟鞋设计师的精神动力，他说：“那些女模特们对我的影响很大，如果你喜欢高跟鞋，那便是真正的最初的高跟鞋，那是关于腿，穿什么行走，身体的装饰的全部。2012年11月，ChristianLouboutin荣获ELLE风尚大典年度国际配饰设计师。 
日月晶采,日月晶采,日月晶采是指嘉娜宝的高端彩妆产品，其灵感来自瑰丽的湛蓝海洋，将缤纷多变的海洋蓝色渐层色注入在眼盒中。日月晶采在日本是嘉娜宝的顶级彩妆，非常的有知名度。
气韵,气韵,气韵，汉语词汇。拼音：qìyùn指文学或艺术上独特的风格；文章或书法绘画的意境或韵味。也指人的神采和风度等，统称气韵。
美联臣,美联臣,美联臣，国内唯一一家身心美化中心，是一所国际化的整形美容医院，其是由苏宁环球集团斥巨资缔建的国际化医学整形美容事业联合体。目前美联臣（中国）在北京、石家庄、唐山、无锡共开设四家品牌连锁整形美容医院；美联臣秉承客户需求至上的理念，始终将医疗质量放在第一位，提高医院的硬件及软件设施，率先引入了手术分级授权管理制度，进一步确保了手术质量和效果，全面提升医疗服务质量，树立值得信赖的整形美容品牌。
法兰琳卡,法兰琳卡,多年以来，法兰琳卡一直在洞察万千女性对美的追求，怀着对大自然的敬畏之心，孜孜不倦的探索大自然的美肤力量。在漫长的品牌探索历程中，法兰琳卡一直在进步，从国内到国外，不断提升研发实力与生产技术，简化产品配方，只为给肌肤真正所需的健康呵护。法兰琳卡相信，褪去浮夸与伪装，自然、真实的原生美才是真的美。法兰琳卡将大自然的馈赠融入产品，让自然、健康、纯净的护肤触手可及。 
Creed,Creed,Creed是一个乐队。
蔚丽吧,蔚丽吧,BeautyBar蔚丽吧是美国WEIBeautyInternational公司旗下时尚青春系列品牌，由美国WeiEast护肤研究中心研发，将全世界带着亿万颗快乐因子的护肤秘籍与爱美的女孩们分享，为年轻女孩带来自信、快乐的护肤体验。 环游世界只为美！
benefit,Benefit,贝玲妃(Benefit)由美国一对双胞胎姐妹创建于1976年，前身叫做FACEPLACE。最初有的著名产品为benetint，lipplump和oohlalift。
水之蔻,水之蔻,“水之蔻”诞生于法国泉水之城“Evian艾维昂”，以阿尔卑斯山活泉水作为产品基底用水以及核心精华成分，water意取“纯净之水、纯净之源”；come来自创始人“勒布雷兄弟”的名字MicheldeBret和ThomasdeBret的组合，指“纯净之水自天山来”的意思，寄予了“水之蔻”品牌及其创始人对纯净肌肤、纯净心灵、纯净生活的追求和关爱！
九美子,九美子,九美子，美白大师，药肌美白第一品牌！采用和汉植物精粹而开发的药肌美容产品，实现了一代代女性“颜如玉”的美丽追求，被众多媒体誉为“药肌美白第一品牌”
新面孔,新面孔,新面孔是佳人日化有限公司旗下品牌，创立于1995年，已有10多年发展史。在运营过程中，坚持“以信为本，诚信经营”体现出厚德载物的人文精神；在市场竞争中拼搏进取，争先创优，在经营中以共存双赢的务实理念不断创新。新面孔化妆品一直不遗余力地为满足人们对美的追求努力奋斗，与澳大利亚柏顿国际公司合作研发了多项护肤产品。
NEW FACE,New Face,《NewFace》是由PSY作词，PSY、유건형作曲，PSY（朴载相）演唱的一首歌曲，收录于专辑《4X2=8》中，发行于2017年05月10日。
丽丽贝尔,丽丽贝尔,丽丽贝尔是日本铃兰株式会社旗下的品牌。铃兰株式会社是集生产医用敷料、卫生用品、女性化妆辅助用品、婴儿用品等产品的专业集团公司。总部设于日本名古屋迄今已有百余年的历史在公司全体员工的努力下由于品质、交货期、服务等各方面具有卓越竞争力且一直秉持着“消费者第一”的经营理念因此在业界脱颖而出。
KAT VON D,Kat Von D,KatVonD，1982年3月8日生于墨西哥一个小镇NuevoLeon，是一名美貌与技术并存的纹身师。
查名一猫,查名一猫,特有聚合配方，能使睫毛更有弹性并能使睫毛膏迅速凝固定型，且每根睫毛都被防水薄膜包裹，无论运动、淋浴或流泪也不晕开。创新乳脂配方能拉伸睫毛，并含睫毛保护成分，只要轻松一刷，便可尽情展现自然且纤长无比，根根分明，不结块的睫毛，营造浓密撩人的动人神韵。
imate,imate,imate是深圳市富恒通科技有限公司申请的商标。
尚丰,尚丰,尚丰，合谷管理咨询首席讲师。
JILL STUART,吉尔·斯图尔特,吉尔·斯图尔特是美国著名时装设计师品牌，甜美可爱、性感俏丽一向是吉尔·斯图亚特(JillStuart)的招牌风格。产品范围是时装、箱包、鞋帽、珠宝腕表、香水、彩妆、内衣、童装等。
叶语,叶语,叶语，重庆市人。重庆音乐家协会名誉主席。
妮雅丝,妮雅丝,
梵蜜琳,梵蜜琳,
沃尔玛,沃尔玛百货有限公司,沃尔玛百货有限公司，即沃尔玛公司（WalMartInc.）（NYSE：WMT），是一家美国的世界性连锁企业，以营业额计算为全球最大的公司，其控股人为沃尔顿家族。总部位于美国阿肯色州的本顿维尔。沃尔玛主要涉足零售业，是世界上雇员最多的企业，连续4年在美国《财富》杂志世界500强企业中居首位。沃尔玛公司有8500家门店，分布于全球15个国家。沃尔玛在美国50个州和波多黎各运营。沃尔玛主要有沃尔玛购物广场、山姆会员店、沃尔玛商店、沃尔玛社区店等四种营业方式。2013年11月25日，任命国际业务部主管董明伦（DougMcMillon）接任杜克（MikeDuke）为沃尔玛总裁兼首席执行官，该任命从2014年2月1日起正式生效。 2014年12月11日，海外媒体称沃尔玛将关闭约30%的中国门店。沃尔玛12月2日对中国区管理层以重组进行了裁员。 2014年12月沃尔玛非常重视对其公司不当行为的指控。 2016年6月29日，沃尔玛表示将向美国所有消费者开放两日达免费送货服务，这是沃尔玛在这一服务上的再一次拓展。 北京时间2016年7月20日晚与全球同步发布了最新的《财富》世界500强排行榜 。2017年6月7日发布的2017年《财富》美国500强排行榜，沃尔玛连续第五年蝉联榜首。2017年7月20日发布的《财富》世界500强排行榜，沃尔玛连续四年排名第一位。 
Victoria,宋茜,宋茜（Victoria），1987年2月2日出生于山东省青岛市，中国内地女演员、歌手，亚洲多栖发展女艺人 。2008年，宋茜作为演员、广告模特在亚洲地区正式开始演艺活动 。2009年，担任女子流行演唱组合f(x)队长，以歌手身份正式出道 。2012年，主演都市爱情剧《爱情闯进门》，并凭借该剧获得国剧盛典年度最佳新人女演员奖 。2015年12月，主演都市励志剧《美丽的秘密》 。2016年12月，凭借古装玄幻剧《幻城》获得国剧盛典年度最具人气女演员奖 。2017年6月，主演古装神话电视剧《上古情歌》 ；2018年，推出个人首张国语音乐专辑《VICTORIA》 ；3月，参加爱奇艺综艺节目《热血街舞团》。演艺事业之外，宋茜热衷于公益事业，多次向联合国儿童基金会等国际慈善组织捐赠善款  ，并积极参与救助亚洲、非洲贫困儿童等公益项目 。
巴巴罗莎,巴巴罗莎,巴巴罗莎 ，是东方万佳国际贸易（北京）有限公司 旗下化妆品 品牌，于2015年 正式创立。“巴巴罗莎”是中国万佳国际集团与法国BBROS公司合创品牌，由万佳集团旗下公司北京新润科技股份有限公司在中国市场运营及销售。产品涵盖精油、美妆工具及其他时尚产品。
逍遥王,逍遥王,《逍遥王》是一款战争策略网页游戏，争权夺势抢皇位、权倾天下；斗妃争后拿后位、争艳群芳；穿越各朝乱世，明争暗斗层出不穷；前世记忆恍如一梦；是随波逐流，任世事多变，还是放手一搏，成为权倾天下的主宰？乱世中你该如何生存？从一介草民到权倾天下究竟需要付出多少努力？站在至高巅峰又有如何感想？宝将科技压轴大作《逍遥王》等你来战！
全棉时代,全棉时代,全棉时代是指深圳全棉时代科技有限公司（简称Purcotton全棉时代）是稳健医疗集团的子公司。成立于2009年12月7日，创始人李建全。Purcotton全棉时代，取自Pure+Cotton的单词组合，意为用天然棉花生产出健康、亲肤、高品质的生活护理用品。
PurCotton,全棉时代,全棉时代是指深圳全棉时代科技有限公司（简称Purcotton全棉时代）是稳健医疗集团的子公司。成立于2009年12月7日，创始人李建全。Purcotton全棉时代，取自Pure+Cotton的单词组合，意为用天然棉花生产出健康、亲肤、高品质的生活护理用品。
植物主义,植物主义,植物主义：不创造任何新的元素们只是自然之美的传递者。植物主义是绿色的传奇，是自然宁静的色彩；植物主义是生命欣欣向荣的象征，是生命升华的依托；植物主义是健康保证，是希望进行的活力。
黄金棒,黄金棒,黄金棒，形状像热狗，面制食品，松软，味道香。
TOUCHBeauty,渲美,TOUCHBeauty渲美--全球理美容行业创导品牌，它将理、美容概念与都市生活紧密融合，深度解读现代女性对美丽的多重追求，专业研发了各种高端理美容时尚小电器。经过12余年创新发展，渲美已拥有10大系列近120款产品，并获得120余项国家新型专利，旗下产品热销世界30多个国家。丰富的产品系列、顶尖的时尚设计、细致入微的功能体验让渲美在各国消费者心中竖立了国际高端品牌形象。迄今为止，渲美与众多具有国际影响力的美容护肤品牌建立了长期良好的合作关系，如巴黎欧莱雅、玫琳凯、丝芙兰、露华浓、蜜丝佛陀等。
赫莲娜,赫莲娜,HR赫莲娜(HelenaRubinstein)是欧莱雅集团旗下的顶极奢华美容品牌，也是现代美容行业的奠基品牌之一。HR赫莲娜(HelenaRubinstein)严格遵守“严谨、科学、艺术、哲学、女性”的品牌内涵，同时不断创新，首创许多前卫大胆的作风，而成为美容品牌中的胜出者...HR赫莲娜 (HelenaRubinstein)是欧莱雅集团旗下的顶极奢华美容品牌，也是现代美容行业的奠基品牌之一 。HR赫莲娜 (HelenaRubinstein)以“至美力量，科技为先”为品牌精神，坚持对“科学为美服务”的专注追求，始终立于美的潮流前沿，不断开创奢华前卫的护肤新境界。 HR赫莲娜 (HelenaRubinstein)于1902年由赫莲娜·鲁宾斯坦女士(HelenaRubinstein)创立，无数的第一与首创，让HR赫莲娜 成为“美容界的科学先驱” 。HR赫莲娜 (HelenaRubinstein)的明星产品包括绿宝瓶系列，至美溯颜系列，和干预式护肤系列等。 1988年，HR赫莲娜(HelenaRubinstein)被欧莱雅集团(L'Oréal)收购。 
圣雪兰,圣雪兰,圣雪兰 是韩国圣雪兰化妆品株式会社旗下的品牌，是世界顶尖的冷制手工皂品牌。不同于市面上五颜六色的化学精油皂，圣雪兰是业内为数不多的真正冷制皂，采用欧洲CP古法，经90天纯手工打造，再经30-45天自然风干成熟。冷制皂带给人们的是一种全新的护肤体验：它能从肌肤底层调理修复，拥有惊人的多重功效，它不仅仅是一块皂，更是全能的护肤品。圣雪兰深信，只有真正100%天然可吃的皂，才能给肌肤最好的呵护！圣雪兰，皂就美！ 
三本,普通高等学校招生全国统一考试招生录取批次,普通高等学校招生全国统一考试招生录取批次分为“本科提前批”、“本科一批”、“本科二批”、“专科一批、“专科二批”等招生批次。中华人民共和国教育部近年积极推动各地开展高校招生录取批次改革，普通高等学校招生录取批次合并体现了国家改革的总体方向。截至2017年11月20日，已有北京、上海、天津、河北、浙江、江苏、山东、福建、四川、山西、广西、湖北、江西、辽宁、广东、内蒙、重庆、贵州、河南、安徽、云南、西藏、新疆、湖南24个省（市、区）取消第三批次本科，其中山西分二批A/B/C段，其余省份待定。改革已经取得重要的积极成效，取消批次对减轻基础教育焦虑负担和高考焦虑具有重要深远的意义。同时，上海、山东、海南、浙江、广东、辽宁、天津（分AB段）已将本科一二批合并为本科批，取得了积极成效；江西、湖南也将于2018年取消二本批次，本科招生不再划分高考录取批次，促进教育公平公正，就业公平公正。2017年23个省份的改革已经取得重要成果，尤其是浙江的高考录取改革具有重要的推行价值。国家支持全国各省份尽快取消所有批次，促进依法治教，依法治校，促进高考和高校更深层次的改革。
初夏堂,初夏堂,启迪于中华千年草本浓厚文化，以本草古方为特色，与现代生物科技巧妙柔合，追求中国文化中“自然，平衡”的恒美境界，缔造一个本草美颜的新纪元。采天地灵气，化气韵和谐，初夏堂以中国经典草本植物精华为源，凭借现代科技升华传世草本古方，打造中草本植物养肤新时尚。
WIS,WIS,WIS 是与瑞士合作开发的药妆品牌，引进瑞士RAHN集团的先进技术与原料，以药品的标准来做化妆品，追求极致的科学性与安全性，来满足对生活品质有高要求的消费人群。 品牌名WIS源自于欧洲一个古老的单词Wissenschaft，意指“科学”，作为药妆品牌，WIS致力于让护肤更科学且有效，给肌肤带来更好的护理体验。 
Sisley,希思黎,1976年，多纳诺伯爵夫妇创立了植物美容品牌Sisley希思黎，以“不计时间，不计成本”的研发理念，结合尖端保养科技与研发室强大的创新力，成就了一款款“安全、有效、愉悦”的植萃奢护美容臻品，赢得全球无数明星、名媛的青睐与追捧。如今，希思黎全能乳液、希思黎全日呵护精华乳、希思黎抗皱修活焕颜面霜竞相成为中国消费者追捧的每日必备护肤经典。 
奥罗拉,厄俄斯,厄俄斯是古希腊神话中的黎明女神，是提坦神许珀里翁（Hyperion）与光明女神忒亚（Thea）的女儿，太阳神赫利俄斯（Helius）和月亮女神塞勒涅（Selene）的姐姐。
loradew,LoraDew,LoraDew奥罗拉是韩国LKG公司旗下品牌之一，在诸多品牌中，最新流行的品牌loradew奥罗拉，旨在更高的发展目标，其产品也在进一步规划和更新。秉承大韩民国的传统，LKG追求为女性带来美丽的理念，志在成为化妆品行业的NumberOne.LKG成立于1996年，并相继于全球各地成立分公司，包括中国分公司，台湾分公司，印尼分公司等。业务辐射整个亚洲，中东地区，北美地区，欧洲地区等40多个国家，成为无可争议的全球性化妆品公司。
丹姿,丹姿,丹姿 集团成立于1998年，是一家集科研、生产、销售和服务为一体的化妆品企业。至2013年，销售网络已覆盖全国，并与沃尔玛、家乐福、大润发、乐购等国际国内大型KA系统建立战略联盟。1998年至今，丹姿集团秉承“一流品牌造福社会”的企业宗旨，坚持自主品牌创新之路，先后创立了丹姿、水密码、他能量等知名品牌。“水密码”以其清新、高品质等特点，成为了丹姿集团补水护肤领域的核心品牌。
DANZ,DANZ,
2099,2099,以2099命名的百度贴吧2099吧里的所有帖子都是精品贴。 
御泥坊,御泥坊,御泥坊是一个护肤品品牌。
艾米尔,艾米尔,毕业于北京电影学院，主修主持与表演专业。首席高级婚礼培训讲师，资深婚礼、商务主持人，策划师。工作期间在多部影视剧、话剧作品中担任主要角色。1998年至今从事儿童节目主持与综艺节目主持已有十余年的时间。参与过众多节目的策划与主持工作。
AMIIR,AMIIR,AMIIR成立于2007年，是彩妆品牌之一。
伊贝诗,伊贝诗,人文：一切以人为本，满足消费者的需求，是品牌持续发展的根基。天然：萃取海洋的纯天然原料，保证产品的优良品质。滋润：以海洋纯净之水滋润肌肤。自信：为肌肤建立如风和飞鸟般的从容自信。品牌愿景：立志成为海洋护肤领导品牌。
ALBION,Albion,在英国诞生的神话中，海神波塞冬之子——巨人阿尔比恩是那个时代的赫拉克里斯，他勇猛无惧，为世人所敬佩。阿尔比恩在一个岛屿上建立了自己的国家并让自己的族群逐渐繁衍开来，后代为了纪念这位领袖，就将他们居住的岛屿命名为Albion。（不过也有人坚持这个名称的由来是圣经中诺亚的子孙名称演化而来）
赫尔希,赫尔希,AlfredDayHershey艾尔弗雷德·赫尔希（1908-1997）美国著名细菌学家与遗传学家·同萨尔瓦多·卢里亚（SalvadorLuria）、马克斯·德尔布吕克（MaxDelbrück）一起获得1969年诺贝尔生理学或医学奖·
轩谛,轩谛,ChettiRouge轩谛是目前全球专业男士护肤彩妆领域的领导品牌。尤其在专业男士彩妆领域，ChettiRouge轩谛拥有全球最全的专业男士彩妆产品。作为引领专业男士彩妆潮流的品牌，ChettiRouge轩谛首创了“男士护肤第二部”和“男士基础彩妆三部曲”等一系列全新的理念。在专业的男士护肤领域，ChettiRouge轩谛根据男士不同年龄肌肤的特点，首推针对不同年龄的全效护肤系列。ChettiRouge轩谛独门的Laricyl（白灵芝）成分，取自俄罗斯寒带针叶林上，能有效的紧致肌肤，缩小毛孔，成为ChettiRouge轩谛的标志性成分。
娇源,娇源,娇源是专为女性调配的一款健康美容饮品。每瓶所含深海鱼胶原蛋白多肽(5000mg)，是采用国际先进的生物酶解技术提取平均分子量为3000Da左右的多肽精华，极易被人体吸收，为肌肤注入源源不绝的年轻能量，一次满足肌肤、气色、活力的年轻需要，给职场女性更多年轻美丽。“无添加”品质保证，0防腐剂0脂肪，令美肌紧致水润“0”负担。
玉丽,玉丽,玉丽（EFFI），1989年诞生于中国广东。专注于化妆品的研发生产品牌多年来一直致力为中国女性创造与众不同的美而不懈努力。玉丽集团始终相信，成熟的美，可以与众不同。
美丽指数,美丽指数,《美丽指数》是2004年中国经济出版社出版的图书，作者是李瀚洋。
佳澜,佳澜,佳澜是易泽金凯（北京）国际化妆品有限公司旗下核心化妆品品牌，是东方女性的科学美肤专家。品牌创立至今，以前瞻性的眼光发掘澳洲西海岸深海甲壳的魅力、引进德国3D水织技术，推出深海生物纤维面膜，获得市场广泛青睐。 
777,777,波音公司生产的客机的型号。目前主流机型。
京润珍珠,京润珍珠,京润珍珠饰品以高品质的海水珍珠和淡水珍珠为主要原料，品种丰富，款式时尚多样，将珍珠的美演绎得淋漓尽致。京润珍珠饰品在设计上强调将珍珠的古典美与现代元素相融合，品种款式达一万余种，并以其华丽、温婉、高贵、典雅的风格备受人们喜爱。京润珍珠饰品享誉岛内外，远销英、美、法、德、日、韩和香港等国家和地区，成为人们购买海南珍珠的首选。2005年，京润珍珠获得“中华金银珠宝名牌”荣誉称号。
KVG,KVG,KVG，即德国晶振生产厂商，是晶体和晶体振荡器技术领域的领先者，创建于1946年。
韩雅,韩雅,韩雅ANYA ，源自韩国领先的皮肤管理科学。通过对中韩女性肌肤问题的深入研究，利用权威机构的专利科技，完美结合多年经市场验证的纯净、高效原料为中国女性提供科学、有效的皮肤管理方案，还原肌肤健康活力状态。尤以蜗牛修复系列、明星B.B霜系列和高端功能护肤系列，为中国女性提供针对性的肌肤解决方案。时至今日，凭借自身卓越的产品品质、专业的肌肤管理方法、良好的市场口碑，一直深受消费者的喜爱。
ANYA,Anya,ANYA（韩雅），来自韩国的珠宝级护肤品。提取济州岛独特纯净的环境中形成的天然成分，以自我净化的自然生命力解决各种肌肤烦恼。尤以“蜗牛系列”和“明星BB霜系列”产品引领韩系护肤潮流，深受韩国及日本、新加坡、马来西亚等国家和地区消费者喜爱。韩雅化妆品长期与韩国著名的GENICOS化妆品中央研究院、春川市JADE研究所、济州岛生态科技园等单位建立了长期紧密的合作关系，共同开发专利天然护肤产品。
仙宝丽,仙宝丽,
雪玲妃,雪玲妃,
Hello Kitty,hello kitty,HelloKitty（日语：ハローキティ；拉丁写法：Harōkiti）日本著名动漫萌星，市面的中文译名有堤提猫、凯蒂猫、凯迪猫、吉蒂猫等名。另外，由于HelloKitty没有嘴巴，在网络上亦有无口猫、无嘴猫的别名。她有这样一个故事。有一只小猫，有嘴巴（作者已经表示有嘴巴了），脸蛋圆圆的，左耳上扎着一个蝴蝶结，还有一截小尾巴，她的名字叫堤提猫（HelloKitty），凯蒂猫、吉蒂猫或无嘴猫。Kitty猫诞生于1974年，日本著名卡通萌星。她是个英国人，名叫凯蒂·怀特（KittyWhite），天蝎座，三年级，有只叫CharmmyKitty的宠物猫，还有个双胞胎姐妹。 
阿美妮,阿美妮,阿美妮，英文：AMEINI一个专注于时尚奢华的女包品牌。始创于2004年5月保定白沟
舞动奇迹,舞动奇迹,《舞动奇迹》是湖南卫视引进英国BBC电视台火遍全球的《strictlycomedancing》的节目模式，进行本土化改造的创新节目，也是中国内地电视台第一次引进购买英国舞蹈节目版权。庆祝香港回归十周年，加强内地和香港的文化交流和文艺合作，为融合内地香港主流文化，营造港人国人同庆回归的喜庆氛围起到积极的作用。该节目由何炅、陈百祥等人主持，每周五晚19：35播出。
DUP,dup,dup它有多种意义，包括Linuxc函数、C语言函数DUP、汇编指令、化学物质DUP。
形象美,形象美,所谓形象美是指自然景观和空间形式的美，英文对照imagebeauty。
IAA,吲哚-3-乙酸,吲哚-3-乙酸indole-3-aceticacid，indol-yl-3-aceticacid最初曾称为异植物生长素，亦称吲哚乙酸，缩写IAA。一种用作刺激植物生长的激素类试剂，广泛应用于农业生产中。
美空,美空,美空网（MOKO!）是中国第一时尚人才成长平台，汇聚了国内最多的美女艺人和几乎全部一线时尚摄影师、化妆造型师 。美空网品牌于2007年创建，创建伊始，其先进的个人作品展示空间模式和极具冲击力的高品质视觉图片受到国内爱好时尚人群的热烈追捧。2014年5月，美空网获得由厚持资本领投的5000万元投资。按照美空网CEO傅磊发展规划，美空将发展成为集分享、合作、社交、电商、线下活动等功能于一体的互动全媒体平台。 2015年10月，美空网获得香港上市公司拉近网娱集团战略投资，并且顺利嫁接了资源和生态的全新平台 。2016年8月，美空网对外宣布，在B轮融资中获得由万吨资产领投的近亿元投资 。
MYOSOTIS,勿忘草属,勿忘草属，一年生或多年生草本，通常较细弱，被密短毛或近无毛。花通常蓝色或白色，稀淡紫色，小坚果4。有50种，分布于温带地区，我国有勿忘草M.silvaticaHOffm.等4种，产北部至东北部。该属物种为一年生或多年生、分枝草本植物。
GoodSky,goodsky,
智美蜗牛,智美蜗牛,智美蜗牛化妆品研究室RASNATCosmeticsInstitute（圣地亚哥&香港），智美蜗牛品牌早在90年代，就与皮肤研究院、医学机构有紧密合作。品牌拥有自己独立的化妆品研究室（RASNATCosmeticsInstitute），且2005年起着重对亚洲女性皮肤特质进行相关的研究与产品开发。既保证了国际一线皮肤研究同步技术，更结合亚州人的肤质特点。智美蜗牛携手国际药业巨子帝斯曼、德国默克药业、巴斯夫等世界知名企业提供技术与辅助配方支持、辅助原料供应。智美蜗牛具有独特PORX萃取工艺与技术，将「多重层纳米萃取」进行突破性整合运用。
悠葆丽,悠葆丽,悠葆丽 是杭州优图碧化妆品有限公司 于2011年03月07日 注册的商标名称。 商品/服务：肥皂、香料、成套化妆用具、化妆品、口红、去斑霜、洗澡用化妆品、皮肤增白霜、化妆香粉、化妆香粉 等。
康茵美,康茵美,
KYM,金莎,金莎（Kym），1983年3月14日出生于上海市，中国内地女歌手、演员。2002年，主演青春偶像剧《十八岁的天空》而被大众知晓，2003年签约海蝶音乐。2005年发行首张专辑《空气》步入歌坛，凭借该张专辑金莎获得百事音乐风云榜内地最佳新人、中国金唱片奖最佳新人等多个奖项。2007年，推出第三张专辑《换季》；2008年，主演现代励志电视剧《幸福的眼泪》。2010年，参演神话爱情电视剧《神话》，饰演“吕素”，创作并演唱插曲《星月神话》；2011年，成立金莎音乐工作室，开始独立发展。2012年，首次担任制作人发行第五张专辑《他不爱我》；2013年，主演爱情电影《柠檬》；2016年，发行欧式情歌《全世界我只贪一个他》
NACO,Naco,NACO，英文名称：NetherlandsAirportConsultantsB.V.，即荷兰机场咨询公司，是世界上为数不多的可以为机场业主提供全方位规划及设计服务的咨询公司。
蒙芭拉,蒙芭拉,台湾美丽达人吴佩慈推荐的Monplay蒙芭拉系列彩妆，来自国产热销品牌Monplay蒙芭拉彩妆性价比超高，口碑较好，在价格上更具亲和力，一直受到专业影楼的追捧，是很多化妆师极力推荐的物美价廉的美妆系列为台湾的综艺节目《女人我最大》推荐的最潮产品！
奇美,奇美,奇美电子，于1998年由奇美实业投资创立，2002年8月成为台湾股票上市公司，现有台湾地区同仁17000人，全球同仁29000人(2007年10月)，产品以液晶电视用面板、显示器与笔记本电脑用面板为主，供应全球信息及家电大厂，为世界TFT-LCD（薄膜晶体管液晶显示器）领先厂商。
PF79,PF79,PF79品牌由韩国普尔泛特（株）研发生产。韩国普尔泛特（株）正式成立于1979年，公司位于韩国首尔，在仁川拥有大型工厂及研究所。20世纪70年代起从事植物与美容方面的研究，秉承卓越品质为企业核心的经营理念，旗下品牌以品质优异深受消费者追捧。PF79品牌在全球拥有近40年的历史，随着全球业务拓展，于2011年在中国设立全资分公司普尔泛特（北京）化妆品有限公司，PF79品牌正式登陆中国市场。
墨雅,墨雅,墨雅——是珠海樱草园公司为了满足年轻女性对纤长、浓密、乌黑的睫眉毛追求，而专门打造的植物精华睫眉毛滋养液专有品牌。
Barry M,Barry M,BarryM是英国排名第一的时尚化妆品牌，拥有超过400个不同的颜色和广泛的产品线，其眼影、蜜粉、指甲油等产品最为家喻户晓。BarryM由BarryMero于1982年在伦敦创建，Barry在伦敦拥有自己的化妆品零售店，但他发现出售的化妆品缺乏生动的色彩。于是根据客户的要求，他开创了BarryM品牌。很快，这个品牌就成为化妆品领域色彩的代名词，被越来越多的人认为是浪漫风格的代表。
VOCE,voce,《昕薇·风采美妆VOCE(2011年7月)》内容包括：竹内结子，同裳，通透美学，VOCE关注，致为美而生的女性们，神奇的技巧夏日美丽绽放，从“素颜”化身“自然风妆容”，全部是精湛的技巧打破常规的“神技”素颜感妆容，必须要抓住的美丽重点大搜集，轻盈感夏色Keywords21连发，鲜明对比的Before-After，让人一举转变的妆容！女明星的肌肤保养&心灵保养，2011全年最新、最强的研究成果大公开等内容。
露得清,露得清,露得清（Neutrogena）是一个美国的保养品品牌。Neutrogena露得清致力在护肤，身体护理，护发，彩妆等领域。
Neutrogena,露得清,露得清（Neutrogena）是一个美国的保养品品牌。Neutrogena露得清致力在护肤，身体护理，护发，彩妆等领域。
韩菲诗,韩菲诗,韩菲诗——新锐移动互联网美妆品牌，创新运用话题营销、网络达人、跨界共享等碎片化互动运营手法，开启了B2C2C分享经济模式，为全国众多伙伴提供了创业机会，并带来巨大的商业价值，使韩菲诗这个独具魅力的新星品牌，在短时间内飞速崛起。作为移动互联网创富倡导者，韩菲诗始终以匠人精神，力求提供更优质的产品及订制型咨询服务，实现东方生活美学与亚洲肤质的完美结合，打造“真我魅力新生态”！
彼丽,beely,BEELY化妆品有限公司总部设立于中国台湾，经过十年的发展，已成为中国台湾驰名国际的美容品牌。在2005年提出毛周角化是可以修复的理论，并用2年的时间成功研发出世界上第一款专业针对毛周角化的产品，毛周去角质精华液。由于效果非常显著，从而奠定了其在毛周护理类目不可动摇的地位。
BEELY,beely,BEELY化妆品有限公司总部设立于中国台湾，经过十年的发展，已成为中国台湾驰名国际的美容品牌。在2005年提出毛周角化是可以修复的理论，并用2年的时间成功研发出世界上第一款专业针对毛周角化的产品，毛周去角质精华液。由于效果非常显著，从而奠定了其在毛周护理类目不可动摇的地位。
舒耐,舒耐,舒耐，爽身香体领导品牌，联合利华旗下个人护理品牌之一。1908年，舒耐在澳大利亚的一间实验室内诞生，成为拥有百年历史的爽身香体品牌。在不影响人体代谢的情况下，解决人们出汗后腋下黏腻和汗味问题。如今，舒耐已陆续成为欧洲、北美、南美、东南亚市场的一线明星产品。2008年，进入中国。舒耐通过专业皮肤科医师测试，安全可靠，温和亲肤，不添加酒精，适合不同肌肤使用。舒耐品牌是隶属联合利华公司旗下个人护理品牌之一，是全球爽身香体品类的开创者之一，并成为行业内的权威和领导品牌。半个世纪以来，爽身香体产品被全世界各国消费者广泛使用，用以解决腋下出汗黏腻所带来的困扰。舒耐在全球拥有6大研发中心，并有众多科学家进行相关研究。凭借世界领先的爽身香体技术、安全可靠的质量保证，领导整个品类迅速成长。舒耐已陆续成为欧洲、北美、南美、东南亚市场的知名产品，使用舒耐也成为当地的一种生活时尚，并逐渐演变成当地人日常生活的一部分。
仙卡,仙卡,丹田被破少年，偶得超级仙卡神器！从此走上一条与众不同的修仙路！一张张仙卡在手，神仙妖怪都不怕！无限仙卡无限可能！火系卡：给我烧死这些妖兽！火球术。
赫恩,赫恩,赫恩英文名Heun生日1958-05-26场上位置前锋曾效力于爱尔福特红白足球俱乐部
H&E,H&E,H&E即苏木精-伊红染色法，hematoxylin-eosinstainingHEstain)，是石蜡切片技术里常用的染色法之一
艾琳,裴珠泫,裴珠泫（Irene），1991年3月29日出生于韩国大邱市，韩国女歌手，女子演唱组合RedVelvet成员之一。2009年，裴珠泫参加韩国SM娱乐有限公司的选秀被发掘，进入该公司成为旗下练习生。2013年12月被SM公司以SMROOKIES专案成员首次在网络公开亮相 。2014年8月1日以演唱组合RedVelvet成员身份正式出道，出道歌曲为《Happiness》 。10月15日，参与录制的综艺节目《一周的偶像》播出 。2016年，出演网络电视剧《游戏公司女职员们》，首次挑战演技 。
奥洛菲,奥洛菲,一段法国中世纪的爱情神话，激发出一个现代的美的灵感和传奇。奥洛菲OLEVA，由梦想开始。爱情，美丽，是所有女性的梦想。拥有健康亮泽的年轻肌肤，是女性永远的渴望和追求。如今，科技高速发展，日新月异。一代又一代的革新科技成分和技术手段推陈出新，为现代美容注入强劲的力量。科技带来进步，美丽肌肤不再是梦想。奥洛菲OLEVA，相信科技的力量，采集当今最先进最潮流的护肤彩妆理念和高科技成分，精选国际上最具研发实力最专业的生产基地，完成一件又一件功效卓越的产品，为所有爱美的女性实现美丽肌肤的梦想。法国，艺术和时尚的殿堂，诞生了多少世界级化妆品大牌。法国标签MADEINFRANCE的化妆品，集时尚唯美，科技前沿，精工细作于一身，无疑是所有女性都梦寐以求的。价格不菲，也是法国化妆品的通性。奥洛菲OLEVA，打破惯例，在法国设计、包装、研发和生产，却价格适中，带来中国女性“原汁原味的法国护肤大餐，我也能轻松享受”的高质平价的产品和“经济合理”护肤消费新潮流。年轻就是美 
HABA,HABA,HABA是“HealthAidBeautyAid”的缩写，意为健康与美丽的好帮手。HABA以“追求真正的美丽”，唤醒肌肤与生俱来自然治愈力，只给肌肤补充绝不超过最低限度的所需，绝对不添加刺激或损害肌肤的成分为经营理念。
大吉,大吉,1959年9月出生，南京市人。毕业于南京师范大学。当代著名中青年山水画家、书法家。
东田,东田镇,东田镇位于福建省泉州市/南安市区西南郊，距南安市区12公里，东靠溪美镇，西邻英都镇，东南连官桥镇，北接仑苍镇，西南与厦门市同安区接壤。处于东经118度18分、北纬24度55分的亚热带南部，镇域面积176平方公里，南同公路、县道319线贯通全镜。东田镇辖16个村委会，191个自然村，1个芹山林场，2所初中校，8个镇直单位。著名景点有乌墩岭什班宫、黄巢试剑石，陈营漂流，昭毅将军祠，南坑古窑、前街进龙宫、龙山馆、石泉院放生池、翁宗进宝殿、后桥水库、丰山新农村等。
施巴,施巴,施巴由德国波昂大学皮肤科的海兹默尔医师在1952年时的革命性创举及之后50年代后期艾根教授领导的研究团队所结合起来的经验结晶。1967年，施巴公司成立。1952年，德国波昂大学皮肤科海兹默尔医师，研发革命性的清洁产品——非皂碱的微酸性洁肤剂。
小迷糊,小迷糊,小迷糊是相声大师王世臣先生的艺名。“小迷糊”。1922年3月20日生于北京。因家境贫寒，10岁时拜著名相声艺人陈雨亭为师，边学艺边在北京隆福寺、护国寺等撂地演出。在王先生13岁时，恩师陈先生不幸故去，便又从师张杰尧，学习相声表演。14岁出师后在北京、天津、张家口等地演出，并曾与戴少甫合作演出相声并在冀东电台录音演播。17岁与班德贵搭档在天津“三不管”、“鸟市”、“谦德庄”等撂地，常与马三立、马桂元、高桂清、刘宝瑞、闫笑儒等名家同台献艺并受诸前辈点化，相声技艺大有长进遂名声鹊起。
益若翼,益若翼,益若翼（MasuwakaTsubasa）1985年10月13日出生于琦玉县越谷市，日本超人气模特、歌手。 由于向往成为同年龄段的东京时尚女性那样的女孩，益若翼从中学时代就开始流连于涉谷附近。17岁时以读者模特的身份在《Popteen》杂志初次登场！益若翼在杂志上诉说了自己的过去、恋爱观和恋人等，唤起许多读者的共鸣，并渐渐崭露头角而日益走红。当年4度成为封面人物。自己担任《Popteen》杂志封面的最高销量达到41万册，是《Popteen》杂志史上的最高销量。益若翼被称为“带动日本流行经济效益100亿日元的GAL系の神样”。是日本的GAL系教主、流行教主。日本涩原系四天王之首（小森纯星野加奈菅野结以）。在09年带动日本流行经济效益100亿日元，后于2011年带动日本经济效益500亿日元，在亚洲带动经济效益1000亿！设计的产品DollyWink等大受欢迎。2011年以艺名为“MilkyBunny”作为歌手出道。2012年益若翼以倒数第二次恋爱饰演栗山遥作为演员出道 。2014创建自己的品牌EATME。
DHV,DHV,DHV是护肤品牌（寓意是DreamHighValue），意为梦想理想、神圣崇高、生机活力。 2013年成立以来，秉承“生来纯净”的品牌核心理念，致力于打造来自自然界的纯净护肤产品。 
嘉露,嘉露,嘉露酒庄，源自美国的著名葡萄酒品牌，连续8年（2006-2013）当选“世界最具影响力葡萄酒品牌”。嘉露酒庄创立于1933年，是全世界最大的家族经营式酒庄，也是按销量计全球最大规模的酒庄。
y,Y,钇（Y）是一种金属元素。它是稀土金属元素之一，灰色金属。密度4.4689克/立方厘米，熔点1522℃，沸点3338℃，化合价+3。第一电离能6.38电子伏特。与热水能起反应，易溶于稀酸。 在生物学中，Y为染色体即为人的基因。
大头人,大头人,《大头人》是发表在17k小说网的连载小说，作者是行动。
探月,探月,公元1969年，阿波罗十一号飞船载人登月，全世界有六亿人通过电视转播同时收看了这历史性的一幕。当看到美国宇航员阿姆斯特朗在月球上留下人类的第一个脚印时，观者无不心驰神往。我们征服了人类出现几百万年以来俯首膜拜的月亮，这月球上的小小一步似乎暗示了人类无限的未来！
馥珮,馥珮,“馥珮”是广东雅娜集团有限公司旗下的中草药御方化妆品知名品牌。馥佩国际连锁机构成立于2000年，以“中草药乃中国天然之药产，继承和发扬祖国中医药传统文化、传承中华国粹”为己任，在古代中医“御方”原方的基础上，以现代中医中药研究的最新理论为基础，结合现代高科技生物技术。
philosophy,philosophy,philosophy是一个英文单词，名词译为哲学，哲理，哲学体系，哲学思想，生活信条。philo意思是love(爱)，sophy意思是intelligence(智慧)
MALIZIA,Malizia,《Malizia》是意大利喜剧，意文Malizia，英文Malicious，汉译青涩体验，曾入围第23届柏林国际电影节。电影主要讲述中年丧妻的父亲和他的三个儿子对新来的漂亮女管家的迷恋和追求的故事。影片由意大利著名导演SalvatoreSamperi执导，主演：劳拉·安托妮莉、图里·费罗和亚历山德罗·莫莫。
Real Techniques,real techniques,
骄彦氏,骄彦氏,骄彦氏 是深圳市滋润堂生物科技有限公司在国家商标总局注册的商标名称。
秀美资源,秀美资源,资源集团成立于1994年，是一家集化妆品研发、生产、销售、进出口贸易为一体的大型跨国性企业。集团的创始人范德海先生曾在东北代理过郑明明、刘晓庆等化妆品牌，并于1997年独立研发生产出“资源”品牌系列产品。
可伶可俐,可伶可俐,可伶可俐Clean&Clear全球首个致力于满足青春少女肌肤需求的护肤品牌，一直致力于为青春少女带来干净、清透、漂亮的肌肤和自信。首先提出了“清洁·调理·滋润”的护肤三步骤概念，帮助青春少女树立正确的护肤观念，也是第一个针对中国初中女生进行青春期生理、心理和护肤知识教育的品牌。
贝拉小蜜蜂,贝拉小蜜蜂,贝拉小蜜蜂为孕产期女性和婴幼儿提供安全、环保个人护理用品。贝拉多年来专注于草本植物领域的研究，针对亚洲女性开发出孕妈咪系列及婴幼儿专用护理系列，抱着对生命的崇敬、对地球保护的责任感、和对下一代的关爱，贝拉小蜜蜂完整有机护理解决方案将带给中国和亚洲妈妈充满爱的美丽生活。
嫣润,嫣润,嫣润，读音yānrùn，汉语词语，指美好柔和。
RapidLash,RapidLash,这款睫毛更新精华，含有专利Polypeptides多缩氨基酸成分。可以促进睫毛变得长而浓密。Polypeptides可以自然地让睫毛变得更长，更为浓密的，并且保护睫毛，防止其断裂。
奥蜜思,奥蜜思,ORBIS奥蜜思隶属于日本四大化妆品品牌之一的POLAORBIS集团，迄今已有30多年历史。奥蜜思株式会社于1984年在日本东京注册成立，致力于无油类化妆品的研发、生产及销售。
ORBIS,奥蜜思,ORBIS奥蜜思隶属于日本四大化妆品品牌之一的POLAORBIS集团，迄今已有30多年历史。奥蜜思株式会社于1984年在日本东京注册成立，致力于无油类化妆品的研发、生产及销售。
美人鱼,美人鱼,《美人鱼》是由中国电影股份有限公司、星辉海外有限公司等出品的爱情喜剧片，由周星驰执导兼编剧，邓超、罗志祥、张雨绮、林允领衔主演 。该片讲述了富豪刘轩与为了拯救同族前往刺杀他的美人鱼珊珊坠入爱河，谱写了一段人鱼爱情童话的故事。该片于2016年2月8日在中国内地、香港同步上映 。
pearlscent,pearlscent,贝珠香国际聘请的调香师个人均为美国调香师协会（ASP）注册会员，其合作厂商也是相关产业协会的会员，如美国日用香精厂商协会（FMA）、美国食用香精提取物厂商协会（NFETA）的会员。香精的品质都达到了美国香精研究所（RIFM）及美国化妆品、个人护肤品香精协会（CTFA）的标准。
思兰朵,思兰朵,思兰朵，韩国品牌，以东方美学的理念研制的化妆品。
雪完美,雪完美,雪完美，化妆品品牌。自2004年起，巴黎雪完美成为香港小姐竞选大会指定专用产品，开始携手香港小姐竞选，将年轻、时尚、智慧和国际化的品牌形象传递给整个世界，推动着中国美丽事业的发展。 
PXE,PXE,PXE(prebootexecuteenvironment，预启动执行环境)是由Intel公司开发的最新技术，工作于Client/Server的网络模式，支持工作站通过网络从远端服务器下载映像，并由此支持通过网络启动操作系统，在启动过程中，终端要求服务器分配IP地址，再用TFTP（trivialfiletransferprotocol）或MTFTP(multicasttrivialfiletransferprotocol)协议下载一个启动软件包到本机内存中执行，由这个启动软件包完成终端（客户端）基本软件设置，从而引导预先安装在服务器中的终端操作系统。PXE可以引导多种操作系统，如：Windows95/98/2000/windows2003/windows2008/winXP/win7/win8linux系列系统等。
璐比,璐比,璐比(RUBII)是一个令爱新潮年轻女子趋之若鹜的时尚品牌。目标顾客大多是20-25岁的爱新潮女子，璐比正是抓住了这样一个充满时尚性格的个性群体，开发出一件件简约纯粹、创意多变的时尚内衣来向你展示一个多彩多姿的个性世界。采用舒适的高科技塑型面料简约的设计、创意的图案、绚丽的色彩塑造内衣，充分表达出爱新潮女子生命的活力与美丽。
爱肤者,爱肤者,爱肤者 是吴秀清创建的护肤品产品品牌，品牌注册号16837199。 
吾尊,吾尊,上美集团旗下的专业男士护理品牌「吾尊」，在2015年上市，以先进研发技术，打造极简、健康、超越期待的男士护理新体验。
凡茜,凡茜,凡茜是2004年诞生的北京银曼企业旗下一个个人护理品牌，是专门为女性设计的护肤品牌。 
蜜蜂的故事,蜜蜂的故事,《蜜蜂的故事》是20109年湖北少儿出版社出版的图书，作者是王敬东。本书主要歌颂蜜蜂的勤奋、无私的奉献精神。
海岳,海岳,海岳，字菌人，号中洲，江苏丹徒人，家居镇江。清顺治十六年(1659)三岁时出家，后曾在南京主持清凉寺，又到黄山，为慈光寺住持。著有《绿萝庵诗集》、《万山拜下堂稿》等。所作《黄山赋》，洋洋万言，全用集句，上取六经，下取百氏。另有专咏慈光寺木莲的七律一百首。
彩棠,彩棠,
草木良品,草木良品,草木良品为北京草木良品化妆品有限公司旗下品牌。多年以来一直专注于专业级的卸妆产品的研制、开发及生产，长期以来为多家专业的演出团体、剧院剧团、大中型美容机构等单位提供专业级的卸妆产品及化妆棉产品，产品以专业优良的品质赢得了一致好评，积累了丰富的产品知识和经验。为使更多普通大众享受到专业级的产品及服务，公司根据国内常用的化妆用品的品种、类别、使用方式及亚洲女性的肤质特性，结合目前国际卸妆产品的流行元素和趋势，针对大众市场研制最适合肌肤的护肤品。
珂润,珂润,Curel是日本花王旗下专为敏感肌设计的品牌。Curel创始于1999年。专门针对干燥性敏感肌肤的Curel品牌的诞生，与花王持之以恒的皮肤科学研究是分不开的。花王是最早着眼于肌肤角质细胞间存在的脂质“Ceramide神经酰胺”的化妆品品牌。
Bioderma,贝德玛,贝德玛（BIODERMA）是1992年由Jean-NoelThorel联合法国研究院INSERM及CNRS资深学术研究人员，在法国里昂专业实验室（LaboratoireDermatologiqueBIODERMA）创建的一个多系列医学美容护肤产品，2007年获得英国kifus化妆品有限公司技术配方支持。贝德玛（BIODERMA）进入中国，帮助更多消费者解决皮肤问题困扰，带给每个消费者安全舒适的护肤体验。
米卡,米卡,米卡（Mika，英语：Mica"Mika"Penniman），全名米卡·彭尼曼，1983年8月18日黎巴嫩出生，来自伦敦的唱作人。隶属环球唱片旗下的卡萨布兰卡唱片公司(CasablancaRecords)，他于2006年尾至2007年头间开始走红。
迪士尼,迪士尼,全球闻名遐迩的迪士尼，全称为TheWaltDisneyCompany，取名自其创始人华特·迪士尼，是总部设在美国伯班克的大型跨国公司，主要业务包括娱乐节目制作，主题公园，玩具，图书，电子游戏和传媒网络。皮克斯动画工作室（PIXARAnimationStudio）、惊奇漫画公司（MarvelEntertainmentInc）、试金石电影公司（TouchstonePictures）、米拉麦克斯（Miramax）电影公司、博伟影视公司（BuenaVistaHomeEntertainment）、好莱坞电影公司（HollywoodPictures）、ESPN体育，美国广播公司（ABC）都是其旗下的公司（品牌）。迪士尼于2012年11月收购了卢卡斯影业。2017年6月，《2017年BrandZ最具价值全球品牌100强》公布，迪士尼排名第18位。 
Disney,迪士尼,全球闻名遐迩的迪士尼，全称为TheWaltDisneyCompany，取名自其创始人华特·迪士尼，是总部设在美国伯班克的大型跨国公司，主要业务包括娱乐节目制作，主题公园，玩具，图书，电子游戏和传媒网络。皮克斯动画工作室（PIXARAnimationStudio）、惊奇漫画公司（MarvelEntertainmentInc）、试金石电影公司（TouchstonePictures）、米拉麦克斯（Miramax）电影公司、博伟影视公司（BuenaVistaHomeEntertainment）、好莱坞电影公司（HollywoodPictures）、ESPN体育，美国广播公司（ABC）都是其旗下的公司（品牌）。迪士尼于2012年11月收购了卢卡斯影业。2017年6月，《2017年BrandZ最具价值全球品牌100强》公布，迪士尼排名第18位。 
加加林,尤里·阿列克谢耶维奇·加加林,尤里·阿列克谢耶维奇·加加林（YuriAlekseyevichGagarin，1934年3月9日—1968年3月27日），世界第一名航天员，苏联英雄，前苏联太空人，前苏联红军上校飞行员，是第一个进入太空的地球人，也是第一个从太空中看到地球全貌的人。加加林生于前苏联斯摩棱斯克州格扎茨克区的克卢希诺镇一个集体农庄庄员家庭，白俄罗斯人。1955年从萨拉托夫工业技术学校毕业后参军。1957年在契卡洛夫第一军事航空飞行员学校结业，成为红旗北方舰队航空兵歼击机飞行员，同年与瓦莲京娜结婚。1960年被选为航天员，加入苏联共产党。1968年3月27日因飞机失事遇难，但具体死因仍众说纷纭。 2016年4月12日，俄罗斯乌格列戈尔斯克，当地举办由尤里-加加林完成的世界首次载人太空飞行55周年纪念活动。 
迪斯,迪斯,美国迪斯（DeSleep）保健器材有限公司是一家专业设计研发按摩保健器材的公司。美国DeSleep源自“DeepSleep”译意为：深度睡眠，DeSleep研发团队在设计产品时充分考虑了现代人们生活节奏紧张、工作压力较大造成的颈椎、腰椎酸痛等身体不适，设计出的按摩椅符合人体工学、并采用仿真3D按摩机械手，有助于迅速缓解人体疲劳恢复体能，改善腰椎颈椎酸痛等不适症，并且非常有助于经常失眠及睡眠质量不高等人群，有效的改善睡眠，从而保障身体健康，安心工作，愉快生活。
兰亭,兰亭,兰亭，位于浙江省绍兴市西南14公里兰亭镇的兰渚山下，是东晋著名书法家，会稽内史王羲之的园林住所，是一座晋代园林。传春秋时越王勾践曾在此植兰，汉时设驿亭，故名兰亭。现址为明嘉靖二十七年（公元1548年），郡守沈启重建，其后几经改建，于1980年修复成明清园林的风格。
LANTERN,Lantern,Lantern，英语名词，意思是灯笼；灯塔；灯罩；灯饰。
苏子,苏子,苏子是一种唇形科紫苏属的植物，分布于东南亚、中国江西、铁岭、台湾、湖南等中南部地区、内蒙古呼伦贝尔市莫力达瓦达斡尔族自治旗及喜马拉雅地区，日本、缅甸、朝鲜半岛、印度、尼泊尔。
Silk'n,Silk'n,Silk'n脱毛器取得了临床研究的巨大成功，顾客的满意度及临床检验结果使之成为居家激光脱毛的首选设备。它使用安全有效，价格适中，已被经食品及药物管理局FDA列为无处方销售设备；这款价格仅占美容会所激光脱毛手术一小部分费用的脱毛设备，是唯一一款经FDA认证的专业级别居家脱毛器械。
Mallory,Mallory,Mallory（1862年至1941年）是在波士顿市立医院病理科教授在哈佛医学院，后为之Mallory小体被命名为美国病理学家。
爱德华,爱德华·纽盖特,爱德华·纽盖特，日本漫画《海贼王》及其衍生作品中的角色，外号“白胡子”，伟大航路后半段“新世界”的『四皇』之一（生前），白胡子海贼团的船长，实力极其强劲，被称为「世界最强男人」。能力是被誉为最强超人系的震震果实，武器为薙刀。顶上战争被战国设计暗算身受重伤，随后被数万精英海军围殴积累了大量的伤害，最后因受伤过重后被伺机出手的黑胡子马歇尔·D·蒂奇一伙乱枪扫射杀害，并被黑胡子夺走震震果实的能力。
EDWARD,EDWARD,EDWARD是世界著名CS战队NatusVincere的王牌选手，CS:GO圈内经验最丰富的老将之一，于2006年加盟乌克兰pro100，之后先后加盟过DTS，Hellraisers等独联体战队；2009年Edward与另外四人一起打造了NatusVincere。
四万公里,四万公里,四万公里是世界级第一个的华人出境旅行大数据应用+境外旅行、消费搜索引擎，是中国人出境旅行版的大众点评。旨在为出国华人源源不断提供最真实的世界级点评信息，随时随地查看来自于Tripadvisor、Yelp、Facebook、Twitter、Foursquare、微博等全互联网上世界各地的用户对同一个地点、一家餐厅，一个商户，一处景点的点评，提供离开导游、离开旅行社后的生活干货和全方位的1秒钟客观消费决策，各国语言一键翻译成中文，解决语言不通、环境不熟又要求吃好、玩爽、买对等诉求，满足即时性需求。四万公里用大数据帮助中国人发现境外最值得体验的服务，出境旅行不再只能去一些网上泛滥、游客扎堆的地方，一站地解决出国后在“旅行现场”中的“贴身问题”。 
药师堂,药师堂,日本著名保健食品品牌。取名源自药师佛.秉传着药师佛的精神，以汉方为根本，延续药师佛愿为众生解除疾苦，除一切众生众病、令身心安乐的传承。这一名称正是药师堂公司形象的反映，是将东方的美学及意识与西方的技术及商业实践相结合的先锋。将先进技术与传统的汉方相结合，为大众健康进一步着想。
Yakushido,Yakushido,Yakushido，中文名药师堂，首创日本马油护肤品牌，以传承药师佛所发弘愿——愿为众生解除疾苦为其品牌理念。以神奇而卓越的肌肤护理功效响誉日本，欧洲，美国，澳大利亚，中国大陆，香港，台湾，澳门，马来西亚，新加坡等国家和地区。
魔盒,魔盒,中文名为潘多拉魔盒，又称潘多拉盒子，潘朵拉的盒子潘多拉匣子，外文名Pandora'sbox，出自一则古希腊经典神话。
lantern,Lantern,Lantern，英语名词，意思是灯笼；灯塔；灯罩；灯饰。
诗丽堂,诗丽堂,诗丽堂创建于1999年3月，是集研发、生产、销售、服务等于一体的大型专业美容产业连锁品牌。诗丽堂始终坚持以“让女性活出生命的光彩”为宗旨，以“传播爱、缔造美”为理念，凭借“真诚、热情、专业、周到”的服务，以及统一的管理、统一的形象和统一的服务标准，先后在四川、重庆、贵州、云南、甘肃、新疆、浙江、福建等省市建立了超过300家诗丽堂美容美体连锁机构。诗丽堂的特许经营系经四川省商务厅批准，并在中华人民共和国商务部进行了备案登记，备案号为0510101911000051。2003年6月，诗丽堂产品的生产基地——成都丽妍工坊生化科技有限公司成立。丽妍工坊聘请了尖端的专业人才，引入了全套现代化的生产线和检测设备，导入了国际质量管理体系。丽妍工坊成功通过了ISO9001：2008质量体系认证，并通过“中国质量认证中心”对公司质量体系的审核。从引进ISO标准以来，丽妍工坊先后获得了四川省质量技术监督局“2008年质量信用AA级企业”称号、“四川省质量管理先进企业”称号，取得“四川省采用国际标准产品认可合格证书”、“采用国际标准产品标志证书”。2009年，“诗丽堂”品牌被四川省人民政府授予“四川名牌”产品称号。
