爱乐维,爱乐维,爱乐维®(复合维生素片)，用于妊娠期和哺乳期妇女对维生素、矿物质和微量元素的额外需求；并预防妊娠期因缺铁和叶酸所致的贫血。
nutrilon,诺优能,诺优能是荷兰婴幼儿奶粉的领先品牌，沿承NUTRICIA纽迪希亚科研中心在婴幼儿营养领域100多年的研究成果。在荷兰婴幼儿奶粉市场占有率超过70%。中国官方销售的Nutrilon诺优能奶粉(荷兰牛栏)100%荷兰原装原罐进口绝无二次分装，应用100%乳糖配方设计，为宝宝提供专业早期营养，建立长远健康基础。
奶粉,奶粉,奶粉是将牛奶除去水份后制成的粉末，它适宜保存。奶粉是以新鲜牛奶或羊奶为原料，用冷冻或加热的方法，除去乳中几乎全部的水分，干燥后添加适量的维生素、矿物质等加工而成的冲调食品。
婴儿,婴儿,婴儿是指小于1周岁的儿童。婴儿在这个阶段生长发育得特别迅速，是人一生中生长发育最旺盛的阶段，体重大约为9000～10000克。婴儿足月出生时已具有较好的吸吮吞咽功能，颊部有坚厚的脂肪垫，有助于吸吮活动，早产儿则较差。吸吮动作是复杂的天性反射，严重疾病可影响这一反射，使吸吮变得弱而无力。
牛栏,牛栏,1，指牛棚旁边或四周的围栏2，防止牛通过的栏栅，一边用护栏挡住，其他几边是二、三英尺宽的隔离沟3，木棍纵横交错编成的遮栏，以用来圈养牛群，关牛的圈造句：爷爷王先之天天扫牛栏4，奶粉品牌
辅食,辅食,辅食是完整营养均衡，对成长中的孩子是很重要的，特别是在0岁阶段的营养给予，更是奠定宝宝一生健康的根基。在婴儿阶段，母乳当然是宝宝最理想的食品，但随着宝宝一天天长大，满六个月开始，光吃母乳或者婴儿配方奶已经无法满足宝宝的营养需求。所以这段时间，除了原先母乳或婴儿配方奶之外，另外还应给予宝宝一些固体实物，这就是我们所说的辅食。辅食包括米粉、泥湖状食品以及其他的一些家制食品。
益生菌,益生菌,益生菌是一类对宿主有益的活性微生物，是定植于人体肠道、生殖系统内，能产生确切健康功效从而改善宿主微生态平衡、发挥有益作用的活性有益微生物的总称。人体、动物体内有益的细菌或真菌主要有：酪酸梭菌、乳杆菌、双歧杆菌、放线菌、酵母菌等。目前世界上研究的功能最强大的产品主要是以上各类微生物组成的复合活性益生菌，其广泛应用于生物工程、工农业、食品安全以及生命健康领域。 
婴幼儿,婴幼儿,婴儿和幼儿的统称，一般是指0-3岁的小龄孩子。婴儿与幼儿之间有莫大的联系，因此在许多的儿童论著、医学论著、儿童早期教育等会将它们并起来说，以示方便理解。虽然它们之间有着密切的联系，但如果从孩子发展层面来说还是有两个方面区别，一为婴儿（0-1岁）和幼儿（1-3岁）。婴幼儿是一个受护群体，饮食方面尤为重要，婴儿以母乳为主食（4-6个月后逐渐添加辅食），1岁后以成人食物为主食。
金宝宝,金宝宝,金宝宝医疗服务成立于2005年，是由港人出资创办的特色国际医疗服务公司。公司和香港多间大型的医疗机构合作，为国内客户提供最优质的香港和境外特色医疗服务。公司总部设在香港，深圳、广州均有分支机构。金宝宝一直致力妇产科医疗服务，DNA-Y染色体查性别，子宫颈癌疫苗，香港结构性超声波产前诊断胎儿性别与健康情况，绒毛CVS染色体排畸，高龄产妇羊膜穿刺术检查等服务。
母乳,母乳,母乳是婴儿成长最自然、最安全、最完整的天然食物，它含有婴儿成长所需的所有营养和抗体，特别是母乳含有百分之五十的脂肪，除了供给宝宝身体热量之外，还满足宝宝脑部发育所需的脂肪(脑部60%的结构来自于脂肪)；丰富的钙和磷可以使宝宝长的又高又壮；免疫球蛋白可以有效预防及保护婴儿免于感染及慢性病的发生；比非得因子和寡糖可以抑制肠道病菌增生和帮助消化。除此之外，哺喂母乳的亲密接触和亲子关系可刺激婴儿脑部及心智发育。有的母亲放弃哺喂母乳的主要原因分别有：缺乏奶水、担心宝宝吃不饱或不够营养、宝宝拒绝吸吮或吸吮时感到疼痛、体力不足、乳头酸痛或破皮、乳房肿胀疼痛、上班不方便等因素。
米粉,米粉,米粉，中国特色小吃，是中国南方地区非常流行的美食。米粉以大米为原料，经浸泡、蒸煮和压条等工序制成的条状、丝状米制品，而不是词义上理解的以大米为原料以研磨制成的粉状物料。米粉质地柔韧，富有弹性，水煮不糊汤，干炒不易断，配以各种菜码或汤料进行汤煮或干炒，爽滑入味，深受广大消费者（尤其南方消费者）的喜爱。米粉品种众多，可分为排米粉、方块米粉、波纹米粉、银丝米粉、湿米粉和干米粉等。它们的生产工艺大同小异，一般为：大米—淘洗—浸泡—磨浆—蒸粉—压片（挤丝）—复蒸—冷却—干燥—包装—成品。关于米粉的起源有多种说法，一种是古代中国五胡乱华时期北方民众避居南方而产生的类似面条食品。另一说法是秦始皇攻打桂林的时候，由于当时北方的士兵在桂林作战，吃不惯南方的米饭，所以当时的人就用米磨成粉状并做成面条的形状，来缓解士兵的思乡之情。
新西兰,新西兰,新西兰（英语：NewZealand），又译纽西兰，是南太平洋的一个国家，政治体制实行君主立宪制混合英国式议会民主制，现为英联邦成员国之一。新西兰位于太平洋西南部，领土由南岛、北岛两大岛屿组成，以库克海峡分隔，南岛邻近南极洲，北岛与斐济及汤加相望。首都惠灵顿以及最大城市奥克兰均位于北岛。 14世纪时毛利人在此定居，1642年后，荷兰人和英国人先后到此。1840年沦为英国殖民地。 1907年成为英国的自治领。1947年获得完全自主，成为主权国家，现为英联邦成员国。 新西兰是一个高度发达的资本主义国家，也是全球最美丽的国家之一。世界银行将新西兰列为世界上最方便营商的国家之一 ，其经济成功地从以农业为主，转型为具有国际竞争力的工业化自由市场经济。 鹿茸、羊肉、奶制品和粗羊毛的出口值皆为世界第一。 新西兰也是大洋洲最美丽的国家之一，总计约有30%的国土为保护区。拥有3项世界遗产、14个国家公园、3座海洋公园、数百座自然保护区和生态区。 2018年，新西兰被联合国评为全球最清廉的国家。 
新生儿,新生儿,新生儿，就是指的是胎儿娩出母体并自脐带结扎起，至出生后满28天这一段时间的婴儿。宝宝出生后，应尽早进行哺乳，这样可以促进母亲乳汁分泌。新生儿健康应具有十个方面的标准，自主呼吸必备条件，需要注意初次呼吸注意的事项以及体检、常见病等。
婴儿车,婴儿车,婴儿车是一种为婴儿户外活动提供便利而设计的工具车，有各种车型，一般1到2岁的孩子玩的是婴儿车，2岁以上玩的是有带轮子的玩具车，婴儿车会给孩子的智力发育带来一定的好处，增加孩子的头脑发育。婴儿车，是宝宝最喜爱的散步交通工具，更是妈妈带宝宝上街购物时的必须品。然而根据宝宝的成长、使用用途，婴儿车又可以分成很多种类。主要是依照载重量为标准，一般测试标准为九到十五公斤。一般的婴儿车大约可使用四到五年。
麦片,麦片,麦片(oatmeal)：是一种以小麦为原料加工而成的食品。是用普通的麦子和一些东西加工而成的。它曾经是第一种被工业化生产的早餐谷物食品。麦片的“片”字是指，它是一种来自被煮过，辗碎，和加以烘干的谷物，通常被放在牛奶和果汁里，或做成麦片粥加以食用。麦片还分为普通麦片和燕麦片，燕麦片是由燕麦做成的，由于麦片食品的制作过程简单，而且省时，有的种类的麦片，只要经过水泡，就可以食用，所以受到了很多人的欢迎。
保健品,保健品,保健品是保健食品的通俗说法。GB16740-97《保健（功能）食品通用标准》第3.1条将保健食品定义为：“保健（功能）食品是食品的一个种类，具有一般食品的共性，能调节人体的机能，适用于特定人群食用，但不以治疗疾病为目的。”所以在产品的宣传上，也不能出现有效率、成功率等相关的词语。保健食品的保健作用在当今的社会中，也正在逐步被广大群众所接受。保健品是中国大陆的一般称呼，在国外包括港澳台地区一般称之为：膳食补充剂（DietarySupplements）。
奶瓶,奶瓶,奶瓶，是用来盛奶的一种器具，一般给婴儿使用。奶瓶本身不包含奶嘴，仅仅指瓶身，但是一般生产婴儿奶瓶的厂家都会随瓶赠送一只奶嘴。对于奶瓶中的婴儿奶瓶，在原料上来说，可以分为：玻璃奶瓶、塑料奶瓶和硅胶奶瓶。其中塑料奶瓶的材质一般有PC，PPPESPPSU、硅胶。除了PC其他都不含双酚A（BPA），而“PC“材质被证明遇100℃高温时会释放有毒物质双酚A。
爱他美,爱他美,德国领先的高端奶粉品牌，是德国市场份额第一的奶粉，也是欧洲销量最好的奶粉之一。爱他美奶粉产自德国，是德国美乐宝（Milupa）集团旗下品牌，后美乐宝被达能集团收购。2007年，达能再收购RoyalNumico（纽迪希亚持有人），将旗下的婴幼儿营养及医学营养进行了内部合并。爱他美与诺优能、可瑞康三个奶粉品牌均属于纽迪希亚旗下。
惠氏,惠姓,惠姓，在中国并不是一个常见的姓氏，但也是中国较为古老的姓氏之一。在过去2000多年期间，惠氏的活动地区主要是长江以南的江、浙一带，长久以来在历史上成名的惠氏名人，也几乎全是江、浙人氏。古代的扶风，在今陕西平东南，全国惠氏老家便在这里。望族居扶风郡（今陕西省扶风县一带）。
金装,金装,金装，读音jīnzhuāng，汉语词汇，释义是指在某事，人或物上面额外华丽的包装，以及外表。包装比较有价值，有档次。
爱婴岛,爱婴岛,爱婴岛儿童百货连锁机构（蜜儿港婴童用品连锁店总部）成立于1998年，截至2013年5月1日全国直营连锁店223家，加盟连锁店1家。
乳糖,乳糖,乳糖在自然界中仅存在于哺乳动物的乳汁中，一分子乳糖消化可得一分子葡萄糖和一分子半乳糖。半乳糖能促进脑苷脂类和黏多糖类的生成，因而对幼儿智力发育非常重要。
孩子王,孩子王,“孩子王”是五星控股集团旗下零售事业，总部位于江苏南京。专业从事孕婴童商品一站式购物及提供全方位增值服务。
DHA,DHA,DHA，二十二碳六烯酸，俗称脑黄金，是一种对人体非常重要的不饱和脂肪酸，属于ω-3不饱和脂肪酸家族中的重要成员。DHA是神经系统细胞生长及维持的一种主要成分，是大脑和视网膜的重要构成成分，在人体大脑皮层中含量高达20%，在眼睛视网膜中所占比例最大，约占50%，因此，对胎婴儿智力和视力发育至关重要。一直以来，多数人都通过给宝宝或孕妇自己补充DHA（二十二碳六烯酸）让宝宝更聪明。但是，宝宝大脑的发育不仅仅需要DHA。我国儿科权威期刊-《临床儿科杂志》早在2003年就发表了一篇《营养与儿童脑发育和脑功能》 的论述。其中明确阐述了儿童脑发育所必须的8大营养素，分别是蛋白质、牛磺酸、脂肪酸、铁、锌、碘、硒、B族维生素。其中蛋白质、铁、碘、硒和B族维生素在我们的饮食当中相对容易获取。牛磺酸、脂肪酸、锌则相对摄入较少。（当然我们人体更加需要的是不饱和脂肪酸，包括DHA、ARA等）。所以，好的DHA产品应该不仅包含DHA，还应该含有ARA、牛磺酸、锌等营养素。
美赞臣,美赞臣,美赞臣营养品公司创立于1905年，创始人为爱德华·美赞臣，公司总部位于美国伊利诺斯州的格伦维尤，其全球研发中心及全球运作生产中心则位于美国印地安纳州的埃文思威尔镇。美赞臣汇聚前沿的营养科研力量，一直致力于配方的研发和创新，为全世界婴幼儿的健康成长提供从科学探索到临床科学研究的全面支持。同时，美赞臣已与多家大学和研究机构合作，拥有婴幼儿营养研究平台和专业能力。所生产的70多种营养产品行销50多个国家和地区。 2018年4月18日，因在生产许可条件保持、食品安全管理制度落实等方面存在缺陷，被国家市场监管总局通报。 
米糊,米糊,米糊是一种具有一定粘度和稠度的半固态物质，是由各种谷物经机械粉碎和水煮糊化后得到的。米糊的制作原料较丰富，有各类米、杂粮还有薯类。米糊可迅速为人体所吸收，可促进食欲。但是米糊制作也存在弊端，谷物量的控制不当容易出现夹生的情况。
爽身粉,爽身粉,爽身粉的主要成分是滑石粉、硼酸、碳酸镁及香料等。爽身粉因所含硼酸成分不同，分为成人用和儿童用两种。爽身粉除了能吸收汗液，滑爽皮肤，也可减少痱子发生。夏季浴后或理发后，扑散在身上或头部，能给人以舒适芳香的感觉。粉笔型爽身粉没有飘尘，更适合宝宝使用。对于女孩最好不要将爽身粉扑在大腿内侧、外阴部、下腹部等处。因为主要原料是滑石粉，一般来说女性应尽量少用爽身粉，以及用滑石粉为原料制成的痱子粉、香粉等。2017年10月27日，世界卫生组织国际癌症研究机构公布的致癌物清单初步整理参考，含滑石粉的爽身粉（会阴使用）在2B类致癌物清单中。 
swisse,Swisse,Swisse，1960年创建于澳大利亚墨尔本 ，是澳洲知名品牌 ，是澳大利亚自然健康品牌 。 
奶源,奶源,牛奶场的代称，乳产品企业为保证鲜奶的数量、品质、供应等而设立的饲养基地。
贝亲,贝亲,贝亲是日本母婴用品品牌，创始于1957年，秉承爱的理念，致力于为消费者提供高品质和种类齐全的母婴用品和服务，贝亲产品涵盖了母乳喂养、奶瓶奶嘴、宝宝肌肤护理、衣物清洗、水杯餐具等抚育宝宝的方方面面。2002年正式进入中国市场之后，工厂规模和生产规模不断扩大，如今，贝亲在中国拥有上海外高桥、青浦和常州3家工厂，引进国外先进生产流水线，严格按照PQS（PigeonQualityStandard）执行管理。2013年，贝亲全新推出芬芳亲子洗护系列以及“真绵实感”婴儿纸尿裤 ，新品的推出强化了贝亲产品线，从而进一步提升了妈妈们育儿生活的品质。
喜宝,喜宝,《喜宝》是2002年南海出版公司出版的小说，作者是亦舒。该小说讲述了剑桥圣三一学院的法学高材生姜喜宝，本是炙手可热的俏佳人，尚有高贵文凭压身，却反其道之，决定做富商的情妇的故事。
纸尿片,纸尿片,纸质尿布是一种方便更换的一次性产品，不用洗涤。内有的超强吸收芯层采用高分子吸收体遇绒毛浆组合吸收结构。吸收快速充分，有效凝聚不回渗，确保防渗防漏，让宝宝随时干干爽爽。同时采用防漏松紧裤边，独特U型设计，轻轻包住宝宝腿部，有效防止尿液侧漏，让宝宝无论在何种情况下都干爽清洁。弧形立体裁剪，和体贴身。并有柔软干爽无纺布表层，透气性好，随时让宝宝感受舒适自然。
脱脂,脱脂,脱脂又称除油，从废水中分离油脂可以用设备隔油池和除油池。在牛奶中脱脂是脱去了乳脂。
Nutrilon,诺优能,诺优能是荷兰婴幼儿奶粉的领先品牌，沿承NUTRICIA纽迪希亚科研中心在婴幼儿营养领域100多年的研究成果。在荷兰婴幼儿奶粉市场占有率超过70%。中国官方销售的Nutrilon诺优能奶粉(荷兰牛栏)100%荷兰原装原罐进口绝无二次分装，应用100%乳糖配方设计，为宝宝提供专业早期营养，建立长远健康基础。
维生素D,维生素D,维生素D（vitaminD）为固醇类衍生物，具抗佝偻病作用，又称抗佝偻病维生素。 目前认为维生素D也是一种类固醇激素，维生素D家族成员中最重要的成员是VD2（麦角钙化醇）和VD3（胆钙化醇)。维生素D均为不同的维生素D原经紫外照射后的衍生物。植物不含维生素D，但维生素D原在动、植物体内都存在。维生素D是一种脂溶性维生素，有五种化合物，对健康关系较密切的是维生素D2和维生素D3。它们有以下三点特性：它存在于部分天然食物中；人体皮下储存有从胆固醇生成的7-脱氢胆固醇，受紫外线的照射后，可转变为维生素D3。适当的日光浴足以满足人体对维生素D的需要。 
蔗糖,蔗糖,蔗糖，即食糖，双糖的一种，由一分子葡萄糖的半缩醛羟基与一分子果糖的半缩醛羟基彼此缩合脱水而成。蔗糖有甜味，无气味，易溶于水和甘油，微溶于醇。相对密度1.587（25℃）。有旋光性，但无变旋光作用。蔗糖几乎普遍存在于植物界的叶、花、茎、种子及果实中。在甘蔗、甜菜及槭树汁中含量尤为丰富。蔗糖味甜，是重要的食品和甜味调味品。分为白砂糖、赤砂糖、绵白糖、冰糖、粗糖（黄糖） 。
断奶,断奶,《断奶》由李力安执导，佟丽娅、雷佳音等人主演的都市情感剧，讲述了雷佳音和佟丽娅饰演的小夫妻从结婚到婚后育儿的过程 。该剧已于2013年5月28日在东方卫视播出。
中老年,中老年,不同的文化圈对于老年有着不同的定义，由于生活质量的提高，生命周期变长，各年龄的分界线开始模糊，中老年一般是指人类生命历程中青年之后的阶段，包括中年和老年。世界卫生组织对老年人的定义为60周岁以上的人群为老年。老年这个概念在中国一般界定，一般指男人60岁之后，女人55岁之后直至生命结束的这一阶段。
钙片,钙片,钙是人体内最普遍的元素之一，被称为“生命中的钢筋混凝土”，人体中钙的含量占总体重的1.5--2%，其中骨骼和牙齿约占99%。体液和软组织占1%。对于人体代谢、细胞功能、神经系统运作、蛋白激素合成等起到至关重要的作用。
Moony,Moony,Moony是一个ISDN呼叫监控软件，支持Win95/98/NT/2000。
Similac,Similac,Similac是一个奶粉品牌，在三亿人口的美国，Similac85年始终保持销量领先，成为美国专家推荐以及美国妈妈首选品牌。
贝拉米,贝拉米,贝拉米，漫画《海贼王》的角色。来自北海，自称“新时代海贼”的海贼，贝拉米海贼团团长，从小崇拜着唐吉诃德·多弗朗明哥。最初唾弃“非现实”的浪漫与梦想，追求“现实”的即时享乐，在被路飞初次击败后，信念产生了改变，不知不觉中对路飞心生崇拜。海贼船名为“新·维奇·贝娄号”，从船头到船帆上都点缀着贝拉米的首领“王下七武海”之一的唐吉诃德·多弗朗明哥的海贼旗标志。
Care,care,名词n.看护；保护
嘉宝,葛丽泰·嘉宝,葛丽泰·嘉宝（GretaGarbo/GretaLovisaGustafsson，1905年9月18日-1990年4月15日），生于瑞典斯德哥尔摩，瑞典籍好莱坞影视演员 。1926年，葛丽泰·嘉宝拍摄在好莱坞的第一部默片《激流》。 1930年她出演了个人首部有声电影《安娜·克里斯蒂》，并获得第三届奥斯卡最佳女主角提名 。1935年，葛丽泰·嘉宝主演电影《茶花女》和《安娜·卡列尼娜》，凭借《茶花女》获得第10届奥斯卡奖最佳女主角提名 。1939年的《妮诺奇嘉》使葛丽泰·嘉宝第三次提名奥斯卡奖最佳女主角。1941年拍完电影《双面女人》后，葛丽泰·嘉宝宣布息影。1955年，葛丽泰·嘉宝获得第27届奥斯卡终身成就荣誉奖。1990年4月15日因肺炎于美国纽约逝世。1999年，美国电影学会将葛丽泰·嘉宝选为百年来最伟大的女演员第五名  。
营养品,营养品,营养品是指可以补充人体欠缺及损失的营养成分的物品，类型分为基本型、健康型、选择性，如大豆异黄酮、海豹油、蜂王浆。基本营养有维生素、矿物质、纤维、乳酸菌、蛋白质、卵磷脂、EPA、DHA、胶原蛋白、软骨素等。这些成分是人体的构成要素，是保持身体健康所“不可或缺的营养素”。
德运,德运,德运是一个汉语词语，意思是王朝的气数命运。
Johnson,johnson,johnson吉他，是axl公司的下属品牌，主要以民谣吉他为主。另外有同名IPC-A-610D和IPC-7711/7721授权认证培训师。
babytree,babytree,babytree是谷歌(Google)前亚太区营销总监王怀南和前易趣创始人邵亦波联合创办的网站，上线时间是3月7日晚8点。
宝宝树,宝宝树,宝宝树是中国规模最大最受关注的育儿网站，瞄准的是快速增长的6000万中国上网父母以及由此辐射到的价值540亿美金的孕婴童经济规模，通过为父母提供高质量，多类型的线上及线下服务。宝宝树旨在搭建全方位平台，让父母们在这里进行有价值的经验分享以及育儿方法，得到愉快的和有意义的育儿及成长体验，为千万新手爸爸妈妈提供资源共享的交流平台，同时满足他们多层次、全方位、适应时代进步的育儿需求。2018年4月16日，宝宝树正式推出开放平台“宝树号”，以年轻家庭领域入口级流量打造创作者，并宣布投入百亿资源布局家庭内容产业生态。 
乳粉,乳粉,用冷冻或加热的方法，除去乳中几乎全部的水分，干燥后而成粉末。
厌食,厌食,厌食是指小儿较长时期见食不贪，食欲不振，甚则拒食的一种常见的病证。辨证应辨病在脾或在胃。在胃者，以胃阴不足为主，证见厌食而口干多饮，大便干结，舌红少津。在脾者，以脾运失健为主，证见厌食，面色少华，腹胀便溏，舌淡苔白。总的治疗原则为健运脾气、养阴益胃。
伊可新,伊可新,伊可新（维生素AD滴剂（胶囊型）），适应症为用于预防和治疗维生素A及D的缺乏症。如佝偻病、夜盲症及小儿手足抽搐症。
启初,启初,启初，源自百年民族企业上海家化 旗下品牌 ，品牌创建于2013年 。 启初秉承“取自然之初，育生命之初”的品牌理念 ，致力研发“专属于0-3岁中国婴幼儿个人护理产品及方案”。经过历时3年多的研究与探索，于2013年8月6日正式面向大众消费市场。
牛乳,牛乳,牛乳，中药名。为母牛乳腺中分泌的乳汁。现食用的牛乳系普通牛种经高度选育而成的专门化乳用品种如黑白花牛等产的乳汁。遍及全国。具有补虚损，益肺胃，养血，生津润燥，解毒之功效。常用于虚弱劳损，反胃噎嗝，消渴，血虚便秘，气虚下痢，黄疸。
退烧药,解热镇痛抗炎药,解热镇痛抗炎药是一类具有解热、镇痛，而且大多数还有抗炎、抗风湿作用的约物。在化学结构上虽属不同类别，但都可抑制体内前列腺素(PG)的生物合成，由于其特殊的抗炎作用，故本类药物又称为非甾体抗炎药(NSAID)。 
Cow,COW,一般有两个理解：一、车载基站，安装在平板拖车上的基站设备；二是写时复制，有一定经验的程序员应该都知道CopyOnWrite（写时复制）使用了“引用计数”（referencecounting），会有一个变量用于保存引用的数量。
欧贝儿,欧贝儿,汕头市欧贝儿文具制造有限公司（前身汕头市文明文具制造厂）创建于1995年。公司自创立伊始，合纵连横，联手瑞士、美国、日本、德国、韩国尖端技术厂商，联合打造『欧贝儿』、『文明』、『3星集』三大品牌。经过15年的发展，欧贝儿已经成长为集研发、生产、营销、品牌为一体的专业文具生产企业。
拉拉裤,拉拉裤,拉拉裤®（Pants）是宝洁公司拥有的注册商标 使用在宝洁公司旗下的纸尿裤品牌帮宝适®产品上。帮宝适®拉拉裤®是一款拥有方便穿脱设计的纸尿裤，是宝宝不间断玩耍和探索世界的好帮手。拉拉裤非常适用于开始会翻身、独坐、学爬、或者学步的好动宝宝，无论宝宝怎么动，都能轻松穿脱。
三聚氰胺,三聚氰胺,三聚氰胺（sānjùqíngàn）（英文：Melamine）（化学式：C3N3（NH2）3），俗称密胺、蛋白精，IUPAC命名为“135-三嗪-246-三胺”，是一种三嗪类含氮杂环有机化合物，被用作化工原料。它是白色单斜晶体，几乎无味，微溶于水（3.1g/L常温），可溶于甲醇、甲醛、乙酸、热乙二醇、甘油、吡啶等，不溶于丙酮、醚类、对身体有害，不可用于食品加工或食品添加物。2017年10月27日，世界卫生组织国际癌症研究机构公布的致癌物清单初步整理参考，三聚氰胺在2B类致癌物清单中。 
滴剂,滴剂,用适宜的量具以小体积或以滴计量的口服溶液剂、口服混悬剂、口服乳剂的液体制剂称为滴剂。
益生元,益生元,益生元（Prebiotics）是这样一种物质：它是一种膳食补充剂，通过选择性的刺激一种或少数种菌落中的细菌的生长与活性而对寄主产生有益的影响从而改善寄主健康的不可被消化的食品成分（GibsonandRoberfroid，1995)。成功的益生元应是在通过上消化道时，大部分不被消化而能被肠道菌群所发酵的。最重要的是它只是刺激有益菌群的生长，而不是有潜在致病性或腐败活性的有害细菌。
bio,bio,bio是linux内核中通用块层的一个核心数据结构，它描述了块设备的I/O操作，联系了内存缓冲区与块设备。bio多用来提供就业前的咨询和心理辅导。
雅培亲体,雅培亲体,雅培亲体雅培公司推出的一款婴儿奶粉。其配方是美国畅销一百多年的配方，72mg/L核苷酸，提高宝宝保护力；不添加棕榈油，使宝宝便便软和不上火。 
诺优能,诺优能,诺优能是荷兰婴幼儿奶粉的领先品牌，沿承NUTRICIA纽迪希亚科研中心在婴幼儿营养领域100多年的研究成果。在荷兰婴幼儿奶粉市场占有率超过70%。中国官方销售的Nutrilon诺优能奶粉(荷兰牛栏)100%荷兰原装原罐进口绝无二次分装，应用100%乳糖配方设计，为宝宝提供专业早期营养，建立长远健康基础。
Abbott,雅培,雅培是一家全球性、多元化医疗保健公司，已有100多年的发展历史，在全球约有7.3万名员工，业务遍及150多个国家和地区。1988年以来，雅培在中国持续经营，现在已经深深扎根于中国。 
Friso,Friso,friso是使用c语言开发的一个开源的中文分词器，使用流行的mmseg算法实现。
光堂,光堂,光堂是汉语词汇，拼音是guāngtáng，解释为光洁平整。
怡养,怡养,怡养，汉语词语，意思是和乐保养，休养陶冶
冲剂,冲剂,冲剂是指药材的提取物加适量赋形剂或部分药材细粉制成干燥颗粒状或块状的内服药剂。用时加开水冲服。冲剂是在汤剂和糖浆剂的基础上发展起来的一种新剂型。据不完全统计国内现有的冲剂约有200余种。在日本以古方制成的冲剂近100种。
neil,尼尔·杨,尼尔·珀西瓦尔·杨，1945年11月12日生于加拿大安大略省多伦多市，摇滚歌手、制作人、导演、编剧。
亨氏,亨氏,亨氏公司是在1869年由H.J.Heinz在美国宾夕法尼亚州夏普斯堡创立的，经过一百多年卓有成效的发展，由当时的小农场成为世界最大的营养食品生产商之一。亨氏的产品有5700多种，除了人们熟知的婴幼儿食品，如婴儿米粉、面条、佐餐泥、果汁、果汁泥零、婴幼儿配方奶粉，还有番茄酱、调味品、沙司和冷冻食品等。该公司的分支机构遍及全球200多个国家和地区。2012年2月，股神巴菲特及巴西资本投资公司3G看中亨氏集团的优异业绩表现，以总价280亿美元收购亨氏集团，创下同类企业的收购最高纪录。
barrett,BARRETT,BARRETT即巴雷特；美国巴雷特火器制造有限公司，专门生产大口径狙击步枪。在大口径狙击步枪的热潮中，各大大小小的武器生产商层出不穷地推出各类.50甚至更大口径的狙击步枪，但巴雷特火器制造有限公司的狙击步枪却处于近乎垄断的市场地位。
羊奶,羊奶,羊奶顾名思义就是羊的奶，羊奶以其营养丰富、易于吸收等优点被视为乳品中的精品，被称为“奶中之王”，是世界上公认的最接近人奶的乳品 。羊奶的脂肪颗粒体积为牛奶的三分之一，更利于人体吸收，并且长期饮用羊奶不会引起发胖。羊奶分为山羊奶和绵羊奶，羊奶干物质中蛋白质、脂肪、矿物质含量均高于人奶和牛奶，乳糖低于人奶和牛奶。羊奶的膻味来自于羊本身皮毛的气味以及羊奶中某些化学成分。而羊奶中的化学成分如羊油酸（C6：0）、羊脂酸（C8：0）、和葵酸（C10：0）等，乃是造成羊奶特殊风味的主要原因。专家建议患有过敏症、胃肠疾病、支气管炎症或身体虚弱的人群以及婴儿更适宜饮用。羊奶中的维生素及微量元素明显高于牛奶，美国、欧洲的部分国家均把羊奶视为营养佳品，欧洲鲜羊奶的售价是牛奶的9倍。
丽贝乐,丽贝乐,丽贝乐(Libero)全棉婴儿尿裤，为瑞典SCA集团旗下品牌之一，是欧洲婴儿纸尿裤领导品牌。丽贝乐在瑞典及法国均设置工厂，所有生产规范及产品品质均依照欧盟的高标准设定。特针对不同阶段宝宝的需求设计，全系列不含乳液，避免尿液混合后刺激宝宝皮肤，是专门为您的宝贝量身订做的婴儿纸尿裤。
GNC,健安喜,GNC在1935年，DavidShakarian在匹兹堡成立了一家专门贩售食品的小店，称之为Lackzoom。akarian's于418WoodStreetBS。美国GNC健安喜为全球闻名之优良营养食品公司，在全球拥有5000多家连锁店；500多万个金卡会员；在亚洲地区包括新加坡、台湾、菲律宾、马来西亚、印尼、香港等地，均有连锁店的成立。
保康,保康,保康县隶属湖北襄阳市，地处鄂西北，位于襄阳市西南部。东依襄樊，南接宜昌，西连神农架，北交武当山。是襄阳市唯一的全山区县，荆山主脉横亘东西，荆山以北南河水系注入汉江，荆山以南沮水水系注入长江。保康县名意为“保民康乐”，于明弘治十一年（公元1498年）建县，至今已有500多年。是楚国的源头和荆楚文化的发祥地。全县国土面积3225平方公里，辖11个乡镇、257个村、19个社区，2016年总人口35万。县政府驻地城关镇。保康县自然资源和旅游资源丰富，主要有磷矿、水能、旅游、林特四大资源。著名景区有汤池峡温泉、五道峡风光等。2011年8月，被纳入中国秦巴山集中连片特困地区扶贫开发重点县。
亲体,亲体,亲体是指产生后一代生物的雌性个体或雄性个体。
贝贝网,贝贝网,贝贝网，杭州贝购科技有限公司旗下网站，创立于2014年4月，是国内领先的母婴特卖平台。贝贝网以品牌正品、独家折扣、限时抢购为特色，主要提供童装、童鞋、玩具、用品等商品的特卖服务，产品适用于0—12岁的婴童以及生产前后的妈妈们。贝贝网专注于妈妈群体的服务，致力于整合国内外最优质的孕婴童品牌供应商，打造妈妈宝贝专属的一站式购物平台。 
退热贴,退热贴,退热贴，具有退热降温作用，能缓解感冒引起伴有的发烧、头痛及牙痛、日晒、肌肉扭伤所致疼热症状。 .
美林,美林,美林™由上海强生制药有限公司生产，主要产品有布洛芬混悬液和布洛芬混悬滴剂。布洛芬混悬液（100ml/30ml）：适用于1-12岁儿童，用于儿童普通感冒或流行感冒引起的发热。也用于缓解儿童轻至中度疼痛，如头痛、关节痛、偏头痛、牙痛、肌肉痛、神经痛。布洛芬混悬滴剂（15ml）：专为婴幼儿设计，用于婴幼儿的退热，缓解由于感冒、流感等引起的轻度头痛、咽痛及牙痛等。
加营素,加营素,加营素又名氨素，适合乳糖不耐受患者，无法进固体饮食的外伤、慢性病、年老体弱，产妇、术前后及某些必须限制饮食的患者等。
佳贝艾特,佳贝艾特,佳贝艾特由英文品牌kabrita音译，属于海普诺凯乳业集团，旗下主要的产品有新鲜羊奶、羊酸奶、羊乳酪、婴幼儿配方羊奶粉、妈妈羊奶粉。是世界上较早推出的婴幼儿羊奶粉的品牌。佳贝艾特在婴幼儿营养研究是羊乳产品开发中，拥有自1897年超过100多年的经验。佳贝艾特的产品的业务遍及世界上65个国家和地区 ，覆盖欧洲、中国、越南、北美、俄罗斯、中亚等全球大部分地区。 
铁元,铁元,铁元是由德国莎露斯Salus公司出品的滋补品。纯天然草本配方有机液态活性铁质，吸收率高达98%连续10年荣获alive金牌奖、多次荣获著名的VITY奖超过50个国家最畅销的营养品有效成分。有机液态铁+丰富维生素C高效补充铁质，参与造成，增加血液含氧量，改善血液循环，有效缓解脸色苍白、易疲劳、手脚冰凉、头晕、头疼、情绪沮丧、脑力不足、免疫力下降等缺铁症状，从源头去除黑眼圈，令脸色红润光泽，精力旺盛。维他命B1、B2、B6、B12是大脑神经递质基础营养素，也是中国膳食最易缺乏的维生素群。铁元内丰富的维生素B族令思维更加敏捷、集中注意力，增强记忆；改善食欲，改善能量代谢，促进燃烧多余脂肪。
安儿宝,安儿宝,“安儿宝”是流感嗜血杆菌疫苗，这个主要是预防小儿肺炎和脑膜炎！
花粉症,花粉症,该病又称枯草热，是患者对植物花粉过敏所引起，主要累及眼及上呼吸道。该病绝大部分由风做传播媒体的花粉作为变应原。我国的主要致病花粉有篙属花粉、向日葵、大麻、梧桐、蓖麻、苋属植物、葫属植物、杨树、榆树的花粉等。亦有少数患者是由真菌、尘螨或其他具有明显季节性的吸入物或食物引起本病。
乳清,乳清,乳清通常指用牛奶生产奶酪过程中所产生的副产品。乳清是在奶酪生产过程中，牛奶凝结成凝乳块后分离出的呈绿色的、半透明的液体 。随着新科技的发展，乳清及乳清蛋白已成为具有高价值及广泛应用的食品原料。通常而言，牛奶中包括2.8%的酪蛋白与0.7%的乳清蛋白。同酪蛋白相比，乳清蛋白的溶解性更好，同时含有质量更高的必需氨基酸。在蛋白的世界里，乳清蛋白到目前为止被认为是黄金标准。动物来源的蛋白较植物蛋白质量高很多。而在动物来源的蛋白中，牛奶中的蛋白尤其是乳清蛋白
吸奶器,吸奶器,吸奶器， 是指用于挤出积聚在乳腺里的母乳的工具。一般适用于婴儿无法直接吮吸母乳的时候，或是母亲的乳头发生问题，还有尽管在坚持工作，但仍然希望母乳喂养的情况 。吸奶器有电动型、手动型。手动型又分按压式、简易橡皮球吸方式和针筒式。电动型分可刺激奶阵和不可刺激奶阵，还分单泵和双泵。
家宝,家宝,家宝是指家中值得世传的珍宝，指于家中珍藏。
香兰素,香兰素,香兰素（Vanillin），又名香草醛，为一种广泛使用的可食用香料，可在香荚兰的种子中找到，也可以人工合成，有浓烈奶香气息。广泛运用在各种需要增加奶香气息的调香食品中，如蛋糕、冷饮、巧克力、糖果；还可用于香皂、牙膏、香水、橡胶、塑料、医药品。
二宝,二宝,二宝，华语男歌手，生于黑龙江牡丹江市，性格豪爽。演唱歌曲《心爱的姑娘》。2011年在焦作举办个人演唱会。
Aptamil,爱他美,德国领先的高端奶粉品牌，是德国市场份额第一的奶粉，也是欧洲销量最好的奶粉之一。爱他美奶粉产自德国，是德国美乐宝（Milupa）集团旗下品牌，后美乐宝被达能集团收购。2007年，达能再收购RoyalNumico（纽迪希亚持有人），将旗下的婴幼儿营养及医学营养进行了内部合并。爱他美与诺优能、可瑞康三个奶粉品牌均属于纽迪希亚旗下。
康力,康力,康力即广东康力医药有限公司。广东康力医药有限公司成立于1996年8月，注册于深圳市，注册资本8000万元，是一家集医药、物流、直销、电子商务、加盟连锁、国际贸易于一体的大型企业。
ARA,ARA,“Ara项目”是摩托罗拉公司一项针对智能手机的免费、开放硬件平台的项目。该项目致力于打造一台可以模块化的智能手机，并允许用户自由的增添硬件组件。该项目致力于打造一台可以模块化的智能手机，并允许用户自由的增添硬件组件。
culturelle,Culturelle,Culturelle（康萃乐® ）是美国保健品企业i-Health公司旗下的益生菌膳食补充剂品牌。Culturelle益生菌是美国益生菌行业领先品牌，该产品已经被证明有助于维持儿童天然免疫系统和缓解偶发性消化不良。Culturelle（康萃乐® ）益生菌主要采用益生菌菌种为鼠李糖乳杆菌（LGG®） ，鼠李糖乳杆菌（LGG®） 是一种目前研究最充分的益生菌菌株之一。
泰诺,泰诺,泰诺（酚麻美敏混悬液），适应症为本品用于小儿，可减轻普通感冒或流行性感冒引起的发热、头痛、四肢酸痛、喷嚏、流涕、鼻塞、咳嗽、咽痛等症状。
Nutrition,nutrition,
佳思敏,佳思敏,佳思敏(KidsSmart)是Nature’sWay澳萃维旗下综合的儿童营养品品牌。 由澳大利亚维生素公司PharmaCare生产；品牌于1964年创立 。
安尔乐,安尔乐,安尔乐是目前为止，在妇女卫生用品行业，恒安集团生产的安尔乐是中国驰名商标的唯一获得者，市场占有率连续多年保持全国第一。
雅培菁智,雅培菁智,雅培菁智，是雅培的超高端奶粉品牌，欧洲原罐进口，品牌旗下共拥有2大系列产品，有机系列和纯净系列，分别拥有欧盟有机奶源和欧盟纯净奶源，都是金字塔顶端的高品质奶源，雅培创新的吸收科技+卓越欧盟品质，双重保障宝宝营养全面易吸收。 
oral-b,欧乐B,欧乐B(英语：Oral-B)是一个牙刷与其他牙齿护理产品（如牙线）品牌，由2005年收购了吉列公司的宝洁公司生产。该品牌亦包括了电动牙刷与牙间产品（如冲牙机与口腔护理组合）。吉列公司声称欧乐B牙刷是“全球最多牙医选用的品牌”。
哺育,哺育,含义：1.供给食品、滋养品和保健品，特指父母喂养后代的一种行为状态；2.通过教育培养。
卵磷脂,卵磷脂,卵磷脂，又称为蛋黄素，被誉为与蛋白质、维生素并列的“第三营养素”，然而，真正了解卵磷脂的人却很少。1844年法国人Gohley从蛋黄中发现卵磷脂，并以希腊文命名为Lecithos（卵磷脂），通用药品名称为Lecithin，也自此揭开了其神秘的面纱。
Annie,Annie,文颂娴（AnnieMan，1976年7月20日－），香港女艺员，前香港亚洲电视及艺员。
和光堂,和光堂,和光堂─百年品牌，起源于1906年，迄今已有一百多年的历史。由小儿科教授弘田长开设的和光堂药房是公司前身。创立之初，公司即着手于婴幼儿保健和科学育儿指导方面的工作。和光堂品牌诚信宣言：永远的婴幼儿品质。全系列婴幼儿产品，包含奶粉、辅食及用品，坚持品质第一，提供最专业的照护，深受广大消费者的喜爱。
安佳,安佳,安佳，全球知名乳制品品牌。1886年诞生于新西兰，产品热销全球70多个国家和地区，深受万千消费者的青睐。
沙兰,沙兰,沙兰英文名Sharan生日1971-09-18场上位置前卫
黄道益,黄道益,黄道益，香港黄道益活络油创造者、知名的中医师。1919年生于台山市白沙镇朗溪型洞里，是香港著名实业家和慈善家。他饮誉香港，其事业如日中天，拓展至国内及东南亚、美、加、澳等地。他慈善为怀，积德行善，事业有成后，以扶贫济世为己任，以热心公益，造福桑梓为乐。
Omega-3,OMEGA-3,OMEGA-3，又被写作ω-3、Ω-3、w-3、n-3，中文称“奥米茄-3”、“欧美加3”、“欧米伽3”，为一组多元不饱和脂肪酸，常见于深海鱼类和某些植物中，对人体健康十分有益。在化学结构上，OMEGA-3是一条由碳、氢原子相互连结而成的长链（18个碳原子以上），其间带有3-6个不饱和键（即双键）。因其第一个不饱和键位于甲基一端的第3个碳原子上，故名OMEGA-3。
澳佳宝,Blackmores,Blackmores，又名澳佳宝。是澳大利亚的保健品品牌。提供一系列高品质的维生素、矿物质、草药以及营养补充品。澳佳宝成立于1930年，已经有近87年历史。经过87年努力，它已经成长为澳洲本土及全世界最被信任的生活科技健康食品公司。在1985年5月正式成为上市公司。目前拥有超过400名员工，总部设在澳大利亚悉尼。
牛栏牌,牛栏奶粉,NUTRICIA全球婴儿健康领导者，专注婴儿健康116年。自1896年在荷兰发明了婴粉配方奶粉，一直专注婴儿健康。有世界一流的营养师，助产师，科研专家组成。旗下产品覆盖全球，成为英国，法国，意大利，德国等销量第一的品牌。1901年，荷兰营养有限公司于荷兰诞生，至今已有100多年历史。一个世纪以来，荷兰营养一直致力于婴幼儿营养产品的发展和研究，拥有世界最大的人类营养研究中心，其产品的研究和开发工作全由专业的医学人员担任。荷兰营养凭着多年累积的经验和智慧，已发展成为世界各地医护人员和母亲信赖的品牌。在欧洲，荷兰营养是婴幼儿营养市场的领导者。以现代企业的管理标准以言，告诉不单单是追求利润，更注重的是社会责任。重视食品安全、保持高透明度和关注环保是公司事业的根基。荷兰营养一如既往地重视科研发展、学术领域的交流、沟通与合作是推动我们不断成长的源动力。设在欧洲的研究中心，在世界营养学的地位亦是举足轻重的。多年来，荷兰营养开发了多种创新的产品，致力帮助宝宝健康成长。荷兰营养有限公司旗下的牛栏牌销售网络覆盖亚洲、南美洲和欧洲，在香港已拥有超过五十多年的历史。在世界各地，牛栏牌一直担当着领导高质素婴幼儿奶粉制造的地位，故此深受全世界过百万专业医护人员和母亲的信赖。
气柱,气柱,
特福芬,特福芬,德国特福芬公司（GermanyTopferCompany)位于德国南部风景如画的阿尔卑斯山脚下，它创建于1911年，是德国最早从事婴儿食品研究生产的企业之一；1989年，特福芬公司研制出婴儿有机奶粉，成为欧洲最早生产有机奶粉的企业之一。凭借近百年的研发制造经验，以及众多的技术专利，如今的特福芬已拥有了有机奶粉、有机婴儿、有机护肤品、有机饮料、保健食品、药品等针对母婴领域的产品系列，是德国母婴领域当之无愧的旗舰。
Heinz,亨氏,亨氏公司是在1869年由H.J.Heinz在美国宾夕法尼亚州夏普斯堡创立的，经过一百多年卓有成效的发展，由当时的小农场成为世界最大的营养食品生产商之一。亨氏的产品有5700多种，除了人们熟知的婴幼儿食品，如婴儿米粉、面条、佐餐泥、果汁、果汁泥零、婴幼儿配方奶粉，还有番茄酱、调味品、沙司和冷冻食品等。该公司的分支机构遍及全球200多个国家和地区。2012年2月，股神巴菲特及巴西资本投资公司3G看中亨氏集团的优异业绩表现，以总价280亿美元收购亨氏集团，创下同类企业的收购最高纪录。
Omega3,OMEGA-3,OMEGA-3，又被写作ω-3、Ω-3、w-3、n-3，中文称“奥米茄-3”、“欧美加3”、“欧米伽3”，为一组多元不饱和脂肪酸，常见于深海鱼类和某些植物中，对人体健康十分有益。在化学结构上，OMEGA-3是一条由碳、氢原子相互连结而成的长链（18个碳原子以上），其间带有3-6个不饱和键（即双键）。因其第一个不饱和键位于甲基一端的第3个碳原子上，故名OMEGA-3。
SMA,SMA,沥青玛蹄脂碎石混合料（StoneMasticAsphalt，简称SMA)沥青玛蹄脂碎石混合料，是一种新型的沥青混合料结构，它起源于20世纪60年代的德国
红墙,红墙,红墙指红色的墙。现在通常特指紫禁城的宫墙。如，红墙碧瓦。比喻红色（共产主义）政权，其建筑物等物体表面的色彩（莫斯科红墙）。有时候也可指代权贵。
维瓦尔第,安东尼奥·维瓦尔第,安东尼奥·卢奇奥·维瓦尔第（意大利语：AntonioLucioVivaldi，1678年3月4日－1741年7月28日），男，是一位意大利神父，也是巴洛克音乐作曲家，同时还是一名小提琴演奏家。主要作品有《四季》等。
森永,森永,森永乳业自1920年研制出第一代森永育儿用奶粉起，始终尽心致力于对母乳的营养、生理机能及婴幼儿在成长过程中所需营养成分的研究。
书香门第,书香门第,书香门第是一个成语，拼音是shūxiāngméndì，旧时指出自读书人家庭，泛指好的家庭背景。 
GBP,GBP,GameBoyPocket（简称为GBP）是任天堂GameBoy的改版机型，兼容GB软件。 GameBoyPocket相比于GameBoy，显得更小巧，缩小了近30%的体积，而且改良了LCD屏幕。 在机能方面，与GB主机相比，并没有太大的变化，所以可以说是GameBoy的轻薄版。 
Palm,PALM,Palm是流行的个人数字助理（PDA，又称掌上电脑）的传统名字，是一种手持设置形式，也以掌上电脑而闻名。广义上，Palm是PDA的一种，由美国Palm公司发明，这种PDA上的操作系统也称为Palm，有时又称为PalmOS。狭义上，Palm指Palm公司生产的PDA产品，以区别于SONY公司的Clie和Handspring公司的Visor/Treo等其他运行Palm操作系统的PDA产品。
宫铃,宫铃,宫铃，网名胡同台妹，台湾人，祖籍安徽。台湾资深媒体人，曾从事广播、报纸、电视与网络媒体，专职采访台湾时政与两岸新闻，离开台湾时任TVBS两岸新闻中心主任。2016年7月17日，被誉为“在大陆互联网走得最远的台湾人”，因抑郁症去世。 
酷宝,酷宝,酷宝，酷宝汽车，华晨公司产出的汽车型号之一。
酷宝儿,酷宝儿,
君乐宝,君乐宝,石家庄君乐宝乳业有限公司创立于1995年，至今二十年 。是河北省最大的乳制品加工企业，是农业产业化国家重点龙头企业、国家高新技术企业、国家乳品研发技术分中心，君乐宝商标是中国驰名商标。公司现有员工5800人，在石家庄、保定等地建有十个生产工厂，主要经营酸牛奶、低温乳酸菌饮料、纯牛奶、花色奶、乳饮料、婴幼儿配方奶粉等50多个品项。2013年完成销售收入36亿元销售增长率高于行业平均增速一倍以上，上缴税金2.3亿元。低温酸牛奶、乳酸菌饮料市占率居全国第四位。2015年7月，君乐宝通过全球食品安全标准(BRC)A+认证成为全球第一家获得A+顶级认证的婴幼儿奶粉企业。 
爱婴室,爱婴室,爱婴室，成立于1997年5月，已经成为国内最大的母婴产品销售服务机构之一。
Grow,grow,《Grow》是一款“独立游戏”，游戏运用精彩的美术和与众不同的玩法，构架了一个陪伴植物种子破土生长的过程，希望玩家能够在游戏的过程中阅读到成长的感受。
优贝可,优贝可,优贝可（UBECHO）是广州梦凌母婴用品有限公司旗下母婴用品品牌，主营纸尿裤、拉拉裤、婴儿手口湿纸巾、婴儿洗衣液等产品，致力于宝宝的健康成长，给宝宝贴身的关爱。
帮宝适,帮宝适,帮宝适，全球知名的纸尿裤品牌之一，也是美国宝洁公司旗下著名的婴儿护理品牌，自1961年上市以来行销全球一百多个国家，每天全世界有超过3000万宝宝都在使用帮宝适纸尿裤成为行销全球一百多个国家的世界婴儿纸尿裤品牌。2015年，帮宝适被评为中国口碑影响力纸尿裤品牌以及千万辣妈推荐纸尿裤品牌。2016年6月8日，《2016年BrandZ全球最具价值品牌百强榜》公布，帮宝适排第37名。
嘉应,嘉应,嘉应，古代行政地名，为现在的地级市广东省梅州市。嘉应的得名由来传说，是由于当地盛产“嘉应子”，又说东门外濠池上有一座宋朝时建的嘉应桥，当总督鄂尔泰奏升程乡县为直隶州时，故钦定为“嘉应州”。辛亥革命推翻朝廷，州人议定废嘉应州，复名梅州。1987年12月改成梅州市。清雍正十一年（1733），程乡升格为直隶嘉应州，统领兴宁、长乐、平远、镇平4县加上本属的程乡县称“嘉应五属”，直属广东省辖。嘉庆十二年（1807）升嘉应州为嘉应府。嘉庆十七年复为嘉应州，仍领兴宁、长乐、平远、镇平四县。宣统三年（1911），嘉应州复名梅州。嘉应在古时候有作祥瑞的意思之说。也可以说是一种地方名称。嘉应一词来源于《汉书·哀帝纪》中，《宋书·符瑞志上》、宋·秦观《代贺坤成节表》也有其表达的意思。
麸质,麸质,麸质是谷物特别是小麦中的一组蛋白质。小麦与黑麦、大麦，还有燕麦十分相近。因此这些谷类也含有麸质。麸质使面团具有坚固的结构。在面包加工时的醒发过程中麸质蛋白形成网状结构，如果没有麸质就不能形成这样的结构，面包也就不能发酵。
妙思乐,妙思乐,妙思乐(MUSTELA)护肤产品是专为新生儿、婴幼儿和儿童提供的专业护肤品，包括每日所需的清洁、沐浴、护肤及护臀系列。妙思乐由专业人士潜心研制，天然成分，配方独特，性质温和，经多年皮肤科临床验证，其低致敏性极为适合婴幼儿娇嫩易损的肌肤。妙思乐香味独特，沁人心脾，在欧洲被誉为婴儿香味，有助于增进母子间的亲密关系。同时也为宝宝的身心健康提供专业的保证。
Nestle,雀巢公司,雀巢公司是由亨利·雀巢（HenriNestle）于1867年创办，总部设在瑞士日内瓦湖畔的韦威(Vevey)，在全球拥有500多家工厂，为世界上最大的食品制造商。公司起源于瑞士，最初是以生产婴儿食品起家，以生产巧克力棒和速溶咖啡闻名遐迩。2018年4月18日，因在生产许可条件保持、食品安全管理制度落实等方面存在缺陷，被国家市场监管总局通报。 
贝舒乐,贝舒乐,贝舒乐BESUPER长期以来一直致力于适合东方宝宝产品的研究，2011年突破欧美企业所设立的行业标准，推出更懂宝宝需求的分阶段产品，同时针对中国婴幼儿体型以及发育特点，皮肤构造等，满足宝宝不同阶段的需求。半世纪前，一次性纸尿片诞生；八十年代，高分子吸水材料在纸尿裤上广泛应用，两次革命最终奠定纸尿裤的核心关键技术是“芯体”。贝舒乐第三代纸尿裤E芯终于在2012年诞生了，全面提升了纸尿裤芯体的吸收速度、防反渗程度、厚度、芯体的强韧度等，使宝宝红屁股、反渗侧漏等问题得到了明显的改善和解决，让宝宝可以在快乐中健康成长。
片剂,片剂,片剂是药物与辅料均匀混合后压制而成的片状或异形片状的固体制剂。片剂以口服普通片为主，也有含片、舌下片、口腔贴片、咀嚼片、分散片、泡腾片、阴道片、速释或缓释或控释片与肠溶片等。
妈咪宝贝,妈咪宝贝,《妈咪宝贝》是1998年妈咪宝贝杂志社出版的图书月刊，作者是妈咪宝贝杂志社。中国报刊广告投放价值百强排行榜，妈咪宝贝跻身期刊30强之列，是母婴类唯一荣获此殊荣的期刊。《妈咪宝贝》杂志由北京市妇女联合会主办隶属于职业女性杂志社，自创刊至今已度过五载。《妈咪宝贝》孕0-3岁版是一本为准妈妈及0-3岁宝宝妈妈量身打造的育儿生活服务杂志。本刊以为追求高品质生活和具有现代消费观念的准妈妈、新妈妈们提供全方位的关怀，传递最新的育儿观念及科学时尚生活信息为办刊理念，使准妈妈和新妈妈们在育婴路上有机会获得更多宝贵的育儿经验。
BBU,bbu,RRU（射频拉远单元）和BBU（基带处理单元）之间需要用光纤连接。一个BBU可以支持多个RRU。采用BBU+RRU多通道方案，可以很好地解决大型场馆的室内覆盖。
雅培安素,雅培金装小安素,雅培金装小安素 是一款全营养幼儿配方粉，为挑食偏食幼儿及儿童提供全面均衡营养而设计，补充日常饮食中摄入不足的营养，支持幼儿及儿童的健康成长。适合1岁以上的幼儿及儿童。雅培金装小安素是美国儿科医生推荐的小儿营养补充重点品牌，于1988年在美国上市，畅销110多个国家和地区，赢得全球妈妈信赖。
安素,安素,安素（肠内营养粉剂(TP)），适应症为可作为唯一营养来源或部分营养补充，适用于成人及4岁或4岁以上儿童。可口服或管饲。
舒比奇,舒比奇,舒比奇，中国首款专利防红臀纸尿裤，专注致力于婴幼儿纸品，专业预防宝宝红臀。舒比奇亲体研究中心，致力于呵护宝宝娇嫩肌肤，多年精心研究打造婴幼儿“亲体”用品，体贴入微，细心关爱，精心呵护宝宝每一步成长。舒比奇品牌“Suitsky”诞生于2009年，旗下有“舒比奇”、“舒比奇高护”“初生时代”、“恩玛”四个婴幼儿纸品品牌，拥有国际领先的自动化纸尿裤生产线、纸尿片生产线、湿巾生产线等20余条，产品涵盖纸尿裤、纸尿片、拉拉裤、小内裤、湿巾等，营销网络现已覆盖全国各大省市 秉承“品质超过竞品，营销差异于竞品”的发展理念，舒比奇率先申请并使用防红臀专利技术，正是多年来始终坚持并不断升华这一功能鲜明的传播主张，使得创新、专业、领先的品牌形象深入人心 未来，舒比奇还将不断以精益求精的态度不断提升产品的品质水准，创新高品质产品，回馈一同陪伴万千家庭 
Toy,toy,toy是一个英语单词，可以用作名词、不及物动词和形容词，可以翻译为玩具、玩物，等等。
Powder,powder,
BAMBO,bambo,小羊斑波介绍：小羊斑波白毛如雪，身材乖巧可爱，性格温和，心底善良，聪明过人，乐于助人，做事认真，平时话不多，胆小敏感，容易大惊小怪。喜欢和小伙伴们玩捉迷藏，最喜欢吃中国菜。是paulHomme（大嘴猴）家族的最新成员。
优能,优能,优能：1、新东方优能，是新东方教育科技集团旗下的知名中学教育品牌，专注于包括初、高中预科在内的中学教育，旨在为小学五年级至高中三年级的学生提供一流的全科学习培训。2、蕴特优能，是蕴特国际旗下的一个专业美发品牌。
AEON,Aeon,日本永旺株式会社（AEON）是一家大型零售公司，总部位于日本，是一家纯控股公司通过部分或全额掌握国内外经营连锁超市及购物中心的公司的股份，来管理公司的经营事业活动。 
宜婴,宜婴,宜婴为泉州市嘉华卫生用品有限公司旗下纸尿裤品牌 
乳钙,乳钙,乳清钙（乳钙；乳清无机盐浓缩物），乳钙是乳清无机盐浓缩物，是一种营养价值较好的无机盐源，易消化吸收。牛乳中的总无机盐量约0.7%，钙约0.1%。乳清钙与其他食品中的钙相比，是一种优质的钙源，这是因为牛乳中的钙约有70%呈酪蛋白胶粒（caseinmicelle）状态，其中包括胶体状的磷酸钙约40%，与干酪素结合钙约30%。牛乳中的钙约有30%为可溶性钙，在可溶性钙中约有30%属离子性钙，60%为柠檬酸钙，余下的10%为磷酸钙。
全安素,全安素,全安素是雅培在中国推出了的一款针对各个年龄阶段的人全面补充营养以及术后康复的配方食品。全安素提供全面均衡营养，有助改善营养状况，且无胆固醇、无反式脂肪酸。
Milk,米尔克,《米尔克》是由格斯·范·桑特执导，西恩·潘、乔什·布洛林、詹姆斯·弗兰科等主演的传记片。影片于2008年11月26日美国上映。 影片讲述了曾被美国时代杂志选为20世纪代表人物之一的同性恋政治家HarveyMilk为了争取同性恋者的合法权益从政但最终被保守派刺杀的传奇一生的故事。本片获得第81届奥斯卡金像奖6项提名，最终斩获最佳男主角、最佳原创剧本2个奖项。 
zai,Zai,Zai（中文名：路德维格·瓦尔伯格），瑞典斯卡拉市的Dota2游戏职业玩家，目前在美国效力于EG战队。
奶糕,奶糕,奶糕是由冷牛奶加大米粉在加热的锅内熬制冷却而成的糕点。具有香甜可口的特点。 
Panadol,panadol,panadol，即“必理通”镇痛药。
圣元,圣元,圣元国际集团（SynutraInternationalInc)，前身为圣元营养食品有限公司，是国内首家在美国纳斯达克上市的母婴营养食品生产企业。公司始建于1998年，主要业务为配方奶粉、婴幼儿辅食等营养食品的研发、生产、销售、咨询和售后服务。集团以“专业关爱可信赖“为发展理念，致力于整合全球资源优化和改善母婴营养方案，在山东青岛和法国布列塔尼大区卡莱工业园建有工厂，旗下拥有优博、优聪、优强 、汇力多、我的天使等品牌产品线，逐渐发展成为我国八大乳系之一，市场占有率长年稳居TOP10。 
嫲嫲,嫲嫲,一、嫲（汉语词语）古同“嬷”，是对母亲的俗称。因各地不同的文化习俗的演变，嫲嫲用来指像母亲一样亲近的人，是个对人亲和力非常强的亲属称谓。二、嫲嫲（māmá）亲属称谓，因各地方使用身份有异，分别是：奶奶，外婆，伯母，姑姑等。三、歌曲名，作曲：VincentChow；填词：林夕；编曲：TedLo；监制：梁荣骏。
佳儿,佳儿,佳儿，是汉语词汇，拼音：jiāér/er，释义：1、好儿子，称心的儿子。2、.聪明的孩子。
Comics,Comics,《漫画商店Comics》是美国Comixology公司推出的一款漫画商店软件。
EAS,东亚峰会,东亚峰会是与东盟峰会同期举行的年会，由东盟轮值主席国主办，峰会的模式由东盟和东亚峰会其他所有参加国共同审议。东亚峰会是一个开放的、包容的、透明的和具有前瞻性的论坛；东盟在东亚峰会及东亚合作进程中发挥主导作用。东亚峰会（EastAsiaSummit，EAS）参加者，目前包括13个成员国即本区域13个国家（东盟十国及中日韩）和5个观察员即5个域外国家（美国、澳大利亚、新西兰、俄罗斯、印度），还有潜在的成员国蒙古、东帝汶和潜在的观察员即巴基斯坦、欧盟。东盟轮值主席国为该会议的主办者，故至今只在东盟国家开会。第一届峰会于2005年12月14日在吉隆坡举行，此后的峰会都于每年东盟领导人会议之后举行。接纳俄国、印度为观察员后，参加者由16国变成18国。
股利,股利,股利，是指依股份支付给持股人的公司盈余。一般来说，公司在纳税、弥补亏损、提取法定公积金之前，不得分配股利。公司当年无利润时也不得分配股利。 股息，是指公司根据股东出资比例或持有的股份，按照事先确定的固定比例向股东分配的公司盈余；而红利是公司除股息之外根据公司盈利的多少向股东分配的公司盈余。显然，股息率是固定的，而红利率是不固定的，由股东会根据股息以外盈利的多少而作出决议。
Hipp,HiPP,喜宝奶粉来自德国，是德国婴幼儿食品第一品牌，全球最大的有机食品生产商，几乎每个德国小朋友都是吃着喜宝的产品长大的。英文名称是HIPP，经欧盟认证，100%纯天然及有机的保证，单纯保留食材最原始的味道，口感自然味道极佳，让宝宝摄取最天然的营养而不会造成肠胃道的负担，绝无任何人工添加香料、色素及化学成份的营养素，100%纯天然、营养的食物就像您给宝宝满满的爱与呵护。
猫贝乐,猫贝乐,猫贝乐 为广州优象文化用品有限公司旗下品牌。主要有故事机等儿童益智早教产品。
Fairy,Fairy,
拉拉布书,拉拉布书,lala布书是根据宝宝的生理和心理发育特征而设计的，它通过色彩鲜艳的图案、简单的场景、线条清晰的故事情节、会动的玩偶，在宝宝的行为动作和大脑思维之间建立密切的联系，促进宝宝的视觉、知觉、触觉等感官器官、运动系统和大脑的生长发育，具有“学与玩”的双重功能。对婴幼儿的观察力、想象力和创造力的早期开发非常有益。
NUTRICIA,Nutricia,NUTRICIA纽迪希亚是法国达能集团属下专业生产婴幼儿配方奶粉的企业，其产品热销荷兰、新西兰、德国及其它欧洲国家。NUTRICIA纽迪希亚是全球早期生命营养领域的专家，一直处于母婴营养创新发展的科技前沿，在婴幼儿配方奶粉领域创造出很多个“第一”。NUTRICIA纽迪希亚为孕妇及婴幼儿提供专业配方奶粉全球先进的服务，并运用ENP科学（早期营养编程）为下一代长远健康成长，打下优良基础。同时也在全球逾40个国家树立了领导品牌形象。
爱瑞嘉,爱瑞嘉,爱瑞嘉（akara）奶源地位于新西兰的坎特伯雷地区，与9万多头快乐奶牛，150多名新西兰牧场主，以及来自全球的营养学家一起，以严苛的60多项检测标准，带给宝宝看见的安心。
多美滋,多美滋,多美滋品牌属于达能集团，婴幼儿营养食品是达能集团重要业务之一。旗下著名品牌有Nutrilon，Cow&GateMulipa等，是世界上较早推出婴幼儿配方奶粉的品牌，在婴幼儿营养的研究和产品开发中，拥有超过100多年的经验。达能的业务遍及世界120个国家，尤其在欧洲，已成为婴幼儿营养品市场的领导者。
爱达力,爱达力,法国索地雅(SODIAAL)集团旗下婴幼儿奶粉爱达力(Nactalia)是全球著名的婴幼儿奶粉品牌。由于中国消费者对食品安全，特别是对婴幼儿配方粉的要求也是日益提高，呼唤更安全，更天然的高端进口奶粉。爱达力(Nactalia)瞄准中国高端市场，以天然哺育生命的理念，将自己在法国，欧洲以及世界各地成功的经验与中国宝宝的需求完美结合，打造全新一代高端婴幼儿配方奶粉，爱达力(Nactalia)为中国宝宝提供最佳的呵护与关爱，伴随宝宝一起成长。法国爱达力正式登陆中国市场，预示着中国婴幼儿奶粉行业迎来第三次革命。
奶爸,奶爸,奶爸是指，在产前，专心伺候妻子的衣食住行，学习有关生宝宝的知识，准备待产包、床上用品及小床等婴儿用品。在产后，关心产妇，在月子中，打理老婆的生活、照顾孩子，并且陪伴孩子成长的男性。在婴儿出生后，母亲必须休6个月的产假照顾孩子，而6个月以后，父亲可以选择休育儿假在家照顾孩子。
磨牙棒,磨牙棒,磨牙棒，帮助乳牙萌出，改正咬奶头的现象，而同时也及时地训练了婴儿的口腔咀嚼功能。婴儿乳牙的萌出大多在4－10个月间，晚的到12个月。一般一周岁的孩子会有6－8颗牙。在乳牙萌出的过程中，婴儿的唾液量增加，流口水，喜欢咬硬的东西，会将手指放入口中或咬妈妈的乳头等。这些现象都是在萌出前的乳牙在压迫牙龈神经引起的异常感觉的表现，提示着幼小的乳牙正在努力克服牙龈的覆盖，所以在这个时间里，可以供给婴儿一些磨牙饼干，帮助乳牙萌出，改正咬奶头的现象，而同时也及时地训练了婴儿的口腔咀嚼功能。
新安怡,新安怡,新安怡源于英国的知名品牌飞利浦新安怡(PhilipsAvent)诞生于1984年，致力于以专业的研究和创新为妈妈和宝宝提供高质量的哺育用品和护理产品。2006年，成为飞利浦家族一员，继续坚持不断创新，将科技和设计融入到以人为本的解决方案中，帮助现代家庭享受更安全和美好的育儿生活。全线产品分为母乳喂养，婴儿喂养，婴幼儿电器以及儿童喂养等部分，母乳喂养系列以自然系列吸乳器作为代表，为妈妈带去舒适自然的吸乳体验；婴儿喂养则以奶瓶类为主，拥有创新的双阀门防胀气系统，能有效减少宝宝喝奶时吸入空气的几率，防止回奶，降低宝宝的不适感；婴幼儿电器及儿童喂养则分别以辅食机、温奶器和水杯等辅助育儿工具来划分。 
美素佳儿,美素佳儿,美素佳儿(Friso)是荷兰皇家菲仕兰旗下的婴幼儿奶粉品牌。美素佳儿，其母公司-荷兰皇家菲仕兰公司创建于1871年，迄今已有140多年的历史，是合作型乳品公司，在全球100多个国家赢得了相当高的声誉。2004年，荷兰皇家菲仕兰公司被荷兰皇室授予“皇家”称号，行业仅此一家。荷兰皇家菲仕兰公司的荷兰自家牧场由欧洲超过20000名左右会员农场主联合经营，共同管理，严格保证了美素佳儿奶粉的稳定品质。 
优贝,YOYBUY,北京优贝网络科技有限公司成立于2008年，正是网上购物的兴起时，电子商务在中国市场规模空前高涨，海外代购也受到各阶层人士的喜爱，电子商务在中国消费市场的占有率也在节节攀升。品种齐全，价格实惠，质量保证，在洞察国际网购市场发展趋势、有效整合强大的海内外商业力量的基础上成立，给海外华人及国外客户代购中国的服装、化妆品、生活用品等大众消费品。
花王纸尿裤,花王纸尿裤,花王纸尿裤是来自日本的王牌纸尿裤，由花王中国经销。花王纸尿裤的综合性能很好，无论是柔软性、干爽性、包裹感、立体舒适感等各方面都颇有口碑。纸尿裤与婴儿皮肤接触的面积是很大的，且几乎24小时不离。所以要选择内衣般超薄、合体、柔软，材质触感好的花王纸尿裤。
花王,花王,花王，日本知名日用品品牌。花王株式会社成立于1887年，花王前身是西洋杂货店“长濑商店”（花王石碱），主要销售美国产化妆香皂以及日本国产香皂和进口文具等，花王创业人是长濑富郎。目前花王产品涉及化妆品等600多种，大都是高分子化学品。
森宝,森宝,森宝 （SENBAO)格林沃尔旗下品牌，在格林沃尔以年轻的形象延续着摘取世界植物型化妆品皇冠的使命，延续着传播东方的使命。格林沃尔创建第二大宝——“森宝”。 
米菲,米菲,米菲兔，诞生于1955年，是世界上图画书作家之一的荷兰画家迪克·布鲁纳创作的经典动画人物。米菲画像风格一致，易于记忆、简朴、亲切，深受全世界各地小朋友的喜爱。
麦茶,大麦茶,大麦茶是中国、日本、韩国等地民间广泛流传的传统清凉饮料。把大麦炒制成焦黄，食用前，只需要用热水冲泡就可浸出浓郁的香茶。大麦茶是将大麦炒制后再经过沸煮而得，有一股浓浓麦香，喝大麦茶能开胃，助消化，有减肥的作用。茶味口感会有点苦涩，谈不上甘美清香，由于泡在水中水解物质很少，也远谈不上营养丰富 ，但也就算风味独特，清热解毒。大麦茶不含茶碱，咖啡因，单宁等，不刺激神经，不影响睡眠，不污染茶具，不污染牙齿。
艾维诺,艾维诺,Aveeno艾维诺——完美融合自然与科技Aveeno艾维诺是美国专业护肤品牌，属于强生公司旗下。始创于1945年，是研究纯天然护肤产品成分的先锋，已经被皮肤科专家以及小儿科医生推荐长过60年之久。
德玛,德玛,希恩·德玛，商人、律师、作家、讲师、心理大师。
Malaysia,马来西亚,马来西亚（英语：Malaysia），简称大马。马来西亚被南中国海分为两个部分：位于马来半岛的马来西亚半岛（北接泰国，南部与新加坡隔着柔佛海峡）及位于加里曼丹岛的北部的马来西亚沙砂（南接印度尼西亚，文莱国夹在沙巴州和砂拉越州之间） 。1957年8月31日，联盟主席东姑阿都拉曼宣布马来亚联合邦独立；1963年，马来亚联合邦联同新加坡、沙巴及砂拉越组成了马来西亚。 首都为吉隆坡，联邦政府则位于布城。1965年8月，新加坡退出马来西亚。马来西亚是一个多民族、多元文化的国家。宪法规定伊斯兰教为国教，保护宗教信仰自由。政府系统密切仿照威斯敏斯特的议会制度和法律制度是基于普通法。国家对内外的最高代表被称为元首， 而政府首脑是首相。 马来西亚是一个新兴的多元化经济国家。经济在1990年代突飞猛进，为“亚洲四小虎”国家之一，是资本主义国家。马来西亚已成为亚洲地区引人注目的多元化新兴工业国家和世界新兴市场经济体。旅游业是马来西亚的第三大外汇收入来源，知识经济服务业也在同步扩张。此外，马来西亚是东南亚国家联盟的创始国之一，环印度洋区域合作联盟、亚洲太平洋经济合作组织、英联邦、不结盟运动和伊斯兰会议组织的成员国。主要参与的军事行动有五国联合防卫和联合国维和行动。2018年4月6日，马来西亚总理纳吉布宣布解散马来西亚议会，从而为重新大选铺路。 
Biostime,biostime,biostime函数用法：longbiostime(intcmdlongnewtime)功能：计时器控制，cmd为功能号，为0时函数返回计时器的当前值，计时时间从午夜开始，以时钟滴答声为单位，每秒时钟滴答18.2次；为1时将计时器设置为新值newtime。
雀巢,雀巢公司,雀巢公司是由亨利·雀巢（HenriNestle）于1867年创办，总部设在瑞士日内瓦湖畔的韦威(Vevey)，在全球拥有500多家工厂，为世界上最大的食品制造商。公司起源于瑞士，最初是以生产婴儿食品起家，以生产巧克力棒和速溶咖啡闻名遐迩。2018年4月18日，因在生产许可条件保持、食品安全管理制度落实等方面存在缺陷，被国家市场监管总局通报。 
童车,童车,童车是儿童玩具之中的一大门类，其中包括儿童自行车、儿童推车、婴儿学步车、儿童三轮车，儿童电动车五大类。儿童自行车适用儿童的年龄范围是4～8岁，选购时结合儿童的年龄和身材高矮，选择合适的尺寸，即鞍座高度在435～635mm范围内的自行车，选购车辆时要注意手闸的闸把尺寸。
妈妈帮,妈妈帮,妈妈帮是一个专为妈妈们服务的社区，提供备孕、怀孕、育儿生活交流分享平台。 2011年12月，妈妈帮APP正式上线，中国每天新增孕妇中有1/3会成为妈妈帮的注册会员。 
布尿裤,布尿裤,布尿裤是一种结合了传统尿布的安全性与纸尿裤的方便性的革命性新产品。
pampers,Pampers,Pampers是一款理财购物类软件，支持Android2.3.3。
水基,水基,水基是一种新型的环保型机床加工冷却液，所有指标全面突破传统乳化油，是传统乳化油唯一的，也是最好的替代品。
维蕾德,维蕾德,总部在德国南部的WELEDA是人智学创始人，医学博士RudolfSteiner(1861-1925澳大利亚人)。在瑞士1921年所创办的品牌，是一个在世界上超过40个国家，致力于人类健康的获得和巩固强化为宗旨的的企业。从一开始，它就将人与自然和谐统一作为企业最核心的精神，维蕾德Weleda的发展、生产和运做在于医药品，营养补给品和身体保养品方面。多年来，WELEDA和大学以及国家级研究机构长期紧密合作，拥有自己的实验室和欧洲最大的保养品用花草种植园，充分保证了货源的纯净和充足，并于2004入选为德国最佳企业之一。
储奶袋,储奶袋,储奶袋，又名母乳保鲜袋，母乳袋。是一种食品包装用的塑料产品，主要用于储存母乳。
乳牛,乳牛,乳牛因为乳房构造有利于泌乳，乳牛和乳汁有很高的科学价值，又因为乳牛本身对环境适应能力强，所以容易饲养，致使中国的乳业非常发达。
月子鞋,月子鞋,月子：医学上指的是产褥期。产褥期主要是指从分娩结束到产妇身体恢复至孕前状态的一段时间。在正常的妊娠过程中，胎儿以及胎盘娩出以后，子宫就要有所恢复，胎盘剥离的创面完全愈合大概需要六周的时间，因此我们就把产褥期定到产后的六周，也就是说从胎儿娩出以后到产后的六周这个时间叫做产褥期，民间俗称“月子”。
Legoland,乐高主题公园,乐高主题公园，亚洲第一座乐高主题乐园，世界第六座乐高主题乐园已于2012年9月15日在马来西亚柔佛州的努沙再也全新开幕，这是一座充满无限乐趣的精彩世界，无论对于大人或是小朋友而言，马来西亚新山乐高主题乐园，都将会是旅程中拥有最多欢乐元素的地方。马来西亚乐高主题乐园占地约9万3千多坪，园内设有超过四十种的游乐设施、表演与景点，主要分成七个主题园区，有入口处、乐高城、小人国、探险之地、幻想乐园、乐高王国与乐高技术园区。园内有许多可爱的大型人偶都是以乐高积木所堆砌而成，让人忍不住一直按下相机快门，像是位在厕所门口捧着马桶的老爷爷、拿着调色盘的画家，或是包着头巾的马来西亚妇女等，都非常具有特色，园区共有一万五千个乐高模型，估计采用超过五千万个大小不等的乐高积木所组成。
雅培小安素,雅培金装小安素,雅培金装小安素 是一款全营养幼儿配方粉，为挑食偏食幼儿及儿童提供全面均衡营养而设计，补充日常饮食中摄入不足的营养，支持幼儿及儿童的健康成长。适合1岁以上的幼儿及儿童。雅培金装小安素是美国儿科医生推荐的小儿营养补充重点品牌，于1988年在美国上市，畅销110多个国家和地区，赢得全球妈妈信赖。
维骨力,维骨力,维骨力的主要成份为氨基葡萄糖(Glucosamine)，它是人体内合成的物质，是形成软骨细胞的重要营养素，是健康关节软骨的天然组织成份。随着年龄的增长，人体内的氨基葡萄糖的缺乏越来越严重，关节软骨不断退化和磨损。美国、欧洲和日本的大量医学研究表明：氨基葡萄糖可以帮助修复和维护软骨，并能刺激软骨细胞的生长。
美德乐,美德乐,美德乐（北京）医疗科技有限公司是一家专业提供吸乳器，母乳收集、母乳喂养等专业服务的专业化公司。在超过50年的时间里，美德乐从一个瑞士小型家族式公司发展成了全球先进的吸乳器和医疗负压解决方案制造商。
康贝,康贝,以“创造育儿的感动、协助育儿的伙伴”宣示企业的态度，为传达“幸福感（喜悦、感动）、高品位（品质、信赖、考究）”而设计
卡洛塔妮,卡洛塔妮,卡洛塔妮(Karihome)原自新西兰原文Karitane为新西兰非常著名的婴幼儿及父母育儿及营养咨询中心，全产品系列从新西兰DGC(DairyGoatCo-operative)原厂进口到亚太地区台湾、香港、新加坡、马来西亚和中国的产品改成Karihome意思是Carehome以照顾幼儿及全家人的健康作为概念，引进由新西兰原装原罐进口的婴幼儿及成人营养产品
吉蒂兔,吉蒂兔,
英氏,英氏,英氏是国内知名的婴幼儿食品品牌，旗下产品包括婴幼儿配方奶粉、婴幼儿米粉及清清葆、面条、肉酥、葡萄糖、饼干等多种营养食品。英氏销售网络遍及中国大陆30多个省、市、自治区。英氏以“精致营养”为理念，提供均衡全面的营养补充，为中国宝宝专属定制奶粉，将品质、可全程透明追溯的英氏Smile婴幼儿配方奶粉带给中国宝宝，帮助宝宝健康快乐成长。
干爽,干爽,干爽是词语，拼音是gānshuǎng，释义为天气干燥清爽；(地面等)干燥。
Ai,人工智能,人工智能（ArtificialIntelligence），英文缩写为AI。它是研究、开发用于模拟、延伸和扩展人的智能的理论、方法、技术及应用系统的一门新的技术科学。人工智能是计算机科学的一个分支，它企图了解智能的实质，并生产出一种新的能以人类智能相似的方式做出反应的智能机器，该领域的研究包括机器人、语言识别、图像识别、自然语言处理和专家系统等。人工智能从诞生以来，理论和技术日益成熟，应用领域也不断扩大，可以设想，未来人工智能带来的科技产品，将会是人类智慧的“容器”。人工智能可以对人的意识、思维的信息过程的模拟。人工智能不是人的智能，但能像人那样思考、也可能超过人的智能。人工智能是一门极富挑战性的科学，从事这项工作的人必须懂得计算机知识，心理学和哲学。人工智能是包括十分广泛的科学，它由不同的领域组成，如机器学习，计算机视觉等等，总的说来，人工智能研究的一个主要目标是使机器能够胜任一些通常需要人类智能才能完成的复杂工作。但不同的时代、不同的人对这种“复杂工作”的理解是不同的。 2017年12月，人工智能入选“2017年度中国媒体十大流行语”。 
新爱婴,新爱婴,新爱婴创始于2003年3月7日，由著名的蒙台梭利教育公司创立，是中国第一家特许蒙台梭利早教中心。其主要业务是为全国幼儿园提供特色课程培训、幼儿亲子游戏、早教专业的课程等，蝉联“中国特许百强品牌”。
待产室,待产室,待产室是准妈妈们和她们的小宝宝见面前的最后一站，靠近分娩室；待产床不得少于两张，每床使用面积不少于6平方米；必须设置卫生间，卫生间里应设有预防产妇跌倒的设施。待产室要有待产床，体重计，血压计，听诊器，多普勒胎心诊断仪，胎心听诊器，外阴冲洗消毒设备，骨盆测量器，软尺，查肛手套，润滑油，备皮用具，床脚垫，胎心监护仪，计算机及拨号上网设备，打印机等。
宝泰隆,宝泰隆,宝泰隆全称：七台河宝泰隆煤化工股份有限公司。股票代码：601011。
肤乐霜,肤乐霜,肤乐霜，清热燥湿、祛风解毒。与醋酸地塞米松乳膏配合使用治疗湿疹、风疹。
PPSU,PPSU,PPSU是一种无定形的热性塑料，具有高度透明性、高水解稳定性。制品可以经受重复的蒸汽消毒。PPSU，学名：聚亚苯基砜树脂(Polyphenylenesulfoneresins)PPSU聚亚苯基砜树脂是聚砜(Polysulfone)简称PSF系列的产品。是新颖的热塑性工程塑料，指在分子主链中含有砜基及芳核的高分子化合物，非结晶性。
港版美素,港版美素,港版美素奶粉，又名：香港金装美素佳儿。奶源地在荷兰，奶粉在荷兰/德国生产，配方比较有特点，宝宝吃了很少便秘，而且产品物美价廉。加入独有Boostimune多元免疫配方，有助增强孩子抵抗力，巩固健康。
爱丽儿,爱丽儿公主,爱丽儿（Ariel）公主是一个虚构童话人物，出自沃尔特迪斯尼第28部动画电影《小美人鱼》（1989）中。她是迪士尼公主阵容的第四个成员，自己已成为母亲。爱丽儿有一个非常独特的外观：她有着一头长长的、流动着的、鲜红色的头发和薰衣草色贝壳胸罩。在电影和电视连续剧中，她是一个水下人鱼王国川顿国王和王后阿西娜的第七个也是最小的女儿。
禧贝,禧贝,禧贝是优质婴幼儿有机食品品牌首批进军美国的品牌快速成长为美国有机辅食高端市场领军品牌。现今禧贝成为越来越多美国庭婴幼儿食品中的首选品牌在全美超过5000家商店中出售多种不同系列的优质绿色婴幼儿食品。
麦肯奇,麦肯奇,
爱宝氏,爱宝氏,爱宝氏品牌是上海有限公司旗下品牌，爱宝氏母婴用品长期致力于销售奶粉、童车童床、寝居洗浴、图书音像、食品、服装、哺喂类等产品。上海鑫旺生物科技有限公司是一家专业婴童营养品公司，集儿童健康食品的研发、生产、销售于一体，致力于为中国婴童提供高品质的系列产品，以打造中国婴童高端营养品第一品牌为目标。公司汇集了大批营养学、医学、药学、营销、管理等方面的专业人才，组成了一支极具潜能的管理团队，配备了完善的售后服务体系，以满足消费者需要为目标，努力为消费者提供最优质的产品和最完善的服务，为中国母婴健康产业而不懈努力。2009年，上海鑫旺生物科技有限公司成为爱宝氏品牌中国地区的品牌运营商，为此公司组织一大批婴幼儿专家团队对爱宝氏所有产品配方进行全面升级，着力打造一流品质的产品，精诚为全球小朋友奉献健康厚礼。
蓝臻,蓝臻,蓝臻，是美赞臣集团旗下的品牌。 
伴宝乐,伴宝乐,“伴宝乐”Babybio(Babynat)是法国创机然公司Vitagermine的一个高端有机婴儿乳制品和有机辅食的品牌，是法国第一个有机婴幼儿食品品牌，是一个具有丰富经验和悠久历史的有机食品领导者，热衷于在全球传递婴儿有机理念，提倡有机从娃娃抓起（OrganicfromInfancy）。
金宝贝,金宝贝,GymboreePlay&Music金宝贝，源自美国的儿童成长方式专家，专注于带给全球家庭360度全方位的关爱，涵盖早教课程、家庭教育和游戏玩乐。
补钙,补钙,钙为凝血因子，能降低神经、肌肉的兴奋性，是构成骨骼、牙齿的主要成分。补钙，对婴幼儿的成长非常重要。医学界把婴幼儿期称为“补钙的临界期”，过了临界期，即使补充再多的钙，也不能使婴幼儿已经落后的机体组织重新发育至正常水平。婴幼儿出现缺钙早期症状时，表现为烦躁不安、不易入睡、入睡后多汗、易惊醒、爱啼哭，枕秃等症状，此时应及时补钙。
零感,零感,零感“是ANSELL集团旗下杰士邦生产的一款超薄避孕套，采用日本零感超薄TM（Uber-ThinTechnolog）技术，原产于日本，超薄中的极薄。 
可瑞康,可瑞康,Karicare是全球母婴营养专家Nutricia旗下著名婴幼儿奶粉品牌。Karicare起源于1896年，由TrubyKing博士开发的，他最早开发这个产品的动力是“帮助辛劳的妈妈，保护可爱的宝宝”。经过百年发展，Karicare现已成为新西兰和澳大利亚市场领导品牌，是新西兰和澳大利亚妈妈们的首选品牌，尤以Karicare金装系列最受消费者青睐。Karicare金装系列婴幼儿配方奶粉，适合0-3岁宝宝。特含先进的科学营养配方，为宝宝每个成长阶段提供最佳的营养支持。
雅培亲护,雅培亲护,雅培亲护部分水解易消化配方，欧洲原罐进口，传承雅培近130年科学营养史，有效预防和缓解宝宝消化不适，如便秘、奶癣、哭闹、溢奶等症状，同时提供全面丰富的营养元素，适合肠胃娇嫩宝宝长期食用。 
雅培,雅培,雅培是一家全球性、多元化医疗保健公司，已有100多年的发展历史，在全球约有7.3万名员工，业务遍及150多个国家和地区。1988年以来，雅培在中国持续经营，现在已经深深扎根于中国。 
雅士利,雅士利,雅士利涂料(苏州)有限公司是立时集团设立的外商独资企业。立时(NIPSEA)集团是东南亚立邦漆的简称(NipponPaintSoutheastAsia)。公司引进国际一流的技术设备，专业生产和销售“雅士利”、“美佳室”品牌高级环保乳胶漆和聚酯漆产品。
宝妈,王美华,王美华，人称宝妈，1956年1月29日出生于台湾台北，是曾宝仪的母亲，曾志伟的第一任妻子，祖籍江苏淮安。国中二年级毕业，幼时家贫，12岁出来唱歌，14岁签了歌舞团，成了当家台柱，18岁嫁给曾志伟，举行了一场非常盛大的婚礼，不但在台北是选了当时最高档的酒店，而且在香港还摆了一百多桌酒席，是香港绝无仅有的大排场，除了高官云集，香港政商名流也全都到齐，现场更是星光熠熠。王美华一共生了三个小孩。跟曾志伟生了两个，曾宝仪是大姐。然后再婚的时候，35岁高龄又生了一个女儿。
散居,散居,散居拼音sǎnjū，释义指分散居住，出处《北史·序传序》。
哺乳衣,哺乳衣,哺乳衣分外穿和内穿两类，外穿的哺乳衣是指一种专为哺乳期妈妈设计的服装，特征是在双侧乳房位置设有两个活动的哺乳开口，在妈妈给宝宝哺奶时，可轻松拨开哺乳开口进行哺乳，避免将上身衣服掀开而受凉及不雅观的弊病。而在内着的部份，则是指方便哺乳同时可适度保护乳房的的哺乳文胸。其在肩带与罩杯的连结部份设计了一道活动哺乳扣，透过圆形孔洞上罩有用尼龙活动按扣的哺乳开扣设计，便于轻松卸下罩杯进行哺乳，同时罩杯的内衬还可放置防溢乳垫，防止妈咪涨奶溢乳弄脏衣物，是专为孕期至哺乳期的妈妈准备的胸部护理用品，搭配哺乳衣的穿着，为产后哺乳生活带来最大的便利与时尚美丽。
简装,简装,简装是一个汉语词汇，读音为jǐanzhuāng，指简单的包装，与“精装”相对，也指收拾行装。清蒲松龄《聊斋志异·橘树》等均有相关记载。
博洛尼亚,博洛尼亚,博洛尼亚（Bologna），意大利城市。位于波河平原南缘、亚平宁山脉北麓，农产品集散地，商业中心，工业以食品、纺织、农业机械、汽车、铁路器材和化学为主，铁路枢纽，是艾米利亚罗马涅的首府。博洛尼亚是意大利北部的历史文化名城，是意大利最古老的城市之一。博罗尼亚城市规模不大，老城因拥有两座建于中世纪的姐妹塔楼（一高一矮）闻名遐迩。
康维他,康维他,
幼体,幼体,
童袜,童袜,童袜，拼音：tongwa。在中国顾名思义，就是儿童穿的袜子，但是在中国，并非指18岁以下的任何人穿的，而是年龄比较小的孩子所穿的袜子。正常少年（小于18岁）所穿的袜子就不会称之为童袜，童袜也只是一定范围的，并非有一个很标准的定义。
生孩子,生孩子,生孩子即为分娩，是指女性怀胎后最后一个环节，生孩子的姿势有仰卧式、侧躺式、前倾跪式、蹲坐式、站立式。
爱恩思,爱恩思,IAMNZ®爱恩思®，100%新西兰品牌，来自新西兰本土家族企业-新西兰醇真乳品有限公司（NewZealandPureDairyProductsLtd，简称NZPDP），凝结了新西兰家族工厂20年的益生菌与乳制品研发和生产的智慧经验，专注于婴幼儿肠道健康与营养吸收。2015年，中国婴幼儿品牌运营商——广东纳宝食品有限公司与NZPDP公司合作，成为IAMNZ®爱恩思®品牌中国总代理。 
福宝,福宝,《福宝》是云中书城网作者我爱宜宝写的连载小说。
爱宝贝,爱宝贝,爱宝贝儿童潜能开发中心成立于2004年，是一家专业的幼儿早教机构，以世界领先的教育理念、高度的专业水平、多样的课程设置、丰富的教学经验、舒适宜人的教学环境为基础，形成了独具特色的个性化教育模式，是国内唯一一家出色的幼儿早教基地。
美可卓,美可卓,
孕妇,孕妇,孕妇是‎怀孕的妇女，是人类社会的一个身份，她们有共同的心理、生理特征，以及消费需要。孕妇怀孕期是需要加强营养的特殊生理时期，因为胎儿生长发育所需的所有营养素均来自母体，孕妇本身需要为分娩和分泌乳汁储备营养素，所以，保证孕妇孕期营养状况维持正常对于妊娠过程及胎儿、婴儿的发育，均有很重要的作用。
完达山,黑龙江省完达山乳业股份有限公司,1963年王震将军在上海、北京调运750头奶牛，创办了八五一一农场奶牛示范场；1965年在王震将军的亲切关怀下，完达山乳品诞生了。1997年黑龙江农垦系统10家乳制品生产厂整合组建了完达山企业集团乳品有限公司，2001年6月转制为完达山乳业股份有限公司。从2000年起，完达山乳业连续多年被国家八部委认定为全国农业产业化重点龙头企业。完达山乳业股份有限公司系北大荒集团控股公司，现拥有资产总额32亿元，下辖22家分、子公司，员工近20000名。年加工鲜奶能力100余万吨，可生产奶粉、液态奶、饮料、豆制品、米麦制品及保健食品等11大系列220个品种，销售网络遍及全国，其中原料粉远销东南亚和非洲。从1963年建立首个奶源基地——8511农场奶牛示范场至今，完达山已有近半个世纪的发展历史。
雀巢能恩,雀巢能恩,新版雀巢金盾TM保护系统（ProtectstartTM/protectplusTM)由天然保护性营养素组成的完美组合，促进宝宝免疫，保护系统的发育。
luka,LUKA,为SuzanneVega1987年发行的专辑SolitudeStanding中的一首歌。丰富的歌词也侧面的展现了歌手的情感及形象
嗳呵,嗳呵,
温奶器,温奶器,温奶器又称暖奶器或热奶器，主要用途：1.加热冰箱里拿出来的鲜奶；2.有些宝宝喝奶断断续续的，这时可把奶放回暖奶器保温；3.宝宝半夜时要喝奶；4.配有小碗、小盖的暖奶器，可隔水加热宝宝的米糊、果汁等食物。也可以：往奶瓶里放入（凉）开水，再将奶瓶放入温奶器，对奶瓶直接加热、保温，用作调奶器。
奶嘴,奶嘴,奶嘴，是使用在奶瓶上帮助吸奶的一种工具，多为婴儿使用。
Cas,中国科学院,中国科学院（ChineseAcademyofSciences）成立于1949年11月，为中国自然科学最高学术机构、科学技术最高咨询机构、自然科学与高技术综合研究发展中心。中国科学院提出了建设国家创新体系的构想，先后实施知识创新工程、“创新2020”、《“率先行动”计划暨全面深化改革纲要》，提出了《迎接知识经济时代，建设国家创新体系》、《创新促进发展，科技引领未来》、《创新2050：科学技术与中国的未来》、《科技发展新态势与面向2020年的战略选择》等战略研究报告。据2016年1月中国科学院官网显示，全院共拥有12个分院、100多家科研院所、2所直属高校（中国科学院大学、中国科学技术大学）、1所共建高校（与上海市人民政府共建上海科技大学）、130多个国家级重点实验室和工程中心、210多个野外观测台站，承担20余项国家重大科技基础设施的建设与运行，正式职工6.8万余人，在学研究生5.2万余人；建成了完整的自然科学学科体系，物理、化学、材料科学、数学、环境与生态学、地球科学等学科整体水平已进入世界先进行列。 
菲士康,菲士康,上海菲士康隐形眼镜有限公司是OCULUSPRIVATELIMITED（新加坡晶亮私人有限公司）在大陆的全资子公司。
贝因美,贝因美,贝因美（Beingmate）初创于1992，贝因美婴童食品股份有限公司成立于1999年。 2011年4月12日贝因美（002570）在深交所挂牌上市。2015年4月17日晚间公告，公司下属全资公司爱尔兰贝因美出资1000万欧元，认购中法（并购）基金开展对外投资。同时，公司以现金1.17亿元收购敦化美丽健乳业有限公司65%的股权，成为其控股股东。 
母爱,母爱,母爱是一个汉语词汇，读音为mǔài，一般泛指母亲对子女的爱。属于母亲的或母亲应有的温柔、热情或慈爱。出自《鸡肋编》。
小儿急疹,小儿急疹,小儿急疹是儿童早期的一种常见病，也叫烧疹或玫瑰疹，由病毒引起，是婴幼儿时期一种常见的出疹性传染病，通过唾液飞溅而传播，不如麻疹传染力强。大多数儿童在2岁前都得过小儿急疹，患病后的症状是突发高烧，一般持续4天左右，然后全身出现粉红色斑点样皮疹。
Arla,Arla,ARLA，是丹麦ARLA乳品公司简称。是丹麦MDFoods和瑞典ARLA两家乳品合作社企业于2000年4月17日正式合并而成，是欧洲最大的乳品集团，成立于1863年，总部位于哥本哈根，也是全球最大的有机乳品生产商，称之为丹麦奶的代表。有会员农民约14909户，丹麦7921户，瑞典6988户。年加工牛奶71亿公斤，分别为：丹麦40亿公斤、瑞典22亿公斤、英国9亿公斤。
虎妈猫爸,虎妈猫爸,《虎妈猫爸》是姚晓峰执导的都市家庭轻喜剧，由赵薇、佟大为领衔主演，李佳、纪姿含、潘虹、郭凯敏、韩童生、崔新琴、王森、董洁、韩青、蓝盈莹、郭晓婷主演 。该剧讲述了毕胜男和罗素本是一对幸福小夫妻，随着孩子教育中的难题的接踵而至，两人教育观念的分歧成了导火索，引发了家庭矛盾、情感冲突等一系的故事 。该剧于2015年5月3日在东方卫视、天津卫视首播 。
六一,国际儿童节,国际儿童节（又称儿童节，InternationalChildren'sDay）定于每年的6月1日。为了悼念1942年6月10日的利迪策惨案和全世界所有在战争中死难的儿童，反对虐杀和毒害儿童，以及保障儿童权利。1949年11月，国际民主妇女联合会在莫斯科举行理事会议，中国和其他国家的代表愤怒地揭露了帝国主义分子和各国反动派残杀、毒害儿童的罪行。会议决定以每年的6月1日为国际儿童节。它是为了保障世界各国儿童的生存权、保健权和受教育权，抚养权，为了改善儿童的生活，为了反对虐杀儿童和毒害儿童而设立的节日。目前世界上许多国家都将6月1日定为儿童的节日。
育儿,育儿,育儿主要指的是对0～6岁年龄阶段的幼儿所实施的教育。一个孩子还是胎儿的时候，他就能感受到母亲或外界环境的种种影响，如悦耳或刺耳的声音，母亲安详或焦虑不安的情绪、动作和心跳。孩子出生以后，逐建从一个娇弱无能、感觉混沌、无知无识的小婴儿，成长发展为能适应社会生活，掌握了知识技能，对社会有用的人，这就是教育的作用和结果。
育儿网,育儿网,育儿网是为准备怀孕、怀孕以及0-6岁的婴幼儿父母提供最权威最全面最实用的孕育、喂养、发育、早教等全方面育儿知识的育儿行业类网站，其内容结构一般为育儿知识、育儿广场、育儿问答、育儿生活、育儿资源等，主要提供从准备怀孕到出生，从幼儿到学前的儿童护理和教育信息服务。
以苦为乐,以苦为乐,《以苦为乐》是李治廷演唱的歌曲，收录于专辑《治爱》中。
大娃,红娃,大娃（红娃）是中国国产动画《葫芦兄弟》的主要角色，葫芦七子之首，葫芦七兄弟中的老大，身强力壮，有一身巨大无比的力气，能随意改变身体大小，刚破壳而出时，受没有脱壳的兄弟们所托下山搭救爷爷。翻山越岭来到妖洞门前用巨石砸破洞门闯入妖洞，见到蛇蝎二妖后和蜈蚣头领大战，大娃用巨大化变成巨人后把蜈蚣头领打败叫蛇精放了爷爷，金蛇精设计陷害大娃，将大娃骗入沼泽泥潭，大娃因急着要见爷爷，冲向泥浆做的假爷爷而陷入泥潭中被妖精抓住，还被脱了衣服绑在蜘蛛网上封住了肚脐眼使不出力气，后来被六娃用如意救出，但很快又被中邪的七娃打败，最后与六个弟弟凭借七色彩莲击败妖精。 《葫芦小金刚》里大娃化成的红色巨石被青蛇精变的锯子切下来掉落，碎石而出的大娃搬起石头砸向妖怪们，投石攻击和众妖展开大战，之后被青蛇精用百宝锦囊变出巨大的元宝从天而降大娃砸入地面下，爬出来后又和妖精们打斗一番，被青蛇精用耳环变成钱通神的金钱阵困住，最后被钱眼中伸出黑色的双手抓住脚拖入钱眼里落入麻袋里被抓，后与六个弟弟融入葫芦小金刚体内，击溃青蛇。 在《葫芦兄妹》中，葫芦妹被妖精控制，不明真相的葫芦小金刚被夺去大娃能力，使得大娃化作红葫芦挂在藤上，小蛇精被消灭后大娃获救。《新葫芦兄弟》中收了与千机老人走散的呆头二兄弟当兄弟，并在二娃的帮助下恢复了记忆。
徒孙,徒孙,徒孙是一个汉语词汇，拼音是túsūn，指徒弟带的徒弟。
布尿片,布尿片,布尿片是布材质的尿片。适用于婴幼儿也适用于特殊群体成人。
纽康特,纽康特,纽康特®（Neocate®）是一种专门为牛奶蛋白过敏和多种食物蛋白过敏（如对大豆、鱼类，蛋类和坚果类过敏）的婴幼儿设计的游离氨基酸配方粉。游离氨基酸配方粉也称为“无敏配方”，其所含的成分不会引起任何过敏的可能主要适用于牛奶过敏或多种食物蛋白过敏的饮食治疗。
可可粉,可可粉,可可粉是从可可树结出的豆荚（果实）里取出的可可豆（种子），经发酵、粗碎、去皮等工序得到的可可豆碎片（通称可可饼），由可可饼脱脂粉碎之后的粉状物，即为可可粉。可可粉按其含脂量分为高、中、低脂可可粉；按加工方法不同分为天然粉和碱化粉。可可粉具有浓烈的可可香气，可用于高档巧克力、饮品，牛奶，冰淇淋、糖果、糕点及其它含可可的食品。
安儿乐,安儿乐,中国纸尿裤品牌，采用高分子吸收体及绒毛浆吸收结构，具有超强吸收力，透气底层干爽不闷热：用国际先进技术生产的防漏透气薄膜，使尿裤中的闷热湿气散发出来，干爽不闷热，可有效防止尿布疹的发生。
麦迪熊,麦迪熊,麦迪熊是梦寻（上海）电子商务有限公司于2014年重磅推出的一个互联网食品品牌，是一家以绿色食品的品牌研发、生产加工、分装贸易为主体，集实体店销售和网络自有B2C品牌销售为一体的现代化新型企业。“麦迪熊”将高举“童真和情趣”的旗帜，坚持“开心能结善缘，坚持必得正果”的商业理念，以恒持高尚品味、积淀丰富内涵、打造醒世品牌为宗旨，遵循中高端路线，全势介入网络时代食品行业。 
保婴丹,保婴丹,保婴丹，药品名称。属于儿科用药，主要用于治疗小儿感冒，肠胃不适等相关症状。
兰斯贝儿,兰斯贝儿,来自英国的兰斯贝儿（NICEPER），是由康思得（英国）生物保健有限公司耗费多年时间全力研究打造的母婴系列多元化品牌。产品包含保健辅食、喂养、洗护三大系列，兰斯贝儿（NICEPER）遵循对原料使用的国际严格标准，以“科学严谨、美好未来”的品牌理念，针对孕育期妈咪和婴幼儿，研发设计出贴合市场、贴近生活的多元化产品，产品种类多达几十种，满足市场多重需求。康思得（英国）生物保健有限公司是高品质母婴健康生活的领先伴，拥有尖端的自主科研技术和精湛的制造工艺，享有多项国际、国内认证，并拥有自主研发专利。全心致力于为全球亿万妈妈和宝宝提供高品质的母婴营养。兰斯贝儿（NICEPER）传承欧洲悠久的科学孕婴文化，融合中国中医之千年精华，根据中国不同阶段婴幼儿饮食结构及体质特征，推出针对性的科学配方。精心挑选有助于改善婴幼儿消化吸收，提高智力及免疫力的原材料，采用现代尖端生物技术以自然的状态添加到产品中，充分体现“源于欧洲孕婴文化，培养中国杰出宝宝”的文化理念。
强生牌,强生牌,“强生牌”为强生化工厂徐天强在中央私营企业局商标注册处注册的商标，注册号第1054号。
强生,强生,美国强生(Johnson&Johnson)成立于1886年，是世界上规模最大，产品多元化的医疗卫生保健品及消费者护理产品公司。据《财富》和《商业周刊》97年公布的结果，强生公司市场价值指标评比名列全球第20位，并位居全美十大最令人羡慕的公司之列，1999年全球营业额高达275亿美元。强生在全球60个国家建立了250多家分公司，拥有约11万5千余名员工产品销售于175个国家和地区。强生公司是世界上最具综合性、分布范围最广的卫生保健产品制造商、健康服务提供商。公司创建于1886年，产品畅销于175个国家地区，生产及销售产品涉及护理产品、医药产品和医疗器材及诊断产品市场等多个领域。强生作为一家国际性大型企业，在全球57个国家建立了230多家分公司，拥有11万6千余名员工。旗下拥有强生婴儿、露得清、可伶可俐、娇爽、邦迪、达克宁、泰诺等众多知名品牌。2016年6月，强生旗下的漱口水品牌李施德林在其香港推广活动中邀请了何韵诗，该品牌也遭到《环球时报》的批评。截至当地时间周一晚，该公司网站继续使用何韵诗的照片。 
孩子,孩子,孩子是一个汉语词语，读音为háizi，意思是儿童；儿女。父母称自己的子女为孩子；长辈都把晚辈叫做孩子，这是一种爱称；未满18周岁的人（也就是未成年人）。
babies,宝宝贝贝,《宝宝贝贝》是一部由托马斯·巴尔姆斯执导的影片，海蒂等人参加演出。
爱宝儿,爱宝儿,由美国iBooy汉译成爱宝儿2007年10月9日，iBooY品牌正式创建。
爱宝,爱宝,Noble（爱宝）集团由Alice于上个世纪中期在加利福尼亚创立，目前在世界各地拥有300多个加盟店，在几乎每个国家都有对当地知名品牌的收购行为，并且通过集团成功的全球化分销渠道，把很多原本只在固定地区享有知名度的品牌推向全世。成立以来，Noble（爱宝）集团一直以促进国际母婴事业，为每一个家庭带去最好的婴童产品是集团矢志不渝的使命，今天Noble（爱宝）集团已经成长为国际的著名母婴集团。近年来，中国母婴市场呈现爆发趋势，Noble（爱宝）集团集团与AC尼尔森合作调研通过长达五年的对中国市场、消费人群的调查分析，决定斥巨资进军中国市场，并以中国市场作为进军亚洲市场的桥头堡。
贝博氏,贝博氏,贝博氏是一个儿童用品品牌，公司位于上海，贝博氏旗下品牌所拥有的产品设计、图形所有权均归上海贝博氏儿童用品有限公司所有，为了加大对贝博氏品牌的保护，所拥有的知识产权不受侵犯，公司在中国大陆、港澳台、韩国等多个国家和地区注册了近30个类别的商标及专利。
开裆裤,开裆裤,开裆裤是指幼儿穿的裆里有口的裤子，与满裆裤相对，宝宝穿开裆裤，已经成了中国人长久以来的习惯和风俗。另外，中世纪的欧洲人也穿过开裆裤。
妊娠,妊娠,妊娠全过程共分为3个时期：妊娠12周末以前称早期妊娠；第13—27周末称中期妊娠；第28周及其后称晚期妊娠。
美敦力,美敦力,
诺宝,诺宝,诺宝乃是潮州诺宝瓷业有限公司打造的中国家瓷品牌，品牌名来源于“品质的承诺，陶瓷之瑰宝”诺宝瓷业成立于2006年，以专业生产贵妃骨质瓷陶瓷餐具和薄胎高白瓷餐具。潮州市潮安诺宝瓷业有限公司是一家集研发、生产、销售为一体的日用陶瓷生产企业。
金可贝可,金可贝可,来自荷兰可贝可乳品集团(FrieslandFoods)即荷兰菲仕兰乳业是世界最大乳品集团之一，是一家历史悠久的乳品专业制造集团，创立于1894年，荣获荷兰皇家认证，通过ISO9001标准认证、符合世界HACCP标准，品质绝对值的信赖。可贝可乳品集团超过60年的婴儿奶粉制造经验，其营养成分不仅符合台湾卫生署订定标准，更符合美国RDA、欧盟EUDirectives及WHO世界卫生组织等国际级标准；更在不断研发改进的经验累积下，至今已在世界各地生产及销售多种知名品牌的乳品及果汁饮品。销售范围除一般消费者外，更遍及专业使用者和食品供应商。
祎祎,祎祎,祎祎，读音是yīyī，汉语词语，同“委委”。美好貌。
雨航,雨航,Drgon播音名雨航，福建福州人。现任江西人民广播电台信息交通广播FM105.4AutoRadio节目经理。曾为江西人民广播电台信息交通广播MYFM96.9的早间节目《活力DNA》的主持人。凭借与生俱来的辨识度极高的“港台腔”为南昌的听众所熟识。
佰分爱,佰分爱,“佰分爱”全称““广东佰分爱卫生用品有限公司”，是一家专注于婴幼儿用品开发、生产和销售的大型企业，其产品覆盖婴幼儿拉拉裤、纸尿裤、纸尿片等。佰分爱卫生用品有限公司携手英国BBC，获得在产品中使用天线宝宝动漫形象的资格，借以天线宝宝形象，让儿童用品活灵活现起来
乐高,乐高,乐高公司创办于丹麦，至今已有86年的发展历史，追本溯源，还得从它的金字招牌LEGO说起。商标“LEGO”的使用是从1932年开始，其语来自丹麦语“LEgGOdt”，意为“playwell”（玩得快乐），并且该名字首先迅速成为乐高公司在Billund地区玩具工厂生产的优质玩具的代名词。多年来，“LEGO”图标也变化了多种形式，最新的图标是1998年制作，它是在1973年的版本基础上稍作调整而成，使之更便于在媒体上传播和识别。第一个生产地在丹麦的一所红房子中，那里就是乐高开始的地方。近日，乐高乐高官方推出的一座大型主题空间，坐落在乐高的总部所在地丹麦比隆（Billund），占地12000平米，离公司总部也不远，LEGOExperienceCenter将于今年正式开放，目前计划中的具体时间是在九月份。
babybio,BABYBIO,Babybio是法国创机然公司Vitagermine的一个高端有机婴儿乳制品和有机辅食的品牌，是法国第一个有机婴幼儿食品品牌，是一个具有丰富经验和悠久历史的有机食品领导者，热衷于在全球传递婴儿有机理念，提倡有机从娃娃抓起（OrganicfromInfancy）。在1996年的SAIL进口食品展，伴宝乐奠定了欧洲第一款有机奶粉的席位。伴宝乐这个高端有机的小众品牌，开始受到全球越来越多推崇健康理念的人的关注。他们也愿意为下一代，选择最好的！
康宝瑞,康宝瑞,来自新西兰的康宝瑞时刻关心着宝宝的健康。“天然、安全，才是最好的”为康宝瑞的理念。新西兰四季如春、空气清新，环境优美无污染，它是一个将优异环境与先进技术完美结合的国家。
痱子,痱子,痱子是夏季或炎热环境下常见的表浅性、炎症性皮肤病。因在高温闷热环境下，大量的汗液不易蒸发，使角质层浸渍肿胀，汗腺导管变窄或阻塞，导致汗液潴留、汗液外渗周围组织，形成丘疹、水疱或脓疱，好发于皱襞部位。
湿疹,湿疹,湿疹是由多种内外因素引起的瘙痒剧烈的一种皮肤炎症反应。分急性、亚急性、慢性三期。急性期具渗出倾向，慢性期则浸润、肥厚。有些病人直接表现为慢性湿疹。皮损具有多形性、对称性、瘙痒和易反复发作等特点。
奥威斯,奥威斯,奥威斯餐厅位于星级酒店内部，环境十分优雅，以自助餐为主，品种还算丰富，海鲜比较新鲜，甜点也很出色。
王小强,王小强,王小强，男，1952年10月21日出生。中国税务杂志社综合研究组研究员。
乳臭未干,乳臭未干,乳臭未干是一个汉语成语，拼音是rǔxiùwèigān，意思是身上的奶腥气还没有褪尽。形容人幼稚不懂事理，对年轻人表示轻蔑的说法。
宝贝星,宝贝星,宝贝星野生软枣猕猴桃实生选育而成，属软枣猕猴桃。雌性品种，长势中庸，一年生枝条浅褐色，皮孔多，椭圆形。幼叶长椭圆形，先端锐尖，基部开阔，叶缘锯齿多。
育儿书,育儿书,《育儿书》是2009年青岛出版社出版的一本图书，作者是（美国）珍妮特·沃莉、（美国）安·开普勒。
托孤,托孤,托孤是一个汉语词语，读音是tuōgū，意思是指把身后的孤儿相托给别人，在历史上有许多著名的例子，例如刘备白帝城托孤。词语最先出自《东周列国志》第二回。
爱睿惠,爱睿惠,爱睿惠品牌，成立于2014年]，主要经营产品有婴儿奶粉;婴儿食品;膳食纤维;鱼肝油;维生素制剂;营养补充剂等
授乳,授乳,授乳，汉语词汇，俗称“喂奶”。授乳姿势和含住的技巧，是成功喂哺母乳的关键。
XL2,xl2,
babylove,BABYLOVE,BABYLOVE.美国最早从事草本植物精华美容护肤的公司。同时也是目前美国最大的一家植物精华油供应商。其产品研发合作机构是美国生物科学发展研发中心。在中国了解美国生物科学发展研发中心的人并不多，但说起宝洁、雅诗兰黛、兰蔻等则家喻户晓。事实上，玉兰油、雅诗兰黛、兰蔻等护肤产品核心技术均由美国生物科学发展研发中心研发。
修美乐,修美乐,修美乐是由艾伯维公司出品的阿达木单抗注射液产品。本品适应症为：1.类风湿关节炎本品与甲氨蝶呤合用，用于治疗：对改善病情抗风湿药(DMARDs)，包括甲氨蝶呤疗效不佳的成年中重度活动性类风湿关节炎患者。本品与甲氨蝶呤联合用药，可以减缓患者关节损伤的进展（X线显示），并且可以改善身体机能。2.强直性脊柱炎用于常规治疗效果不佳的成年重度活动性强直性脊柱炎患者。3.银屑病用于需要进行系统治疗或光疗，并且对其它系统治疗（包括环孢素、甲氨蝶呤或光化学疗法）不敏感，或具有禁忌症，或不能耐受的成年中重度慢性斑块状银屑病患者。本品应只给予将会被密切监测并由医师定期随访的患者。
孩纸,孩纸,网络用语“孩纸”指的是“孩子”的意思。由于“孩子”的谐音，听起来是“孩纸”，而同样“好孩子”则顺理成章地被演绎成“好孩纸”。
哺乳期,哺乳期,哺乳期是指产后产妇用自己的乳汁喂养婴儿的时期，就是开始哺乳到停止哺乳的这段时间，一般长约10个月至1年左右。《女职工劳动保护特别规定》第九条规定：对哺乳未满1周岁婴儿的女职工，用人单位不得延长劳动时间或者安排夜班劳动。用人单位应当在每天的劳动时间内为哺乳期女职工安排1小时哺乳时间；女职工生育多胞胎的，每多哺乳1个婴儿每天增加1小时哺乳时间。
贝丽欧,贝丽欧,贝丽欧——欧洲纸尿裤领导品牌，全球唯一通过生态100认证纸尿裤。贝丽欧是MEGA——欧洲最大的个人卫生护理用品公司之一旗下领导品牌。1972年第一款贝丽欧纸尿裤上市，拥有40多年历史。至今贝丽欧一直是南欧乃至整个欧洲的特级纸尿裤品牌，市场占有率长期为市场第一、第二位置，与宝洁(帮宝适)、金佰利(Huggies)等世界顶级集团公司角逐国际市场，畅销全球28个国家。
合生元,合生元,合生元用心专注母婴营养与健康，携手法国IsignySainte-Mere 、Lallemand集团、法国Montaigu乳品公司等全球战略合作伙伴，共同研发高科技含量的优质产品。秉承“把优越做成产品，把责任变成品质”的理念，全面提供益生菌冲剂、婴幼儿奶粉、妈妈奶粉、多种营养食品等母婴营养健康产品，给宝宝聪明IQ、爱心EQ、活力PQ发展的均衡营养。
早产儿,早产儿,胎龄在37足周以前出生的活产婴儿称为早产儿或未成熟儿。其出生体重大部分在2500g以下，头围在33cm以下。其器官功能和适应能力较足月儿为差者，应给予早产儿特殊护理。凡因胎盘功能不足等因素而出生体重减轻到该胎龄正常体重第10百分位以下或较平均数低两个标准差以下者称为小于胎龄儿（小样儿，成熟不良儿）。亦把出生体重2500g以下的统称为低体重儿，把出生体重低于1500g者称为极低体重儿，其中都包括早产儿和小于胎龄者。
Magna,MAGNA,MagnaInternationalInc.麦格纳国际麦格纳国际总部位于加拿大安大略省，为世界第三大汽车零部件供应商，财富500强企业之一，2007年全球销售额228亿美金。集团现拥有224家工厂，73000名员工，分布于北美，南美，墨西哥，欧洲，和亚太区。麦格纳拥有强大的产品范围包括内饰系统，座椅系统，闭锁系统，金属车身和底盘系统，车镜系统，电子系统，塑料车身，车灯外饰系统，动力和驱动系统，顶蓬系统以及整车工程研发和总装。至2006年麦格纳在中国共有18个实体，员工近3000名。
雀氏,雀氏,雀氏（福建）实业发展有限公司始创于2006年 ，是一家集研发、设计、生产、销售、售后服务为一体的专业制造婴幼系列健康护理用品的大型企业。公司坐落于福建海峡西岸经济区核心地、著名的历史文化名城、风景秀丽的海滨县城惠安惠东工业园。 
育婴宝,育婴宝,育婴宝是北京稻田村的食品品牌。
大姨妈,大姨妈,大姨妈，是一种亲属称谓，大姨妈特指母亲姐姐。“姨妈”用于称呼母亲的姊妹，对长辈的一种称呼。大姨妈一般特指母亲的大姐。如今大姨妈也已经成为了月经的代名词。
剖腹产,剖宫产,剖宫产术是产科领域中的重要手术。由于麻醉学、输血、输液、水电平衡知识以及手术方式、手术缝合材料的改进和控制感染等措施的进步，剖宫产已成为解决难产和某些产科合并症，挽救产妇和围产儿生命的有效手段。
孕婴童,孕婴童,拼音：yunyingtong英文：Maternity-Baby-Children，孕妇、婴儿、儿童（简称“孕婴童”）。孕婴童从广义来说，泛指14岁及以下的青少年、少年、少儿、婴幼儿以及孕产妇；分为孕妇（10个月）、产妇（6个月）、婴儿（0-1岁）、幼童（1-3岁）、小童（4-6岁）、中童（7-12岁）、大童（13-14岁）；孕婴童从狭义来说，指6岁以下的婴幼童和孕产妇。
百佳,百佳超市,百佳超级市场于一九八四年在内地开设第一家分店，成为首家登陆内地的外资零售商，带动内地超市业的改革提升。
生长发育,生长发育,生长是指身体各器官、系统的长大和形态变化，是量的改变；发育是指细胞、组织和器官的分化完善与功能上的成熟，产质的改变。两者密切相关，生长是发育的物质基础，而发育成熟状况又反映在生长的量的变化。人的生长发育是指从受精卵到成人的成熟过程。生长和发育是儿童不同于成人的重要特点。生长是指儿童身体各器官、系统的长大，可有相应的测量值来表示其的量的变化；发育是指细胞、组织、器官的分化与功能成熟。生长和发育两者紧密相关，生长是发育的物质基础，生长的量的变化可在一定程度上反映身体器官、系统的成熟状况。
露安适,露安适,Lelch®露安适，DehaaRossun旗下健康护理品牌，一直致力研究初生婴儿、婴幼儿、儿童、孕妇及新任妈妈幼嫩脆弱的皮肤，并根据他们特别的需要研制出合适的健康护理产品。露安适与多方健康护理专家（皮肤科、儿科、妇科、毒物科和过敏症专科医生）紧密合作，确保产品为更安心配方及有效。露安适的目标是为准妈妈及新任妈妈提供所需，帮助她们不同成长期的婴幼儿健康快乐成长。
营养素,营养素,营养素（nutrient）是指食物中可给人体提供能量、构成机体和组织修复以及具有生理调节功能的化学成分。凡是能维持人体健康以及提供生长、发育和劳动所需要的各种物质称为营养素。人体所必需的营养素有蛋白质、脂类、糖类、维生素、水和无机盐（矿物质）、膳食纤维（纤维素）7类、还包含许多非必需营养素。
雾月牛栏,雾月牛栏,《雾月牛栏》是迟子建的一部短篇小说。小说讲述了一个普通乡土人家的苦难经历。继父因一时冲动加之于继子身体的伤害，使这个岁的孩子丧失了记忆，变得痴憨。男人冲动的一拳使其陷人深深的负疚之中，并开始了痛苦、漫长而绝望的赎罪之路。1998年《雾月牛栏》获首届鲁迅文学奖。 
Childlife,childlife,childlife是美国本土婴幼儿营养品品牌。由当今最有见地的替代疗法专家之一美国著名儿科医师Dr.MurrayClarke设计研发的。
牛乳钙,牛乳钙,牛乳钙是一种具有良好感官特性的新型天然钙源，来自新鲜牛奶，含钙量高较高，有良好的生物利用度。
婴儿床,婴儿床,婴儿床是指给婴幼儿使用的床。现在的婴儿床款式多种多样，功能和价格也是相差也很大，选择时要注意安全和实用相结合的原则。婴儿床在使用中也存在一些安全隐患，父母应给予重视，及时排除隐患。婴儿床油漆是否符合安全标准，关键要看是否含有重金属和甲醛等有害成分。
发育期,发育期,发育期是指6岁以下的患儿治疗效果差因为6岁前视觉在不断形成可通过反复适宜视觉刺激和强化使双眼视逐渐完善的这一阶段。
满月宴,满月宴,《满月宴》是叶若醉弦创作的网络小说，发表于晋江文学网。
儿科,儿科,儿科是全面研究小儿时期身心发育、保健以及疾病防治的综合医学科学。凡涉及儿童和青少年时期的健康与卫生问题都属于儿科范围。其医治对象处于生长发育期。 儿科学的任务是不断探索儿科医学理论，在实践的基础降低发病率、死亡率，增强儿童体质，提高儿童保健和疾病防治水平。 世界各国的儿科范围年龄各有不同，在中国从出生断脐到14周岁末为儿科范围。 
调奶器,调奶器,调奶器又称调乳器，最初的用途是温着凉开水，使其保持适合宝宝饮用的温度，用来冲奶粉喂食宝宝。调奶器的基本功能是恒定水温，故又称恒温调奶器。
婴儿期,婴儿期,婴儿期指从出生到满1周岁以前的一段时期。是出生后生长发育最迅速的时期，婴儿在是人一生中生长发育最旺盛的阶段，也是最短的一个阶段。
婴舒宝,婴舒宝,婴舒宝香港国际控股集团有限公司是集市场研究、产品研发、精细制造、终端销售、营销服务为一体的知名专业婴童护理行业与投资专业化零售业领域的国际性集团公司。婴舒宝品牌以其钻石般品质的婴护产品，成为亿万妈妈用心呵护与关爱孩子的精心首选。
热痱粉,热痱粉,热痱粉的原料中有滑石粉、香料，还有升华硫、薄荷脑、氧化锌、百里酚和水杨酸等，作用是镇痛、止痒、消炎、杀菌和抑制痱子再生，夏季将它涂易长痱子的皮肤上，有杀菌、消炎、清凉、止痒、清除污垢、疏通汗腺的作用。
痱子粉,痱子粉,痱子粉，散风祛湿，清凉止痒。用于汗疹、痱毒，湿疮痛痒。
费雪,费雪,费雪，费雪方程式是货币数量说的数学形式，即MV=PQ，该方程式说明在V、Q比较稳定时，货币流通量M决定物价P。
独生子,独生子,《独生子》是由北京泰合百联传媒广告有限公司出品的电视剧，李威执导，高蓉蓉编剧，林申、朱杰、刘莉莉、沈陶然、赵玲琪等主演。该剧围绕一位80后独生子父亲的生活矛盾展开一系列故事，并已于2013年8月13日登陆天津电视台新闻频道首播 。
娃他爹,娃他爹,
纸尿裤,纸尿裤,纸尿裤的核心关键技术是“芯体”。从技术层面来说，纸尿裤芯体至今共经历了三次革命。纸尿裤是一次性使用后即可抛弃的产品。以无纺布、卫生纸、绒毛浆、高分子吸水树脂、PE膜、橡皮筋等材料制成。有幼儿专用与成人专用两种。最新研发的环保可降解的纸尿裤，以玉米纤维、大豆纤维或荞麦纤维提炼的原材料制造。
宫外孕,异位妊娠,孕卵在子宫腔外着床发育的异常妊娠过程。也称“宫外孕”。以输卵管妊娠最常见。病因常由于输卵管管腔或周围的炎症，引起管腔通畅不佳，阻碍孕卵正常运行，使之在输卵管内停留、着床、发育，导致输卵管妊娠流产或破裂。在流产或破裂前往往无明显症状，也可有停经、腹痛、少量阴道出血。破裂后表现为急性剧烈腹痛，反复发作，阴道出血，以至休克。检查常有腹腔内出血体征，子宫旁有包块，超声检查可助诊。治疗以手术为主，纠正休克的同时开腹探查，切除病侧输卵管。若为保留生育功能，也可切开输卵管取出孕卵。
安宝,安宝,安宝(盐酸利托君注射液)，预防妊娠20周以后的早产。目前本品用于子宫颈开口大于4cm或开全80%以上时的有效性和安全性尚未确立。
剖宫产,剖宫产,剖宫产术是产科领域中的重要手术。由于麻醉学、输血、输液、水电平衡知识以及手术方式、手术缝合材料的改进和控制感染等措施的进步，剖宫产已成为解决难产和某些产科合并症，挽救产妇和围产儿生命的有效手段。
爸比,爸比,爸比，汉语词汇，是一种称呼，拼音为bǎbí，为英语“papi”的译音，同“爸鼻”。爸爸的称呼有很多种，其中包括爸、爸爸、老爸、阿爸、爹等。
威露士,威露士,威露士 （Walch）是威莱集团核心品牌之一。威露士作为全球著名的消毒品牌之一，一直致力于为消费者提供有效、安全、值得信赖的健康保护。从核心产品威露士消毒液，衍生出了全系列的健康保护产品，包括：威露士消毒液、威露士洗手液、威露士湿巾、威露士洗衣液、威露士沐浴露、威露士香皂、威露士洗发水等。 
肚脐眼,肚脐,肚脐、脐，俗称肚脐眼，医学上称之为神阙穴，从本质上来说是胎儿出生后，脐带脱落后留下的疤痕。肚脐位于髂前上棘水平的腹部正中线上，直径约为1.0至2.0厘米。它通常可以是一个小凹陷或是一个小突出。肚脐下面的腹部肌肉形成一个凹陷。肚脐的细小通常带来一定的组织弱化(structuralweakness)并使它易受脐疝气的影响。肚脐是柔弱的部分，日常要注意保护，不可受冷或手抠等。
坐月子,坐月子,坐月子是指孕妇产后用一个月或多月的时间进行休养。坐月子可以追溯至西汉《礼记内则》，称之为“月内”，距今已有两千多年的历史，为产后必须的仪式性行为。从社会学和医学的角度来看，“坐月子“是协助产妇顺利渡过人生生理和心理转折的关键时期。
宝贝,宝贝,《宝贝》是由梦继担任导演、六六担任编剧、张萌、牛莉、雷佳音、张铎、孟丽、佟瑞欣、杨司晨主演围绕孩子、家庭和婚姻问题进行探讨的电视剧。 该剧主要讲述了在繁忙的都市生活中，三对不同年龄阶段的夫妻之间的生活以及他们对于婚姻和育儿的不同观念。 
小产,小产,小产，中医病名，指妊娠12～28周内，胎儿已成形而自然殒堕为主要表现的疾病。有广义与狭义之分。广义的小产包含了经过治疗能够保留胚胎妊娠至足月的先兆流产（中医病名“胎漏”、“胎动不安”），本篇所论小产为狭义，专指胎堕难留的情况。中医亦名半生、半产、失胎、伤娠、草产、损娠。指妇人怀孕3个月以上，由于气血虚弱，肾虚，血热及外伤等原因损及冲任，导致冲任不固，不能摄血养胎；或毒药伤胎，以致未足月而产。与现代医学自然流产相当。即指胎儿尚无独立生存能力，未使用人工方法，因某种原因胎儿自动脱离母体排出者，也称“自发性流产”，发病率10%～15%。
胎位,胎位,胎儿先露部的指示点与母体骨盆的关系称胎方位，简称胎位。枕先露以枕骨、面先露以颏骨、臀先露以骶骨、肩先露以肩胛骨为指示点。根据指示点在母体骨盆入口前、后、左、右、横的关系而有不同的胎位。头先露、臀先露分别有六种胎方位，肩先露有四种胎方位。正常的胎位为枕左前和枕右前位。
幼儿急疹,幼儿急疹,幼儿急疹（exanthemasubitum，ES）又称婴儿玫瑰疹（roseolainfantum，RI），是婴幼儿常见的一种急性发热发疹性疾病，由人类疱疹病毒6、7型感染引起。其特点是在发热3～5天后热度突然下降，皮肤出现玫瑰红色的斑丘疹，病情减轻，如无并发症可很快痊愈。
分娩,分娩,分娩，特指胎儿脱离母体成为独立存在的个体的这段时期和过程。分娩的全过程共分为3期，也称为3个产程。第一产程，即宫口扩张期。第二产程，即胎儿娩出期。第三产程，胎盘娩出期。
暖奶器,暖奶器,宝宝的体质较弱，对饮用的奶水温度要求较高，暖奶器为此而面世，主要用来对牛奶、果汁保温、加热，使其符合宝宝饮用的温度。基于暖奶器的保温、加热功能，暖奶器亦适用老年人群。
幼儿教育,幼儿教育,《幼儿教育》是1982年浙江教育报刊总社出版的教育期刊，编辑单位是《幼儿教育》编辑部。幼儿教育也有广义和狭义之分，从广义上说，凡是能够影响幼儿身体成长和认知、情感、性格等方面发展的有目的的活动，如幼儿在成人的指导下看电视、做家务、参加社会活动，等等，都可说是幼儿教育。而狭义的幼儿教育则特指幼儿园和其他专门开设的幼儿教育机构的教育。幼儿园教育在中国属于学校教育系统，和学校教育一样，幼儿园教育也具有家庭教育和社会教育所没有的优点，如计划性、系统性等。幼儿园教育以幼儿园教师为主要对象，致力于宣传党和国家的幼儿教育政策，反映幼儿教育研究与改革成果，交流幼儿园、托儿所、家庭教育经验，介绍国内外幼儿教育信息，提供幼儿教育活动材料和教学参考资料。
代孕,代孕,代孕，是指将受精卵子植入代孕妈妈子宫，由孕母替他人完成“十月怀胎一朝分娩”的过程。妇女代孕时需植入他人的受精卵子，精子与卵子在人体外的结合，必须实施“人类辅助生殖技术”。我国有关法律对“人类辅助生殖技术”的实施做了严格的规定。这项技术只能在卫生行政部门批准的医疗机构中实施，只能以医疗为目的，并符合国家计划生育政策、伦理原则和有关法律规定。国家卫生计生委等12个部门联合制定方案，将于2015年4月起至12月底在全国范围内开展打击代孕专项行动。 2015年12月27日，全国人大常委会表决通过了人口与计划生育法修正案，草案中“禁止以任何形式代孕”等规定已被删除。 
吸管杯,吸管杯,吸管杯是一种无毒材料制作的水杯，中间有吸管，密封性好，不漏水，可以作为婴幼儿、儿童喝水用的专用水杯。
利其尔,利其尔,利其尔（Richell）是一个专门生产设计高档生活用品的日本牌子，其产品一直以高质安全著称。成立于1960年7月23日。
西尔斯,西尔斯,西尔斯·罗巴克公司的简称，西尔斯公司曾经是美国也是世界最大的私人零售企业。它的创始人理查德·西尔斯在1884年就开始尝试邮购商品，专门从事邮购业务，出售手表、表链、表针、珠宝以及钻石等小件商品。为顺应市场形势的变化，西尔斯公司不断调整自己的营销策略，从而以惊人的速度发展起来。1900年成为美国零售业销售额排行榜的第一名。1925年开始进入百货商店的经营，陆续开设了300多家百货商店，1931年其零售业务营业额首次超过邮购的营业额。西尔斯公司于2005年3月24日与凯马特公司合并，组成美国第三大零售业集团。
妈妈,妈妈,《妈妈》是由美国环球影业发行的恐怖惊悚片，由安德斯·穆斯切蒂执导，杰西卡·查斯坦、尼可拉·科斯特-瓦尔道、梅根·查彭提尔、伊莎贝尔·内利瑟联合主演。该片于2013年1月18日在美国上映 。该片根据导演安德斯·穆斯切蒂的同名短片改编，故事围绕一对女孩展开，讲述了她们在一次车祸中消失在森林——直到五年后才被发现，迁出了一连串恐怖事件的故事。
胎生,胎生,哺乳动物一般为胎生。动物的受精卵在雌性动物体内的子宫里发育成熟并生产的过程叫胎生。胚胎发育所需要的营养可以从母体获得，直至出生时为止。胚胎在发育时通过胎盘和脐带吸取母体血液中的营养物质和氧，同时把代谢废物送入母体。胎儿在母体子宫内发育完成后由产道直接产出。
乳铁蛋白,乳铁蛋白,乳铁蛋白(lactoferrin，LF)是乳汁中一种重要的非血红素铁结合糖蛋白，中性粒细胞颗粒中具有杀菌活性的单体糖蛋白。其分子量为80kDa，主要由乳腺上皮细胞表达和分泌。1939年Sorensen等人在分离乳清蛋白时得到一种红色蛋白，Polis等人在分离Lp时也得到部分纯化的红色蛋白，但至1959年Groves用色谱得到纯的红色物质后，才确认这种红色物质是一种与铁结合的糖蛋白，称之为乳铁蛋白。乳铁蛋白不仅参与铁的转运，而且具有广谱抗菌、抗氧化、抗癌、调节免疫系统等强大生物功能，被认为是一种新型抗菌、抗癌药物和极具开发潜力的食品和饲料添加剂。极其广阔的市场前景，吸引了多家国际原料供应商投入巨资进行大规模的商业化生产，而这其中做得最好的是荷兰DMV公司，为全球最大的乳铁蛋白供应商，欧洲绝大部分奶粉所采用的乳铁蛋白即由其供应。其所生产的乳铁蛋白纯度高达97%，是全球首个通过美国FDA的GRAS认证（公认安全使用物质）的乳铁蛋白原料，具有极高的安全性，因此荷兰DMV是美国FDA大量乳铁蛋白临床试验的乳铁蛋白原料供应商。
乳脂球膜,乳脂球膜,乳脂球膜，英文MilkFatGlobuleMembrane，直译为乳脂球膜，也可以俗称MFGM乳脂球膜。它是母乳中继DHA之后的脑部营养突破性发现，经科学验证，它能够帮助宝宝脑部发育，让大脑反应灵敏，同时也被发现对免疫和肠胃健康有益。同时，根据过去二十多年的对MFGM和其组分的基础研究，其安全性和耐受性也经过临床验证。
原装进口,原装进口,
初乳,初乳,初乳是指产后2～3天内所分泌的乳汁的统称。产后，母体内的激素水平发生变化，乳房开始分泌乳汁。但泌乳有一个逐渐的质与量的变化，一般把生后2～3天以内的乳汁称作初乳，生后4～10天的乳汁称作过渡乳，产后11天到9个月的乳汁称成熟乳，10月以后的乳汁叫晚乳。母乳的这种质与量的变化，正好适应了新生儿的消化吸收以及身体需要。初乳，除了含有由于吞噬作用所摄取的脂肪淋巴细胞外，还含有乳腺细胞和来自导管的细胞断片以及核等。因初乳中磷酸钙、氯化钙等盐类的含量较多，所以有轻泻作用，初乳比成乳的热量也高。母体在分娩后，当胎盘的卵泡激素作用消失时，催乳素的作用即行开始，于是开始分泌乳汁。在分娩后的1～2天内，初乳的成分接近于母体的血浆。以后初乳的成分几乎逐日都有明显变化，蛋白质和无机质的含量逐渐减少，乳糖含量逐日增加，酪蛋白比例逐日上升，经过6～15天的时间转变为常乳。初乳由于其感观不佳，口感微咸，以及热稳定性差等特点，不适用于加工成日常饮用乳。目前市面上也出现了不少初乳产品，主要保留的活性物质是初乳中的免疫球蛋白。
母乳喂养,母乳喂养,母乳喂养是指用母亲的乳汁喂养婴儿的方式。研究显示，用母乳喂养的婴儿发展更为健康，效果包括增强免疫力、提升智力、减少婴儿猝死症的发生、减少儿童期肥胖、减少罹患过敏性疾病的几率等等。在过去的几十年中，有越来越多的证据证明母乳喂养对健康有益，对此付诸于实践的建议也在持续增加。目前，世界卫生组织认为，母乳喂养可以降低儿童的死亡率，它对健康带来的益处可以延续到成人期。以人口基础而论，出生后最初6个月的纯母乳喂养是建议的喂养婴儿方式，接着以持续母乳喂养并添加适当的补充食品的方式进行喂养，直至2岁或更长。为了使母亲们能够实行和坚持在最初6个月的纯母乳喂养，世界卫生组织和联合国儿童基金会建议，在婴儿出生的头一个小时里就开始母乳喂养。
脑黄金,脑黄金,脑黄金，二十二碳六烯酸，学名DHA，是一种对人体非常重要的多不饱和脂肪酸，属于Omega-3不饱和脂肪酸家族中的重要成员。DHA是神经系统细胞生长及维持的一种主要元素，是大脑和视网膜的重要构成成分，在人体大脑皮层中含量高达20%，在眼睛视网膜中所占比例最大，约占50%，因此，对胎婴儿智力和视力发育至关重要。
牛初乳,牛初乳,母牛产犊后3天内的乳汁与普通牛乳明显不同，称之为牛初乳。牛初乳蛋白质含量较高，而脂肪和糖含量较低，被誉为“21世纪的保健食品”。20世纪50年代，研究发现牛初乳中不仅含有丰富的营养物质，而且含有大量的免疫因子和生长因子，如免疫球蛋白、乳铁蛋白、溶菌酶、类胰岛素生长因子、表皮生长因子等，经科学实验证明具有免疫调节、改善胃肠道、促进生长发育、改善衰老症状、抑制多种病菌等生理活性功能。
神经鞘磷脂,神经鞘磷脂,人体内含量最多的鞘磷脂，由鞘氨醇、脂酸和磷酸胆碱构成。亦是构成生物膜的重要组分。与卵磷脂并存与细胞膜外侧。
放开我北鼻,放开我北鼻,《放开我北鼻》是一档由上海东方娱乐传媒集团有限公司和腾讯视频共同推出的纯网综艺，由李文妤担纲制作人 。节目记录几位性格迥异、颜值极高的素人小孩与明星嘉宾相处的过程 。《放开我北鼻第一季》常驻嘉宾为马天宇、于小彤、刘宪华以及侯明昊，2016年6月26日首播 。11月，荣获2016中国泛娱乐指数盛典网络节目榜top10 。《放开我北鼻第二季》常驻嘉宾为易烊千玺、林更新和于小彤，马天宇、薛之谦担任飞行嘉宾，2017年3月12日首播 。2017年12月8日，在2017中国综艺峰会匠心盛典中，《放开我北鼻》获“年度匠心剪辑节目”奖。 
妈妈是超人,妈妈是超人,《妈妈是超人》是芒果TV推出的明星育儿观察类真人秀节目，现已经推出第三季。 节目集结了不同类型、个性和背景的明星妈妈，她们将在节目中展示最原汁原味的家庭生活和最真性情的育儿经历。 《妈妈是超人》包括：《妈妈是超人第一季》、《妈妈是超人第二季》、《妈妈是超人第三季》。《妈妈是超人第一季》共15期，四对固定家庭是：董洁母子、贾静雯母女、梅婷母子（女）、冉莹颖母子，该季于2016年4月22日起每周五中午12:12在芒果TV全网独播，2016年7月29日收官。《妈妈是超人第二季》共12期，四对固定家庭是：伊能静母女、胡可母子、马雅舒母子（女）、包文婧母女，该季于2017年3月30日起每周四中午12:00在芒果TV全网独播，2017年6月22日收官。 《妈妈是超人第三季》播出中，四对固定家庭是：黄圣依母子、霍思燕母子、贾静雯母女、邓莎母子，该季于2018年3月22日期每周四中午12:00在芒果TV、爱奇艺联合独播。 
抵抗力,抵抗力,所谓“抵抗力”指的是在中枢神经系统的控制下，人体的各个系统分工合作，密切配合，保证了人体生命活动的正常进行。其中免疫系统是一个非常重要的组成部分。免疫系统的主要功能是防御外界病原微生物的侵入，而引起各种疾病。实际上，人体的这种防御能力就是抵抗力。免疫力是人体自身的防御机制，是人体识别和消灭外来侵入的任何异物（病毒、细菌等）。处理衰老、损伤、死亡、变性的自身细胞以及识别和处理体内突变细胞和病毒感染细胞的能力。现代免疫学认为，墨磐石提高免疫力是人体识别和排除“异己”的生理反应。人体内执行这一功能的是免疫系统，有多种方法可以增强免疫力，例如：饮食调理，多食用有益食品，特别是小孩，需多注意免疫力的增强。
金树奖,金树奖,金树奖是宝宝树为在母婴行业坚持承诺、保障品质，为关爱妈妈和下一代的事业做出突出贡献的企业、公众人物及社区管理员等组织和个人设立的一个奖项。
天赋说,天赋说,
崔玉涛,崔玉涛,崔玉涛，1986年毕业于首都医科大学儿科系，中国著名的儿科专家，现任北京崔玉涛儿童健康管理中心有限公司董事长及首席健康官（CHO）、崔玉涛育学园儿科诊所院长。历任北京和睦家医院儿科主任、天津和睦家医院首席儿科医生、北京儿童医院新生儿重症监护室副主任。 
章蓉娅,章蓉娅,章蓉娅，女，1982年6月7日生，高中就读于浙江台州中学，考入清华大学水利水电，后转系临床医学。协和医学院及清华双校医学博士；北京协和医院妇产科医师；知名微博博主@协和章蓉娅；健康时报、FT中文网等多家媒体专栏作者；女性健康、平等的倡导者。认为行医者，不仅医病，而且医人。不仅关注治疗疾病本身，而且关注患者的心理健康。
姚晨,姚晨,姚晨，1979年10月5日出生于福建省泉州市，中国内地女演员 。1997年就读于北京舞蹈学院民间舞系，2003年毕业于北京电影学院表演系。2006年出演《武林外传》，凭借郭芙蓉一角获得第18届北京大学生电影节最受欢迎女演员。2009年出演话剧《杜拉拉》，同年9月开通微博。2010年凭借在《潜伏》中饰演的王翠平一角获得第2届华鼎奖电视剧盛典最佳女主角奖 。2010年6月姚晨受邀出任联合国难民署中国区代言人。2012年11月与摄影师曹郁结婚，12月宣布怀孕。2013年6月被联合国难民署任命为中国亲善大使，并先后探访菲律宾马尼拉城市难民、泰缅边界梅拉难民、非洲埃塞俄比亚难民营。7月15日姚晨顺产生下一名男婴。2013、2014年姚晨入围美国《时代周刊》年度“全球100位最有影响力人物”，并于2014年当选 ；8月4日主演的电视剧《离婚律师》登陆四大卫视首播 ；同年10月凭借《风暴》获颁第14届华语电影传媒大奖“最受瞩目女演员”奖。2014年前往黎巴嫩探访叙利亚难民、2015年赴巴基斯坦探访阿富汗难民。2015年入围美国《时代周刊》评选的“全球30位最具网络影响力人物”。2016年荣获世界经济论坛“水晶奖”，同年3月16日，当选2016年“全球青年领袖”。 2016年主演的电影《梦想合伙人》于4月29日上映。 
昆凌,昆凌,昆凌（HannahQuinlivan），1993年8月12日出生于台北市西门町，中国台湾女模特、演员 。2008年，参与录制星空音乐台综艺节目《我爱黑涩会》，从而进入演艺圈 。2011年，担任选秀节目《我爱男子汉》主持人 。2012年4月，在偶像爱情剧《爱上巧克力》中饰演彭凯莉 ；8月，参与录制走秀节目《女人我最大》 。2013年，出演爱情美食剧《没有名字的甜点店》 。2014年1月，客串出演爱情喜剧片《大稻埕》 ；12月，加盟东方卫视明星舞蹈真人秀节目《与星共舞》 。2015年9月，出演青春偶像剧《明若晓溪》 ；11月，主演动作悬疑片《以父之名》 ；12月，出演爱情片《梦幻佳期》 。2016年9月，加盟时尚真人秀节目《我的新衣》 ；随后，主演动作片《极智追击：龙凤劫》 ；10月，搭档孟非主持儿童脱口秀节目《了不起的孩子》 。
吴尊,吴尊,吴尊（ChunWu），原名吴吉尊，1979年10月10日出生于文莱，华语影视男演员、流行乐歌手，毕业于澳大利亚皇家墨尔本理工大学。2005年，加入“飞轮海”组合，并宣布正式出道。2006年，在青春励志偶像剧《东方茱丽叶》中饰演男主角纪风亮 ；同年，主演青春校园偶像剧《花样少年少女》 。2007年，随飞轮海获得“第29届香港十大中文金曲奖”最有前途新人奖优秀奖 ；同年，主演爱情偶像剧《公主小妹》 。2008年，主演古装武侠爱情电影《剑蝶》 。2010年，获得“第五届亚洲模特儿奖颁奖典礼”亚洲明星奖 。2011年，吴尊因无心歌唱事业，而选择退出飞轮海，并将工作的重心放到了戏剧上 ；同年，获得“MTV超级盛典”最具风格新锐演员奖 。2012年，主演侦探推理特别剧《金田一少年事件簿香港九龙财宝杀人事件》 。2013年，在古装动作电影《忠烈杨家将》中饰演杨延昭 ；同年，出版个人首本励志图文书《决定勇敢》 。2014年，与女儿吴欣怡一同参加浙江卫视明星亲子真人秀节目《爸爸回来了第一季》 。2015年，主演古装爱情电影《杨贵妃》 。2016年，在古装玄幻武侠剧《武动乾坤》中饰演林琅天 。2017年，其主演的热血运动电影《我是马布里》上映 ；同年，携一对儿女作为固定嘉宾参加芒果TV亲子户外真人秀节目《爸爸去哪儿第五季》的录制 ；12月8日，获得“商业星力量巅峰人物年度盛典”年度吸引力明星奖 。
天然营养,天然营养,天然营养，《天然营养(健康)果蔬汁》内容简介：美颜·健康·活力窈窕·瘦身·美白
明白了妈,明白了妈,《明白了妈》由明白学堂出品的母婴类科普短片，用好玩有趣的动画讲解从备孕到幼教的一系列事情。内容由北京协和医院斗篷医学会提供并监督，是目前互联网上最为专业严谨的母婴科普类动画。
爸爸去哪儿,爸爸去哪儿,《爸爸去哪儿》是湖南卫视从韩国MBC电视台引进的亲子户外真人秀节目，由村长李锐担任主持。节目包括《爸爸去哪儿第一季》、《爸爸去哪儿第二季》、《爸爸去哪儿第三季》、《爸爸去哪儿第四季》、《爸爸去哪儿第五季》。
全脂牛奶,全脂牛奶,全脂牛奶（Wholemilk）牛奶的脂肪含量是3.0%，半脱脂奶的脂肪含量大约是1.5%，全脱脂奶的脂肪含量低到0.5%。国外有一种“浓厚奶”，脂肪含量可高达4.0%以上。
脱脂牛奶,脱脂牛奶,脱脂牛奶是把正常牛奶的脂肪去掉一部分，使脂肪含量降到0.5%以下，还不到普通牛奶脂肪量的1/7。这里的脱脂牛奶指的是全脱脂牛奶，是相对于全脂奶而言的，介于两者之间的还有低脂牛奶。这种牛奶的产生满足了现代人追求“高蛋白，低脂肪”的营养需求。
保质期,保质期,产品的保质期是指产品的最佳食用期。产品的保质期由生产者提供，标注在限时使用的产品上。在保质期内，产品的生产企业对该产品质量符合有关标准或明示担保的质量条件负责，销售者可以放心销售这些产品，消费者可以安全使用。保质期不是识别食物等产品是否变质的唯一标准，可能由于存放方式，环境等变化物质的过早变质。所以食物等尽量在保质期未到期就及时食用。开启的食物类的保质期将会缩短，所以尽早使用完，避免产品质量发生变质。
湿法工艺,湿法工艺,湿法工艺是制作奶粉的一种工艺；湿法是先将所有成分溶解成液体后按配方成分按不同比例液化再干燥，浓缩之后的液态配方奶在喷雾干燥机里，通过高压喷头碰成雾，与通到干燥机里的热空气混合从而生产奶粉。
脂肪酸,脂肪酸,脂肪酸（fattyacid），是指一端含有一个羧基的长的脂肪族碳氢链，是有机物，直链饱和脂肪酸的通式是C(n)H(2n+1)COOH，低级的脂肪酸是无色液体，有刺激性气味，高级的脂肪酸是蜡状固体，无可明显嗅到的气味。脂肪酸是最简单的一种脂，它是许多更复杂的脂的组成成分。脂肪酸在有充足氧供给的情况下，可氧化分解为CO2和H2O，释放大量能量，因此脂肪酸是机体主要能量来源之一。脂肪酸主要用于制造日用化妆品、洗涤剂、工业脂肪酸盐、涂料、油漆、橡胶、肥皂等。
玩具,玩具,玩具，泛指可用来玩的物品，玩玩具在人类社会中常常被作为一种寓教于乐的方式。玩具也可以是自然物体，即是沙、石、泥、树枝等等的非人工东西，对玩具应作广义理解，它不是只限于街上卖的供人玩的东西，凡是可以玩的、看的、听的和触摸的东西，都可以叫玩具。玩具适合儿童，更适合青年和中老年人。它是打开智慧天窗的工具，让人们机智聪明。
积木,积木,积木通常是立方的木头或塑料固体玩具，一般在每一表面装饰着字母或图画，容许进行不同的排列或进行建筑活动积木有各种样式，可开发儿童智力，可拼成房子，各种动物等。
金领冠,伊利金领冠,金领冠，幼儿配方奶粉品牌，源自多年对中国母乳营养成分的科学研究，符合GB10767。以中国母乳为参照标准，特别添加α+β黄金蛋白，配合专业的喂养建议，提供全面充足营养。
童装,童装,儿童服装简称童装，指适合儿童穿着的服装。按照年龄段分包括婴儿服装、幼儿服装、小童服装、中童服装、大童服装等。还包括中小学的校园服装等。按照衣服的类型分为：连体服，外套，裤子，卫衣，套装，T恤衫，鞋等。童装衣服的料子要求比成人高，既要好看，穿着又要舒服，关键还是童装质量要有保证，不能损害儿童健康。
