聊斋3(Dark Tale 3)-电视剧-腾讯视频,电视剧
外星小子哆布哆-电视剧-腾讯视频,电视剧
舞法天女第一季（上）-电视剧-腾讯视频,电视剧
巨神战击队2-电视剧-腾讯视频,电视剧
快乐酷宝-电视剧-腾讯视频,电视剧
温暖的弦[DVD版](Here to Heart)-电视剧-腾讯视频,电视剧
乐活家庭2(LOHAS FamilyⅡ 豆瓣评分)-电视剧-腾讯视频,电视剧
温暖的弦(Here to Heart)-电视剧-腾讯视频,电视剧
莽荒纪(The Legend of JADE SWORD)-电视剧-腾讯视频,电视剧
梨花泪-电视剧-腾讯视频,电视剧
温柔的诱惑(Beautiful Trap)-电视剧-腾讯视频,电视剧
爱-电视剧-腾讯视频,电视剧
钢魂-电视剧-腾讯视频,电视剧
上海滩喋血枭雄-电视剧-腾讯视频,电视剧
决战江南-电视剧-腾讯视频,电视剧
红狐-电视剧-腾讯视频,电视剧
黄河在咆哮-电视剧-腾讯视频,电视剧
茗天闪亮(Tea love)-电视剧-腾讯视频,电视剧
无忧的天堂(Dok Soke)-电视剧-腾讯视频,电视剧
豆腐西施杨七巧-电视剧-腾讯视频,电视剧
华胥引天天见-电视剧-腾讯视频,电视剧
出关-电视剧-腾讯视频,电视剧
九丹-电视剧-腾讯视频,电视剧
逗吧逗把街 日播版(Dou Ba Dou Ba street)-电视剧-腾讯视频,电视剧
家在南三条(Residing At Nan San Tiao)-电视剧-腾讯视频,电视剧
辣妈俏爸欢乐周边(La Maqiao Ba)-电视剧-腾讯视频,电视剧
她很漂亮-电视剧-腾讯视频,电视剧
铁血武工队-电视剧-腾讯视频,电视剧
